case,view_id,method,n,RMSE
C1,1,EIGCM (MF1),36,0.013470626339991274
C1,1,Jones dcglare,36,0.030105757101863195
C1,1,Raytraverse Balanced,36,0.0032672961928196676
C1,1,Raytraverse High,36,0.00354015901053462
C1,2,EIGCM (MF1),36,0.013131325176674117
C1,2,Jones dcglare,36,0.060753197083573456
C1,2,Raytraverse Balanced,36,0.0598340320228495
C1,2,Raytraverse High,36,0.058546737113970376
C1,3,EIGCM (MF1),36,0.007743027441027189
C1,3,Jones dcglare,36,0.0061965601080731835
C1,3,Raytraverse Balanced,36,0.004452840813104906
C1,3,Raytraverse High,36,0.004355268752640942
C1,4,EIGCM (MF1),36,0.00935431779191952
C1,4,Jones dcglare,36,0.006597777291831992
C1,4,Raytraverse Balanced,36,0.011400140574534718
C1,4,Raytraverse High,36,0.007066229029202908
C1,5,EIGCM (MF1),36,0.006714565330558134
C1,5,Jones dcglare,36,0.004260614828409609
C1,5,Raytraverse Balanced,36,0.012418206149596888
C1,5,Raytraverse High,36,0.006686898623534506
C1,6,EIGCM (MF1),36,0.009044688141558864
C1,6,Jones dcglare,36,0.07086503362613021
C1,6,Raytraverse Balanced,36,0.01889543804633969
C1,6,Raytraverse High,36,0.018483959572251654
C1,7,EIGCM (MF1),36,0.008688118074656137
C1,7,Jones dcglare,36,0.06165184517673995
C1,7,Raytraverse Balanced,36,0.0049323903217963205
C1,7,Raytraverse High,36,0.004356762657126656
C1,8,EIGCM (MF1),36,0.014850260882828141
C1,8,Jones dcglare,36,0.054820084030144094
C1,8,Raytraverse Balanced,36,0.004774840939831285
C1,8,Raytraverse High,36,0.005631678279346077
C1,9,EIGCM (MF1),36,0.01697722779564667
C1,9,Jones dcglare,36,0.04247948751511477
C1,9,Raytraverse Balanced,36,0.07485390663505116
C1,9,Raytraverse High,36,0.07645352047603406
C1,10,EIGCM (MF1),36,0.01348002637207897
C1,10,Jones dcglare,36,0.05695773104837971
C1,10,Raytraverse Balanced,36,0.07049726438856754
C1,10,Raytraverse High,36,0.06842528380443673
C1,11,EIGCM (MF1),36,0.006582560483222146
C1,11,Jones dcglare,36,0.006111991994508963
C1,11,Raytraverse Balanced,36,0.029630198883018353
C1,11,Raytraverse High,36,0.02997333050600168
C1,12,EIGCM (MF1),36,0.009658897103160605
C1,12,Jones dcglare,36,0.0052018527416606295
C1,12,Raytraverse Balanced,36,0.04249108531933479
C1,12,Raytraverse High,36,0.044830670878481235
C1,13,EIGCM (MF1),36,0.005820495588030096
C1,13,Jones dcglare,36,0.038281283742625016
C1,13,Raytraverse Balanced,36,0.1448752701323445
C1,13,Raytraverse High,36,0.14101145797909304
C1,14,EIGCM (MF1),36,0.010932699627595294
C1,14,Jones dcglare,36,0.06354268105777075
C1,14,Raytraverse Balanced,36,0.21060574619951827
C1,14,Raytraverse High,36,0.2026238703467883
C1,15,EIGCM (MF1),36,0.006467973780803894
C1,15,Jones dcglare,36,0.034328279851960054
C1,15,Raytraverse Balanced,36,0.20220152159827853
C1,15,Raytraverse High,36,0.19913362029746967
C1,16,EIGCM (MF1),36,0.01288078883486308
C1,16,Jones dcglare,36,0.03129726502791555
C1,16,Raytraverse Balanced,36,0.15561515023404227
C1,16,Raytraverse High,36,0.15502914994769104
C1,17,EIGCM (MF1),36,0.020113147759999075
C1,17,Jones dcglare,36,0.08925231567129634
C1,17,Raytraverse Balanced,36,0.058749379594007306
C1,17,Raytraverse High,36,0.05874125189840192
C1,18,EIGCM (MF1),36,0.021617261245498034
C1,18,Jones dcglare,36,0.0911740476313567
C1,18,Raytraverse Balanced,36,0.08597955125967109
C1,18,Raytraverse High,36,0.08494641838642125
C1,19,EIGCM (MF1),36,0.009856552467436747
C1,19,Jones dcglare,36,0.005641076926339556
C1,19,Raytraverse Balanced,36,0.005491442662688163
C1,19,Raytraverse High,36,0.0037754209350327186
C1,20,EIGCM (MF1),36,0.010072760748534741
C1,20,Jones dcglare,36,0.03824354423208862
C1,20,Raytraverse Balanced,36,0.013009465782629735
C1,20,Raytraverse High,36,0.010341923665241951
C1,21,EIGCM (MF1),36,0.006661955231699368
C1,21,Jones dcglare,36,0.013610849833366905
C1,21,Raytraverse Balanced,36,0.007025456215704463
C1,21,Raytraverse High,36,0.0069112598956254405
C1,22,EIGCM (MF1),36,0.003974609631425736
C1,22,Jones dcglare,36,0.04322374454744825
C1,22,Raytraverse Balanced,36,0.009824051171301341
C1,22,Raytraverse High,36,0.006801990638043445
C1,23,EIGCM (MF1),36,0.006680548771474953
C1,23,Jones dcglare,36,0.024068287172810978
C1,23,Raytraverse Balanced,36,0.026307285376643393
C1,23,Raytraverse High,36,0.02471126828663214
C1,24,EIGCM (MF1),36,0.014096981505666776
C1,24,Jones dcglare,36,0.05101141044592959
C1,24,Raytraverse Balanced,36,0.04490790617052071
C1,24,Raytraverse High,36,0.04468391107377595
C1,25,EIGCM (MF1),36,0.013108850826042856
C1,25,Jones dcglare,36,0.06998768778204924
C1,25,Raytraverse Balanced,36,0.2501228931689006
C1,25,Raytraverse High,36,0.2502990048773939
C1,26,EIGCM (MF1),36,0.008452565720109943
C1,26,Jones dcglare,36,0.0047091891071172325
C1,26,Raytraverse Balanced,36,0.13115010506614372
C1,26,Raytraverse High,36,0.13018520446325743
C1,27,EIGCM (MF1),36,0.010861249924975383
C1,27,Jones dcglare,36,0.0069146303941053896
C1,27,Raytraverse Balanced,36,0.014491488756386648
C1,27,Raytraverse High,36,0.011334240952579393
C1,28,EIGCM (MF1),36,0.008451091150555654
C1,28,Jones dcglare,36,0.04654902633736046
C1,28,Raytraverse Balanced,36,0.029971100832764302
C1,28,Raytraverse High,36,0.024987297824260506
C1,29,EIGCM (MF1),36,0.006414477386198778
C1,29,Jones dcglare,36,0.009982948983393573
C1,29,Raytraverse Balanced,36,0.013768463698991528
C1,29,Raytraverse High,36,0.008915054071326332
C1,30,EIGCM (MF1),36,0.00350933023385914
C1,30,Jones dcglare,36,0.007735846391251873
C1,30,Raytraverse Balanced,36,0.0786620708849386
C1,30,Raytraverse High,36,0.07887331367481865
C1,31,EIGCM (MF1),36,0.004783529477743871
C1,31,Jones dcglare,36,0.02284433788476576
C1,31,Raytraverse Balanced,36,0.15915742572568997
C1,31,Raytraverse High,36,0.16004356195105138
C1,32,EIGCM (MF1),36,0.005916679339775166
C1,32,Jones dcglare,36,0.0366992782009455
C1,32,Raytraverse Balanced,36,0.20071158483303503
C1,32,Raytraverse High,36,0.20154008811751792
C1,33,EIGCM (MF1),36,0.014150581979943835
C1,33,Jones dcglare,36,0.019323136462088802
C1,33,Raytraverse Balanced,36,0.10486466181050416
C1,33,Raytraverse High,36,0.10387170897925443
C1,34,EIGCM (MF1),36,0.006843199721499682
C1,34,Jones dcglare,36,0.011480999271254054
C1,34,Raytraverse Balanced,36,0.0697779540233254
C1,34,Raytraverse High,36,0.0691974545846952
C1,35,EIGCM (MF1),36,0.007439477684025344
C1,35,Jones dcglare,36,0.005029286573746765
C1,35,Raytraverse Balanced,36,0.0049656593751303026
C1,35,Raytraverse High,36,0.0038326458529106652
C1,36,EIGCM (MF1),36,0.00741746072563844
C1,36,Jones dcglare,36,0.03826430486544485
C1,36,Raytraverse Balanced,36,0.08131163987915663
C1,36,Raytraverse High,36,0.0800831102733198
C1,37,EIGCM (MF1),36,0.007011430022510072
C1,37,Jones dcglare,36,0.05932402061870295
C1,37,Raytraverse Balanced,36,0.1326096678211209
C1,37,Raytraverse High,36,0.13132087155091013
C1,38,EIGCM (MF1),36,0.009315902829212715
C1,38,Jones dcglare,36,0.07821396357736098
C1,38,Raytraverse Balanced,36,0.14139571044394092
C1,38,Raytraverse High,36,0.14082681957274926
C1,39,EIGCM (MF1),36,0.009008044333939647
C1,39,Jones dcglare,36,0.05161060943778479
C1,39,Raytraverse Balanced,36,0.1449131333856636
C1,39,Raytraverse High,36,0.14406547791082178
C1,40,EIGCM (MF1),36,0.009706175331185925
C1,40,Jones dcglare,36,0.013179889639654295
C1,40,Raytraverse Balanced,36,0.10674608509837423
C1,40,Raytraverse High,36,0.10638897795450707
C1,41,EIGCM (MF1),36,0.019051202469806346
C1,41,Jones dcglare,36,0.03142522004375718
C1,41,Raytraverse Balanced,36,0.07666610368232622
C1,41,Raytraverse High,36,0.07575533022636459
C1,42,EIGCM (MF1),36,0.012864723233441726
C1,42,Jones dcglare,36,0.01757461970720467
C1,42,Raytraverse Balanced,36,0.0580751780094313
C1,42,Raytraverse High,36,0.057284620191273755
C1,43,EIGCM (MF1),36,0.004504637513841832
C1,43,Jones dcglare,36,0.004651761908542769
C1,43,Raytraverse Balanced,36,0.0030760677238133244
C1,43,Raytraverse High,36,0.0017233801462895508
C1,44,EIGCM (MF1),36,0.006224136110649326
C1,44,Jones dcglare,36,0.008864720887913572
C1,44,Raytraverse Balanced,36,0.003544403608019502
C1,44,Raytraverse High,36,0.0026044485179112266
C1,45,EIGCM (MF1),36,0.010908208650942648
C1,45,Jones dcglare,36,0.01702391074232325
C1,45,Raytraverse Balanced,36,0.005341597727452433
C1,45,Raytraverse High,36,0.003264793479947598
C1,46,EIGCM (MF1),36,0.010127714730107895
C1,46,Jones dcglare,36,0.011220543218688215
C1,46,Raytraverse Balanced,36,0.002856121469484449
C1,46,Raytraverse High,36,0.001642290897492312
C1,47,EIGCM (MF1),36,0.01340209590565761
C1,47,Jones dcglare,36,0.018446595988136194
C1,47,Raytraverse Balanced,36,0.05530372778579113
C1,47,Raytraverse High,36,0.055811372904847514
C1,48,EIGCM (MF1),36,0.02063402021550548
C1,48,Jones dcglare,36,0.034269377118428396
C1,48,Raytraverse Balanced,36,0.07540577865491511
C1,48,Raytraverse High,36,0.07491636312389817
C1,49,EIGCM (MF1),36,0.015804837296738896
C1,49,Jones dcglare,36,0.04402722896922134
C1,49,Raytraverse Balanced,36,0.009621040695744801
C1,49,Raytraverse High,36,0.009608183080354814
C1,50,EIGCM (MF1),36,0.016080658361487844
C1,50,Jones dcglare,36,0.062347133029816884
C1,50,Raytraverse Balanced,36,0.062094298079976414
C1,50,Raytraverse High,36,0.06143824210767342
C1,51,EIGCM (MF1),36,0.006457258009553629
C1,51,Jones dcglare,36,0.004285538724943654
C1,51,Raytraverse Balanced,36,0.0038812057797656275
C1,51,Raytraverse High,36,0.002713414804647055
C1,52,EIGCM (MF1),36,0.007987750557155206
C1,52,Jones dcglare,36,0.008555808669818837
C1,52,Raytraverse Balanced,36,0.004082244627531998
C1,52,Raytraverse High,36,0.0019252757844873348
C1,53,EIGCM (MF1),36,0.013986029718168775
C1,53,Jones dcglare,36,0.0169654369888932
C1,53,Raytraverse Balanced,36,0.003940232701498877
C1,53,Raytraverse High,36,0.0036641974613966406
C1,54,EIGCM (MF1),36,0.008295690583871439
C1,54,Jones dcglare,36,0.08627128223404164
C1,54,Raytraverse Balanced,36,0.01832253405814333
C1,54,Raytraverse High,36,0.017693491292548796
C1,55,EIGCM (MF1),36,0.009337141799927014
C1,55,Jones dcglare,36,0.06411412848424657
C1,55,Raytraverse Balanced,36,0.004590541830086004
C1,55,Raytraverse High,36,0.002531311508065304
C1,56,EIGCM (MF1),36,0.014394049563641063
C1,56,Jones dcglare,36,0.05873030449581932
C1,56,Raytraverse Balanced,36,0.005654490148199597
C1,56,Raytraverse High,36,0.004347422561450136
C1,57,EIGCM (MF1),36,0.01627008526334963
C1,57,Jones dcglare,36,0.047506454201668144
C1,57,Raytraverse Balanced,36,0.015970297382772464
C1,57,Raytraverse High,36,0.00960808560705413
C1,58,EIGCM (MF1),36,0.018753909072525533
C1,58,Jones dcglare,36,0.06583407302487987
C1,58,Raytraverse Balanced,36,0.06711058962076336
C1,58,Raytraverse High,36,0.06656507295819772
C1,59,EIGCM (MF1),36,0.009400697768354453
C1,59,Jones dcglare,36,0.007572295607858037
C1,59,Raytraverse Balanced,36,0.01267946772989111
C1,59,Raytraverse High,36,0.009110743227058918
C1,60,EIGCM (MF1),36,0.011253574138542237
C1,60,Jones dcglare,36,0.055084987859391296
C1,60,Raytraverse Balanced,36,0.06410045882448845
C1,60,Raytraverse High,36,0.06200479591339422
C1,61,EIGCM (MF1),36,0.0035629366272001677
C1,61,Jones dcglare,36,0.02785614806528066
C1,61,Raytraverse Balanced,36,0.21109068415032206
C1,61,Raytraverse High,36,0.21088440636267333
C1,62,EIGCM (MF1),36,0.008167529338841286
C1,62,Jones dcglare,36,0.04519292738857136
C1,62,Raytraverse Balanced,36,0.21762986584485514
C1,62,Raytraverse High,36,0.21669387078431632
C1,63,EIGCM (MF1),36,0.006756830576720124
C1,63,Jones dcglare,36,0.011958370843463238
C1,63,Raytraverse Balanced,36,0.18547563994807856
C1,63,Raytraverse High,36,0.18398587682845519
C1,64,EIGCM (MF1),36,0.012794438381046226
C1,64,Jones dcglare,36,0.0296950676247477
C1,64,Raytraverse Balanced,36,0.10959288919217465
C1,64,Raytraverse High,36,0.10610669049156686
C1,65,EIGCM (MF1),36,0.02195753317900134
C1,65,Jones dcglare,36,0.09127547627815841
C1,65,Raytraverse Balanced,36,0.09194931685810007
C1,65,Raytraverse High,36,0.09181798106293683
C1,66,EIGCM (MF1),36,0.024420293116307768
C1,66,Jones dcglare,36,0.07041457019886908
C1,66,Raytraverse Balanced,36,0.06555685059597188
C1,66,Raytraverse High,36,0.0657032887167977
C1,67,EIGCM (MF1),36,0.008148048847099671
C1,67,Jones dcglare,36,0.005735457412018003
C1,67,Raytraverse Balanced,36,0.0033665232086250462
C1,67,Raytraverse High,36,0.0019162902318781581
C1,68,EIGCM (MF1),36,0.012262517369259414
C1,68,Jones dcglare,36,0.039268998297976955
C1,68,Raytraverse Balanced,36,0.012006114209907347
C1,68,Raytraverse High,36,0.010887754057593789
C1,69,EIGCM (MF1),36,0.0087238732180405
C1,69,Jones dcglare,36,0.01641167531533741
C1,69,Raytraverse Balanced,36,0.009776755533774707
C1,69,Raytraverse High,36,0.00919344633562665
C1,70,EIGCM (MF1),36,0.002941036606746375
C1,70,Jones dcglare,36,0.04966238298582462
C1,70,Raytraverse Balanced,36,0.006337441767943734
C1,70,Raytraverse High,36,0.005160450485948123
C1,71,EIGCM (MF1),36,0.0069317485344407995
C1,71,Jones dcglare,36,0.017276456840177926
C1,71,Raytraverse Balanced,36,0.033453106454715914
C1,71,Raytraverse High,36,0.0316032669652565
C1,72,EIGCM (MF1),36,0.018044125052138777
C1,72,Jones dcglare,36,0.03824032827442668
C1,72,Raytraverse Balanced,36,0.04805471372436928
C1,72,Raytraverse High,36,0.04672825484895265
C1,73,EIGCM (MF1),36,0.009586245763766611
C1,73,Jones dcglare,36,0.067708922443789
C1,73,Raytraverse Balanced,36,0.27169707738778676
C1,73,Raytraverse High,36,0.27163806918623906
C1,74,EIGCM (MF1),36,0.008200684972288734
C1,74,Jones dcglare,36,0.00790329435570928
C1,74,Raytraverse Balanced,36,0.07882764361270121
C1,74,Raytraverse High,36,0.07888078415362597
C1,75,EIGCM (MF1),36,0.006348939476357014
C1,75,Jones dcglare,36,0.004840047469473654
C1,75,Raytraverse Balanced,36,0.018506073716080276
C1,75,Raytraverse High,36,0.018004589107101815
C1,76,EIGCM (MF1),36,0.009196913290791284
C1,76,Jones dcglare,36,0.04141420834056132
C1,76,Raytraverse Balanced,36,0.020892732678922717
C1,76,Raytraverse High,36,0.02019875901529831
C1,77,EIGCM (MF1),36,0.004624388511077849
C1,77,Jones dcglare,36,0.016594484746980106
C1,77,Raytraverse Balanced,36,0.008322809487383493
C1,77,Raytraverse High,36,0.007557161336951459
C1,78,EIGCM (MF1),36,0.00485722597145508
C1,78,Jones dcglare,36,0.04002903022773407
C1,78,Raytraverse Balanced,36,0.1200852945969043
C1,78,Raytraverse High,36,0.1203321876298132
C1,79,EIGCM (MF1),36,0.006369104299097145
C1,79,Jones dcglare,36,0.07879734235836393
C1,79,Raytraverse Balanced,36,0.19881436305647526
C1,79,Raytraverse High,36,0.19910264008761366
C1,80,EIGCM (MF1),36,0.009520545033563534
C1,80,Jones dcglare,36,0.0763489156639633
C1,80,Raytraverse Balanced,36,0.245489803806403
C1,80,Raytraverse High,36,0.24538063036977492
C1,81,EIGCM (MF1),36,0.002252898827930116
C1,81,Jones dcglare,36,0.004331260339736256
C1,81,Raytraverse Balanced,36,0.002467022002254609
C1,81,Raytraverse High,36,0.0026991416310498915
C1,82,EIGCM (MF1),36,0.005484745385410137
C1,82,Jones dcglare,36,0.0037837261203243775
C1,82,Raytraverse Balanced,36,0.002878470338662725
C1,82,Raytraverse High,36,0.0022109788144400572
C1,83,EIGCM (MF1),36,0.009620296206631756
C1,83,Jones dcglare,36,0.007309344782413433
C1,83,Raytraverse Balanced,36,0.010818556968594777
C1,83,Raytraverse High,36,0.004034498104273455
C1,84,EIGCM (MF1),36,0.006787311438510342
C1,84,Jones dcglare,36,0.03826306695654027
C1,84,Raytraverse Balanced,36,0.024194332462783172
C1,84,Raytraverse High,36,0.021473188600014546
C1,85,EIGCM (MF1),36,0.012080884670684881
C1,85,Jones dcglare,36,0.04538377456405918
C1,85,Raytraverse Balanced,36,0.049518129396811356
C1,85,Raytraverse High,36,0.04780166391624953
C1,86,EIGCM (MF1),36,0.010316682716048369
C1,86,Jones dcglare,36,0.04167058472748828
C1,86,Raytraverse Balanced,36,0.04404131920619649
C1,86,Raytraverse High,36,0.0429938689637103
C1,87,EIGCM (MF1),36,0.005899370886185895
C1,87,Jones dcglare,36,0.06272470280524452
C1,87,Raytraverse Balanced,36,0.04092617004642409
C1,87,Raytraverse High,36,0.040028602162346445
C1,88,EIGCM (MF1),36,0.0031031096450442565
C1,88,Jones dcglare,36,0.002967485646383896
C1,88,Raytraverse Balanced,36,0.0026704808202508735
C1,88,Raytraverse High,36,0.0018006383677910208
C1,89,EIGCM (MF1),36,0.010582424164925018
C1,89,Jones dcglare,36,0.07653272736919722
C1,89,Raytraverse Balanced,36,0.11460262359110833
C1,89,Raytraverse High,36,0.11365105377138707
C1,90,EIGCM (MF1),36,0.012531977333982241
C1,90,Jones dcglare,36,0.07617210635764565
C1,90,Raytraverse Balanced,36,0.08689502748990294
C1,90,Raytraverse High,36,0.08684308860756557
C1,91,EIGCM (MF1),36,0.008515777835566297
C1,91,Jones dcglare,36,0.008538450900185946
C1,91,Raytraverse Balanced,36,0.019427242272030514
C1,91,Raytraverse High,36,0.0211363914047444
C1,92,EIGCM (MF1),36,0.009452741067468799
C1,92,Jones dcglare,36,0.03141991610224718
C1,92,Raytraverse Balanced,36,0.05397942316393733
C1,92,Raytraverse High,36,0.05445890562365736
C1,93,EIGCM (MF1),36,0.00962382869405416
C1,93,Jones dcglare,36,0.009771858761155966
C1,93,Raytraverse Balanced,36,0.07948930001709975
C1,93,Raytraverse High,36,0.07997829140810506
C1,94,EIGCM (MF1),36,0.016467906014224553
C1,94,Jones dcglare,36,0.05281473602093449
C1,94,Raytraverse Balanced,36,0.08411534151398507
C1,94,Raytraverse High,36,0.085524875321699
C1,95,EIGCM (MF1),36,0.0075424344559631455
C1,95,Jones dcglare,36,0.05879965480882191
C1,95,Raytraverse Balanced,36,0.13051648625978907
C1,95,Raytraverse High,36,0.1295770414029813
C1,96,EIGCM (MF1),36,0.013450521845328767
C1,96,Jones dcglare,36,0.08750487372834112
C1,96,Raytraverse Balanced,36,0.10701910610205145
C1,96,Raytraverse High,36,0.1055998205515033
C1,97,EIGCM (MF1),36,0.012039414940369367
C1,97,Jones dcglare,36,0.0641919802161211
C1,97,Raytraverse Balanced,36,0.011226653510065777
C1,97,Raytraverse High,36,0.009486256291180476
C1,98,EIGCM (MF1),36,0.11657720151224896
C1,98,Jones dcglare,36,0.12066882893026916
C1,98,Raytraverse Balanced,36,0.11729721290910958
C1,98,Raytraverse High,36,0.13485018959188896
C1,99,EIGCM (MF1),36,0.006989753131409977
C1,99,Jones dcglare,36,0.007988346730797756
C1,99,Raytraverse Balanced,36,0.019408304460770354
C1,99,Raytraverse High,36,0.01882379364876708
C1,100,EIGCM (MF1),36,0.00957176389384133
C1,100,Jones dcglare,36,0.014236471341846791
C1,100,Raytraverse Balanced,36,0.04073000466701453
C1,100,Raytraverse High,36,0.042474415491207014
C1,101,EIGCM (MF1),36,0.009903762719500431
C1,101,Jones dcglare,36,0.04424063152351008
C1,101,Raytraverse Balanced,36,0.1308430031229963
C1,101,Raytraverse High,36,0.13372906706984522
C1,102,EIGCM (MF1),36,0.010690800628564838
C1,102,Jones dcglare,36,0.06736609707865185
C1,102,Raytraverse Balanced,36,0.10247671180129327
C1,102,Raytraverse High,36,0.10311220574124302
C1,103,EIGCM (MF1),36,0.0038556772199504078
C1,103,Jones dcglare,36,0.024910786137735758
C1,103,Raytraverse Balanced,36,0.10105757147945149
C1,103,Raytraverse High,36,0.10043819724353753
C1,104,EIGCM (MF1),36,0.005579679928519403
C1,104,Jones dcglare,36,0.023331819823621484
C1,104,Raytraverse Balanced,36,0.11382929283145166
C1,104,Raytraverse High,36,0.11416267342415094
C1,105,EIGCM (MF1),36,0.01108251969477159
C1,105,Jones dcglare,36,0.07105403299688698
C1,105,Raytraverse Balanced,36,0.13620069138364937
C1,105,Raytraverse High,36,0.1688991628313706
C1,106,EIGCM (MF1),36,0.009411324383983139
C1,106,Jones dcglare,36,0.0058519692568537235
C1,106,Raytraverse Balanced,36,0.06139950159713023
C1,106,Raytraverse High,36,0.08998085699611517
C1,107,EIGCM (MF1),36,0.01120204326219353
C1,107,Jones dcglare,36,0.00856010946737654
C1,107,Raytraverse Balanced,36,0.007170164010621257
C1,107,Raytraverse High,36,0.007145137527241088
C1,108,EIGCM (MF1),36,0.009242411513717018
C1,108,Jones dcglare,36,0.006168208432152552
C1,108,Raytraverse Balanced,36,0.011561043988854217
C1,108,Raytraverse High,36,0.009201071710849924
C1,109,EIGCM (MF1),36,0.007323780795842789
C1,109,Jones dcglare,36,0.04178851045479623
C1,109,Raytraverse Balanced,36,0.095272641839835
C1,109,Raytraverse High,36,0.08952014520422309
C1,110,EIGCM (MF1),36,0.006827062622407807
C1,110,Jones dcglare,36,0.07156202186439072
C1,110,Raytraverse Balanced,36,0.12037014027013743
C1,110,Raytraverse High,36,0.11777717786511328
C1,111,EIGCM (MF1),36,0.0034447426317747833
C1,111,Jones dcglare,36,0.037520306110690876
C1,111,Raytraverse Balanced,36,0.14896659409771176
C1,111,Raytraverse High,36,0.14200311171031407
C1,112,EIGCM (MF1),36,0.005700815146343351
C1,112,Jones dcglare,36,0.04244780837523106
C1,112,Raytraverse Balanced,36,0.1577061701163353
C1,112,Raytraverse High,36,0.16126704814706652
C1,113,EIGCM (MF1),36,0.01671411064737748
C1,113,Jones dcglare,36,0.07718169841638264
C1,113,Raytraverse Balanced,36,0.11429552665941319
C1,113,Raytraverse High,36,0.15938454627406196
C1,114,EIGCM (MF1),36,0.009679652739237203
C1,114,Jones dcglare,36,0.03650210223043584
C1,114,Raytraverse Balanced,36,0.014020799696892591
C1,114,Raytraverse High,36,0.06500514814239235
C1,115,EIGCM (MF1),36,0.007700113584768297
C1,115,Jones dcglare,36,0.009147221145835152
C1,115,Raytraverse Balanced,36,0.00599746852511657
C1,115,Raytraverse High,36,0.006825540877499099
C1,116,EIGCM (MF1),36,0.012923397801855354
C1,116,Jones dcglare,36,0.0540342107728375
C1,116,Raytraverse Balanced,36,0.07425893829962679
C1,116,Raytraverse High,36,0.07236735281918594
C1,117,EIGCM (MF1),36,0.0060654819102762955
C1,117,Jones dcglare,36,0.0217058494762379
C1,117,Raytraverse Balanced,36,0.13735814419251002
C1,117,Raytraverse High,36,0.13227241243346866
C1,118,EIGCM (MF1),36,0.002394333549932695
C1,118,Jones dcglare,36,0.036208374146950446
C1,118,Raytraverse Balanced,36,0.1420984522133502
C1,118,Raytraverse High,36,0.1461722767742132
C1,119,EIGCM (MF1),36,0.003239183823597464
C1,119,Jones dcglare,36,0.07923608600244575
C1,119,Raytraverse Balanced,36,0.14822900622096002
C1,119,Raytraverse High,36,0.15476156634691954
C1,120,EIGCM (MF1),36,0.011083051867340812
C1,120,Jones dcglare,36,0.08145487115008303
C1,120,Raytraverse Balanced,36,0.1286460012183208
C1,120,Raytraverse High,36,0.15238410691252666
C1,121,EIGCM (MF1),36,0.015431136960226806
C1,121,Jones dcglare,36,0.07734237592347684
C1,121,Raytraverse Balanced,36,0.23103336738379132
C1,121,Raytraverse High,36,0.23087125626505797
C1,122,EIGCM (MF1),36,0.008950216286539303
C1,122,Jones dcglare,36,0.07206404889468822
C1,122,Raytraverse Balanced,36,0.09304409381607169
C1,122,Raytraverse High,36,0.09299041225716305
C1,123,EIGCM (MF1),36,0.008536913693386697
C1,123,Jones dcglare,36,0.007474289589953235
C1,123,Raytraverse Balanced,36,0.006814057907577291
C1,123,Raytraverse High,36,0.007239185316401667
C1,124,EIGCM (MF1),36,0.012692259987324287
C1,124,Jones dcglare,36,0.04167398499607487
C1,124,Raytraverse Balanced,36,0.014610904869343974
C1,124,Raytraverse High,36,0.012498891762848087
C1,125,EIGCM (MF1),36,0.0047751521165124555
C1,125,Jones dcglare,36,0.01550770612912927
C1,125,Raytraverse Balanced,36,0.04255682097114388
C1,125,Raytraverse High,36,0.03822344839427109
C1,126,EIGCM (MF1),36,0.0037427000411541854
C1,126,Jones dcglare,36,0.02997023960034673
C1,126,Raytraverse Balanced,36,0.14542914339391233
C1,126,Raytraverse High,36,0.14324788864427437
C1,127,EIGCM (MF1),36,0.007009349823311399
C1,127,Jones dcglare,36,0.08172492107791275
C1,127,Raytraverse Balanced,36,0.22770786184187844
C1,127,Raytraverse High,36,0.22764357507123814
C1,128,EIGCM (MF1),36,0.017256082646498246
C1,128,Jones dcglare,36,0.09080878123618512
C1,128,Raytraverse Balanced,36,0.22810810974613505
C1,128,Raytraverse High,36,0.22807701149034956
C1,129,EIGCM (MF1),36,0.019882614310001528
C1,129,Jones dcglare,36,0.07639053519817468
C1,129,Raytraverse Balanced,36,0.11600314368296209
C1,129,Raytraverse High,36,0.11532732953469374
C1,130,EIGCM (MF1),36,0.013709673648680813
C1,130,Jones dcglare,36,0.07240230206307724
C1,130,Raytraverse Balanced,36,0.0632649941996488
C1,130,Raytraverse High,36,0.06310756458792223
C1,131,EIGCM (MF1),36,0.007669660360454188
C1,131,Jones dcglare,36,0.007235250290928282
C1,131,Raytraverse Balanced,36,0.0033190053871056157
C1,131,Raytraverse High,36,0.003918890575176292
C1,132,EIGCM (MF1),36,0.011797212477424488
C1,132,Jones dcglare,36,0.04318869135866242
C1,132,Raytraverse Balanced,36,0.009577342182659836
C1,132,Raytraverse High,36,0.006740235238391162
C1,133,EIGCM (MF1),36,0.01012806396727814
C1,133,Jones dcglare,36,0.0693811472683428
C1,133,Raytraverse Balanced,36,0.09223565393808775
C1,133,Raytraverse High,36,0.09193980816467222
C1,134,EIGCM (MF1),36,0.00821676267056829
C1,134,Jones dcglare,36,0.11877131592401344
C1,134,Raytraverse Balanced,36,0.14708519975557652
C1,134,Raytraverse High,36,0.14639625126231195
C1,135,EIGCM (MF1),36,0.016817980270589707
C1,135,Jones dcglare,36,0.10716409508411662
C1,135,Raytraverse Balanced,36,0.15545324961800075
C1,135,Raytraverse High,36,0.15536902795141025
C1,136,EIGCM (MF1),36,0.01720352056353582
C1,136,Jones dcglare,36,0.08177971535730583
C1,136,Raytraverse Balanced,36,0.1455096381432744
C1,136,Raytraverse High,36,0.14542770101336736
C1,137,EIGCM (MF1),36,0.00893121964955578
C1,137,Jones dcglare,36,0.07921075419518463
C1,137,Raytraverse Balanced,36,0.018778562858716055
C1,137,Raytraverse High,36,0.01859559953323972
C1,138,EIGCM (MF1),36,0.02272437619820399
C1,138,Jones dcglare,36,0.03751582403920468
C1,138,Raytraverse Balanced,36,0.01600460016948217
C1,138,Raytraverse High,36,0.01790212401252975
C1,139,EIGCM (MF1),36,0.01726605624173562
C1,139,Jones dcglare,36,0.018102248088502013
C1,139,Raytraverse Balanced,36,0.025257318692451625
C1,139,Raytraverse High,36,0.026255582871936856
C1,140,EIGCM (MF1),36,0.01702180399452584
C1,140,Jones dcglare,36,0.015678572108003636
C1,140,Raytraverse Balanced,36,0.08104403043009291
C1,140,Raytraverse High,36,0.08591405544396534
C1,141,EIGCM (MF1),36,0.013013764470413197
C1,141,Jones dcglare,36,0.040682759084601255
C1,141,Raytraverse Balanced,36,0.15360322141055516
C1,141,Raytraverse High,36,0.15376690534181206
C1,142,EIGCM (MF1),36,0.11551408352946742
C1,142,Jones dcglare,36,0.1300268669836974
C1,142,Raytraverse Balanced,36,0.19394935617739617
C1,142,Raytraverse High,36,0.19281431877419572
C1,143,EIGCM (MF1),36,0.005187812936852854
C1,143,Jones dcglare,36,0.04114774681767348
C1,143,Raytraverse Balanced,36,0.15422308855655995
C1,143,Raytraverse High,36,0.15149998160008882
C1,144,EIGCM (MF1),36,0.0068714415799702834
C1,144,Jones dcglare,36,0.021587768833428125
C1,144,Raytraverse Balanced,36,0.10444781739720281
C1,144,Raytraverse High,36,0.0998265546522364
C1,145,EIGCM (MF1),36,0.010815273040396782
C1,145,Jones dcglare,36,0.059912492769504486
C1,145,Raytraverse Balanced,36,0.018735260350226136
C1,145,Raytraverse High,36,0.019010261371024
C1,146,EIGCM (MF1),36,0.006759681893731719
C1,146,Jones dcglare,36,0.006391948258829881
C1,146,Raytraverse Balanced,36,0.0035415657477029525
C1,146,Raytraverse High,36,0.003943659618369862
C1,147,EIGCM (MF1),36,0.005669919904416643
C1,147,Jones dcglare,36,0.005543687038396815
C1,147,Raytraverse Balanced,36,0.007617273870185162
C1,147,Raytraverse High,36,0.006805812673562575
C1,148,EIGCM (MF1),36,0.010008805697012785
C1,148,Jones dcglare,36,0.01522916792878746
C1,148,Raytraverse Balanced,36,0.011875623448325422
C1,148,Raytraverse High,36,0.007911397417707468
C1,149,EIGCM (MF1),36,0.010355517971633935
C1,149,Jones dcglare,36,0.07110030246560106
C1,149,Raytraverse Balanced,36,0.1028072998955664
C1,149,Raytraverse High,36,0.0968087138659026
C1,150,EIGCM (MF1),36,0.004003376052263057
C1,150,Jones dcglare,36,0.09068087630201524
C1,150,Raytraverse Balanced,36,0.09225166053295861
C1,150,Raytraverse High,36,0.08558098881385862
C1,151,EIGCM (MF1),36,0.0029557256644707547
C1,151,Jones dcglare,36,0.08904494626293409
C1,151,Raytraverse Balanced,36,0.09959784841499325
C1,151,Raytraverse High,36,0.09583558880598617
C1,152,EIGCM (MF1),36,0.005700375789464331
C1,152,Jones dcglare,36,0.07535666939477996
C1,152,Raytraverse Balanced,36,0.0953317429625018
C1,152,Raytraverse High,36,0.09426886528427836
C1,153,EIGCM (MF1),36,0.011835245076183819
C1,153,Jones dcglare,36,0.07525291778115001
C1,153,Raytraverse Balanced,36,0.1333024159469235
C1,153,Raytraverse High,36,0.1328504786156861
C1,154,EIGCM (MF1),36,0.011314762880561546
C1,154,Jones dcglare,36,0.008296577492963428
C1,154,Raytraverse Balanced,36,0.01560417020824143
C1,154,Raytraverse High,36,0.01441020835366701
C1,155,EIGCM (MF1),36,0.00723643658119182
C1,155,Jones dcglare,36,0.007973084736122812
C1,155,Raytraverse Balanced,36,0.012753435909110164
C1,155,Raytraverse High,36,0.011310307319389886
C1,156,EIGCM (MF1),36,0.011554917242479737
C1,156,Jones dcglare,36,0.04766623433406652
C1,156,Raytraverse Balanced,36,0.0783877290342146
C1,156,Raytraverse High,36,0.0731236175770369
C1,157,EIGCM (MF1),36,0.008965530768681056
C1,157,Jones dcglare,36,0.028149828659684933
C1,157,Raytraverse Balanced,36,0.1528976257400286
C1,157,Raytraverse High,36,0.1459589591306874
C1,158,EIGCM (MF1),36,0.0032997942820980047
C1,158,Jones dcglare,36,0.004950275137183458
C1,158,Raytraverse Balanced,36,0.15387772291620322
C1,158,Raytraverse High,36,0.14920352411259147
C1,159,EIGCM (MF1),36,0.003285222057901453
C1,159,Jones dcglare,36,0.005595034178116486
C1,159,Raytraverse Balanced,36,0.15429367038546224
C1,159,Raytraverse High,36,0.15275567461093068
C1,160,EIGCM (MF1),36,0.010490048523256587
C1,160,Jones dcglare,36,0.03649469115823721
C1,160,Raytraverse Balanced,36,0.13584812894640935
C1,160,Raytraverse High,36,0.13562033747230362
C1,161,EIGCM (MF1),36,0.006397381355810098
C1,161,Jones dcglare,36,0.006391205414735285
C1,161,Raytraverse Balanced,36,0.048907968129031136
C1,161,Raytraverse High,36,0.04909310135864034
C1,162,EIGCM (MF1),36,0.00828031922287889
C1,162,Jones dcglare,36,0.007534222229707364
C1,162,Raytraverse Balanced,36,0.03344834169389269
C1,162,Raytraverse High,36,0.01957810919171008
C1,163,EIGCM (MF1),36,0.011100018927048422
C1,163,Jones dcglare,36,0.006287668101325175
C1,163,Raytraverse Balanced,36,0.025136569897463913
C1,163,Raytraverse High,36,0.009473073205851239
C1,164,EIGCM (MF1),36,0.01578604154003185
C1,164,Jones dcglare,36,0.04755646422344558
C1,164,Raytraverse Balanced,36,0.015391347386510342
C1,164,Raytraverse High,36,0.014495242519643969
C1,165,EIGCM (MF1),36,0.014688349941384004
C1,165,Jones dcglare,36,0.013177128328607759
C1,165,Raytraverse Balanced,36,0.019694577887156537
C1,165,Raytraverse High,36,0.019017754321985478
C1,166,EIGCM (MF1),36,0.005938327961266163
C1,166,Jones dcglare,36,0.006140622340371944
C1,166,Raytraverse Balanced,36,0.0100685019440147
C1,166,Raytraverse High,36,0.007454119548002932
C1,167,EIGCM (MF1),36,0.0034092994578554265
C1,167,Jones dcglare,36,0.0036120652119874612
C1,167,Raytraverse Balanced,36,0.012506854696134084
C1,167,Raytraverse High,36,0.01530834020937498
C1,168,EIGCM (MF1),36,0.010762921131585149
C1,168,Jones dcglare,36,0.04905999995585994
C1,168,Raytraverse Balanced,36,0.037273224722692136
C1,168,Raytraverse High,36,0.042421084033516965
C1,169,EIGCM (MF1),36,0.009955840586588138
C1,169,Jones dcglare,36,0.06578179163421831
C1,169,Raytraverse Balanced,36,0.08879772927924945
C1,169,Raytraverse High,36,0.08892338494631633
C1,170,EIGCM (MF1),36,0.01171210826562978
C1,170,Jones dcglare,36,0.04050619119343636
C1,170,Raytraverse Balanced,36,0.009240857066228587
C1,170,Raytraverse High,36,0.010536073515273088
C1,171,EIGCM (MF1),36,0.008890729990495092
C1,171,Jones dcglare,36,0.008566825943514126
C1,171,Raytraverse Balanced,36,0.005957265074637864
C1,171,Raytraverse High,36,0.008403515969953689
C1,172,EIGCM (MF1),36,0.013490939107992277
C1,172,Jones dcglare,36,0.03347767996148409
C1,172,Raytraverse Balanced,36,0.05550392561902384
C1,172,Raytraverse High,36,0.05500813967098319
C1,173,EIGCM (MF1),36,0.01473466189790438
C1,173,Jones dcglare,36,0.014195025701660915
C1,173,Raytraverse Balanced,36,0.07673478055829358
C1,173,Raytraverse High,36,0.07625513750345833
C1,174,EIGCM (MF1),36,0.00983303376765448
C1,174,Jones dcglare,36,0.060253496496661334
C1,174,Raytraverse Balanced,36,0.08966507378245019
C1,174,Raytraverse High,36,0.08941768214143131
C1,175,EIGCM (MF1),36,0.007365570272803804
C1,175,Jones dcglare,36,0.051721530171071166
C1,175,Raytraverse Balanced,36,0.09980831687576375
C1,175,Raytraverse High,36,0.09951079416199053
C1,176,EIGCM (MF1),36,0.013987274928235875
C1,176,Jones dcglare,36,0.06179214717715368
C1,176,Raytraverse Balanced,36,0.050262635840075884
C1,176,Raytraverse High,36,0.050428638302311785
C1,177,EIGCM (MF1),36,0.012643863918001666
C1,177,Jones dcglare,36,0.07466006171673074
C1,177,Raytraverse Balanced,36,0.15942842148251518
C1,177,Raytraverse High,36,0.15879966950469865
C1,178,EIGCM (MF1),36,0.01078429221181076
C1,178,Jones dcglare,36,0.011601831765388392
C1,178,Raytraverse Balanced,36,0.06970341511764845
C1,178,Raytraverse High,36,0.0696280139896334
C1,179,EIGCM (MF1),36,0.008798434835999713
C1,179,Jones dcglare,36,0.009028815616807571
C1,179,Raytraverse Balanced,36,0.03371833230570052
C1,179,Raytraverse High,36,0.032963902978822145
C1,180,EIGCM (MF1),36,0.008968953100557503
C1,180,Jones dcglare,36,0.026124844238917266
C1,180,Raytraverse Balanced,36,0.055465364864449196
C1,180,Raytraverse High,36,0.05724342609602888
C1,181,EIGCM (MF1),36,0.030018297540592723
C1,181,Jones dcglare,36,0.1136393915554512
C1,181,Raytraverse Balanced,36,0.12476895648477856
C1,181,Raytraverse High,36,0.12666343070602032
C1,182,EIGCM (MF1),36,0.03242237858160882
C1,182,Jones dcglare,36,0.09457964984686937
C1,182,Raytraverse Balanced,36,0.1128834120737398
C1,182,Raytraverse High,36,0.11384703643253002
C1,183,EIGCM (MF1),36,0.02947088296073865
C1,183,Jones dcglare,36,0.09425740921555634
C1,183,Raytraverse Balanced,36,0.1532823298832301
C1,183,Raytraverse High,36,0.15329204101803418
C1,184,EIGCM (MF1),36,0.009910182176442463
C1,184,Jones dcglare,36,0.032234396344796724
C1,184,Raytraverse Balanced,36,0.16865624753519906
C1,184,Raytraverse High,36,0.16939925419545887
C1,185,EIGCM (MF1),36,0.01647257694679419
C1,185,Jones dcglare,36,0.09150033145015135
C1,185,Raytraverse Balanced,36,0.008911397689577091
C1,185,Raytraverse High,36,0.008648805863795421
C1,186,EIGCM (MF1),36,0.009435866738894029
C1,186,Jones dcglare,36,0.049297517811813546
C1,186,Raytraverse Balanced,36,0.005965354111148112
C1,186,Raytraverse High,36,0.002831148914620278
C1,187,EIGCM (MF1),36,0.006929068106695313
C1,187,Jones dcglare,36,0.010219246054771411
C1,187,Raytraverse Balanced,36,0.008711149310330376
C1,187,Raytraverse High,36,0.0036477174675679084
C1,188,EIGCM (MF1),36,0.006737242300369554
C1,188,Jones dcglare,36,0.015879718347967305
C1,188,Raytraverse Balanced,36,0.009871727525757589
C1,188,Raytraverse High,36,0.004205279874153582
C1,189,EIGCM (MF1),36,0.010835289030165377
C1,189,Jones dcglare,36,0.08117059346361113
C1,189,Raytraverse Balanced,36,0.012740973951510293
C1,189,Raytraverse High,36,0.005234658875974839
C1,190,EIGCM (MF1),36,0.005728284323401043
C1,190,Jones dcglare,36,0.09112714673472955
C1,190,Raytraverse Balanced,36,0.007049890145159268
C1,190,Raytraverse High,36,0.004051655506739392
C1,191,EIGCM (MF1),36,0.01066547252215453
C1,191,Jones dcglare,36,0.09084973998525686
C1,191,Raytraverse Balanced,36,0.003751817296534442
C1,191,Raytraverse High,36,0.00270291407308699
C1,192,EIGCM (MF1),36,0.010230895767478043
C1,192,Jones dcglare,36,0.05738227608042236
C1,192,Raytraverse Balanced,36,0.001893058900723467
C1,192,Raytraverse High,36,0.0027705552394827033
C1,193,EIGCM (MF1),36,0.01624079395148901
C1,193,Jones dcglare,36,0.08583155313353355
C1,193,Raytraverse Balanced,36,0.13521869619667895
C1,193,Raytraverse High,36,0.1354501312029588
C1,194,EIGCM (MF1),36,0.05590563651555578
C1,194,Jones dcglare,36,0.052664750978410495
C1,194,Raytraverse Balanced,36,0.006216085133271629
C1,194,Raytraverse High,36,0.0026215812332530254
C1,195,EIGCM (MF1),36,0.008958524783396109
C1,195,Jones dcglare,36,0.012209513934543812
C1,195,Raytraverse Balanced,36,0.010494242268802165
C1,195,Raytraverse High,36,0.007115415419150795
C1,196,EIGCM (MF1),36,0.017108015314271068
C1,196,Jones dcglare,36,0.014737277476741119
C1,196,Raytraverse Balanced,36,0.019015712206197043
C1,196,Raytraverse High,36,0.02002769341778099
C1,197,EIGCM (MF1),36,0.01683052974965105
C1,197,Jones dcglare,36,0.06880154566052042
C1,197,Raytraverse Balanced,36,0.0921109859651886
C1,197,Raytraverse High,36,0.08841215961476831
C1,198,EIGCM (MF1),36,0.009783015286709919
C1,198,Jones dcglare,36,0.0642028620056281
C1,198,Raytraverse Balanced,36,0.11280251777106814
C1,198,Raytraverse High,36,0.1109027986677035
C1,199,EIGCM (MF1),36,0.009000368501113342
C1,199,Jones dcglare,36,0.06622118367827065
C1,199,Raytraverse Balanced,36,0.13369222058159824
C1,199,Raytraverse High,36,0.1319166738556587
C1,200,EIGCM (MF1),36,0.011316812073329463
C1,200,Jones dcglare,36,0.0685629775793621
C1,200,Raytraverse Balanced,36,0.15482135493529603
C1,200,Raytraverse High,36,0.15411757200131346
C1,201,EIGCM (MF1),36,0.015697136943440066
C1,201,Jones dcglare,36,0.07337908629831368
C1,201,Raytraverse Balanced,36,0.2151878572128577
C1,201,Raytraverse High,36,0.2149866926767267
C1,202,EIGCM (MF1),36,0.013766812349198911
C1,202,Jones dcglare,36,0.062385957170393656
C1,202,Raytraverse Balanced,36,0.09754440188657863
C1,202,Raytraverse High,36,0.09718034023066596
C1,203,EIGCM (MF1),36,0.010495851666597725
C1,203,Jones dcglare,36,0.010659984457940256
C1,203,Raytraverse Balanced,36,0.005417483256340068
C1,203,Raytraverse High,36,0.0053028818904265525
C1,204,EIGCM (MF1),36,0.01074363377245645
C1,204,Jones dcglare,36,0.05361687374701681
C1,204,Raytraverse Balanced,36,0.009657740587032025
C1,204,Raytraverse High,36,0.009300241027543777
C1,205,EIGCM (MF1),36,0.008117373399125685
C1,205,Jones dcglare,36,0.035615873119655986
C1,205,Raytraverse Balanced,36,0.023800751898920013
C1,205,Raytraverse High,36,0.019369401067687208
C1,206,EIGCM (MF1),36,0.006590897112453237
C1,206,Jones dcglare,36,0.07711421658529939
C1,206,Raytraverse Balanced,36,0.14485604110353922
C1,206,Raytraverse High,36,0.14214584411657813
C1,207,EIGCM (MF1),36,0.009255702527181112
C1,207,Jones dcglare,36,0.10840552226360943
C1,207,Raytraverse Balanced,36,0.1948262097884823
C1,207,Raytraverse High,36,0.19470255873090236
C1,208,EIGCM (MF1),36,0.019927534840084398
C1,208,Jones dcglare,36,0.10972375453147476
C1,208,Raytraverse Balanced,36,0.1948780605211605
C1,208,Raytraverse High,36,0.19466365566908866
C1,209,EIGCM (MF1),36,0.012109204349079998
C1,209,Jones dcglare,36,0.04814572030353568
C1,209,Raytraverse Balanced,36,0.13823459731755555
C1,209,Raytraverse High,36,0.13817281191620942
C1,210,EIGCM (MF1),36,0.010417285596745752
C1,210,Jones dcglare,36,0.03620485964567775
C1,210,Raytraverse Balanced,36,0.07805984723173275
C1,210,Raytraverse High,36,0.0778809706667565
C1,211,EIGCM (MF1),36,0.009018424752632188
C1,211,Jones dcglare,36,0.009823410227160876
C1,211,Raytraverse Balanced,36,0.0027909889263067087
C1,211,Raytraverse High,36,0.0023951635923483636
C1,212,EIGCM (MF1),36,0.011471855185469743
C1,212,Jones dcglare,36,0.04631455089647295
C1,212,Raytraverse Balanced,36,0.006647579609281368
C1,212,Raytraverse High,36,0.0076817946395833
C1,213,EIGCM (MF1),36,0.010079928792462329
C1,213,Jones dcglare,36,0.010100828245162893
C1,213,Raytraverse Balanced,36,0.00688362824449856
C1,213,Raytraverse High,36,0.0019059052548198714
C1,214,EIGCM (MF1),36,0.006651188921789349
C1,214,Jones dcglare,36,0.0841357095187268
C1,214,Raytraverse Balanced,36,0.06711903470931846
C1,214,Raytraverse High,36,0.059986028406707935
C1,215,EIGCM (MF1),36,0.007006326568557715
C1,215,Jones dcglare,36,0.032784740552659
C1,215,Raytraverse Balanced,36,0.11291984830634981
C1,215,Raytraverse High,36,0.11291953745346463
C1,216,EIGCM (MF1),36,0.01736032542445722
C1,216,Jones dcglare,36,0.06696138600328198
C1,216,Raytraverse Balanced,36,0.10856751181048915
C1,216,Raytraverse High,36,0.10855007127050464
C1,217,EIGCM (MF1),36,0.009798454134255632
C1,217,Jones dcglare,36,0.08586134981974675
C1,217,Raytraverse Balanced,36,0.09773628982753978
C1,217,Raytraverse High,36,0.09765687411284378
C1,218,EIGCM (MF1),36,0.01285026582500663
C1,218,Jones dcglare,36,0.06779320165259854
C1,218,Raytraverse Balanced,36,0.009234341410284308
C1,218,Raytraverse High,36,0.009671013654204568
C1,219,EIGCM (MF1),36,0.00824911179119371
C1,219,Jones dcglare,36,0.006767287002313448
C1,219,Raytraverse Balanced,36,0.0033848414506209416
C1,219,Raytraverse High,36,0.0054430271653046584
C1,220,EIGCM (MF1),36,0.011199122375907651
C1,220,Jones dcglare,36,0.04160801002172338
C1,220,Raytraverse Balanced,36,0.005952825831319291
C1,220,Raytraverse High,36,0.009309637185207885
C1,221,EIGCM (MF1),36,0.010854424753105683
C1,221,Jones dcglare,36,0.05100355083590066
C1,221,Raytraverse Balanced,36,0.004914605859371298
C1,221,Raytraverse High,36,0.005992332748186769
C1,222,EIGCM (MF1),36,0.007413613290052594
C1,222,Jones dcglare,36,0.0957910114836508
C1,222,Raytraverse Balanced,36,0.06710684491805703
C1,222,Raytraverse High,36,0.06014040729221633
C1,223,EIGCM (MF1),36,0.010934827106645187
C1,223,Jones dcglare,36,0.08818790704170709
C1,223,Raytraverse Balanced,36,0.058359062093439454
C1,223,Raytraverse High,36,0.05833172162964512
C1,224,EIGCM (MF1),36,0.012665873142150738
C1,224,Jones dcglare,36,0.050042692774317825
C1,224,Raytraverse Balanced,36,0.061288803638489264
C1,224,Raytraverse High,36,0.06119336750768114
C1,225,EIGCM (MF1),36,0.015227737372381435
C1,225,Jones dcglare,36,0.08473207057572747
C1,225,Raytraverse Balanced,36,0.16929000569241462
C1,225,Raytraverse High,36,0.1689163277713918
C1,226,EIGCM (MF1),36,0.007837562815821287
C1,226,Jones dcglare,36,0.005770863483538086
C1,226,Raytraverse Balanced,36,0.07746386705531691
C1,226,Raytraverse High,36,0.07761339842152813
C1,227,EIGCM (MF1),36,0.0070492260110399515
C1,227,Jones dcglare,36,0.005533043920049299
C1,227,Raytraverse Balanced,36,0.008641753667178738
C1,227,Raytraverse High,36,0.009519078066273308
C1,228,EIGCM (MF1),36,0.008858187241520316
C1,228,Jones dcglare,36,0.013737360264483736
C1,228,Raytraverse Balanced,36,0.07670064300021193
C1,228,Raytraverse High,36,0.07748195734192839
C1,229,EIGCM (MF1),36,0.014345247759885498
C1,229,Jones dcglare,36,0.07748978047194606
C1,229,Raytraverse Balanced,36,0.14967653146147142
C1,229,Raytraverse High,36,0.14978884356465424
C1,230,EIGCM (MF1),36,0.008461498721086272
C1,230,Jones dcglare,36,0.06425367446833877
C1,230,Raytraverse Balanced,36,0.1535751671735205
C1,230,Raytraverse High,36,0.150010795358057
C1,231,EIGCM (MF1),36,0.008516411671867575
C1,231,Jones dcglare,36,0.030797852607829027
C1,231,Raytraverse Balanced,36,0.18418086204427467
C1,231,Raytraverse High,36,0.18299498015673285
C1,232,EIGCM (MF1),36,0.007245801643864
C1,232,Jones dcglare,36,0.022171755178070282
C1,232,Raytraverse Balanced,36,0.15843282578405166
C1,232,Raytraverse High,36,0.15680298704814133
C1,233,EIGCM (MF1),36,0.012807224539645149
C1,233,Jones dcglare,36,0.09593262668888336
C1,233,Raytraverse Balanced,36,0.011490861335852587
C1,233,Raytraverse High,36,0.008681143712698519
C1,234,EIGCM (MF1),36,0.009878325046042868
C1,234,Jones dcglare,36,0.0048224528975834595
C1,234,Raytraverse Balanced,36,0.00922040859686664
C1,234,Raytraverse High,36,0.001850507002504087
C1,235,EIGCM (MF1),36,0.007673470064829425
C1,235,Jones dcglare,36,0.0064047782452387346
C1,235,Raytraverse Balanced,36,0.009184323171439563
C1,235,Raytraverse High,36,0.0025790419130135387
C1,236,EIGCM (MF1),36,0.00800153981043996
C1,236,Jones dcglare,36,0.007988296114090397
C1,236,Raytraverse Balanced,36,0.009931106583475898
C1,236,Raytraverse High,36,0.0035881660946722556
C1,237,EIGCM (MF1),36,0.012948676190799063
C1,237,Jones dcglare,36,0.08094090580070144
C1,237,Raytraverse Balanced,36,0.014561749994133313
C1,237,Raytraverse High,36,0.006747946727742859
C1,238,EIGCM (MF1),36,0.005950006983165835
C1,238,Jones dcglare,36,0.07458471840087672
C1,238,Raytraverse Balanced,36,0.006174689887890005
C1,238,Raytraverse High,36,0.0037754036979588154
C1,239,EIGCM (MF1),36,0.005484082973276192
C1,239,Jones dcglare,36,0.07025682196751955
C1,239,Raytraverse Balanced,36,0.002759221932170775
C1,239,Raytraverse High,36,0.002597565613319523
C1,240,EIGCM (MF1),36,0.008486084403320406
C1,240,Jones dcglare,36,0.030816940631765037
C1,240,Raytraverse Balanced,36,0.004127320582025138
C1,240,Raytraverse High,36,0.003197993237006868
C1,241,EIGCM (MF1),36,0.01241198222603644
C1,241,Jones dcglare,36,0.013828567159016737
C1,241,Raytraverse Balanced,36,0.16369588899967993
C1,241,Raytraverse High,36,0.16257997956177633
C1,242,EIGCM (MF1),36,0.008307360258646812
C1,242,Jones dcglare,36,0.007783920001760041
C1,242,Raytraverse Balanced,36,0.02328723687707031
C1,242,Raytraverse High,36,0.015364191636541066
C1,243,EIGCM (MF1),36,0.007245099918853205
C1,243,Jones dcglare,36,0.008546790992801848
C1,243,Raytraverse Balanced,36,0.01496891203557244
C1,243,Raytraverse High,36,0.009966957302085305
C1,244,EIGCM (MF1),36,0.009601490046660008
C1,244,Jones dcglare,36,0.01002245812164597
C1,244,Raytraverse Balanced,36,0.00900027671546532
C1,244,Raytraverse High,36,0.010563251702480814
C1,245,EIGCM (MF1),36,0.010687689872959245
C1,245,Jones dcglare,36,0.07481527037498933
C1,245,Raytraverse Balanced,36,0.09874981465657469
C1,245,Raytraverse High,36,0.09398630620577951
C1,246,EIGCM (MF1),36,0.007900993336652895
C1,246,Jones dcglare,36,0.10381463350322222
C1,246,Raytraverse Balanced,36,0.13521141790989152
C1,246,Raytraverse High,36,0.13257070427528064
C1,247,EIGCM (MF1),36,0.006307816515553452
C1,247,Jones dcglare,36,0.09692865898705844
C1,247,Raytraverse Balanced,36,0.14734327943494127
C1,247,Raytraverse High,36,0.14550872769890116
C1,248,EIGCM (MF1),36,0.008824995924739386
C1,248,Jones dcglare,36,0.07767264446729223
C1,248,Raytraverse Balanced,36,0.18027121592076142
C1,248,Raytraverse High,36,0.17954681885396742
C1,249,EIGCM (MF1),36,0.02107561320225609
C1,249,Jones dcglare,36,0.022171409086067056
C1,249,Raytraverse Balanced,36,0.01936534804990863
C1,249,Raytraverse High,36,0.0035490268954026885
C1,250,EIGCM (MF1),36,0.013150104029246308
C1,250,Jones dcglare,36,0.018821623675945327
C1,250,Raytraverse Balanced,36,0.023317093279527617
C1,250,Raytraverse High,36,0.0020806513735079453
C1,251,EIGCM (MF1),36,0.01286570004039596
C1,251,Jones dcglare,36,0.012255375723129399
C1,251,Raytraverse Balanced,36,0.018284172894906647
C1,251,Raytraverse High,36,0.003492139870167955
C1,252,EIGCM (MF1),36,0.012461210394538104
C1,252,Jones dcglare,36,0.046325868093857664
C1,252,Raytraverse Balanced,36,0.006484931125975602
C1,252,Raytraverse High,36,0.008831511505819198
C1,253,EIGCM (MF1),36,0.009879644443500995
C1,253,Jones dcglare,36,0.018769807224711686
C1,253,Raytraverse Balanced,36,0.004401490100195874
C1,253,Raytraverse High,36,0.005001997985114998
C1,254,EIGCM (MF1),36,0.007847375214451573
C1,254,Jones dcglare,36,0.04978693076106985
C1,254,Raytraverse Balanced,36,0.00711320028762078
C1,254,Raytraverse High,36,0.004633749386345916
C1,255,EIGCM (MF1),36,0.003744281131976838
C1,255,Jones dcglare,36,0.058060377402841604
C1,255,Raytraverse Balanced,36,0.0034233241332142666
C1,255,Raytraverse High,36,0.001915152574452837
C1,256,EIGCM (MF1),36,0.004880980956079535
C1,256,Jones dcglare,36,0.0426113742005481
C1,256,Raytraverse Balanced,36,0.007517958992782431
C1,256,Raytraverse High,36,0.001822179748514735
C1,257,EIGCM (MF1),36,0.018375841172114483
C1,257,Jones dcglare,36,0.05821460964681783
C1,257,Raytraverse Balanced,36,0.14238336258739062
C1,257,Raytraverse High,36,0.14333326669293858
C1,258,EIGCM (MF1),36,0.014738145916973408
C1,258,Jones dcglare,36,0.017674088615402962
C1,258,Raytraverse Balanced,36,0.08876364865337977
C1,258,Raytraverse High,36,0.0887258597485265
C1,259,EIGCM (MF1),36,0.008715119245136264
C1,259,Jones dcglare,36,0.011058991304611352
C1,259,Raytraverse Balanced,36,0.019340475773467355
C1,259,Raytraverse High,36,0.018445414569833323
C1,260,EIGCM (MF1),36,0.0072361031286605525
C1,260,Jones dcglare,36,0.03492912476322249
C1,260,Raytraverse Balanced,36,0.1173660593108343
C1,260,Raytraverse High,36,0.11672450691364934
C1,261,EIGCM (MF1),36,0.01432637084270743
C1,261,Jones dcglare,36,0.01802633487035572
C1,261,Raytraverse Balanced,36,0.16065511363554652
C1,261,Raytraverse High,36,0.16064262690139075
C1,262,EIGCM (MF1),36,0.030120568600630324
C1,262,Jones dcglare,36,0.06980410050382177
C1,262,Raytraverse Balanced,36,0.13829971558516624
C1,262,Raytraverse High,36,0.13889477333669994
C1,263,EIGCM (MF1),36,0.010210442761389493
C1,263,Jones dcglare,36,0.08060453049711054
C1,263,Raytraverse Balanced,36,0.16713401971220138
C1,263,Raytraverse High,36,0.16793880256800575
C1,264,EIGCM (MF1),36,0.022645570163426363
C1,264,Jones dcglare,36,0.09793535684852234
C1,264,Raytraverse Balanced,36,0.14797224806096132
C1,264,Raytraverse High,36,0.15005980192626392
C1,265,EIGCM (MF1),36,0.010989945455784175
C1,265,Jones dcglare,36,0.059463134868275716
C1,265,Raytraverse Balanced,36,0.09341686950554481
C1,265,Raytraverse High,36,0.09702335849512839
C1,266,EIGCM (MF1),36,0.01062847917363742
C1,266,Jones dcglare,36,0.04546954846259058
C1,266,Raytraverse Balanced,36,0.05716221019876459
C1,266,Raytraverse High,36,0.06508335958601616
C1,267,EIGCM (MF1),36,0.011474766562174103
C1,267,Jones dcglare,36,0.014643843199829084
C1,267,Raytraverse Balanced,36,0.015269922556340678
C1,267,Raytraverse High,36,0.011928230944549851
C1,268,EIGCM (MF1),36,0.008726365689057878
C1,268,Jones dcglare,36,0.02482479134136115
C1,268,Raytraverse Balanced,36,0.05462185447658143
C1,268,Raytraverse High,36,0.05036458231922161
C1,269,EIGCM (MF1),36,0.029951420606129483
C1,269,Jones dcglare,36,0.06555116902744958
C1,269,Raytraverse Balanced,36,0.07403572566782882
C1,269,Raytraverse High,36,0.07384137196362967
C1,270,EIGCM (MF1),36,0.03438588696647377
C1,270,Jones dcglare,36,0.09732157271166904
C1,270,Raytraverse Balanced,36,0.059134247634742065
C1,270,Raytraverse High,36,0.0610243409347575
C1,271,EIGCM (MF1),36,0.020347325584998743
C1,271,Jones dcglare,36,0.13736039635715797
C1,271,Raytraverse Balanced,36,0.08057314066826032
C1,271,Raytraverse High,36,0.08585246054533445
C1,272,EIGCM (MF1),36,0.015641820615145442
C1,272,Jones dcglare,36,0.14162757921158053
C1,272,Raytraverse Balanced,36,0.09695621687436129
C1,272,Raytraverse High,36,0.09805475611238006
C1,273,EIGCM (MF1),36,0.01270283811977553
C1,273,Jones dcglare,36,0.09757397782441699
C1,273,Raytraverse Balanced,36,0.07810272118744996
C1,273,Raytraverse High,36,0.07729727846161327
C1,274,EIGCM (MF1),36,0.024067758017822193
C1,274,Jones dcglare,36,0.07564683239410021
C1,274,Raytraverse Balanced,36,0.07010515006040045
C1,274,Raytraverse High,36,0.06970181543610823
C1,275,EIGCM (MF1),36,0.011129120740501767
C1,275,Jones dcglare,36,0.015228547285112439
C1,275,Raytraverse Balanced,36,0.013401875607837404
C1,275,Raytraverse High,36,0.011312178241693893
C1,276,EIGCM (MF1),36,0.019618906558088296
C1,276,Jones dcglare,36,0.0359490298618709
C1,276,Raytraverse Balanced,36,0.04094716029191871
C1,276,Raytraverse High,36,0.041175759252528664
C1,277,EIGCM (MF1),36,0.03425061798805809
C1,277,Jones dcglare,36,0.06730459925971163
C1,277,Raytraverse Balanced,36,0.057229306074265344
C1,277,Raytraverse High,36,0.05657125829116002
C1,278,EIGCM (MF1),36,0.036633003764535876
C1,278,Jones dcglare,36,0.12345972318495352
C1,278,Raytraverse Balanced,36,0.067260092710697
C1,278,Raytraverse High,36,0.06778286728058742
C1,279,EIGCM (MF1),36,0.010179992185013913
C1,279,Jones dcglare,36,0.15061518278713665
C1,279,Raytraverse Balanced,36,0.0741298173013759
C1,279,Raytraverse High,36,0.07541970508650592
C1,280,EIGCM (MF1),36,0.010746277077835426
C1,280,Jones dcglare,36,0.15129707490942682
C1,280,Raytraverse Balanced,36,0.07706182161033162
C1,280,Raytraverse High,36,0.0755651046469199
C1,281,EIGCM (MF1),36,0.013725782282968224
C1,281,Jones dcglare,36,0.09734971005594806
C1,281,Raytraverse Balanced,36,0.07088703773488722
C1,281,Raytraverse High,36,0.06996504108997217
C1,282,EIGCM (MF1),36,0.01012129995875037
C1,282,Jones dcglare,36,0.08753148934091792
C1,282,Raytraverse Balanced,36,0.06195547153240472
C1,282,Raytraverse High,36,0.061939430530503534
C1,283,EIGCM (MF1),36,0.010229307503904862
C1,283,Jones dcglare,36,0.012428817081760812
C1,283,Raytraverse Balanced,36,0.01532554375037356
C1,283,Raytraverse High,36,0.012484553858587181
C1,284,EIGCM (MF1),36,0.011468827467640273
C1,284,Jones dcglare,36,0.06262418069036386
C1,284,Raytraverse Balanced,36,0.032092234730035994
C1,284,Raytraverse High,36,0.031080208230583602
C1,285,EIGCM (MF1),36,0.012116364827407326
C1,285,Jones dcglare,36,0.09408313207129783
C1,285,Raytraverse Balanced,36,0.045766090269006306
C1,285,Raytraverse High,36,0.04521900977223245
C1,286,EIGCM (MF1),36,0.009863526106162264
C1,286,Jones dcglare,36,0.1308532481817604
C1,286,Raytraverse Balanced,36,0.04758207580943573
C1,286,Raytraverse High,36,0.048243620101596586
C1,287,EIGCM (MF1),36,0.006353264629350454
C1,287,Jones dcglare,36,0.16978908385090993
C1,287,Raytraverse Balanced,36,0.06279254762013149
C1,287,Raytraverse High,36,0.06364423107582945
C1,288,EIGCM (MF1),36,0.01110217842879145
C1,288,Jones dcglare,36,0.12438857614174481
C1,288,Raytraverse Balanced,36,0.07437100294604311
C1,288,Raytraverse High,36,0.07262238900277976
C1,289,EIGCM (MF1),36,0.013955999675418372
C1,289,Jones dcglare,36,0.06929984886439539
C1,289,Raytraverse Balanced,36,0.14932619747378237
C1,289,Raytraverse High,36,0.15770119456898754
C1,290,EIGCM (MF1),36,0.01076253871598405
C1,290,Jones dcglare,36,0.07358083926083608
C1,290,Raytraverse Balanced,36,0.09071136270422564
C1,290,Raytraverse High,36,0.09070279367190352
C1,291,EIGCM (MF1),36,0.008422154909621806
C1,291,Jones dcglare,36,0.011770107302383183
C1,291,Raytraverse Balanced,36,0.008960755802714132
C1,291,Raytraverse High,36,0.007912887090997163
C1,292,EIGCM (MF1),36,0.008669464999160364
C1,292,Jones dcglare,36,0.010754005923541678
C1,292,Raytraverse Balanced,36,0.011346671786344072
C1,292,Raytraverse High,36,0.009484880903435508
C1,293,EIGCM (MF1),36,0.011126228937727384
C1,293,Jones dcglare,36,0.0463743395207287
C1,293,Raytraverse Balanced,36,0.10152703430573855
C1,293,Raytraverse High,36,0.0906573198587298
C1,294,EIGCM (MF1),36,0.036086792420373284
C1,294,Jones dcglare,36,0.09075746582547764
C1,294,Raytraverse Balanced,36,0.11139557019260359
C1,294,Raytraverse High,36,0.10620692096345392
C1,295,EIGCM (MF1),36,0.04552954994065515
C1,295,Jones dcglare,36,0.11781147290238463
C1,295,Raytraverse Balanced,36,0.1601867499866985
C1,295,Raytraverse High,36,0.15665848188130133
C1,296,EIGCM (MF1),36,0.01779985973676011
C1,296,Jones dcglare,36,0.09176509322119458
C1,296,Raytraverse Balanced,36,0.1722204753372286
C1,296,Raytraverse High,36,0.1749192771411883
C1,297,EIGCM (MF1),36,0.015675781094609313
C1,297,Jones dcglare,36,0.04744607282592047
C1,297,Raytraverse Balanced,36,0.08175107689522158
C1,297,Raytraverse High,36,0.09324754976238242
C1,298,EIGCM (MF1),36,0.042328837493778665
C1,298,Jones dcglare,36,0.007063457218015754
C1,298,Raytraverse Balanced,36,0.007613030819137223
C1,298,Raytraverse High,36,0.006356642227669329
C1,299,EIGCM (MF1),36,0.006841326325477146
C1,299,Jones dcglare,36,0.012140047423236247
C1,299,Raytraverse Balanced,36,0.008080729055412395
C1,299,Raytraverse High,36,0.006987870627063571
C1,300,EIGCM (MF1),36,0.007071881499918455
C1,300,Jones dcglare,36,0.05262920286059191
C1,300,Raytraverse Balanced,36,0.06021592065164619
C1,300,Raytraverse High,36,0.061677686265032824
C1,301,EIGCM (MF1),36,0.011035752093410863
C1,301,Jones dcglare,36,0.020822254327910867
C1,301,Raytraverse Balanced,36,0.14677356138967282
C1,301,Raytraverse High,36,0.13730795002429988
C1,302,EIGCM (MF1),36,0.008280898667717173
C1,302,Jones dcglare,36,0.04743488076870074
C1,302,Raytraverse Balanced,36,0.14490742211997593
C1,302,Raytraverse High,36,0.1337122217286109
C1,303,EIGCM (MF1),36,0.016908802563211464
C1,303,Jones dcglare,36,0.07065265643809823
C1,303,Raytraverse Balanced,36,0.16556565758500058
C1,303,Raytraverse High,36,0.15895536776637262
C1,304,EIGCM (MF1),36,0.030125226863857615
C1,304,Jones dcglare,36,0.08404288558008928
C1,304,Raytraverse Balanced,36,0.12429728543453555
C1,304,Raytraverse High,36,0.127615829278583
C1,305,EIGCM (MF1),36,0.01522781575404584
C1,305,Jones dcglare,36,0.06319035477705394
C1,305,Raytraverse Balanced,36,0.08736818997814601
C1,305,Raytraverse High,36,0.09511777613331553
C1,306,EIGCM (MF1),36,0.0036786739661414263
C1,306,Jones dcglare,36,0.006259549330861075
C1,306,Raytraverse Balanced,36,0.0067735966239643
C1,306,Raytraverse High,36,0.006667018425328895
C1,307,EIGCM (MF1),36,0.006679300094695549
C1,307,Jones dcglare,36,0.0075990729622007185
C1,307,Raytraverse Balanced,36,0.007546338395898999
C1,307,Raytraverse High,36,0.006253090049601916
C1,308,EIGCM (MF1),36,0.009856464371782725
C1,308,Jones dcglare,36,0.04335732627501082
C1,308,Raytraverse Balanced,36,0.010425277002181753
C1,308,Raytraverse High,36,0.007829183713284614
C1,309,EIGCM (MF1),36,0.012800285795279472
C1,309,Jones dcglare,36,0.014142999934307902
C1,309,Raytraverse Balanced,36,0.09462905604569079
C1,309,Raytraverse High,36,0.09448040481764411
C1,310,EIGCM (MF1),36,0.03679748516337239
C1,310,Jones dcglare,36,0.06728656487729698
C1,310,Raytraverse Balanced,36,0.09021110482442816
C1,310,Raytraverse High,36,0.09525413124582881
C1,311,EIGCM (MF1),36,0.015343053289708456
C1,311,Jones dcglare,36,0.10253873648685484
C1,311,Raytraverse Balanced,36,0.12862049799697897
C1,311,Raytraverse High,36,0.13877757656576117
C1,312,EIGCM (MF1),36,0.02372354301589339
C1,312,Jones dcglare,36,0.11996144148371722
C1,312,Raytraverse Balanced,36,0.12746763403909972
C1,312,Raytraverse High,36,0.13851338459337603
C1,313,EIGCM (MF1),36,0.015001599642538128
C1,313,Jones dcglare,36,0.019865053947811916
C1,313,Raytraverse Balanced,36,0.011726453828447737
C1,313,Raytraverse High,36,0.017508994508559417
C1,314,EIGCM (MF1),36,0.0025796260453579043
C1,314,Jones dcglare,36,0.007009799960910677
C1,314,Raytraverse Balanced,36,0.008229660688543168
C1,314,Raytraverse High,36,0.007248277234311924
C1,315,EIGCM (MF1),36,0.006786933170356766
C1,315,Jones dcglare,36,0.006454914514761859
C1,315,Raytraverse Balanced,36,0.00916563458812682
C1,315,Raytraverse High,36,0.009155433966419432
C1,316,EIGCM (MF1),36,0.009485107954680569
C1,316,Jones dcglare,36,0.040572091026584864
C1,316,Raytraverse Balanced,36,0.012252484989323383
C1,316,Raytraverse High,36,0.010212340116386973
C1,317,EIGCM (MF1),36,0.014110382276595716
C1,317,Jones dcglare,36,0.043407805278523996
C1,317,Raytraverse Balanced,36,0.017344823381665396
C1,317,Raytraverse High,36,0.012217475148326584
C1,318,EIGCM (MF1),36,0.010712526339809443
C1,318,Jones dcglare,36,0.10467014572356682
C1,318,Raytraverse Balanced,36,0.04132483679769739
C1,318,Raytraverse High,36,0.04025100291987604
C1,319,EIGCM (MF1),36,0.008912890606821476
C1,319,Jones dcglare,36,0.08826908559385946
C1,319,Raytraverse Balanced,36,0.049283847434969344
C1,319,Raytraverse High,36,0.05699904869427816
C1,320,EIGCM (MF1),36,0.01324387338255148
C1,320,Jones dcglare,36,0.09590355859341533
C1,320,Raytraverse Balanced,36,0.03247412787808691
C1,320,Raytraverse High,36,0.04424836358102711
C1,321,EIGCM (MF1),36,0.012256630678194831
C1,321,Jones dcglare,36,0.017863262651040736
C1,321,Raytraverse Balanced,36,0.015324959192630105
C1,321,Raytraverse High,36,0.008112918263311434
C1,322,EIGCM (MF1),36,0.009281826410159445
C1,322,Jones dcglare,36,0.00840697995909979
C1,322,Raytraverse Balanced,36,0.0181584041030101
C1,322,Raytraverse High,36,0.008436864997912108
C1,323,EIGCM (MF1),36,0.005312814172566388
C1,323,Jones dcglare,36,0.006333995297247443
C1,323,Raytraverse Balanced,36,0.012383924936101078
C1,323,Raytraverse High,36,0.007526118731440265
C1,324,EIGCM (MF1),36,0.00687119809357226
C1,324,Jones dcglare,36,0.019224419295870744
C1,324,Raytraverse Balanced,36,0.07208779498401358
C1,324,Raytraverse High,36,0.07362285601224072
C1,325,EIGCM (MF1),36,0.01175977901698554
C1,325,Jones dcglare,36,0.046021462931503006
C1,325,Raytraverse Balanced,36,0.10997718244900989
C1,325,Raytraverse High,36,0.10869946076352215
C1,326,EIGCM (MF1),36,0.010104369259027387
C1,326,Jones dcglare,36,0.09137192605208926
C1,326,Raytraverse Balanced,36,0.10704366931210713
C1,326,Raytraverse High,36,0.10624782012149905
C1,327,EIGCM (MF1),36,0.00906024245308099
C1,327,Jones dcglare,36,0.09179515958521199
C1,327,Raytraverse Balanced,36,0.10699393821432616
C1,327,Raytraverse High,36,0.1078254792345284
C1,328,EIGCM (MF1),36,0.009526993265832732
C1,328,Jones dcglare,36,0.09455809351034862
C1,328,Raytraverse Balanced,36,0.017882148641290747
C1,328,Raytraverse High,36,0.020206288812238484
C1,329,EIGCM (MF1),36,0.007856684952566757
C1,329,Jones dcglare,36,0.011655448674324668
C1,329,Raytraverse Balanced,36,0.029813145839723727
C1,329,Raytraverse High,36,0.02270145681277342
C1,330,EIGCM (MF1),36,0.008475571525714357
C1,330,Jones dcglare,36,0.00696233130547061
C1,330,Raytraverse Balanced,36,0.023823291335574783
C1,330,Raytraverse High,36,0.014888377210666158
C1,331,EIGCM (MF1),36,0.005565123444223354
C1,331,Jones dcglare,36,0.00790092740963574
C1,331,Raytraverse Balanced,36,0.01467758748469101
C1,331,Raytraverse High,36,0.010175806598820138
C1,332,EIGCM (MF1),36,0.008744429580373504
C1,332,Jones dcglare,36,0.009672399609423885
C1,332,Raytraverse Balanced,36,0.0711890878262515
C1,332,Raytraverse High,36,0.07325332404240455
C1,333,EIGCM (MF1),36,0.012262044180337777
C1,333,Jones dcglare,36,0.0761710510528075
C1,333,Raytraverse Balanced,36,0.11104903962409939
C1,333,Raytraverse High,36,0.11004608786041432
C1,334,EIGCM (MF1),36,0.00849261094746486
C1,334,Jones dcglare,36,0.10949258504062526
C1,334,Raytraverse Balanced,36,0.10642918364432172
C1,334,Raytraverse High,36,0.10654301632916355
C1,335,EIGCM (MF1),36,0.005812551097792127
C1,335,Jones dcglare,36,0.11347128819997988
C1,335,Raytraverse Balanced,36,0.10514826151554316
C1,335,Raytraverse High,36,0.10544382213048893
C1,336,EIGCM (MF1),36,0.0064640966258935895
C1,336,Jones dcglare,36,0.07086726767594406
C1,336,Raytraverse Balanced,36,0.04115227759650838
C1,336,Raytraverse High,36,0.03776764844887504
C1,337,EIGCM (MF1),36,0.019879282811775565
C1,337,Jones dcglare,36,0.012823437062863432
C1,337,Raytraverse Balanced,36,0.05699440485188338
C1,337,Raytraverse High,36,0.03829892391726586
C1,338,EIGCM (MF1),36,0.008093128892753543
C1,338,Jones dcglare,36,0.008805376254912864
C1,338,Raytraverse Balanced,36,0.0382155596145665
C1,338,Raytraverse High,36,0.030768505415893703
C1,339,EIGCM (MF1),36,0.005915427269296214
C1,339,Jones dcglare,36,0.007186310564274264
C1,339,Raytraverse Balanced,36,0.01935085659726441
C1,339,Raytraverse High,36,0.01402824575102962
C1,340,EIGCM (MF1),36,0.009773972227710469
C1,340,Jones dcglare,36,0.0064119606377560775
C1,340,Raytraverse Balanced,36,0.012256009401467788
C1,340,Raytraverse High,36,0.007392151370455922
C1,341,EIGCM (MF1),36,0.010649412419015316
C1,341,Jones dcglare,36,0.05469466361353943
C1,341,Raytraverse Balanced,36,0.10145418642337453
C1,341,Raytraverse High,36,0.09848451649914867
C1,342,EIGCM (MF1),36,0.008209058384441342
C1,342,Jones dcglare,36,0.08129347962208422
C1,342,Raytraverse Balanced,36,0.08790188617712165
C1,342,Raytraverse High,36,0.08727171143373941
C1,343,EIGCM (MF1),36,0.010187532520452526
C1,343,Jones dcglare,36,0.06328407646186504
C1,343,Raytraverse Balanced,36,0.08110071254469801
C1,343,Raytraverse High,36,0.08429120930170723
C1,344,EIGCM (MF1),36,0.009517129947596847
C1,344,Jones dcglare,36,0.04912782533673933
C1,344,Raytraverse Balanced,36,0.09292461796606333
C1,344,Raytraverse High,36,0.07636678210807706
C1,345,EIGCM (MF1),36,0.010714871829313268
C1,345,Jones dcglare,36,0.11468309919841607
C1,345,Raytraverse Balanced,36,0.012386656633405529
C1,345,Raytraverse High,36,0.012059788892239857
C1,346,EIGCM (MF1),36,0.01029682050977658
C1,346,Jones dcglare,36,0.08373162180334931
C1,346,Raytraverse Balanced,36,0.004789337334645051
C1,346,Raytraverse High,36,0.003728766177359775
C1,347,EIGCM (MF1),36,0.009505196439331369
C1,347,Jones dcglare,36,0.013354272375830594
C1,347,Raytraverse Balanced,36,0.0034357970131179204
C1,347,Raytraverse High,36,0.002979737884062869
C1,348,EIGCM (MF1),36,0.010371384526212281
C1,348,Jones dcglare,36,0.04471772934623981
C1,348,Raytraverse Balanced,36,0.06483988953445877
C1,348,Raytraverse High,36,0.06361009305194769
C1,349,EIGCM (MF1),36,0.011951663732277806
C1,349,Jones dcglare,36,0.023227585121179256
C1,349,Raytraverse Balanced,36,0.10519287406963752
C1,349,Raytraverse High,36,0.10403597563981089
C1,350,EIGCM (MF1),36,0.013857375987738637
C1,350,Jones dcglare,36,0.04677015978574042
C1,350,Raytraverse Balanced,36,0.08870914801441442
C1,350,Raytraverse High,36,0.08822869067488219
C1,351,EIGCM (MF1),36,0.010579656283352923
C1,351,Jones dcglare,36,0.11189848299726585
C1,351,Raytraverse Balanced,36,0.09570618381150511
C1,351,Raytraverse High,36,0.09586930214321163
C1,352,EIGCM (MF1),36,0.019079658075698207
C1,352,Jones dcglare,36,0.11546946760351251
C1,352,Raytraverse Balanced,36,0.009019232171101252
C1,352,Raytraverse High,36,0.009051946500708194
C1,353,EIGCM (MF1),36,0.013922125747418898
C1,353,Jones dcglare,36,0.14888291844187962
C1,353,Raytraverse Balanced,36,0.12160272912010894
C1,353,Raytraverse High,36,0.12199360751249168
C1,354,EIGCM (MF1),36,0.012225287110011866
C1,354,Jones dcglare,36,0.09620430013748481
C1,354,Raytraverse Balanced,36,0.053191004000328654
C1,354,Raytraverse High,36,0.051652477882706826
C1,355,EIGCM (MF1),36,0.012822122774503616
C1,355,Jones dcglare,36,0.017595621463930382
C1,355,Raytraverse Balanced,36,0.019059235782830242
C1,355,Raytraverse High,36,0.0077104806974388936
C1,356,EIGCM (MF1),36,0.02749155168067799
C1,356,Jones dcglare,36,0.01841467221725036
C1,356,Raytraverse Balanced,36,0.037037289315774824
C1,356,Raytraverse High,36,0.033627749068080665
C1,357,EIGCM (MF1),36,0.045517310413881136
C1,357,Jones dcglare,36,0.09819396538695742
C1,357,Raytraverse Balanced,36,0.08171926563354857
C1,357,Raytraverse High,36,0.08181645204912202
C1,358,EIGCM (MF1),36,0.05568502470755839
C1,358,Jones dcglare,36,0.08778266500142375
C1,358,Raytraverse Balanced,36,0.09177547108719804
C1,358,Raytraverse High,36,0.09104777899136904
C1,359,EIGCM (MF1),36,0.0461486216482651
C1,359,Jones dcglare,36,0.16276007562117015
C1,359,Raytraverse Balanced,36,0.1407798730942497
C1,359,Raytraverse High,36,0.1395451827636348
C1,360,EIGCM (MF1),36,0.020704487778431577
C1,360,Jones dcglare,36,0.14415355074864752
C1,360,Raytraverse Balanced,36,0.12304459601425605
C1,360,Raytraverse High,36,0.12408792128099645
C1,361,EIGCM (MF1),36,0.013688567150342812
C1,361,Jones dcglare,36,0.12466511905008078
C1,361,Raytraverse Balanced,36,0.01833944484717609
C1,361,Raytraverse High,36,0.013980222186790637
C1,362,EIGCM (MF1),36,0.009120307008934634
C1,362,Jones dcglare,36,0.08684778688755919
C1,362,Raytraverse Balanced,36,0.014622561596971284
C1,362,Raytraverse High,36,0.006335189925839503
C1,363,EIGCM (MF1),36,0.014384345520642295
C1,363,Jones dcglare,36,0.01740082596342276
C1,363,Raytraverse Balanced,36,0.006875313990652227
C1,363,Raytraverse High,36,0.002293904323553325
C1,364,EIGCM (MF1),36,0.0252158941504659
C1,364,Jones dcglare,36,0.03901136153514711
C1,364,Raytraverse Balanced,36,0.03470766320540893
C1,364,Raytraverse High,36,0.03547155150291165
C1,365,EIGCM (MF1),36,0.040565597339627994
C1,365,Jones dcglare,36,0.07181494840310731
C1,365,Raytraverse Balanced,36,0.038472041959116424
C1,365,Raytraverse High,36,0.03741568770341055
C1,366,EIGCM (MF1),36,0.04197599680895022
C1,366,Jones dcglare,36,0.09261893945624654
C1,366,Raytraverse Balanced,36,0.04061846949459917
C1,366,Raytraverse High,36,0.04014819309347584
C1,367,EIGCM (MF1),36,0.013642010072607005
C1,367,Jones dcglare,36,0.1308447728592275
C1,367,Raytraverse Balanced,36,0.017406403491815093
C1,367,Raytraverse High,36,0.01275854391741113
C1,368,EIGCM (MF1),36,0.012778009014840046
C1,368,Jones dcglare,36,0.10619035921720364
C1,368,Raytraverse Balanced,36,0.00663745893406589
C1,368,Raytraverse High,36,0.0044531959608842845
C1,369,EIGCM (MF1),36,0.011169797587915364
C1,369,Jones dcglare,36,0.10929290636729164
C1,369,Raytraverse Balanced,36,0.13683892734514488
C1,369,Raytraverse High,36,0.13984282131817755
C1,370,EIGCM (MF1),36,0.010314911409082592
C1,370,Jones dcglare,36,0.06287856422214065
C1,370,Raytraverse Balanced,36,0.060606499181918856
C1,370,Raytraverse High,36,0.06861527674244372
C1,371,EIGCM (MF1),36,0.012661338791035839
C1,371,Jones dcglare,36,0.015895879845841263
C1,371,Raytraverse Balanced,36,0.01503942433855294
C1,371,Raytraverse High,36,0.010803853214172921
C1,372,EIGCM (MF1),36,0.02875997314202018
C1,372,Jones dcglare,36,0.0705555300798165
C1,372,Raytraverse Balanced,36,0.039595997670756305
C1,372,Raytraverse High,36,0.038928052430806284
C1,373,EIGCM (MF1),36,0.043992019152992085
C1,373,Jones dcglare,36,0.073336165995654
C1,373,Raytraverse Balanced,36,0.05962762981884239
C1,373,Raytraverse High,36,0.05906488674756801
C1,374,EIGCM (MF1),36,0.045005577730413956
C1,374,Jones dcglare,36,0.08635574969276362
C1,374,Raytraverse Balanced,36,0.07473372104075253
C1,374,Raytraverse High,36,0.075032783622349
C1,375,EIGCM (MF1),36,0.029299052440977795
C1,375,Jones dcglare,36,0.12391579924920923
C1,375,Raytraverse Balanced,36,0.10528182782374008
C1,375,Raytraverse High,36,0.10842556287610781
C1,376,EIGCM (MF1),36,0.012905488102913601
C1,376,Jones dcglare,36,0.09708637917236695
C1,376,Raytraverse Balanced,36,0.13905114293313997
C1,376,Raytraverse High,36,0.13935940367570757
C1,377,EIGCM (MF1),36,0.01128124747327765
C1,377,Jones dcglare,36,0.09671013614871991
C1,377,Raytraverse Balanced,36,0.03542705804948125
C1,377,Raytraverse High,36,0.0360423184410557
C1,378,EIGCM (MF1),36,0.007918351288532932
C1,378,Jones dcglare,36,0.011100764826311522
C1,378,Raytraverse Balanced,36,0.004494078212061709
C1,378,Raytraverse High,36,0.007074814656981991
C1,379,EIGCM (MF1),36,0.009628307311184619
C1,379,Jones dcglare,36,0.014126465070870139
C1,379,Raytraverse Balanced,36,0.006455973433826184
C1,379,Raytraverse High,36,0.009354868792050955
C1,380,EIGCM (MF1),36,0.017893234444748163
C1,380,Jones dcglare,36,0.06992779369936192
C1,380,Raytraverse Balanced,36,0.07731810585229192
C1,380,Raytraverse High,36,0.07863186055319714
C1,381,EIGCM (MF1),36,0.026090018093047687
C1,381,Jones dcglare,36,0.09683142910235397
C1,381,Raytraverse Balanced,36,0.11941496456099093
C1,381,Raytraverse High,36,0.11612133784366516
C1,382,EIGCM (MF1),36,0.025312449383620175
C1,382,Jones dcglare,36,0.12603981094370945
C1,382,Raytraverse Balanced,36,0.11878461418196923
C1,382,Raytraverse High,36,0.1143586542702448
C1,383,EIGCM (MF1),36,0.014174737245810866
C1,383,Jones dcglare,36,0.1446862647443843
C1,383,Raytraverse Balanced,36,0.11706450238826076
C1,383,Raytraverse High,36,0.11389555553579607
C1,384,EIGCM (MF1),36,0.019558744869487978
C1,384,Jones dcglare,36,0.09871929689948548
C1,384,Raytraverse Balanced,36,0.023741435838853204
C1,384,Raytraverse High,36,0.025141086556677513
C1,385,EIGCM (MF1),36,0.01081620744153575
C1,385,Jones dcglare,36,0.09342680319520622
C1,385,Raytraverse Balanced,36,0.032333226722805246
C1,385,Raytraverse High,36,0.03257841266865512
C1,386,EIGCM (MF1),36,0.005418887544300745
C1,386,Jones dcglare,36,0.00749294456397335
C1,386,Raytraverse Balanced,36,0.0034811352845675343
C1,386,Raytraverse High,36,0.002487622578103772
C1,387,EIGCM (MF1),36,0.00883759383396672
C1,387,Jones dcglare,36,0.013207154634789709
C1,387,Raytraverse Balanced,36,0.0027895425604573198
C1,387,Raytraverse High,36,0.004430711390803966
C1,388,EIGCM (MF1),36,0.011387942071794862
C1,388,Jones dcglare,36,0.0222890169970546
C1,388,Raytraverse Balanced,36,0.021410120018167292
C1,388,Raytraverse High,36,0.021515121536392977
C1,389,EIGCM (MF1),36,0.011559892694739381
C1,389,Jones dcglare,36,0.08423369145673111
C1,389,Raytraverse Balanced,36,0.04059012590139446
C1,389,Raytraverse High,36,0.04025799616386314
C1,390,EIGCM (MF1),36,0.010323940202456068
C1,390,Jones dcglare,36,0.1167961156247726
C1,390,Raytraverse Balanced,36,0.043717665619718016
C1,390,Raytraverse High,36,0.04288502454876527
C1,391,EIGCM (MF1),36,0.012256247326148495
C1,391,Jones dcglare,36,0.12772654772382108
C1,391,Raytraverse Balanced,36,0.03516844746591436
C1,391,Raytraverse High,36,0.03475566155120614
C1,392,EIGCM (MF1),36,0.021463752063711972
C1,392,Jones dcglare,36,0.09025573065213756
C1,392,Raytraverse Balanced,36,0.019126882479786354
C1,392,Raytraverse High,36,0.019175414354941803
C1,393,EIGCM (MF1),36,0.012769690086446454
C1,393,Jones dcglare,36,0.014052012361518724
C1,393,Raytraverse Balanced,36,0.01275189333197112
C1,393,Raytraverse High,36,0.007268160479333627
C1,394,EIGCM (MF1),36,0.00684424135183895
C1,394,Jones dcglare,36,0.007697160950321415
C1,394,Raytraverse Balanced,36,0.003083532735819333
C1,394,Raytraverse High,36,0.002044367473860257
C1,395,EIGCM (MF1),36,0.010760355318056802
C1,395,Jones dcglare,36,0.008292781932313854
C1,395,Raytraverse Balanced,36,0.004498475355214502
C1,395,Raytraverse High,36,0.003393432929564096
C1,396,EIGCM (MF1),36,0.006774262006730572
C1,396,Jones dcglare,36,0.04246479109768269
C1,396,Raytraverse Balanced,36,0.01987015590997813
C1,396,Raytraverse High,36,0.017721012027693977
C1,397,EIGCM (MF1),36,0.012761721147156358
C1,397,Jones dcglare,36,0.0853395989911831
C1,397,Raytraverse Balanced,36,0.005399984011474269
C1,397,Raytraverse High,36,0.0050149596714302875
C1,398,EIGCM (MF1),36,0.007329003322492846
C1,398,Jones dcglare,36,0.08223777008327551
C1,398,Raytraverse Balanced,36,0.0041626745324664085
C1,398,Raytraverse High,36,0.006717974207320192
C1,399,EIGCM (MF1),36,0.01706288409920133
C1,399,Jones dcglare,36,0.09516988273827033
C1,399,Raytraverse Balanced,36,0.01989987735585009
C1,399,Raytraverse High,36,0.02136251269921292
C1,400,EIGCM (MF1),36,0.02015416859033138
C1,400,Jones dcglare,36,0.03163772298601317
C1,400,Raytraverse Balanced,36,0.01700695817268871
C1,400,Raytraverse High,36,0.015334890752409815
C1,401,EIGCM (MF1),36,0.012391523573484508
C1,401,Jones dcglare,36,0.012243265118163609
C1,401,Raytraverse Balanced,36,0.01571567497502829
C1,401,Raytraverse High,36,0.01824048901020383
C1,402,EIGCM (MF1),36,0.005527665428601441
C1,402,Jones dcglare,36,0.00850441526680079
C1,402,Raytraverse Balanced,36,0.005426675368529312
C1,402,Raytraverse High,36,0.005434115472128887
C1,403,EIGCM (MF1),36,0.01177464101171336
C1,403,Jones dcglare,36,0.012036304885529078
C1,403,Raytraverse Balanced,36,0.0073835973323212204
C1,403,Raytraverse High,36,0.005232565662367369
C1,404,EIGCM (MF1),36,0.011182314885853858
C1,404,Jones dcglare,36,0.05493151686359371
C1,404,Raytraverse Balanced,36,0.0060994264083771305
C1,404,Raytraverse High,36,0.004893356811189414
C1,405,EIGCM (MF1),36,0.010914318395715581
C1,405,Jones dcglare,36,0.04344939246932249
C1,405,Raytraverse Balanced,36,0.01873358878794162
C1,405,Raytraverse High,36,0.018290116279754534
C1,406,EIGCM (MF1),36,0.00936420981748238
C1,406,Jones dcglare,36,0.04080241182654804
C1,406,Raytraverse Balanced,36,0.037362818084995544
C1,406,Raytraverse High,36,0.03914384815490414
C1,407,EIGCM (MF1),36,0.014664218687572296
C1,407,Jones dcglare,36,0.046867360362354546
C1,407,Raytraverse Balanced,36,0.03923243261439618
C1,407,Raytraverse High,36,0.04071928558172983
C1,408,EIGCM (MF1),36,0.014459002239128093
C1,408,Jones dcglare,36,0.00988628251156299
C1,408,Raytraverse Balanced,36,0.026502729598193695
C1,408,Raytraverse High,36,0.029868016907669163
C1,409,EIGCM (MF1),36,0.010705019777967097
C1,409,Jones dcglare,36,0.007723479439764067
C1,409,Raytraverse Balanced,36,0.009596200103407107
C1,409,Raytraverse High,36,0.0015254035162430462
C1,410,EIGCM (MF1),36,0.007618387579512257
C1,410,Jones dcglare,36,0.008756305600388944
C1,410,Raytraverse Balanced,36,0.014869650680445745
C1,410,Raytraverse High,36,0.0037647835909894382
C1,411,EIGCM (MF1),36,0.006083235844789625
C1,411,Jones dcglare,36,0.011162490195531217
C1,411,Raytraverse Balanced,36,0.0128742563389431
C1,411,Raytraverse High,36,0.003774094204847917
C1,412,EIGCM (MF1),36,0.012363525252352407
C1,412,Jones dcglare,36,0.0547856153666113
C1,412,Raytraverse Balanced,36,0.005923136284854835
C1,412,Raytraverse High,36,0.005987480415347944
C1,413,EIGCM (MF1),36,0.01608410921265838
C1,413,Jones dcglare,36,0.055124249779659996
C1,413,Raytraverse Balanced,36,0.010406977854432708
C1,413,Raytraverse High,36,0.009085791735742466
C1,414,EIGCM (MF1),36,0.012907343293106877
C1,414,Jones dcglare,36,0.044870896176256884
C1,414,Raytraverse Balanced,36,0.009307317909437056
C1,414,Raytraverse High,36,0.009943798218930096
C1,415,EIGCM (MF1),36,0.012564798137543725
C1,415,Jones dcglare,36,0.058317641501169436
C1,415,Raytraverse Balanced,36,0.008834951242334015
C1,415,Raytraverse High,36,0.008909397526641293
C1,416,EIGCM (MF1),36,0.011913453748831841
C1,416,Jones dcglare,36,0.0142955372790056
C1,416,Raytraverse Balanced,36,0.008725140268515431
C1,416,Raytraverse High,36,0.0060636915425513185
C1,417,EIGCM (MF1),36,0.004915272296289053
C1,417,Jones dcglare,36,0.007841584526385418
C1,417,Raytraverse Balanced,36,0.015201972931844518
C1,417,Raytraverse High,36,0.010025050757165078
C1,418,EIGCM (MF1),36,0.008353782254680281
C1,418,Jones dcglare,36,0.00821059042024571
C1,418,Raytraverse Balanced,36,0.014723745679044751
C1,418,Raytraverse High,36,0.004368880073897022
C1,419,EIGCM (MF1),36,0.010479948399284542
C1,419,Jones dcglare,36,0.01043056423413328
C1,419,Raytraverse Balanced,36,0.017935705014781575
C1,419,Raytraverse High,36,0.009171666341583366
C1,420,EIGCM (MF1),36,0.010232413323234157
C1,420,Jones dcglare,36,0.013018616294018156
C1,420,Raytraverse Balanced,36,0.06839235528556449
C1,420,Raytraverse High,36,0.07040253127552722
C1,421,EIGCM (MF1),36,0.011063700108575797
C1,421,Jones dcglare,36,0.03730139455099488
C1,421,Raytraverse Balanced,36,0.10639664917905323
C1,421,Raytraverse High,36,0.10635445013924058
C1,422,EIGCM (MF1),36,0.011005634070228655
C1,422,Jones dcglare,36,0.05229507606740987
C1,422,Raytraverse Balanced,36,0.1045764229362484
C1,422,Raytraverse High,36,0.10492859666367242
C1,423,EIGCM (MF1),36,0.009664616481498087
C1,423,Jones dcglare,36,0.04031375940358535
C1,423,Raytraverse Balanced,36,0.11123988161788616
C1,423,Raytraverse High,36,0.1107410242153418
C1,424,EIGCM (MF1),36,0.006625942479208361
C1,424,Jones dcglare,36,0.014927081877516
C1,424,Raytraverse Balanced,36,0.04363525277337652
C1,424,Raytraverse High,36,0.040604850374648865
C1,425,EIGCM (MF1),36,0.0031025058635901254
C1,425,Jones dcglare,36,0.002697662997554034
C1,425,Raytraverse Balanced,36,0.01025959628603238
C1,425,Raytraverse High,36,0.0021733862124887317
C1,426,EIGCM (MF1),36,0.0054981489388348775
C1,426,Jones dcglare,36,0.007497582325718588
C1,426,Raytraverse Balanced,36,0.011068662496202086
C1,426,Raytraverse High,36,0.00447016749542453
C1,427,EIGCM (MF1),36,0.0102841536252382
C1,427,Jones dcglare,36,0.011534002393401147
C1,427,Raytraverse Balanced,36,0.01781472221923922
C1,427,Raytraverse High,36,0.006526551227801874
C1,428,EIGCM (MF1),36,0.010680649502085015
C1,428,Jones dcglare,36,0.007054105474588304
C1,428,Raytraverse Balanced,36,0.015203722725951956
C1,428,Raytraverse High,36,0.005801616158772778
C1,429,EIGCM (MF1),36,0.01289587708350144
C1,429,Jones dcglare,36,0.05080828687962042
C1,429,Raytraverse Balanced,36,0.009818585849819044
C1,429,Raytraverse High,36,0.004616122679164538
C1,430,EIGCM (MF1),36,0.008317785342064718
C1,430,Jones dcglare,36,0.08262683569367589
C1,430,Raytraverse Balanced,36,0.010210112617990966
C1,430,Raytraverse High,36,0.004757239253727478
C1,431,EIGCM (MF1),36,0.006198531365125487
C1,431,Jones dcglare,36,0.06565793557688777
C1,431,Raytraverse Balanced,36,0.009570690714680682
C1,431,Raytraverse High,36,0.0025593977450917124
C1,432,EIGCM (MF1),36,0.00462062399540846
C1,432,Jones dcglare,36,0.014562763404666817
C1,432,Raytraverse Balanced,36,0.011769158523135793
C1,432,Raytraverse High,36,0.0024914330165399907
C1,433,EIGCM (MF1),36,0.01032687685210834
C1,433,Jones dcglare,36,0.09435524891379525
C1,433,Raytraverse Balanced,36,0.007931480357822034
C1,433,Raytraverse High,36,0.005928437482130091
C1,434,EIGCM (MF1),36,0.011119760808328761
C1,434,Jones dcglare,36,0.07999573016525953
C1,434,Raytraverse Balanced,36,0.00542636055885065
C1,434,Raytraverse High,36,0.003284367556064297
C1,435,EIGCM (MF1),36,0.009476603752839584
C1,435,Jones dcglare,36,0.015203510249125765
C1,435,Raytraverse Balanced,36,0.005645879168316286
C1,435,Raytraverse High,36,0.003380113445732586
C1,436,EIGCM (MF1),36,0.009720443708751157
C1,436,Jones dcglare,36,0.01365879762674114
C1,436,Raytraverse Balanced,36,0.0069463636312294096
C1,436,Raytraverse High,36,0.0039954859012105454
C1,437,EIGCM (MF1),36,0.01087952543212861
C1,437,Jones dcglare,36,0.014553479862455483
C1,437,Raytraverse Balanced,36,0.012831589114659243
C1,437,Raytraverse High,36,0.06342942371560853
C1,438,EIGCM (MF1),36,0.019375508018157014
C1,438,Jones dcglare,36,0.03642724621426531
C1,438,Raytraverse Balanced,36,0.01572256814910921
C1,438,Raytraverse High,36,0.07766927137024339
C1,439,EIGCM (MF1),36,0.04699216878275216
C1,439,Jones dcglare,36,0.09588540341249036
C1,439,Raytraverse Balanced,36,0.04105819658795316
C1,439,Raytraverse High,36,0.0362160919268527
C1,440,EIGCM (MF1),36,0.01666575566291884
C1,440,Jones dcglare,36,0.10549456467161229
C1,440,Raytraverse Balanced,36,0.01441292310620336
C1,440,Raytraverse High,36,0.05275578204703284
C1,441,EIGCM (MF1),36,0.01286130584228868
C1,441,Jones dcglare,36,0.08336352643357262
C1,441,Raytraverse Balanced,36,0.06773757104896148
C1,441,Raytraverse High,36,0.06730189712011538
C1,442,EIGCM (MF1),36,0.01913014982399801
C1,442,Jones dcglare,36,0.06499690502803872
C1,442,Raytraverse Balanced,36,0.07188811480208147
C1,442,Raytraverse High,36,0.07023571207481176
C1,443,EIGCM (MF1),36,0.02107559831975252
C1,443,Jones dcglare,36,0.021437337444689997
C1,443,Raytraverse Balanced,36,0.05284760039158581
C1,443,Raytraverse High,36,0.04753785516553691
C1,444,EIGCM (MF1),36,0.013576364400985022
C1,444,Jones dcglare,36,0.025427329814456362
C1,444,Raytraverse Balanced,36,0.03414309454803696
C1,444,Raytraverse High,36,0.03066766468077013
C1,445,EIGCM (MF1),36,0.05166697211054874
C1,445,Jones dcglare,36,0.07573632110247104
C1,445,Raytraverse Balanced,36,0.1575335480155068
C1,445,Raytraverse High,36,0.1672929717090354
C1,446,EIGCM (MF1),36,0.06048395402364534
C1,446,Jones dcglare,36,0.09844126106685017
C1,446,Raytraverse Balanced,36,0.16166725340291416
C1,446,Raytraverse High,36,0.17650470594669188
C1,447,EIGCM (MF1),36,0.04456210454193862
C1,447,Jones dcglare,36,0.10243631661812613
C1,447,Raytraverse Balanced,36,0.15160278189469692
C1,447,Raytraverse High,36,0.1683174755833756
C1,448,EIGCM (MF1),36,0.01884059851906693
C1,448,Jones dcglare,36,0.11163932503126031
C1,448,Raytraverse Balanced,36,0.11207424850511868
C1,448,Raytraverse High,36,0.12434428199997322
C1,449,EIGCM (MF1),36,0.011720475043166981
C1,449,Jones dcglare,36,0.08344290216015084
C1,449,Raytraverse Balanced,36,0.09354810801884439
C1,449,Raytraverse High,36,0.09394632728586633
C1,450,EIGCM (MF1),36,0.01643473626729542
C1,450,Jones dcglare,36,0.02228577668683529
C1,450,Raytraverse Balanced,36,0.00531788175524386
C1,450,Raytraverse High,36,0.004133547013943759
C1,451,EIGCM (MF1),36,0.019356345458861224
C1,451,Jones dcglare,36,0.024537460287344773
C1,451,Raytraverse Balanced,36,0.008017047364620037
C1,451,Raytraverse High,36,0.004752688858561189
C1,452,EIGCM (MF1),36,0.015505491031593717
C1,452,Jones dcglare,36,0.04214745187573994
C1,452,Raytraverse Balanced,36,0.014566247693680987
C1,452,Raytraverse High,36,0.019969390894009505
C1,453,EIGCM (MF1),36,0.02990048762520437
C1,453,Jones dcglare,36,0.08319994258751928
C1,453,Raytraverse Balanced,36,0.0680144703522549
C1,453,Raytraverse High,36,0.06538850362630026
C1,454,EIGCM (MF1),36,0.022911794802871484
C1,454,Jones dcglare,36,0.11082186097579673
C1,454,Raytraverse Balanced,36,0.09355550546201923
C1,454,Raytraverse High,36,0.0918669572516547
C1,455,EIGCM (MF1),36,0.015376411750127033
C1,455,Jones dcglare,36,0.11382327777765792
C1,455,Raytraverse Balanced,36,0.11067499898256986
C1,455,Raytraverse High,36,0.1112406985742104
C1,456,EIGCM (MF1),36,0.01668594110938407
C1,456,Jones dcglare,36,0.09136685308460135
C1,456,Raytraverse Balanced,36,0.10319282213588259
C1,456,Raytraverse High,36,0.1041773337242615
C1,457,EIGCM (MF1),36,0.010466666707683116
C1,457,Jones dcglare,36,0.0834363576347244
C1,457,Raytraverse Balanced,36,0.09218443991232311
C1,457,Raytraverse High,36,0.09242153279678687
C1,458,EIGCM (MF1),36,0.015159613882744139
C1,458,Jones dcglare,36,0.01971448326804257
C1,458,Raytraverse Balanced,36,0.015345595841532007
C1,458,Raytraverse High,36,0.012314309329950483
C1,459,EIGCM (MF1),36,0.01939232591701332
C1,459,Jones dcglare,36,0.025665861359962135
C1,459,Raytraverse Balanced,36,0.026524484133153177
C1,459,Raytraverse High,36,0.019689101142444338
C1,460,EIGCM (MF1),36,0.028622786493519653
C1,460,Jones dcglare,36,0.06616699194310643
C1,460,Raytraverse Balanced,36,0.03262277150562165
C1,460,Raytraverse High,36,0.028900803010176754
C1,461,EIGCM (MF1),36,0.042686599012235545
C1,461,Jones dcglare,36,0.057868456424298886
C1,461,Raytraverse Balanced,36,0.041791057294413875
C1,461,Raytraverse High,36,0.04603268698139055
C1,462,EIGCM (MF1),36,0.04302442757526111
C1,462,Jones dcglare,36,0.07549053754837357
C1,462,Raytraverse Balanced,36,0.06282638715635792
C1,462,Raytraverse High,36,0.06890751006005252
C1,463,EIGCM (MF1),36,0.026926156543013877
C1,463,Jones dcglare,36,0.10567321906098849
C1,463,Raytraverse Balanced,36,0.09249140989033433
C1,463,Raytraverse High,36,0.09508657333236441
C1,464,EIGCM (MF1),36,0.016967066421354832
C1,464,Jones dcglare,36,0.08805377924396002
C1,464,Raytraverse Balanced,36,0.09710979126343491
C1,464,Raytraverse High,36,0.09782194318944178
C1,465,EIGCM (MF1),36,0.008998745273478104
C1,465,Jones dcglare,36,0.08883666077416522
C1,465,Raytraverse Balanced,36,0.09856097939908127
C1,465,Raytraverse High,36,0.09969032430626397
C1,466,EIGCM (MF1),36,0.010705999650066425
C1,466,Jones dcglare,36,0.013502016055758946
C1,466,Raytraverse Balanced,36,0.008172633423510654
C1,466,Raytraverse High,36,0.01613079870091528
C1,467,EIGCM (MF1),36,0.016599485564108774
C1,467,Jones dcglare,36,0.01932415478657447
C1,467,Raytraverse Balanced,36,0.011828885484812052
C1,467,Raytraverse High,36,0.022982025609012
C1,468,EIGCM (MF1),36,0.018376700831140014
C1,468,Jones dcglare,36,0.0723578473607298
C1,468,Raytraverse Balanced,36,0.08075660792351465
C1,468,Raytraverse High,36,0.0854898591731115
C1,469,EIGCM (MF1),36,0.03468669268534003
C1,469,Jones dcglare,36,0.07861114278673267
C1,469,Raytraverse Balanced,36,0.11917108627937521
C1,469,Raytraverse High,36,0.11323720366404383
C1,470,EIGCM (MF1),36,0.03626725597152188
C1,470,Jones dcglare,36,0.09356196224773289
C1,470,Raytraverse Balanced,36,0.12907139651398136
C1,470,Raytraverse High,36,0.12190095111816832
C1,471,EIGCM (MF1),36,0.023435095462041543
C1,471,Jones dcglare,36,0.12147936473828161
C1,471,Raytraverse Balanced,36,0.14770324226279916
C1,471,Raytraverse High,36,0.14665473092495532
C1,472,EIGCM (MF1),36,0.020783912318178263
C1,472,Jones dcglare,36,0.08912847536454713
C1,472,Raytraverse Balanced,36,0.10019461862293404
C1,472,Raytraverse High,36,0.10164491928943244
C1,473,EIGCM (MF1),36,0.0076109430036808015
C1,473,Jones dcglare,36,0.011401174393399372
C1,473,Raytraverse Balanced,36,0.009524209985873427
C1,473,Raytraverse High,36,0.003801398262703254
C1,474,EIGCM (MF1),36,0.007775349031465479
C1,474,Jones dcglare,36,0.012996865319603026
C1,474,Raytraverse Balanced,36,0.0044212941127853055
C1,474,Raytraverse High,36,0.005838106251633411
C1,475,EIGCM (MF1),36,0.01758530560396947
C1,475,Jones dcglare,36,0.015477967794841209
C1,475,Raytraverse Balanced,36,0.004634200669181435
C1,475,Raytraverse High,36,0.010236980520384716
C1,476,EIGCM (MF1),36,0.013811539180609086
C1,476,Jones dcglare,36,0.033933515460375645
C1,476,Raytraverse Balanced,36,0.030702517644867137
C1,476,Raytraverse High,36,0.02805290239424717
C1,477,EIGCM (MF1),36,0.01424223943767272
C1,477,Jones dcglare,36,0.06658978372837733
C1,477,Raytraverse Balanced,36,0.04771113619982192
C1,477,Raytraverse High,36,0.03407005063116228
C1,478,EIGCM (MF1),36,0.012842595554226737
C1,478,Jones dcglare,36,0.07993545062229691
C1,478,Raytraverse Balanced,36,0.0492726263423771
C1,478,Raytraverse High,36,0.033838258815494265
C1,479,EIGCM (MF1),36,0.014412601232447794
C1,479,Jones dcglare,36,0.0625811467229695
C1,479,Raytraverse Balanced,36,0.03703928771978074
C1,479,Raytraverse High,36,0.0307077607685626
C1,480,EIGCM (MF1),36,0.021259785064294517
C1,480,Jones dcglare,36,0.022329367525573685
C1,480,Raytraverse Balanced,36,0.012590582349151112
C1,480,Raytraverse High,36,0.005019274946533616
C1,481,EIGCM (MF1),36,0.006343755030649348
C1,481,Jones dcglare,36,0.0030606895426684563
C1,481,Raytraverse Balanced,36,0.003954967695776196
C1,481,Raytraverse High,36,0.0028171718548779816
C1,482,EIGCM (MF1),36,0.011344440551751421
C1,482,Jones dcglare,36,0.01567306030558035
C1,482,Raytraverse Balanced,36,0.007053982334332107
C1,482,Raytraverse High,36,0.0016331556092772947
C1,483,EIGCM (MF1),36,0.012279543657497572
C1,483,Jones dcglare,36,0.019861659760600604
C1,483,Raytraverse Balanced,36,0.008147371735816094
C1,483,Raytraverse High,36,0.0043976217272110735
C1,484,EIGCM (MF1),36,0.013436670705872627
C1,484,Jones dcglare,36,0.035743625759908845
C1,484,Raytraverse Balanced,36,0.03181760196102051
C1,484,Raytraverse High,36,0.007877767665306757
C1,485,EIGCM (MF1),36,0.013257282394143068
C1,485,Jones dcglare,36,0.07279373538885947
C1,485,Raytraverse Balanced,36,0.04757984070872861
C1,485,Raytraverse High,36,0.007117355513031159
C1,486,EIGCM (MF1),36,0.012893541287415104
C1,486,Jones dcglare,36,0.08992781453842599
C1,486,Raytraverse Balanced,36,0.049372369174094696
C1,486,Raytraverse High,36,0.007552248378174832
C1,487,EIGCM (MF1),36,0.01876541926185859
C1,487,Jones dcglare,36,0.07133298982006431
C1,487,Raytraverse Balanced,36,0.03630133292248953
C1,487,Raytraverse High,36,0.008500817121714925
C1,488,EIGCM (MF1),36,0.02214295669331948
C1,488,Jones dcglare,36,0.01461681243727046
C1,488,Raytraverse Balanced,36,0.0037605682464415435
C1,488,Raytraverse High,36,0.005405956733622128
C1,489,EIGCM (MF1),36,0.005741057416345682
C1,489,Jones dcglare,36,0.004862561730089452
C1,489,Raytraverse Balanced,36,0.013595265943772685
C1,489,Raytraverse High,36,0.014618515567462244
C1,490,EIGCM (MF1),36,0.011556887882893807
C1,490,Jones dcglare,36,0.01299253607771967
C1,490,Raytraverse Balanced,36,0.00673914007326334
C1,490,Raytraverse High,36,0.00454686617897854
C1,491,EIGCM (MF1),36,0.012187632301344582
C1,491,Jones dcglare,36,0.024237584168659593
C1,491,Raytraverse Balanced,36,0.01272135978122109
C1,491,Raytraverse High,36,0.004118349784949264
C1,492,EIGCM (MF1),36,0.1189579293740777
C1,492,Jones dcglare,36,0.1118396169616391
C1,492,Raytraverse Balanced,36,0.1110799171202774
C1,492,Raytraverse High,36,0.1216234898515781
C1,493,EIGCM (MF1),36,0.012913580301039247
C1,493,Jones dcglare,36,0.05571036666836242
C1,493,Raytraverse Balanced,36,0.015327058823789746
C1,493,Raytraverse High,36,0.04223682495027667
C1,494,EIGCM (MF1),36,0.01294281163053883
C1,494,Jones dcglare,36,0.06961763855890969
C1,494,Raytraverse Balanced,36,0.019246751589435455
C1,494,Raytraverse High,36,0.044559900917872555
C1,495,EIGCM (MF1),36,0.015923237645838025
C1,495,Jones dcglare,36,0.05410447205530187
C1,495,Raytraverse Balanced,36,0.018098656391507272
C1,495,Raytraverse High,36,0.03406611781879027
C1,496,EIGCM (MF1),36,0.014662626543102712
C1,496,Jones dcglare,36,0.016135284483153593
C1,496,Raytraverse Balanced,36,0.018604492025659718
C1,496,Raytraverse High,36,0.020519062118676646
C1,497,EIGCM (MF1),36,0.008258564509613308
C1,497,Jones dcglare,36,0.0077932112888861324
C1,497,Raytraverse Balanced,36,0.011232483768905973
C1,497,Raytraverse High,36,0.0035247039146907265
C1,498,EIGCM (MF1),36,0.007177044183715192
C1,498,Jones dcglare,36,0.008055024424741923
C1,498,Raytraverse Balanced,36,0.014720478188876883
C1,498,Raytraverse High,36,0.007036777338892825
C1,499,EIGCM (MF1),36,0.009097507849985928
C1,499,Jones dcglare,36,0.014832210651237406
C1,499,Raytraverse Balanced,36,0.011232048371101503
C1,499,Raytraverse High,36,0.0055369680933228275
C1,500,EIGCM (MF1),36,0.009888073449615951
C1,500,Jones dcglare,36,0.017313989691688136
C1,500,Raytraverse Balanced,36,0.007025886110042165
C1,500,Raytraverse High,36,0.0025359700938201194
C1,501,EIGCM (MF1),36,0.010920197908373983
C1,501,Jones dcglare,36,0.04852412963074129
C1,501,Raytraverse Balanced,36,0.01224361862468488
C1,501,Raytraverse High,36,0.0048727476287483045
C1,502,EIGCM (MF1),36,0.01025578018337573
C1,502,Jones dcglare,36,0.05966703382507984
C1,502,Raytraverse Balanced,36,0.015019332463354332
C1,502,Raytraverse High,36,0.006890665685261402
C1,503,EIGCM (MF1),36,0.011770722994928278
C1,503,Jones dcglare,36,0.04288082340697775
C1,503,Raytraverse Balanced,36,0.012176158192220588
C1,503,Raytraverse High,36,0.006547843128740941
C1,504,EIGCM (MF1),36,0.010272798491309734
C1,504,Jones dcglare,36,0.01330566860719698
C1,504,Raytraverse Balanced,36,0.007962876312848059
C1,504,Raytraverse High,36,0.004672785549141911
C1,505,EIGCM (MF1),36,0.009147931893041297
C1,505,Jones dcglare,36,0.005874452126328229
C1,505,Raytraverse Balanced,36,0.011902833549891129
C1,505,Raytraverse High,36,0.007395682511441123
C1,506,EIGCM (MF1),36,0.006272527713923985
C1,506,Jones dcglare,36,0.00545856097231119
C1,506,Raytraverse Balanced,36,0.015671487706714827
C1,506,Raytraverse High,36,0.009066157223561489
C1,507,EIGCM (MF1),36,0.008513016869623831
C1,507,Jones dcglare,36,0.006532133803492803
C1,507,Raytraverse Balanced,36,0.018400931051609483
C1,507,Raytraverse High,36,0.013124534843800387
C1,508,EIGCM (MF1),36,0.007199959797225718
C1,508,Jones dcglare,36,0.006995431708726253
C1,508,Raytraverse Balanced,36,0.01400558549673784
C1,508,Raytraverse High,36,0.00904710603139694
C1,509,EIGCM (MF1),36,0.017151626228784966
C1,509,Jones dcglare,36,0.03973292750971014
C1,509,Raytraverse Balanced,36,0.0246581338825107
C1,509,Raytraverse High,36,0.011815192783825451
C1,510,EIGCM (MF1),36,0.018734332605821743
C1,510,Jones dcglare,36,0.04884343381522032
C1,510,Raytraverse Balanced,36,0.03053441702924837
C1,510,Raytraverse High,36,0.017220620210669765
C1,511,EIGCM (MF1),36,0.013712530020224411
C1,511,Jones dcglare,36,0.03209826551943354
C1,511,Raytraverse Balanced,36,0.02657784049145965
C1,511,Raytraverse High,36,0.020510871766836438
C1,512,EIGCM (MF1),36,0.0076615428314080495
C1,512,Jones dcglare,36,0.0134767343988529
C1,512,Raytraverse Balanced,36,0.021801019140479928
C1,512,Raytraverse High,36,0.020591620666431693
C1,513,EIGCM (MF1),36,0.005958085218447096
C1,513,Jones dcglare,36,0.006925950071503226
C1,513,Raytraverse Balanced,36,0.008039930396043206
C1,513,Raytraverse High,36,0.004756682381937076
C1,514,EIGCM (MF1),36,0.007896202886971822
C1,514,Jones dcglare,36,0.00847967367079866
C1,514,Raytraverse Balanced,36,0.011718283141264767
C1,514,Raytraverse High,36,0.008904920264801025
C1,515,EIGCM (MF1),36,0.008529738920275073
C1,515,Jones dcglare,36,0.010307890960443438
C1,515,Raytraverse Balanced,36,0.01650952924684189
C1,515,Raytraverse High,36,0.010959802968913895
C1,516,EIGCM (MF1),36,0.006549297039059485
C1,516,Jones dcglare,36,0.010574598560993806
C1,516,Raytraverse Balanced,36,0.015622813892028402
C1,516,Raytraverse High,36,0.008217018493325129
C1,517,EIGCM (MF1),36,0.014404001457108677
C1,517,Jones dcglare,36,0.026986223607096838
C1,517,Raytraverse Balanced,36,0.015588949689429225
C1,517,Raytraverse High,36,0.006264792406200172
C1,518,EIGCM (MF1),36,0.013857061777203066
C1,518,Jones dcglare,36,0.045077153134547195
C1,518,Raytraverse Balanced,36,0.014310793464193287
C1,518,Raytraverse High,36,0.005181831056752522
C1,519,EIGCM (MF1),36,0.00990736317334795
C1,519,Jones dcglare,36,0.030513445905780576
C1,519,Raytraverse Balanced,36,0.009088869919749682
C1,519,Raytraverse High,36,0.0031176122061853054
C1,520,EIGCM (MF1),36,0.0050657123470500744
C1,520,Jones dcglare,36,0.00823378358462408
C1,520,Raytraverse Balanced,36,0.006047329079215928
C1,520,Raytraverse High,36,0.0020785890397040465
C2,1,EIGCM (MF1),36,0.00917705625662293
C2,1,Jones dcglare,36,0.013975337400679973
C2,1,Raytraverse Balanced,36,0.040616394246065744
C2,2,EIGCM (MF1),36,0.012935028481940457
C2,2,Jones dcglare,36,0.01829863768657056
C2,2,Raytraverse Balanced,36,0.036822645104877524
C2,3,EIGCM (MF1),36,0.01057189685856117
C2,3,Jones dcglare,36,0.00860935486085581
C2,3,Raytraverse Balanced,36,0.03194042659767364
C2,4,EIGCM (MF1),36,0.01674423811722673
C2,4,Jones dcglare,36,0.02020288515881663
C2,4,Raytraverse Balanced,36,0.03206740767278636
C2,5,EIGCM (MF1),36,0.018973571546034757
C2,5,Jones dcglare,36,0.027483750180690554
C2,5,Raytraverse Balanced,36,0.03154458367017109
C2,6,EIGCM (MF1),36,0.011482459410734563
C2,6,Jones dcglare,36,0.029600004590466193
C2,6,Raytraverse Balanced,36,0.036811624244919225
C2,7,EIGCM (MF1),36,0.011272817377915485
C2,7,Jones dcglare,36,0.022019859892418267
C2,7,Raytraverse Balanced,36,0.03922864630259901
C2,8,EIGCM (MF1),36,0.013538824612223752
C2,8,Jones dcglare,36,0.012370969781710059
C2,8,Raytraverse Balanced,36,0.04011710087853479
C2,9,EIGCM (MF1),36,0.009429623420620897
C2,9,Jones dcglare,36,0.011932320274282484
C2,9,Raytraverse Balanced,36,0.05742135641410061
C2,10,EIGCM (MF1),36,0.01444456159035296
C2,10,Jones dcglare,36,0.020678765844039285
C2,10,Raytraverse Balanced,36,0.024369970087685107
C2,11,EIGCM (MF1),36,0.008635387436749886
C2,11,Jones dcglare,36,0.006360999260507346
C2,11,Raytraverse Balanced,36,0.02996570941373086
C2,12,EIGCM (MF1),36,0.015764944719358975
C2,12,Jones dcglare,36,0.008108604241656906
C2,12,Raytraverse Balanced,36,0.06286360775343049
C2,13,EIGCM (MF1),36,0.022197786049789347
C2,13,Jones dcglare,36,0.0174805737347391
C2,13,Raytraverse Balanced,36,0.09984854274360418
C2,14,EIGCM (MF1),36,0.010270686079796336
C2,14,Jones dcglare,36,0.007255901260434873
C2,14,Raytraverse Balanced,36,0.22740298420598126
C2,15,EIGCM (MF1),36,0.006901426443798891
C2,15,Jones dcglare,36,0.007470782671421268
C2,15,Raytraverse Balanced,36,0.2363776325027231
C2,16,EIGCM (MF1),36,0.012665519874106575
C2,16,Jones dcglare,36,0.010649628864777525
C2,16,Raytraverse Balanced,36,0.1390711346712839
C2,17,EIGCM (MF1),36,0.013050562496668269
C2,17,Jones dcglare,36,0.018880820100751716
C2,17,Raytraverse Balanced,36,0.04333899762295261
C2,18,EIGCM (MF1),36,0.013152279351873667
C2,18,Jones dcglare,36,0.016020302193039654
C2,18,Raytraverse Balanced,36,0.038548086353290795
C2,19,EIGCM (MF1),36,0.00727436575748093
C2,19,Jones dcglare,36,0.007050831491216521
C2,19,Raytraverse Balanced,36,0.028194881090091863
C2,20,EIGCM (MF1),36,0.011742893345551614
C2,20,Jones dcglare,36,0.01813270179759762
C2,20,Raytraverse Balanced,36,0.033209615750610426
C2,21,EIGCM (MF1),36,0.006734211174851886
C2,21,Jones dcglare,36,0.01094518574233554
C2,21,Raytraverse Balanced,36,0.027974736263711397
C2,22,EIGCM (MF1),36,0.009302402528304757
C2,22,Jones dcglare,36,0.0057965428453111345
C2,22,Raytraverse Balanced,36,0.022651877880890892
C2,23,EIGCM (MF1),36,0.006092545543667825
C2,23,Jones dcglare,36,0.006229078782819509
C2,23,Raytraverse Balanced,36,0.016900315992654867
C2,24,EIGCM (MF1),36,0.007336190506167206
C2,24,Jones dcglare,36,0.0077774719926102034
C2,24,Raytraverse Balanced,36,0.02381389100935937
C2,25,EIGCM (MF1),36,0.01689935103197588
C2,25,Jones dcglare,36,0.024714365495162195
C2,25,Raytraverse Balanced,36,0.17280378309204958
C2,26,EIGCM (MF1),36,0.005791337257250887
C2,26,Jones dcglare,36,0.005283514088869047
C2,26,Raytraverse Balanced,36,0.020696128074773563
C2,27,EIGCM (MF1),36,0.008155594060333336
C2,27,Jones dcglare,36,0.004736333935716178
C2,27,Raytraverse Balanced,36,0.019052891267220592
C2,28,EIGCM (MF1),36,0.016538675948775686
C2,28,Jones dcglare,36,0.018694878441652085
C2,28,Raytraverse Balanced,36,0.03150183049569518
C2,29,EIGCM (MF1),36,0.01029471227812826
C2,29,Jones dcglare,36,0.011706222446708147
C2,29,Raytraverse Balanced,36,0.029120078313032854
C2,30,EIGCM (MF1),36,0.010628919838882447
C2,30,Jones dcglare,36,0.008864204489194326
C2,30,Raytraverse Balanced,36,0.016770689736393264
C2,31,EIGCM (MF1),36,0.01627401158134411
C2,31,Jones dcglare,36,0.01143930224598001
C2,31,Raytraverse Balanced,36,0.09592380700824968
C2,32,EIGCM (MF1),36,0.015359068734156885
C2,32,Jones dcglare,36,0.012099328365433948
C2,32,Raytraverse Balanced,36,0.14950374544834033
C2,33,EIGCM (MF1),36,0.012782871119001398
C2,33,Jones dcglare,36,0.005266598778423738
C2,33,Raytraverse Balanced,36,0.0425854196684275
C2,34,EIGCM (MF1),36,0.007828222796288654
C2,34,Jones dcglare,36,0.004473216337637337
C2,34,Raytraverse Balanced,36,0.020802021312204586
C2,35,EIGCM (MF1),36,0.00760358120765399
C2,35,Jones dcglare,36,0.0062539586658733855
C2,35,Raytraverse Balanced,36,0.029420974847493158
C2,36,EIGCM (MF1),36,0.01158327905388961
C2,36,Jones dcglare,36,0.010602291243185095
C2,36,Raytraverse Balanced,36,0.07938489492802157
C2,37,EIGCM (MF1),36,0.01357210092383146
C2,37,Jones dcglare,36,0.01791860729566955
C2,37,Raytraverse Balanced,36,0.17386919427540262
C2,38,EIGCM (MF1),36,0.014308616478774835
C2,38,Jones dcglare,36,0.012111521625848899
C2,38,Raytraverse Balanced,36,0.19174808333975718
C2,39,EIGCM (MF1),36,0.01311449694400987
C2,39,Jones dcglare,36,0.015403913540772323
C2,39,Raytraverse Balanced,36,0.13218747246376322
C2,40,EIGCM (MF1),36,0.00915773627304623
C2,40,Jones dcglare,36,0.005536147990017268
C2,40,Raytraverse Balanced,36,0.04514550207957692
C2,41,EIGCM (MF1),36,0.013988309506175344
C2,41,Jones dcglare,36,0.01613761561737307
C2,41,Raytraverse Balanced,36,0.03323953098286875
C2,42,EIGCM (MF1),36,0.012422189357836422
C2,42,Jones dcglare,36,0.009826570991912415
C2,42,Raytraverse Balanced,36,0.03220207897112208
C2,43,EIGCM (MF1),36,0.00742413482856944
C2,43,Jones dcglare,36,0.006934088843499111
C2,43,Raytraverse Balanced,36,0.027682827755169465
C2,44,EIGCM (MF1),36,0.009914683407353743
C2,44,Jones dcglare,36,0.014180021911712234
C2,44,Raytraverse Balanced,36,0.03232263990343168
C2,45,EIGCM (MF1),36,0.017664210832947884
C2,45,Jones dcglare,36,0.02612443570027633
C2,45,Raytraverse Balanced,36,0.03714374095891868
C2,46,EIGCM (MF1),36,0.012653049959902076
C2,46,Jones dcglare,36,0.013226858332554192
C2,46,Raytraverse Balanced,36,0.034284936825787524
C2,47,EIGCM (MF1),36,0.012728928450678792
C2,47,Jones dcglare,36,0.008666771868636016
C2,47,Raytraverse Balanced,36,0.03295910288518097
C2,48,EIGCM (MF1),36,0.01366771358545996
C2,48,Jones dcglare,36,0.01844667917222298
C2,48,Raytraverse Balanced,36,0.03262285929905551
C2,49,EIGCM (MF1),36,0.012805021882101997
C2,49,Jones dcglare,36,0.010802007882868865
C2,49,Raytraverse Balanced,36,0.04383240758792403
C2,50,EIGCM (MF1),36,0.014113163793453024
C2,50,Jones dcglare,36,0.015949172022682548
C2,50,Raytraverse Balanced,36,0.035198050873181286
C2,51,EIGCM (MF1),36,0.008616936425097192
C2,51,Jones dcglare,36,0.006640133548755916
C2,51,Raytraverse Balanced,36,0.028149241310009388
C2,52,EIGCM (MF1),36,0.0132122510275922
C2,52,Jones dcglare,36,0.017447720260749283
C2,52,Raytraverse Balanced,36,0.027694857143386403
C2,53,EIGCM (MF1),36,0.08503014343325711
C2,53,Jones dcglare,36,0.09431633829851817
C2,53,Raytraverse Balanced,36,0.09894973489630049
C2,54,EIGCM (MF1),36,0.021069762965496844
C2,54,Jones dcglare,36,0.018686245897608464
C2,54,Raytraverse Balanced,36,0.026555309355786396
C2,55,EIGCM (MF1),36,0.011084949705368791
C2,55,Jones dcglare,36,0.007489525828610219
C2,55,Raytraverse Balanced,36,0.020675081920650807
C2,56,EIGCM (MF1),36,0.009706021388450347
C2,56,Jones dcglare,36,0.010373556834244062
C2,56,Raytraverse Balanced,36,0.024650534658575907
C2,57,EIGCM (MF1),36,0.012355232231191235
C2,57,Jones dcglare,36,0.01433811847596643
C2,57,Raytraverse Balanced,36,0.03178195728454345
C2,58,EIGCM (MF1),36,0.017894687232170955
C2,58,Jones dcglare,36,0.015031971257820138
C2,58,Raytraverse Balanced,36,0.02774764022304825
C2,59,EIGCM (MF1),36,0.01374734196992479
C2,59,Jones dcglare,36,0.009188624789620172
C2,59,Raytraverse Balanced,36,0.028685131147875298
C2,60,EIGCM (MF1),36,0.01594979888949317
C2,60,Jones dcglare,36,0.01756515183233299
C2,60,Raytraverse Balanced,36,0.03546215552258684
C2,61,EIGCM (MF1),36,0.013647718024016164
C2,61,Jones dcglare,36,0.013784280422474413
C2,61,Raytraverse Balanced,36,0.20396823889806373
C2,62,EIGCM (MF1),36,0.014964731506528956
C2,62,Jones dcglare,36,0.0053602688750378925
C2,62,Raytraverse Balanced,36,0.2171200054552317
C2,63,EIGCM (MF1),36,0.005506130496899702
C2,63,Jones dcglare,36,0.0061438139242728455
C2,63,Raytraverse Balanced,36,0.17517413411784336
C2,64,EIGCM (MF1),36,0.009833904411369087
C2,64,Jones dcglare,36,0.008556668651857972
C2,64,Raytraverse Balanced,36,0.08031344922774133
C2,65,EIGCM (MF1),36,0.013535245800717228
C2,65,Jones dcglare,36,0.022868425898832537
C2,65,Raytraverse Balanced,36,0.03270343644280448
C2,66,EIGCM (MF1),36,0.015589687854538481
C2,66,Jones dcglare,36,0.008274524483705657
C2,66,Raytraverse Balanced,36,0.028837233672225602
C2,67,EIGCM (MF1),36,0.009872928769099993
C2,67,Jones dcglare,36,0.006185138669797334
C2,67,Raytraverse Balanced,36,0.026243200148020257
C2,68,EIGCM (MF1),36,0.02726907571029153
C2,68,Jones dcglare,36,0.026470188963532378
C2,68,Raytraverse Balanced,36,0.034617144523619116
C2,69,EIGCM (MF1),36,0.010567746669478673
C2,69,Jones dcglare,36,0.015068981249657897
C2,69,Raytraverse Balanced,36,0.028235069086337366
C2,70,EIGCM (MF1),36,0.012298542704027075
C2,70,Jones dcglare,36,0.008266549738557304
C2,70,Raytraverse Balanced,36,0.019982328805572137
C2,71,EIGCM (MF1),36,0.005468016520386731
C2,71,Jones dcglare,36,0.006484689017063359
C2,71,Raytraverse Balanced,36,0.010119185502849817
C2,72,EIGCM (MF1),36,0.004074364276621703
C2,72,Jones dcglare,36,0.008237797914519628
C2,72,Raytraverse Balanced,36,0.018624887561433684
C2,73,EIGCM (MF1),36,0.012013965093520677
C2,73,Jones dcglare,36,0.018989883394104283
C2,73,Raytraverse Balanced,36,0.2098070458112529
C2,74,EIGCM (MF1),36,0.005986932738403419
C2,74,Jones dcglare,36,0.00694311605359762
C2,74,Raytraverse Balanced,36,0.02329286322769958
C2,75,EIGCM (MF1),36,0.00779885644450163
C2,75,Jones dcglare,36,0.0032529732082575893
C2,75,Raytraverse Balanced,36,0.017980219570750057
C2,76,EIGCM (MF1),36,0.015407194800229599
C2,76,Jones dcglare,36,0.02393019468519799
C2,76,Raytraverse Balanced,36,0.026903489801035768
C2,77,EIGCM (MF1),36,0.01331890788112273
C2,77,Jones dcglare,36,0.012259091689639416
C2,77,Raytraverse Balanced,36,0.023407986119252832
C2,78,EIGCM (MF1),36,0.009488347645226056
C2,78,Jones dcglare,36,0.006401254063777487
C2,78,Raytraverse Balanced,36,0.045942961500912274
C2,79,EIGCM (MF1),36,0.009120919826695113
C2,79,Jones dcglare,36,0.0074139107391033255
C2,79,Raytraverse Balanced,36,0.15600651446630157
C2,80,EIGCM (MF1),36,0.015842439423595027
C2,80,Jones dcglare,36,0.029297109167705344
C2,80,Raytraverse Balanced,36,0.22371110591173274
C2,81,EIGCM (MF1),36,0.006136341590000239
C2,81,Jones dcglare,36,0.0019231916249666003
C2,81,Raytraverse Balanced,36,0.02548746543962547
C2,82,EIGCM (MF1),36,0.006577012911818112
C2,82,Jones dcglare,36,0.004557035068093129
C2,82,Raytraverse Balanced,36,0.02477493167928958
C2,83,EIGCM (MF1),36,0.0070712682848152065
C2,83,Jones dcglare,36,0.0039298597868128
C2,83,Raytraverse Balanced,36,0.022554135889263506
C2,84,EIGCM (MF1),36,0.017022061064999015
C2,84,Jones dcglare,36,0.015804951076016843
C2,84,Raytraverse Balanced,36,0.026453390736910273
C2,85,EIGCM (MF1),36,0.01707783475298547
C2,85,Jones dcglare,36,0.02271414783847834
C2,85,Raytraverse Balanced,36,0.029905839265568668
C2,86,EIGCM (MF1),36,0.017488879723929016
C2,86,Jones dcglare,36,0.020286790716152806
C2,86,Raytraverse Balanced,36,0.02840856967414185
C2,87,EIGCM (MF1),36,0.011768521929211562
C2,87,Jones dcglare,36,0.011805008471383969
C2,87,Raytraverse Balanced,36,0.026205681978406895
C2,88,EIGCM (MF1),36,0.002518975855878729
C2,88,Jones dcglare,36,0.009774116702099109
C2,88,Raytraverse Balanced,36,0.025213895052122553
C2,89,EIGCM (MF1),36,0.011848445707946966
C2,89,Jones dcglare,36,0.019154979237997322
C2,89,Raytraverse Balanced,36,0.07953657524636926
C2,90,EIGCM (MF1),36,0.01297462646748774
C2,90,Jones dcglare,36,0.018560295360730537
C2,90,Raytraverse Balanced,36,0.04957038167089626
C2,91,EIGCM (MF1),36,0.01218438663965988
C2,91,Jones dcglare,36,0.010014471218742929
C2,91,Raytraverse Balanced,36,0.03700199021391413
C2,92,EIGCM (MF1),36,0.011640251753327053
C2,92,Jones dcglare,36,0.02723852676725332
C2,92,Raytraverse Balanced,36,0.029202863794037397
C2,93,EIGCM (MF1),36,0.006905796267407873
C2,93,Jones dcglare,36,0.009471069984567327
C2,93,Raytraverse Balanced,36,0.04525683920592855
C2,94,EIGCM (MF1),36,0.006749820067087394
C2,94,Jones dcglare,36,0.01953059532283188
C2,94,Raytraverse Balanced,36,0.04615178369022587
C2,95,EIGCM (MF1),36,0.010542146046148927
C2,95,Jones dcglare,36,0.020307061186661972
C2,95,Raytraverse Balanced,36,0.024257404797255498
C2,96,EIGCM (MF1),36,0.012738103783258148
C2,96,Jones dcglare,36,0.02066403967945575
C2,96,Raytraverse Balanced,36,0.061691044291028944
C2,97,EIGCM (MF1),36,0.011471258498961653
C2,97,Jones dcglare,36,0.02317901397255368
C2,97,Raytraverse Balanced,36,0.047842958454818445
C2,98,EIGCM (MF1),36,0.10181711311173741
C2,98,Jones dcglare,36,0.10193054326106056
C2,98,Raytraverse Balanced,36,0.10602427354320682
C2,99,EIGCM (MF1),36,0.007290679472773589
C2,99,Jones dcglare,36,0.006029860179394023
C2,99,Raytraverse Balanced,36,0.019999805861974564
C2,100,EIGCM (MF1),36,0.006736024227448848
C2,100,Jones dcglare,36,0.01932210751863042
C2,100,Raytraverse Balanced,36,0.07573575400048375
C2,101,EIGCM (MF1),36,0.013313575252298355
C2,101,Jones dcglare,36,0.009752553365203052
C2,101,Raytraverse Balanced,36,0.08104616419975043
C2,102,EIGCM (MF1),36,0.005811015225342872
C2,102,Jones dcglare,36,0.0053893733350311125
C2,102,Raytraverse Balanced,36,0.02735833081141358
C2,103,EIGCM (MF1),36,0.013616709575350596
C2,103,Jones dcglare,36,0.013788015164788843
C2,103,Raytraverse Balanced,36,0.07364920300546007
C2,104,EIGCM (MF1),36,0.016326767574395527
C2,104,Jones dcglare,36,0.016200896533961392
C2,104,Raytraverse Balanced,36,0.098468593502042
C2,105,EIGCM (MF1),36,0.013947170009380245
C2,105,Jones dcglare,36,0.022797435080293523
C2,105,Raytraverse Balanced,36,0.07590128519479317
C2,106,EIGCM (MF1),36,0.006566013990364826
C2,106,Jones dcglare,36,0.009760429402788987
C2,106,Raytraverse Balanced,36,0.019929738425668617
C2,107,EIGCM (MF1),36,0.005378119899855545
C2,107,Jones dcglare,36,0.005512061881088092
C2,107,Raytraverse Balanced,36,0.031211601290412214
C2,108,EIGCM (MF1),36,0.009741162783404145
C2,108,Jones dcglare,36,0.011915386536752604
C2,108,Raytraverse Balanced,36,0.030961670900097462
C2,109,EIGCM (MF1),36,0.00977438578047519
C2,109,Jones dcglare,36,0.01871459563626752
C2,109,Raytraverse Balanced,36,0.056495026944365916
C2,110,EIGCM (MF1),36,0.00965174946792893
C2,110,Jones dcglare,36,0.008263399357131693
C2,110,Raytraverse Balanced,36,0.06448864278532693
C2,111,EIGCM (MF1),36,0.008106154212215697
C2,111,Jones dcglare,36,0.011194582784040383
C2,111,Raytraverse Balanced,36,0.09225288825880103
C2,112,EIGCM (MF1),36,0.0171373443945606
C2,112,Jones dcglare,36,0.01812571948219702
C2,112,Raytraverse Balanced,36,0.10388352830108633
C2,113,EIGCM (MF1),36,0.012757719468663324
C2,113,Jones dcglare,36,0.017534928459127817
C2,113,Raytraverse Balanced,36,0.04245481217907486
C2,114,EIGCM (MF1),36,0.0034099594998816757
C2,114,Jones dcglare,36,0.007167995041645771
C2,114,Raytraverse Balanced,36,0.021404866976801613
C2,115,EIGCM (MF1),36,0.005779346593185661
C2,115,Jones dcglare,36,0.004609595101019659
C2,115,Raytraverse Balanced,36,0.019184575268515275
C2,116,EIGCM (MF1),36,0.009374006154447046
C2,116,Jones dcglare,36,0.012558167912428767
C2,116,Raytraverse Balanced,36,0.020271625048447168
C2,117,EIGCM (MF1),36,0.009387196388373304
C2,117,Jones dcglare,36,0.014457813517526013
C2,117,Raytraverse Balanced,36,0.04714219391409903
C2,118,EIGCM (MF1),36,0.007386111680922212
C2,118,Jones dcglare,36,0.0047587102758187925
C2,118,Raytraverse Balanced,36,0.01966429588892992
C2,119,EIGCM (MF1),36,0.00992669768627624
C2,119,Jones dcglare,36,0.0065316178774623805
C2,119,Raytraverse Balanced,36,0.03899524674132427
C2,120,EIGCM (MF1),36,0.012438377869543748
C2,120,Jones dcglare,36,0.031510902803769184
C2,120,Raytraverse Balanced,36,0.06580711392755721
C2,121,EIGCM (MF1),36,0.007691808172876731
C2,121,Jones dcglare,36,0.012539474191014307
C2,121,Raytraverse Balanced,36,0.07185198191934586
C2,122,EIGCM (MF1),36,0.009552418521418192
C2,122,Jones dcglare,36,0.013964151182233762
C2,122,Raytraverse Balanced,36,0.033454229685635536
C2,123,EIGCM (MF1),36,0.003852491492924491
C2,123,Jones dcglare,36,0.0065226755223321145
C2,123,Raytraverse Balanced,36,0.02403386912620951
C2,124,EIGCM (MF1),36,0.011787327298216412
C2,124,Jones dcglare,36,0.015599350927705915
C2,124,Raytraverse Balanced,36,0.03938072535240198
C2,125,EIGCM (MF1),36,0.010122736156187105
C2,125,Jones dcglare,36,0.014647918174394637
C2,125,Raytraverse Balanced,36,0.07604004227772546
C2,126,EIGCM (MF1),36,0.008592415283292328
C2,126,Jones dcglare,36,0.00934890970231274
C2,126,Raytraverse Balanced,36,0.06913999516441413
C2,127,EIGCM (MF1),36,0.009305699748780016
C2,127,Jones dcglare,36,0.018656853024289457
C2,127,Raytraverse Balanced,36,0.1353451008671837
C2,128,EIGCM (MF1),36,0.012430549482804228
C2,128,Jones dcglare,36,0.019986340596345905
C2,128,Raytraverse Balanced,36,0.1613335814492663
C2,129,EIGCM (MF1),36,0.011453448495989216
C2,129,Jones dcglare,36,0.020471505111877734
C2,129,Raytraverse Balanced,36,0.04736562269611411
C2,130,EIGCM (MF1),36,0.009278918844108698
C2,130,Jones dcglare,36,0.00883362312668068
C2,130,Raytraverse Balanced,36,0.03339949548571609
C2,131,EIGCM (MF1),36,0.00682128877624228
C2,131,Jones dcglare,36,0.0038682320577001932
C2,131,Raytraverse Balanced,36,0.02278400508054304
C2,132,EIGCM (MF1),36,0.012352777950188642
C2,132,Jones dcglare,36,0.01865631244874059
C2,132,Raytraverse Balanced,36,0.03230202230030885
C2,133,EIGCM (MF1),36,0.019948077692028932
C2,133,Jones dcglare,36,0.027388448789519616
C2,133,Raytraverse Balanced,36,0.03547800803821981
C2,134,EIGCM (MF1),36,0.01638656041905141
C2,134,Jones dcglare,36,0.0255935452667826
C2,134,Raytraverse Balanced,36,0.0608291803407847
C2,135,EIGCM (MF1),36,0.008931221701020401
C2,135,Jones dcglare,36,0.024325996371366048
C2,135,Raytraverse Balanced,36,0.1017772006491308
C2,136,EIGCM (MF1),36,0.008752321138497419
C2,136,Jones dcglare,36,0.034114087040244157
C2,136,Raytraverse Balanced,36,0.06400401571241429
C2,137,EIGCM (MF1),36,0.014436898806299546
C2,137,Jones dcglare,36,0.014103627361162658
C2,137,Raytraverse Balanced,36,0.06163687588256795
C2,138,EIGCM (MF1),36,0.011277786530400269
C2,138,Jones dcglare,36,0.007391756805032326
C2,138,Raytraverse Balanced,36,0.027066659405272062
C2,139,EIGCM (MF1),36,0.0063193302805756215
C2,139,Jones dcglare,36,0.00536705795705721
C2,139,Raytraverse Balanced,36,0.02045273324946156
C2,140,EIGCM (MF1),36,0.010736597966599516
C2,140,Jones dcglare,36,0.015641895332787797
C2,140,Raytraverse Balanced,36,0.017513976964945974
C2,141,EIGCM (MF1),36,0.01667020369764902
C2,141,Jones dcglare,36,0.028133283121639634
C2,141,Raytraverse Balanced,36,0.07159743906579583
C2,142,EIGCM (MF1),36,0.010261740047867124
C2,142,Jones dcglare,36,0.014509150063879619
C2,142,Raytraverse Balanced,36,0.12044820073594492
C2,143,EIGCM (MF1),36,0.012092928600942783
C2,143,Jones dcglare,36,0.01836161313819451
C2,143,Raytraverse Balanced,36,0.13181385501144588
C2,144,EIGCM (MF1),36,0.016044392124612675
C2,144,Jones dcglare,36,0.01999064229132067
C2,144,Raytraverse Balanced,36,0.12377541287913554
C2,145,EIGCM (MF1),36,0.006982648195089658
C2,145,Jones dcglare,36,0.0233723528796964
C2,145,Raytraverse Balanced,36,0.07170682863232732
C2,146,EIGCM (MF1),36,0.0073488222421653655
C2,146,Jones dcglare,36,0.006341234135988002
C2,146,Raytraverse Balanced,36,0.025500085427107445
C2,147,EIGCM (MF1),36,0.01009826120139832
C2,147,Jones dcglare,36,0.005752289186550717
C2,147,Raytraverse Balanced,36,0.025504178179050555
C2,148,EIGCM (MF1),36,0.016513148018801053
C2,148,Jones dcglare,36,0.015065266624642757
C2,148,Raytraverse Balanced,36,0.03385700883349594
C2,149,EIGCM (MF1),36,0.01509695423236643
C2,149,Jones dcglare,36,0.014802817346402998
C2,149,Raytraverse Balanced,36,0.08763023493524084
C2,150,EIGCM (MF1),36,0.010634239778057584
C2,150,Jones dcglare,36,0.009144249026849396
C2,150,Raytraverse Balanced,36,0.10922732240438623
C2,151,EIGCM (MF1),36,0.008154194206664451
C2,151,Jones dcglare,36,0.009628090073002242
C2,151,Raytraverse Balanced,36,0.12552138395876275
C2,152,EIGCM (MF1),36,0.0103655385469379
C2,152,Jones dcglare,36,0.0145275902523328
C2,152,Raytraverse Balanced,36,0.10885130135194568
C2,153,EIGCM (MF1),36,0.005377335153395632
C2,153,Jones dcglare,36,0.008688650367352328
C2,153,Raytraverse Balanced,36,0.0438034357206969
C2,154,EIGCM (MF1),36,0.004959227497358397
C2,154,Jones dcglare,36,0.005626973464323921
C2,154,Raytraverse Balanced,36,0.02630223422359993
C2,155,EIGCM (MF1),36,0.004719139504689623
C2,155,Jones dcglare,36,0.0036994206702637925
C2,155,Raytraverse Balanced,36,0.018966836900433538
C2,156,EIGCM (MF1),36,0.013862132598487705
C2,156,Jones dcglare,36,0.012189331232597538
C2,156,Raytraverse Balanced,36,0.029244930237341614
C2,157,EIGCM (MF1),36,0.009678585596735368
C2,157,Jones dcglare,36,0.010507398709034619
C2,157,Raytraverse Balanced,36,0.1143731591352254
C2,158,EIGCM (MF1),36,0.013304948412485062
C2,158,Jones dcglare,36,0.011145234587097328
C2,158,Raytraverse Balanced,36,0.07951915235842057
C2,159,EIGCM (MF1),36,0.013762168691723132
C2,159,Jones dcglare,36,0.019161759609862137
C2,159,Raytraverse Balanced,36,0.08897395754103699
C2,160,EIGCM (MF1),36,0.008677588834207092
C2,160,Jones dcglare,36,0.020806533315616483
C2,160,Raytraverse Balanced,36,0.09911335339058833
C2,161,EIGCM (MF1),36,0.00522565299021727
C2,161,Jones dcglare,36,0.0070166902697269265
C2,161,Raytraverse Balanced,36,0.02120705865881052
C2,162,EIGCM (MF1),36,0.0069309461610591126
C2,162,Jones dcglare,36,0.009309669156941829
C2,162,Raytraverse Balanced,36,0.025445702628340908
C2,163,EIGCM (MF1),36,0.007957338711302223
C2,163,Jones dcglare,36,0.005974882504832904
C2,163,Raytraverse Balanced,36,0.02319785375921984
C2,164,EIGCM (MF1),36,0.011446362971328007
C2,164,Jones dcglare,36,0.01404844978660467
C2,164,Raytraverse Balanced,36,0.033190541291332996
C2,165,EIGCM (MF1),36,0.011843017946394026
C2,165,Jones dcglare,36,0.01168835401614074
C2,165,Raytraverse Balanced,36,0.05626831948549971
C2,166,EIGCM (MF1),36,0.013769678099450984
C2,166,Jones dcglare,36,0.012252564662526215
C2,166,Raytraverse Balanced,36,0.026398750080431268
C2,167,EIGCM (MF1),36,0.009273661101579268
C2,167,Jones dcglare,36,0.008283343111618128
C2,167,Raytraverse Balanced,36,0.04428830743045933
C2,168,EIGCM (MF1),36,0.010137773240268842
C2,168,Jones dcglare,36,0.004557256121067315
C2,168,Raytraverse Balanced,36,0.016899959743314888
C2,169,EIGCM (MF1),36,0.009778260827951175
C2,169,Jones dcglare,36,0.013363624783814063
C2,169,Raytraverse Balanced,36,0.02713113561324286
C2,170,EIGCM (MF1),36,0.006876893130480911
C2,170,Jones dcglare,36,0.007338581878224159
C2,170,Raytraverse Balanced,36,0.02547200568360942
C2,171,EIGCM (MF1),36,0.008776226648578665
C2,171,Jones dcglare,36,0.010969139707083544
C2,171,Raytraverse Balanced,36,0.029593110171407398
C2,172,EIGCM (MF1),36,0.011991325237055043
C2,172,Jones dcglare,36,0.009858909896488296
C2,172,Raytraverse Balanced,36,0.028837841197997496
C2,173,EIGCM (MF1),36,0.0065582957578338985
C2,173,Jones dcglare,36,0.007328933246118869
C2,173,Raytraverse Balanced,36,0.028568174069619947
C2,174,EIGCM (MF1),36,0.0126861074742544
C2,174,Jones dcglare,36,0.0069957246084011125
C2,174,Raytraverse Balanced,36,0.020392463506826074
C2,175,EIGCM (MF1),36,0.009115944290286728
C2,175,Jones dcglare,36,0.011885180152988855
C2,175,Raytraverse Balanced,36,0.013763524243441525
C2,176,EIGCM (MF1),36,0.01511809946774615
C2,176,Jones dcglare,36,0.019602671500297184
C2,176,Raytraverse Balanced,36,0.023422973835927324
C2,177,EIGCM (MF1),36,0.0245285305474224
C2,177,Jones dcglare,36,0.019005135455893076
C2,177,Raytraverse Balanced,36,0.04442171690079743
C2,178,EIGCM (MF1),36,0.005713249482635369
C2,178,Jones dcglare,36,0.004646743836578529
C2,178,Raytraverse Balanced,36,0.015612698530505186
C2,179,EIGCM (MF1),36,0.009480262744571538
C2,179,Jones dcglare,36,0.0073630221815499915
C2,179,Raytraverse Balanced,36,0.03735619126625539
C2,180,EIGCM (MF1),36,0.016499174427923827
C2,180,Jones dcglare,36,0.010823971063165646
C2,180,Raytraverse Balanced,36,0.08590577007300171
C2,181,EIGCM (MF1),36,0.011778657770188512
C2,181,Jones dcglare,36,0.011703360659134056
C2,181,Raytraverse Balanced,36,0.07679858418650759
C2,182,EIGCM (MF1),36,0.007784476040153381
C2,182,Jones dcglare,36,0.005668665562980119
C2,182,Raytraverse Balanced,36,0.02436242388390413
C2,183,EIGCM (MF1),36,0.007515552885978811
C2,183,Jones dcglare,36,0.010311017114814356
C2,183,Raytraverse Balanced,36,0.033755846254144135
C2,184,EIGCM (MF1),36,0.013598381019935183
C2,184,Jones dcglare,36,0.016142063809736533
C2,184,Raytraverse Balanced,36,0.06201446711185694
C2,185,EIGCM (MF1),36,0.019529541975513234
C2,185,Jones dcglare,36,0.016200720612503636
C2,185,Raytraverse Balanced,36,0.02859430396414084
C2,186,EIGCM (MF1),36,0.00853327219030829
C2,186,Jones dcglare,36,0.006244352256600002
C2,186,Raytraverse Balanced,36,0.02320209282197591
C2,187,EIGCM (MF1),36,0.008344578848969357
C2,187,Jones dcglare,36,0.007170451987630281
C2,187,Raytraverse Balanced,36,0.024582314592390627
C2,188,EIGCM (MF1),36,0.0138063989377108
C2,188,Jones dcglare,36,0.011350938961926234
C2,188,Raytraverse Balanced,36,0.024865773827714082
C2,189,EIGCM (MF1),36,0.015634390783959427
C2,189,Jones dcglare,36,0.016985773017103644
C2,189,Raytraverse Balanced,36,0.028617544339495413
C2,190,EIGCM (MF1),36,0.006196170959776521
C2,190,Jones dcglare,36,0.006949016260687744
C2,190,Raytraverse Balanced,36,0.01197786913934914
C2,191,EIGCM (MF1),36,0.017936059719404804
C2,191,Jones dcglare,36,0.011653496235438201
C2,191,Raytraverse Balanced,36,0.013997337726002083
C2,192,EIGCM (MF1),36,0.014536210690538369
C2,192,Jones dcglare,36,0.02137066728568681
C2,192,Raytraverse Balanced,36,0.02303252700389761
C2,193,EIGCM (MF1),36,0.008038436615274
C2,193,Jones dcglare,36,0.013673015088978883
C2,193,Raytraverse Balanced,36,0.051164439808957816
C2,194,EIGCM (MF1),36,0.006080588887873714
C2,194,Jones dcglare,36,0.011806433004198853
C2,194,Raytraverse Balanced,36,0.02479237639852398
C2,195,EIGCM (MF1),36,0.007956481977485743
C2,195,Jones dcglare,36,0.005473032906337217
C2,195,Raytraverse Balanced,36,0.020273301756259937
C2,196,EIGCM (MF1),36,0.009527762032272381
C2,196,Jones dcglare,36,0.012796007533137591
C2,196,Raytraverse Balanced,36,0.027663337678363074
C2,197,EIGCM (MF1),36,0.011877603802886053
C2,197,Jones dcglare,36,0.01907938330001807
C2,197,Raytraverse Balanced,36,0.03843053101447522
C2,198,EIGCM (MF1),36,0.006452569339762608
C2,198,Jones dcglare,36,0.013144635280739163
C2,198,Raytraverse Balanced,36,0.05247616120684849
C2,199,EIGCM (MF1),36,0.01788583140487496
C2,199,Jones dcglare,36,0.023981378586787457
C2,199,Raytraverse Balanced,36,0.06691462564799477
C2,200,EIGCM (MF1),36,0.018842894535496216
C2,200,Jones dcglare,36,0.02309044228292605
C2,200,Raytraverse Balanced,36,0.08873829243716498
C2,201,EIGCM (MF1),36,0.008287426767030214
C2,201,Jones dcglare,36,0.017619473133711407
C2,201,Raytraverse Balanced,36,0.05620147078149292
C2,202,EIGCM (MF1),36,0.008899826112705175
C2,202,Jones dcglare,36,0.00685806647796654
C2,202,Raytraverse Balanced,36,0.026804767785965692
C2,203,EIGCM (MF1),36,0.009654367843062882
C2,203,Jones dcglare,36,0.006330331673056755
C2,203,Raytraverse Balanced,36,0.02434553714226467
C2,204,EIGCM (MF1),36,0.012501317806224354
C2,204,Jones dcglare,36,0.013532137311083133
C2,204,Raytraverse Balanced,36,0.02549564698102736
C2,205,EIGCM (MF1),36,0.014549620047215443
C2,205,Jones dcglare,36,0.02067908544733496
C2,205,Raytraverse Balanced,36,0.05580173134479099
C2,206,EIGCM (MF1),36,0.012703566642603005
C2,206,Jones dcglare,36,0.013947789203528812
C2,206,Raytraverse Balanced,36,0.08553220946664325
C2,207,EIGCM (MF1),36,0.013413318805699556
C2,207,Jones dcglare,36,0.01872510031459075
C2,207,Raytraverse Balanced,36,0.12284581024965721
C2,208,EIGCM (MF1),36,0.01305677616604795
C2,208,Jones dcglare,36,0.02308327850406412
C2,208,Raytraverse Balanced,36,0.1241303040204619
C2,209,EIGCM (MF1),36,0.007156166953831582
C2,209,Jones dcglare,36,0.013291524633797652
C2,209,Raytraverse Balanced,36,0.02522587939722419
C2,210,EIGCM (MF1),36,0.0043535521915059995
C2,210,Jones dcglare,36,0.004180209605279308
C2,210,Raytraverse Balanced,36,0.025142222139238925
C2,211,EIGCM (MF1),36,0.007342249580642466
C2,211,Jones dcglare,36,0.0037138073779688125
C2,211,Raytraverse Balanced,36,0.024229399595721852
C2,212,EIGCM (MF1),36,0.015337397439256837
C2,212,Jones dcglare,36,0.013681618588409553
C2,212,Raytraverse Balanced,36,0.020761838185427893
C2,213,EIGCM (MF1),36,0.015442682358896646
C2,213,Jones dcglare,36,0.024222712833105228
C2,213,Raytraverse Balanced,36,0.022130346934058555
C2,214,EIGCM (MF1),36,0.011867326490995733
C2,214,Jones dcglare,36,0.019363459657848026
C2,214,Raytraverse Balanced,36,0.015760160921478295
C2,215,EIGCM (MF1),36,0.012303277711910315
C2,215,Jones dcglare,36,0.018868718409548697
C2,215,Raytraverse Balanced,36,0.022809095474349644
C2,216,EIGCM (MF1),36,0.01322049820612126
C2,216,Jones dcglare,36,0.021136787132614444
C2,216,Raytraverse Balanced,36,0.02634964950386064
C2,217,EIGCM (MF1),36,0.0071793240825651665
C2,217,Jones dcglare,36,0.013502051661147228
C2,217,Raytraverse Balanced,36,0.026302982999882405
C2,218,EIGCM (MF1),36,0.013792701603454792
C2,218,Jones dcglare,36,0.0075221070309019426
C2,218,Raytraverse Balanced,36,0.02623662085567063
C2,219,EIGCM (MF1),36,0.006755289345600066
C2,219,Jones dcglare,36,0.00830700231870028
C2,219,Raytraverse Balanced,36,0.025879033870786154
C2,220,EIGCM (MF1),36,0.011916557688359506
C2,220,Jones dcglare,36,0.016740214010457638
C2,220,Raytraverse Balanced,36,0.025358382392773056
C2,221,EIGCM (MF1),36,0.10806039699718728
C2,221,Jones dcglare,36,0.11325777438268754
C2,221,Raytraverse Balanced,36,0.108326160106492
C2,222,EIGCM (MF1),36,0.011299071791412776
C2,222,Jones dcglare,36,0.020554031117832924
C2,222,Raytraverse Balanced,36,0.02862770274172384
C2,223,EIGCM (MF1),36,0.010144936963305609
C2,223,Jones dcglare,36,0.017249907016953493
C2,223,Raytraverse Balanced,36,0.024801342052816637
C2,224,EIGCM (MF1),36,0.014556959252440816
C2,224,Jones dcglare,36,0.02488855702110298
C2,224,Raytraverse Balanced,36,0.02324540888345255
C2,225,EIGCM (MF1),36,0.04467034238795293
C2,225,Jones dcglare,36,0.038990057544306365
C2,225,Raytraverse Balanced,36,0.056606445746936844
C2,226,EIGCM (MF1),36,0.007293683201788763
C2,226,Jones dcglare,36,0.007186909860375784
C2,226,Raytraverse Balanced,36,0.021755881134577597
C2,227,EIGCM (MF1),36,0.007083125673661942
C2,227,Jones dcglare,36,0.007235240997601795
C2,227,Raytraverse Balanced,36,0.02360756813937635
C2,228,EIGCM (MF1),36,0.011096929455497034
C2,228,Jones dcglare,36,0.012389626485037004
C2,228,Raytraverse Balanced,36,0.02285048359933062
C2,229,EIGCM (MF1),36,0.02100268213581435
C2,229,Jones dcglare,36,0.027891111635417912
C2,229,Raytraverse Balanced,36,0.05158999964593495
C2,230,EIGCM (MF1),36,0.012677192102058714
C2,230,Jones dcglare,36,0.012439586639373303
C2,230,Raytraverse Balanced,36,0.06858503215058352
C2,231,EIGCM (MF1),36,0.016616794545763366
C2,231,Jones dcglare,36,0.016113486408935868
C2,231,Raytraverse Balanced,36,0.05680357581324483
C2,232,EIGCM (MF1),36,0.018147770665903347
C2,232,Jones dcglare,36,0.019415676010639853
C2,232,Raytraverse Balanced,36,0.06478408820466647
C2,233,EIGCM (MF1),36,0.012301535763416338
C2,233,Jones dcglare,36,0.010088340406785063
C2,233,Raytraverse Balanced,36,0.027003432625423093
C2,234,EIGCM (MF1),36,0.0048321561068935814
C2,234,Jones dcglare,36,0.006652299788039263
C2,234,Raytraverse Balanced,36,0.022691565600506423
C2,235,EIGCM (MF1),36,0.01006410848663871
C2,235,Jones dcglare,36,0.0050479247040059886
C2,235,Raytraverse Balanced,36,0.02309825628234064
C2,236,EIGCM (MF1),36,0.009291341161024902
C2,236,Jones dcglare,36,0.012814657480399156
C2,236,Raytraverse Balanced,36,0.026422026829916824
C2,237,EIGCM (MF1),36,0.022626991148822436
C2,237,Jones dcglare,36,0.022604660427609596
C2,237,Raytraverse Balanced,36,0.027935004967907347
C2,238,EIGCM (MF1),36,0.012178300322499858
C2,238,Jones dcglare,36,0.015607225924057232
C2,238,Raytraverse Balanced,36,0.019095506874233233
C2,239,EIGCM (MF1),36,0.0163161923470129
C2,239,Jones dcglare,36,0.013970389973044978
C2,239,Raytraverse Balanced,36,0.016482338376256546
C2,240,EIGCM (MF1),36,0.00927891419077265
C2,240,Jones dcglare,36,0.013941768755600228
C2,240,Raytraverse Balanced,36,0.017907006713461824
C2,241,EIGCM (MF1),36,0.00652797890606699
C2,241,Jones dcglare,36,0.004391353569172419
C2,241,Raytraverse Balanced,36,0.047880118101957
C2,242,EIGCM (MF1),36,0.004888082183172094
C2,242,Jones dcglare,36,0.0067694024342523085
C2,242,Raytraverse Balanced,36,0.024441788308208274
C2,243,EIGCM (MF1),36,0.009631523182209788
C2,243,Jones dcglare,36,0.007692786636814742
C2,243,Raytraverse Balanced,36,0.017414640078603806
C2,244,EIGCM (MF1),36,0.010507070652303614
C2,244,Jones dcglare,36,0.014607340725230507
C2,244,Raytraverse Balanced,36,0.017193772085562695
C2,245,EIGCM (MF1),36,0.015816649376009167
C2,245,Jones dcglare,36,0.017198731031710025
C2,245,Raytraverse Balanced,36,0.05801333134765227
C2,246,EIGCM (MF1),36,0.01608089188675836
C2,246,Jones dcglare,36,0.016965034236616647
C2,246,Raytraverse Balanced,36,0.07597995954147378
C2,247,EIGCM (MF1),36,0.013478772629603763
C2,247,Jones dcglare,36,0.020021042496057396
C2,247,Raytraverse Balanced,36,0.09382247998694508
C2,248,EIGCM (MF1),36,0.008696623186552871
C2,248,Jones dcglare,36,0.011039738374414096
C2,248,Raytraverse Balanced,36,0.11599106909645539
C2,249,EIGCM (MF1),36,0.00494314256580097
C2,249,Jones dcglare,36,0.006866512776772537
C2,249,Raytraverse Balanced,36,0.02764842646610407
C2,250,EIGCM (MF1),36,0.0031369384239343253
C2,250,Jones dcglare,36,0.006309613909941098
C2,250,Raytraverse Balanced,36,0.025055022908988842
C2,251,EIGCM (MF1),36,0.010924962035047182
C2,251,Jones dcglare,36,0.005955552715854763
C2,251,Raytraverse Balanced,36,0.02146981439009804
C2,252,EIGCM (MF1),36,0.01050800430473519
C2,252,Jones dcglare,36,0.01131498891089786
C2,252,Raytraverse Balanced,36,0.02129165864191663
C2,253,EIGCM (MF1),36,0.015449798187480927
C2,253,Jones dcglare,36,0.015442604726612314
C2,253,Raytraverse Balanced,36,0.03053530225218977
C2,254,EIGCM (MF1),36,0.01878896131787079
C2,254,Jones dcglare,36,0.026814280282077208
C2,254,Raytraverse Balanced,36,0.023898498613515045
C2,255,EIGCM (MF1),36,0.013251918801347217
C2,255,Jones dcglare,36,0.021874731468331406
C2,255,Raytraverse Balanced,36,0.032918620868767165
C2,256,EIGCM (MF1),36,0.007087313616185384
C2,256,Jones dcglare,36,0.013634868448575558
C2,256,Raytraverse Balanced,36,0.027171671100899162
C2,257,EIGCM (MF1),36,0.00865005092537996
C2,257,Jones dcglare,36,0.013530774947317942
C2,257,Raytraverse Balanced,36,0.038267583024536915
C2,258,EIGCM (MF1),36,0.011008415095633788
C2,258,Jones dcglare,36,0.010428872138472786
C2,258,Raytraverse Balanced,36,0.0213017568647707
C2,259,EIGCM (MF1),36,0.014365467366444746
C2,259,Jones dcglare,36,0.00997189592287119
C2,259,Raytraverse Balanced,36,0.05799780614681703
C2,260,EIGCM (MF1),36,0.015595766730439322
C2,260,Jones dcglare,36,0.027322223025124263
C2,260,Raytraverse Balanced,36,0.1885219011272115
C2,261,EIGCM (MF1),36,0.007993629190226004
C2,261,Jones dcglare,36,0.010518519958314267
C2,261,Raytraverse Balanced,36,0.21748156341590993
C2,262,EIGCM (MF1),36,0.010628370063027845
C2,262,Jones dcglare,36,0.010881661250547622
C2,262,Raytraverse Balanced,36,0.14259082377280305
C2,263,EIGCM (MF1),36,0.008861683934250611
C2,263,Jones dcglare,36,0.008281251551812684
C2,263,Raytraverse Balanced,36,0.05823918926010678
C2,264,EIGCM (MF1),36,0.01315259952649833
C2,264,Jones dcglare,36,0.026144530045759732
C2,264,Raytraverse Balanced,36,0.05371643007261089
C2,265,EIGCM (MF1),36,0.008421755306051113
C2,265,Jones dcglare,36,0.014312377844811854
C2,265,Raytraverse Balanced,36,0.024088006772520473
C2,266,EIGCM (MF1),36,0.007935890616160653
C2,266,Jones dcglare,36,0.020813628568549545
C2,266,Raytraverse Balanced,36,0.024563060687470554
C2,267,EIGCM (MF1),36,0.006606901237363684
C2,267,Jones dcglare,36,0.004747694772558927
C2,267,Raytraverse Balanced,36,0.03950106828624881
C2,268,EIGCM (MF1),36,0.01073928270195454
C2,268,Jones dcglare,36,0.021307733402616803
C2,268,Raytraverse Balanced,36,0.11390832081905639
C2,269,EIGCM (MF1),36,0.011135044292832127
C2,269,Jones dcglare,36,0.011162417383303196
C2,269,Raytraverse Balanced,36,0.12113673899295298
C2,270,EIGCM (MF1),36,0.007957198241372393
C2,270,Jones dcglare,36,0.008319718351468131
C2,270,Raytraverse Balanced,36,0.08697373636850766
C2,271,EIGCM (MF1),36,0.00927040595539256
C2,271,Jones dcglare,36,0.012860096690897856
C2,271,Raytraverse Balanced,36,0.030900410574768764
C2,272,EIGCM (MF1),36,0.01453393555991365
C2,272,Jones dcglare,36,0.013995994207954545
C2,272,Raytraverse Balanced,36,0.06521953889456991
C2,273,EIGCM (MF1),36,0.009805033307807888
C2,273,Jones dcglare,36,0.011962641192660542
C2,273,Raytraverse Balanced,36,0.038398436444934264
C2,274,EIGCM (MF1),36,0.005988257774154545
C2,274,Jones dcglare,36,0.008760108651085452
C2,274,Raytraverse Balanced,36,0.01651951595330396
C2,275,EIGCM (MF1),36,0.012877305840206724
C2,275,Jones dcglare,36,0.007079606745135203
C2,275,Raytraverse Balanced,36,0.018017035059582423
C2,276,EIGCM (MF1),36,0.009859077529124
C2,276,Jones dcglare,36,0.012496457626085589
C2,276,Raytraverse Balanced,36,0.04669430202916798
C2,277,EIGCM (MF1),36,0.01813771099312915
C2,277,Jones dcglare,36,0.021079109240654786
C2,277,Raytraverse Balanced,36,0.06296321631274789
C2,278,EIGCM (MF1),36,0.007077395711033518
C2,278,Jones dcglare,36,0.008960153687897576
C2,278,Raytraverse Balanced,36,0.08665916458619749
C2,279,EIGCM (MF1),36,0.014107516103196362
C2,279,Jones dcglare,36,0.014362938052943574
C2,279,Raytraverse Balanced,36,0.06421182117395191
C2,280,EIGCM (MF1),36,0.013583086567216587
C2,280,Jones dcglare,36,0.015705810366910128
C2,280,Raytraverse Balanced,36,0.08120593689694347
C2,281,EIGCM (MF1),36,0.008274317815267638
C2,281,Jones dcglare,36,0.013268205626792472
C2,281,Raytraverse Balanced,36,0.020373102855422442
C2,282,EIGCM (MF1),36,0.008774092518745173
C2,282,Jones dcglare,36,0.006042595850198733
C2,282,Raytraverse Balanced,36,0.017711446418671683
C2,283,EIGCM (MF1),36,0.007550386069691328
C2,283,Jones dcglare,36,0.005752840300572792
C2,283,Raytraverse Balanced,36,0.020045154404588098
C2,284,EIGCM (MF1),36,0.009363857656584582
C2,284,Jones dcglare,36,0.009794025699433925
C2,284,Raytraverse Balanced,36,0.02955322275910221
C2,285,EIGCM (MF1),36,0.013943331676627516
C2,285,Jones dcglare,36,0.022269463473339635
C2,285,Raytraverse Balanced,36,0.05082382597265438
C2,286,EIGCM (MF1),36,0.012644642402164289
C2,286,Jones dcglare,36,0.017464272985427444
C2,286,Raytraverse Balanced,36,0.02757501101763455
C2,287,EIGCM (MF1),36,0.01379121201883044
C2,287,Jones dcglare,36,0.018947866647231314
C2,287,Raytraverse Balanced,36,0.0352495861616196
C2,288,EIGCM (MF1),36,0.013073635451676514
C2,288,Jones dcglare,36,0.018379668527863356
C2,288,Raytraverse Balanced,36,0.04587854870781076
C2,289,EIGCM (MF1),36,0.0077093124069025866
C2,289,Jones dcglare,36,0.015051760853303939
C2,289,Raytraverse Balanced,36,0.04501635973914793
C2,290,EIGCM (MF1),36,0.008277820987937189
C2,290,Jones dcglare,36,0.007768019406527748
C2,290,Raytraverse Balanced,36,0.0209025230555639
C2,291,EIGCM (MF1),36,0.0065039024977316465
C2,291,Jones dcglare,36,0.004362138283731323
C2,291,Raytraverse Balanced,36,0.018160243934596913
C2,292,EIGCM (MF1),36,0.014577631210960777
C2,292,Jones dcglare,36,0.013098647210720842
C2,292,Raytraverse Balanced,36,0.022971282872166654
C2,293,EIGCM (MF1),36,0.017242160698101812
C2,293,Jones dcglare,36,0.024163483310387035
C2,293,Raytraverse Balanced,36,0.05818405409238123
C2,294,EIGCM (MF1),36,0.02129156947403125
C2,294,Jones dcglare,36,0.02063911963066597
C2,294,Raytraverse Balanced,36,0.08640218798270771
C2,295,EIGCM (MF1),36,0.016206294678363233
C2,295,Jones dcglare,36,0.02264193178095474
C2,295,Raytraverse Balanced,36,0.10316722973549577
C2,296,EIGCM (MF1),36,0.015045725962101898
C2,296,Jones dcglare,36,0.028065032535490576
C2,296,Raytraverse Balanced,36,0.10517156782651876
C2,297,EIGCM (MF1),36,0.008229124308836138
C2,297,Jones dcglare,36,0.009895685834200819
C2,297,Raytraverse Balanced,36,0.034687292090176965
C2,298,EIGCM (MF1),36,0.010784845914754648
C2,298,Jones dcglare,36,0.0056511586169219466
C2,298,Raytraverse Balanced,36,0.01577290506375305
C2,299,EIGCM (MF1),36,0.00579530889611494
C2,299,Jones dcglare,36,0.004621585903484134
C2,299,Raytraverse Balanced,36,0.014294861177648383
C2,300,EIGCM (MF1),36,0.012869696589696018
C2,300,Jones dcglare,36,0.01304725409729242
C2,300,Raytraverse Balanced,36,0.014548068738167615
C2,301,EIGCM (MF1),36,0.014008658945700145
C2,301,Jones dcglare,36,0.02243538716327092
C2,301,Raytraverse Balanced,36,0.02823739363298303
C2,302,EIGCM (MF1),36,0.013649154269872468
C2,302,Jones dcglare,36,0.024667108246387646
C2,302,Raytraverse Balanced,36,0.023712809094454047
C2,303,EIGCM (MF1),36,0.015050212994201562
C2,303,Jones dcglare,36,0.01929389811984299
C2,303,Raytraverse Balanced,36,0.03253484137478871
C2,304,EIGCM (MF1),36,0.0139351315537884
C2,304,Jones dcglare,36,0.023793130314487074
C2,304,Raytraverse Balanced,36,0.04343138270385152
C2,305,EIGCM (MF1),36,0.009016843107885494
C2,305,Jones dcglare,36,0.010722285982483187
C2,305,Raytraverse Balanced,36,0.03750888981850014
C2,306,EIGCM (MF1),36,0.005272463040779793
C2,306,Jones dcglare,36,0.004207303481152351
C2,306,Raytraverse Balanced,36,0.01594617184878945
C2,307,EIGCM (MF1),36,0.012086934698995348
C2,307,Jones dcglare,36,0.0058655090385684155
C2,307,Raytraverse Balanced,36,0.012708581725554035
C2,308,EIGCM (MF1),36,0.007104642264959966
C2,308,Jones dcglare,36,0.016279955936599956
C2,308,Raytraverse Balanced,36,0.016780278786545328
C2,309,EIGCM (MF1),36,0.016537715835183455
C2,309,Jones dcglare,36,0.025156292179114168
C2,309,Raytraverse Balanced,36,0.036999606746792355
C2,310,EIGCM (MF1),36,0.018901513491855038
C2,310,Jones dcglare,36,0.022510544381634672
C2,310,Raytraverse Balanced,36,0.060761645176287564
C2,311,EIGCM (MF1),36,0.016578809781280703
C2,311,Jones dcglare,36,0.024490642573802776
C2,311,Raytraverse Balanced,36,0.055258641810980925
C2,312,EIGCM (MF1),36,0.01727525904536439
C2,312,Jones dcglare,36,0.021829527592405272
C2,312,Raytraverse Balanced,36,0.05103959486467342
C2,313,EIGCM (MF1),36,0.007040316545538905
C2,313,Jones dcglare,36,0.009261571761768563
C2,313,Raytraverse Balanced,36,0.02899328682861575
C2,314,EIGCM (MF1),36,0.008295069871298383
C2,314,Jones dcglare,36,0.004948169510439917
C2,314,Raytraverse Balanced,36,0.015462912670591765
C2,315,EIGCM (MF1),36,0.00905199252446971
C2,315,Jones dcglare,36,0.008102472644746065
C2,315,Raytraverse Balanced,36,0.01412469258885058
C2,316,EIGCM (MF1),36,0.007564389897958285
C2,316,Jones dcglare,36,0.011750783064152222
C2,316,Raytraverse Balanced,36,0.015624825502306153
C2,317,EIGCM (MF1),36,0.019376915545601916
C2,317,Jones dcglare,36,0.025346136789847887
C2,317,Raytraverse Balanced,36,0.05079388867206746
C2,318,EIGCM (MF1),36,0.011567293458569588
C2,318,Jones dcglare,36,0.014737140552381121
C2,318,Raytraverse Balanced,36,0.09194447138175273
C2,319,EIGCM (MF1),36,0.022066728079912015
C2,319,Jones dcglare,36,0.020975711193281177
C2,319,Raytraverse Balanced,36,0.06326813475581158
C2,320,EIGCM (MF1),36,0.01186585103128582
C2,320,Jones dcglare,36,0.013110502419342304
C2,320,Raytraverse Balanced,36,0.07104736297310953
C2,321,EIGCM (MF1),36,0.0070487316367517025
C2,321,Jones dcglare,36,0.012488133883795662
C2,321,Raytraverse Balanced,36,0.03278182443959682
C2,322,EIGCM (MF1),36,0.010547207109901972
C2,322,Jones dcglare,36,0.005328247154202462
C2,322,Raytraverse Balanced,36,0.01820148249531965
C2,323,EIGCM (MF1),36,0.009876467168434603
C2,323,Jones dcglare,36,0.006882378649575144
C2,323,Raytraverse Balanced,36,0.016923115901964537
C2,324,EIGCM (MF1),36,0.012745245447159237
C2,324,Jones dcglare,36,0.011208899482489591
C2,324,Raytraverse Balanced,36,0.017306342963778167
C2,325,EIGCM (MF1),36,0.017954820420843037
C2,325,Jones dcglare,36,0.025201603182783555
C2,325,Raytraverse Balanced,36,0.03234905843098596
C2,326,EIGCM (MF1),36,0.018878858757284563
C2,326,Jones dcglare,36,0.024854712371440706
C2,326,Raytraverse Balanced,36,0.06728483659999673
C2,327,EIGCM (MF1),36,0.013295011199255663
C2,327,Jones dcglare,36,0.025934650538620898
C2,327,Raytraverse Balanced,36,0.08372373663959329
C2,328,EIGCM (MF1),36,0.010894811501530844
C2,328,Jones dcglare,36,0.013106636845283777
C2,328,Raytraverse Balanced,36,0.07349593224302288
C2,329,EIGCM (MF1),36,0.00561011023270092
C2,329,Jones dcglare,36,0.007591619697931172
C2,329,Raytraverse Balanced,36,0.029950326417098858
C2,330,EIGCM (MF1),36,0.006127569933437454
C2,330,Jones dcglare,36,0.005514513925502512
C2,330,Raytraverse Balanced,36,0.02290271116547328
C2,331,EIGCM (MF1),36,0.009355534111556641
C2,331,Jones dcglare,36,0.005685318974806958
C2,331,Raytraverse Balanced,36,0.019152220249264183
C2,332,EIGCM (MF1),36,0.012956882564822882
C2,332,Jones dcglare,36,0.01180026906336626
C2,332,Raytraverse Balanced,36,0.011688774553339748
C2,333,EIGCM (MF1),36,0.01870800713607975
C2,333,Jones dcglare,36,0.02454197340538518
C2,333,Raytraverse Balanced,36,0.05960766295486038
C2,334,EIGCM (MF1),36,0.014943729827348248
C2,334,Jones dcglare,36,0.020142528099980957
C2,334,Raytraverse Balanced,36,0.06012004112184855
C2,335,EIGCM (MF1),36,0.016500705127921386
C2,335,Jones dcglare,36,0.021764257160277713
C2,335,Raytraverse Balanced,36,0.0603310725241578
C2,336,EIGCM (MF1),36,0.011980739670299983
C2,336,Jones dcglare,36,0.009422714744955414
C2,336,Raytraverse Balanced,36,0.06771326276439835
C2,337,EIGCM (MF1),36,0.00886119058378852
C2,337,Jones dcglare,36,0.008723991585276173
C2,337,Raytraverse Balanced,36,0.03370540727261404
C2,338,EIGCM (MF1),36,0.007103500969631492
C2,338,Jones dcglare,36,0.003903465721723026
C2,338,Raytraverse Balanced,36,0.02700461109200818
C2,339,EIGCM (MF1),36,0.009580695377859235
C2,339,Jones dcglare,36,0.004879352498887815
C2,339,Raytraverse Balanced,36,0.018954036983119923
C2,340,EIGCM (MF1),36,0.009852222162876081
C2,340,Jones dcglare,36,0.012644839563761438
C2,340,Raytraverse Balanced,36,0.015816436916763387
C2,341,EIGCM (MF1),36,0.017187505239409304
C2,341,Jones dcglare,36,0.021235355314367172
C2,341,Raytraverse Balanced,36,0.044885551887416004
C2,342,EIGCM (MF1),36,0.019895480096222024
C2,342,Jones dcglare,36,0.021829317277092124
C2,342,Raytraverse Balanced,36,0.047064956406113787
C2,343,EIGCM (MF1),36,0.013457675139766898
C2,343,Jones dcglare,36,0.017286318901723184
C2,343,Raytraverse Balanced,36,0.04469451329833068
C2,344,EIGCM (MF1),36,0.011832598384970229
C2,344,Jones dcglare,36,0.0067648308594694785
C2,344,Raytraverse Balanced,36,0.03152572525062482
C2,345,EIGCM (MF1),36,0.00896702763794794
C2,345,Jones dcglare,36,0.010243138676140597
C2,345,Raytraverse Balanced,36,0.021563354087130095
C2,346,EIGCM (MF1),36,0.009026518639511273
C2,346,Jones dcglare,36,0.01674822530324084
C2,346,Raytraverse Balanced,36,0.02665123660021811
C2,347,EIGCM (MF1),36,0.013123886423500647
C2,347,Jones dcglare,36,0.010211780048916822
C2,347,Raytraverse Balanced,36,0.02886237477020848
C2,348,EIGCM (MF1),36,0.012871476823819058
C2,348,Jones dcglare,36,0.010411648938577036
C2,348,Raytraverse Balanced,36,0.027287787721005194
C2,349,EIGCM (MF1),36,0.008710782088244941
C2,349,Jones dcglare,36,0.008152870325608073
C2,349,Raytraverse Balanced,36,0.01985801301959978
C2,350,EIGCM (MF1),36,0.017856253005701143
C2,350,Jones dcglare,36,0.02228699449899176
C2,350,Raytraverse Balanced,36,0.020371997460609574
C2,351,EIGCM (MF1),36,0.013216111821108944
C2,351,Jones dcglare,36,0.01493408037986698
C2,351,Raytraverse Balanced,36,0.010907048226907386
C2,352,EIGCM (MF1),36,0.013090891340164732
C2,352,Jones dcglare,36,0.022728674496855106
C2,352,Raytraverse Balanced,36,0.028969790802652325
C2,353,EIGCM (MF1),36,0.012455910061147234
C2,353,Jones dcglare,36,0.010380136725158858
C2,353,Raytraverse Balanced,36,0.03402486638348089
C2,354,EIGCM (MF1),36,0.011985426358313483
C2,354,Jones dcglare,36,0.009577357759672174
C2,354,Raytraverse Balanced,36,0.035422841366944645
C2,355,EIGCM (MF1),36,0.018410723128926793
C2,355,Jones dcglare,36,0.007137626018041439
C2,355,Raytraverse Balanced,36,0.04658575796872906
C2,356,EIGCM (MF1),36,0.013482205942422358
C2,356,Jones dcglare,36,0.009065417346238275
C2,356,Raytraverse Balanced,36,0.0537556284556453
C2,357,EIGCM (MF1),36,0.013909181495179132
C2,357,Jones dcglare,36,0.011894567071726954
C2,357,Raytraverse Balanced,36,0.034712478025002214
C2,358,EIGCM (MF1),36,0.016887064078204624
C2,358,Jones dcglare,36,0.01305509089968621
C2,358,Raytraverse Balanced,36,0.0446062248601745
C2,359,EIGCM (MF1),36,0.014420979680370764
C2,359,Jones dcglare,36,0.013348214276278572
C2,359,Raytraverse Balanced,36,0.045654860555441594
C2,360,EIGCM (MF1),36,0.011708640604212396
C2,360,Jones dcglare,36,0.0164404714690065
C2,360,Raytraverse Balanced,36,0.07556821800120285
C2,361,EIGCM (MF1),36,0.008783637174694013
C2,361,Jones dcglare,36,0.012174854176427425
C2,361,Raytraverse Balanced,36,0.024520810864978045
C2,362,EIGCM (MF1),36,0.01400544264370502
C2,362,Jones dcglare,36,0.0070522613851210555
C2,362,Raytraverse Balanced,36,0.02436261946144743
C2,363,EIGCM (MF1),36,0.013382549159602096
C2,363,Jones dcglare,36,0.010365999894138826
C2,363,Raytraverse Balanced,36,0.027507779592051574
C2,364,EIGCM (MF1),36,0.016024960537938938
C2,364,Jones dcglare,36,0.01477864905381222
C2,364,Raytraverse Balanced,36,0.024451633072706456
C2,365,EIGCM (MF1),36,0.014389240171478827
C2,365,Jones dcglare,36,0.017006598210743094
C2,365,Raytraverse Balanced,36,0.019519051479880218
C2,366,EIGCM (MF1),36,0.01287603144549118
C2,366,Jones dcglare,36,0.018151704282400122
C2,366,Raytraverse Balanced,36,0.03384628344710998
C2,367,EIGCM (MF1),36,0.011590248542177361
C2,367,Jones dcglare,36,0.021073553676450127
C2,367,Raytraverse Balanced,36,0.045288655008514124
C2,368,EIGCM (MF1),36,0.009963461062217956
C2,368,Jones dcglare,36,0.01955743508081048
C2,368,Raytraverse Balanced,36,0.03915179017757325
C2,369,EIGCM (MF1),36,0.0087014548287756
C2,369,Jones dcglare,36,0.013627940285193192
C2,369,Raytraverse Balanced,36,0.02836063296177178
C2,370,EIGCM (MF1),36,0.007653366862078126
C2,370,Jones dcglare,36,0.0071000572907076315
C2,370,Raytraverse Balanced,36,0.022547244764318273
C2,371,EIGCM (MF1),36,0.006284985646054504
C2,371,Jones dcglare,36,0.010800681684543494
C2,371,Raytraverse Balanced,36,0.029284438102616897
C2,372,EIGCM (MF1),36,0.01251393218403658
C2,372,Jones dcglare,36,0.01717018372775689
C2,372,Raytraverse Balanced,36,0.02444060777783666
C2,373,EIGCM (MF1),36,0.016671069154876265
C2,373,Jones dcglare,36,0.02148661218426689
C2,373,Raytraverse Balanced,36,0.018723714337239468
C2,374,EIGCM (MF1),36,0.012579516577522619
C2,374,Jones dcglare,36,0.022619791394231134
C2,374,Raytraverse Balanced,36,0.022828182046027136
C2,375,EIGCM (MF1),36,0.01652832797004216
C2,375,Jones dcglare,36,0.023355611352912302
C2,375,Raytraverse Balanced,36,0.02824084541008467
C2,376,EIGCM (MF1),36,0.015147619215728996
C2,376,Jones dcglare,36,0.02311757870942838
C2,376,Raytraverse Balanced,36,0.05364420429807987
C2,377,EIGCM (MF1),36,0.006236819434860657
C2,377,Jones dcglare,36,0.01149891510155124
C2,377,Raytraverse Balanced,36,0.03306879757395213
C2,378,EIGCM (MF1),36,0.006787097854630751
C2,378,Jones dcglare,36,0.005498854780879376
C2,378,Raytraverse Balanced,36,0.026341437988968274
C2,379,EIGCM (MF1),36,0.00909155057218881
C2,379,Jones dcglare,36,0.009214951473932939
C2,379,Raytraverse Balanced,36,0.029191678274156852
C2,380,EIGCM (MF1),36,0.006465478662696045
C2,380,Jones dcglare,36,0.010317030455260475
C2,380,Raytraverse Balanced,36,0.029346655579684553
C2,381,EIGCM (MF1),36,0.015315243026565978
C2,381,Jones dcglare,36,0.019281902962611445
C2,381,Raytraverse Balanced,36,0.045857301078727944
C2,382,EIGCM (MF1),36,0.012744744680172209
C2,382,Jones dcglare,36,0.024187815160296857
C2,382,Raytraverse Balanced,36,0.08270812786086891
C2,383,EIGCM (MF1),36,0.015941546214747953
C2,383,Jones dcglare,36,0.022501946386476394
C2,383,Raytraverse Balanced,36,0.09647374465244254
C2,384,EIGCM (MF1),36,0.014757179141645305
C2,384,Jones dcglare,36,0.024488233899812018
C2,384,Raytraverse Balanced,36,0.09192048167451959
C2,385,EIGCM (MF1),36,0.012278630249882651
C2,385,Jones dcglare,36,0.01003652870778828
C2,385,Raytraverse Balanced,36,0.02203469375396243
C2,386,EIGCM (MF1),36,0.008840327463423255
C2,386,Jones dcglare,36,0.010899123704035542
C2,386,Raytraverse Balanced,36,0.023416372376833902
C2,387,EIGCM (MF1),36,0.004902821773733978
C2,387,Jones dcglare,36,0.007844652724781525
C2,387,Raytraverse Balanced,36,0.02319377867688739
C2,388,EIGCM (MF1),36,0.011379512774694903
C2,388,Jones dcglare,36,0.009608904630685892
C2,388,Raytraverse Balanced,36,0.019763889012789276
C2,389,EIGCM (MF1),36,0.015225498442515953
C2,389,Jones dcglare,36,0.02163865431407268
C2,389,Raytraverse Balanced,36,0.02167568106226147
C2,390,EIGCM (MF1),36,0.020753878284451643
C2,390,Jones dcglare,36,0.02315642833171704
C2,390,Raytraverse Balanced,36,0.025158995179179015
C2,391,EIGCM (MF1),36,0.013891890847601231
C2,391,Jones dcglare,36,0.019504946733057724
C2,391,Raytraverse Balanced,36,0.030031778431081603
C2,392,EIGCM (MF1),36,0.015982802346115647
C2,392,Jones dcglare,36,0.028176848762099898
C2,392,Raytraverse Balanced,36,0.028958814683215234
C2,393,EIGCM (MF1),36,0.012524194316956632
C2,393,Jones dcglare,36,0.016021433148094493
C2,393,Raytraverse Balanced,36,0.021514798423907744
C2,394,EIGCM (MF1),36,0.014116778646082824
C2,394,Jones dcglare,36,0.00900310595658027
C2,394,Raytraverse Balanced,36,0.02420342328232408
C2,395,EIGCM (MF1),36,0.009950600141155641
C2,395,Jones dcglare,36,0.008637044018319032
C2,395,Raytraverse Balanced,36,0.02503209611923987
C2,396,EIGCM (MF1),36,0.011749306392802273
C2,396,Jones dcglare,36,0.008736041806095749
C2,396,Raytraverse Balanced,36,0.020367946358577797
C2,397,EIGCM (MF1),36,0.01727162392038521
C2,397,Jones dcglare,36,0.02489769049529472
C2,397,Raytraverse Balanced,36,0.023236677171672358
C2,398,EIGCM (MF1),36,0.01400667378616153
C2,398,Jones dcglare,36,0.021282999106747733
C2,398,Raytraverse Balanced,36,0.028613201455717076
C2,399,EIGCM (MF1),36,0.015039464382832922
C2,399,Jones dcglare,36,0.021056892873952886
C2,399,Raytraverse Balanced,36,0.028805614363129905
C2,400,EIGCM (MF1),36,0.016499131746802127
C2,400,Jones dcglare,36,0.023446697810424893
C2,400,Raytraverse Balanced,36,0.02934812209315004
C2,401,EIGCM (MF1),36,0.0054072660721220505
C2,401,Jones dcglare,36,0.019882970416919592
C2,401,Raytraverse Balanced,36,0.03938130067678406
C2,402,EIGCM (MF1),36,0.010799117115520236
C2,402,Jones dcglare,36,0.008874364673571937
C2,402,Raytraverse Balanced,36,0.02230555091627075
C2,403,EIGCM (MF1),36,0.012007424472268075
C2,403,Jones dcglare,36,0.009912709584363287
C2,403,Raytraverse Balanced,36,0.025060690712483416
C2,404,EIGCM (MF1),36,0.011349784279178566
C2,404,Jones dcglare,36,0.010534805713019424
C2,404,Raytraverse Balanced,36,0.022289397069177798
C2,405,EIGCM (MF1),36,0.01921149629382105
C2,405,Jones dcglare,36,0.026998135661532616
C2,405,Raytraverse Balanced,36,0.03661539321209754
C2,406,EIGCM (MF1),36,0.013664342682324677
C2,406,Jones dcglare,36,0.02530810626696569
C2,406,Raytraverse Balanced,36,0.07507241933627795
C2,407,EIGCM (MF1),36,0.020633108568188816
C2,407,Jones dcglare,36,0.022204715475997942
C2,407,Raytraverse Balanced,36,0.06739363061691331
C2,408,EIGCM (MF1),36,0.015765812993969997
C2,408,Jones dcglare,36,0.016154453966441
C2,408,Raytraverse Balanced,36,0.07854675489571304
C2,409,EIGCM (MF1),36,0.007210437669737296
C2,409,Jones dcglare,36,0.013749644717563911
C2,409,Raytraverse Balanced,36,0.022416976993705567
C2,410,EIGCM (MF1),36,0.009294482889446959
C2,410,Jones dcglare,36,0.008833917381719103
C2,410,Raytraverse Balanced,36,0.020799847280948032
C2,411,EIGCM (MF1),36,0.0056589701249923205
C2,411,Jones dcglare,36,0.007881987856507781
C2,411,Raytraverse Balanced,36,0.02166946831103596
C2,412,EIGCM (MF1),36,0.008472028087149168
C2,412,Jones dcglare,36,0.007813263397889871
C2,412,Raytraverse Balanced,36,0.021709216840585948
C2,413,EIGCM (MF1),36,0.018525792575450346
C2,413,Jones dcglare,36,0.023967063143840013
C2,413,Raytraverse Balanced,36,0.021996796299791274
C2,414,EIGCM (MF1),36,0.019468931536760187
C2,414,Jones dcglare,36,0.03301806837773802
C2,414,Raytraverse Balanced,36,0.026367754601480043
C2,415,EIGCM (MF1),36,0.019189932606903555
C2,415,Jones dcglare,36,0.0320434674964698
C2,415,Raytraverse Balanced,36,0.03328325940882756
C2,416,EIGCM (MF1),36,0.012102503372213726
C2,416,Jones dcglare,36,0.02253835786482815
C2,416,Raytraverse Balanced,36,0.027988507482643858
C2,417,EIGCM (MF1),36,0.004777048869391596
C2,417,Jones dcglare,36,0.005830993973097793
C2,417,Raytraverse Balanced,36,0.02775013533336319
C2,418,EIGCM (MF1),36,0.005856307130517016
C2,418,Jones dcglare,36,0.0050390377323839206
C2,418,Raytraverse Balanced,36,0.02041423585925341
C2,419,EIGCM (MF1),36,0.005643296638736774
C2,419,Jones dcglare,36,0.005147793264282445
C2,419,Raytraverse Balanced,36,0.018322739493619893
C2,420,EIGCM (MF1),36,0.013554669854108912
C2,420,Jones dcglare,36,0.01362759357128366
C2,420,Raytraverse Balanced,36,0.01631878741308065
C2,421,EIGCM (MF1),36,0.02288805510602395
C2,421,Jones dcglare,36,0.02369891406821975
C2,421,Raytraverse Balanced,36,0.028717003342922535
C2,422,EIGCM (MF1),36,0.015577385777760232
C2,422,Jones dcglare,36,0.022862747675111025
C2,422,Raytraverse Balanced,36,0.05728268310691208
C2,423,EIGCM (MF1),36,0.018491876999412165
C2,423,Jones dcglare,36,0.024962008717716515
C2,423,Raytraverse Balanced,36,0.05336257746880858
C2,424,EIGCM (MF1),36,0.01642481171138484
C2,424,Jones dcglare,36,0.012602844140975237
C2,424,Raytraverse Balanced,36,0.07361835908749519
C2,425,EIGCM (MF1),36,0.005804915890265385
C2,425,Jones dcglare,36,0.0045868443298282815
C2,425,Raytraverse Balanced,36,0.025029182286820443
C2,426,EIGCM (MF1),36,0.010541251000882728
C2,426,Jones dcglare,36,0.004372850676828437
C2,426,Raytraverse Balanced,36,0.023267008036135572
C2,427,EIGCM (MF1),36,0.009326261371167616
C2,427,Jones dcglare,36,0.006082314545712519
C2,427,Raytraverse Balanced,36,0.02126403368909838
C2,428,EIGCM (MF1),36,0.01861828874512759
C2,428,Jones dcglare,36,0.011507021862161673
C2,428,Raytraverse Balanced,36,0.018014608412526393
C2,429,EIGCM (MF1),36,0.019917056656223633
C2,429,Jones dcglare,36,0.023290587211558415
C2,429,Raytraverse Balanced,36,0.01917564479489115
C2,430,EIGCM (MF1),36,0.016101794202751995
C2,430,Jones dcglare,36,0.029110871339369973
C2,430,Raytraverse Balanced,36,0.019299392826357835
C2,431,EIGCM (MF1),36,0.015182888639462955
C2,431,Jones dcglare,36,0.024852752514904267
C2,431,Raytraverse Balanced,36,0.021091863623230865
C2,432,EIGCM (MF1),36,0.00867473669313817
C2,432,Jones dcglare,36,0.01063127562086677
C2,432,Raytraverse Balanced,36,0.02234417085093391
C2,433,EIGCM (MF1),36,0.007492772551469552
C2,433,Jones dcglare,36,0.015783414320156793
C2,433,Raytraverse Balanced,36,0.02319741436697879
C2,434,EIGCM (MF1),36,0.013264532894024825
C2,434,Jones dcglare,36,0.012760160234601615
C2,434,Raytraverse Balanced,36,0.029157904154261925
C2,435,EIGCM (MF1),36,0.009596851757882769
C2,435,Jones dcglare,36,0.01883025357447446
C2,435,Raytraverse Balanced,36,0.030224918970421066
C2,436,EIGCM (MF1),36,0.010512058114758279
C2,436,Jones dcglare,36,0.015036968679465633
C2,436,Raytraverse Balanced,36,0.028101924351745612
C2,437,EIGCM (MF1),36,0.010856302320567326
C2,437,Jones dcglare,36,0.011695274252701148
C2,437,Raytraverse Balanced,36,0.02380225306678002
C2,438,EIGCM (MF1),36,0.01764765504903476
C2,438,Jones dcglare,36,0.019828293402744803
C2,438,Raytraverse Balanced,36,0.0217165612416057
C2,439,EIGCM (MF1),36,0.01582414246495244
C2,439,Jones dcglare,36,0.02285295796135304
C2,439,Raytraverse Balanced,36,0.023932380693104896
C2,440,EIGCM (MF1),36,0.016963578332161777
C2,440,Jones dcglare,36,0.020522247456523382
C2,440,Raytraverse Balanced,36,0.02630221374207593
C2,441,EIGCM (MF1),36,0.0065082344829881095
C2,441,Jones dcglare,36,0.02149257446386316
C2,441,Raytraverse Balanced,36,0.03252514500826267
C2,442,EIGCM (MF1),36,0.020988184526226757
C2,442,Jones dcglare,36,0.012850682037066168
C2,442,Raytraverse Balanced,36,0.05092105407269418
C2,443,EIGCM (MF1),36,0.01976836881011627
C2,443,Jones dcglare,36,0.01713798615377021
C2,443,Raytraverse Balanced,36,0.0644739993293435
C2,444,EIGCM (MF1),36,0.014024142578454957
C2,444,Jones dcglare,36,0.01398755364336263
C2,444,Raytraverse Balanced,36,0.06264648693514363
C2,445,EIGCM (MF1),36,0.015350801052125732
C2,445,Jones dcglare,36,0.016194247580823523
C2,445,Raytraverse Balanced,36,0.13792967190235245
C2,446,EIGCM (MF1),36,0.013663646061630112
C2,446,Jones dcglare,36,0.023841920961545634
C2,446,Raytraverse Balanced,36,0.1551659632324133
C2,447,EIGCM (MF1),36,0.017328913905001214
C2,447,Jones dcglare,36,0.021159557148604194
C2,447,Raytraverse Balanced,36,0.12029097544380196
C2,448,EIGCM (MF1),36,0.015592232418098432
C2,448,Jones dcglare,36,0.024171712455936654
C2,448,Raytraverse Balanced,36,0.05512731911131661
C2,449,EIGCM (MF1),36,0.00794401715744483
C2,449,Jones dcglare,36,0.015047934172799367
C2,449,Raytraverse Balanced,36,0.04260781130320267
C2,450,EIGCM (MF1),36,0.00945999029314454
C2,450,Jones dcglare,36,0.012496340843770696
C2,450,Raytraverse Balanced,36,0.02879391069121159
C2,451,EIGCM (MF1),36,0.011996467385605185
C2,451,Jones dcglare,36,0.015116152603353823
C2,451,Raytraverse Balanced,36,0.03391510893366918
C2,452,EIGCM (MF1),36,0.011903246114960964
C2,452,Jones dcglare,36,0.011366457017121691
C2,452,Raytraverse Balanced,36,0.029208104704805768
C2,453,EIGCM (MF1),36,0.016160915060115803
C2,453,Jones dcglare,36,0.012173942266585787
C2,453,Raytraverse Balanced,36,0.027568190573678847
C2,454,EIGCM (MF1),36,0.01346822750742156
C2,454,Jones dcglare,36,0.02671490538737051
C2,454,Raytraverse Balanced,36,0.02678033834768715
C2,455,EIGCM (MF1),36,0.01581153478798521
C2,455,Jones dcglare,36,0.030020227821768438
C2,455,Raytraverse Balanced,36,0.050682659641446345
C2,456,EIGCM (MF1),36,0.012775023326332268
C2,456,Jones dcglare,36,0.032210213924335526
C2,456,Raytraverse Balanced,36,0.05591575130857965
C2,457,EIGCM (MF1),36,0.006764652009999399
C2,457,Jones dcglare,36,0.010447458701360903
C2,457,Raytraverse Balanced,36,0.041636349338440556
C2,458,EIGCM (MF1),36,0.009620969817019489
C2,458,Jones dcglare,36,0.01207749863395885
C2,458,Raytraverse Balanced,36,0.0273026186490035
C2,459,EIGCM (MF1),36,0.014289233098512015
C2,459,Jones dcglare,36,0.012775840771843117
C2,459,Raytraverse Balanced,36,0.03638562269766853
C2,460,EIGCM (MF1),36,0.013101053711364415
C2,460,Jones dcglare,36,0.010554449816168508
C2,460,Raytraverse Balanced,36,0.03566806144915223
C2,461,EIGCM (MF1),36,0.014588379576728953
C2,461,Jones dcglare,36,0.01857439919396774
C2,461,Raytraverse Balanced,36,0.028096763568906148
C2,462,EIGCM (MF1),36,0.015699849200425806
C2,462,Jones dcglare,36,0.023545976670078125
C2,462,Raytraverse Balanced,36,0.03634836199885679
C2,463,EIGCM (MF1),36,0.01534433829571459
C2,463,Jones dcglare,36,0.026144309748550393
C2,463,Raytraverse Balanced,36,0.045150624749439414
C2,464,EIGCM (MF1),36,0.014493453731273143
C2,464,Jones dcglare,36,0.030291696340801335
C2,464,Raytraverse Balanced,36,0.07459282774836581
C2,465,EIGCM (MF1),36,0.005258975731230055
C2,465,Jones dcglare,36,0.015335166771583293
C2,465,Raytraverse Balanced,36,0.02693176818455777
C2,466,EIGCM (MF1),36,0.013602464711302217
C2,466,Jones dcglare,36,0.008205799369912108
C2,466,Raytraverse Balanced,36,0.030186853553026922
C2,467,EIGCM (MF1),36,0.006406466735499025
C2,467,Jones dcglare,36,0.01249612825503063
C2,467,Raytraverse Balanced,36,0.041937808760471935
C2,468,EIGCM (MF1),36,0.008841559253902998
C2,468,Jones dcglare,36,0.01514834122070475
C2,468,Raytraverse Balanced,36,0.03782204026184713
C2,469,EIGCM (MF1),36,0.014231168139070657
C2,469,Jones dcglare,36,0.02094492794773348
C2,469,Raytraverse Balanced,36,0.04551197199789053
C2,470,EIGCM (MF1),36,0.020990238090055627
C2,470,Jones dcglare,36,0.02730268534579698
C2,470,Raytraverse Balanced,36,0.07526743453713168
C2,471,EIGCM (MF1),36,0.014552470906945666
C2,471,Jones dcglare,36,0.02940552315834208
C2,471,Raytraverse Balanced,36,0.0836857301193837
C2,472,EIGCM (MF1),36,0.021566252960444673
C2,472,Jones dcglare,36,0.022341638546340383
C2,472,Raytraverse Balanced,36,0.06904094726810642
C2,473,EIGCM (MF1),36,0.005969388788086536
C2,473,Jones dcglare,36,0.014136686250427176
C2,473,Raytraverse Balanced,36,0.021432253311360276
C2,474,EIGCM (MF1),36,0.014794482773524433
C2,474,Jones dcglare,36,0.010140874952519575
C2,474,Raytraverse Balanced,36,0.02382486888179392
C2,475,EIGCM (MF1),36,0.013764907941361851
C2,475,Jones dcglare,36,0.011679797986696824
C2,475,Raytraverse Balanced,36,0.025435913770546843
C2,476,EIGCM (MF1),36,0.006930277247420279
C2,476,Jones dcglare,36,0.006412344482409613
C2,476,Raytraverse Balanced,36,0.023260604666949646
C2,477,EIGCM (MF1),36,0.014280362102347644
C2,477,Jones dcglare,36,0.017363058955181095
C2,477,Raytraverse Balanced,36,0.02015977488151688
C2,478,EIGCM (MF1),36,0.020226889891202585
C2,478,Jones dcglare,36,0.02429947896157544
C2,478,Raytraverse Balanced,36,0.022967181406973892
C2,479,EIGCM (MF1),36,0.014436552356970674
C2,479,Jones dcglare,36,0.023539367084122912
C2,479,Raytraverse Balanced,36,0.02802682569721556
C2,480,EIGCM (MF1),36,0.014733771388802658
C2,480,Jones dcglare,36,0.026175415490324764
C2,480,Raytraverse Balanced,36,0.029083271606595535
C2,481,EIGCM (MF1),36,0.01076131759666951
C2,481,Jones dcglare,36,0.00818320099407554
C2,481,Raytraverse Balanced,36,0.02138774776837067
C2,482,EIGCM (MF1),36,0.009678170812667369
C2,482,Jones dcglare,36,0.009744259599743838
C2,482,Raytraverse Balanced,36,0.02737813712052927
C2,483,EIGCM (MF1),36,0.016626448113873673
C2,483,Jones dcglare,36,0.011837832112769722
C2,483,Raytraverse Balanced,36,0.02983834947878489
C2,484,EIGCM (MF1),36,0.010445216130802015
C2,484,Jones dcglare,36,0.018234842688457036
C2,484,Raytraverse Balanced,36,0.02544300295107325
C2,485,EIGCM (MF1),36,0.016309382817236425
C2,485,Jones dcglare,36,0.01956790655105197
C2,485,Raytraverse Balanced,36,0.021879887088774454
C2,486,EIGCM (MF1),36,0.01944567030250208
C2,486,Jones dcglare,36,0.02567071411593261
C2,486,Raytraverse Balanced,36,0.02368770526633922
C2,487,EIGCM (MF1),36,0.017621335433975115
C2,487,Jones dcglare,36,0.023727215461880714
C2,487,Raytraverse Balanced,36,0.026632264107683577
C2,488,EIGCM (MF1),36,0.01566328597652804
C2,488,Jones dcglare,36,0.03478775249171392
C2,488,Raytraverse Balanced,36,0.02644496118652354
C2,489,EIGCM (MF1),36,0.005758490411509295
C2,489,Jones dcglare,36,0.012806720924182962
C2,489,Raytraverse Balanced,36,0.03379646326853152
C2,490,EIGCM (MF1),36,0.0171627056368922
C2,490,Jones dcglare,36,0.01238806903548509
C2,490,Raytraverse Balanced,36,0.031189307781723134
C2,491,EIGCM (MF1),36,0.01438072563343611
C2,491,Jones dcglare,36,0.018050767946092727
C2,491,Raytraverse Balanced,36,0.03880621825370545
C2,492,EIGCM (MF1),36,0.01710567749744705
C2,492,Jones dcglare,36,0.01235132215609571
C2,492,Raytraverse Balanced,36,0.03176475537071482
C2,493,EIGCM (MF1),36,0.017769634469736718
C2,493,Jones dcglare,36,0.018886066840529698
C2,493,Raytraverse Balanced,36,0.03077725950999293
C2,494,EIGCM (MF1),36,0.023765092858147818
C2,494,Jones dcglare,36,0.024975281423566028
C2,494,Raytraverse Balanced,36,0.06579359886958094
C2,495,EIGCM (MF1),36,0.019614779998624623
C2,495,Jones dcglare,36,0.026402946704524873
C2,495,Raytraverse Balanced,36,0.06440732659208862
C2,496,EIGCM (MF1),36,0.017217536091027472
C2,496,Jones dcglare,36,0.02379582695811209
C2,496,Raytraverse Balanced,36,0.06600248763557907
C2,497,EIGCM (MF1),36,0.007757432625374339
C2,497,Jones dcglare,36,0.011891705294466695
C2,497,Raytraverse Balanced,36,0.022539325659135738
C2,498,EIGCM (MF1),36,0.012480772209282565
C2,498,Jones dcglare,36,0.009493322136125769
C2,498,Raytraverse Balanced,36,0.02262050815943429
C2,499,EIGCM (MF1),36,0.019880971995289858
C2,499,Jones dcglare,36,0.020168056052637138
C2,499,Raytraverse Balanced,36,0.024587925674044258
C2,500,EIGCM (MF1),36,0.015519384933106872
C2,500,Jones dcglare,36,0.010524619599385901
C2,500,Raytraverse Balanced,36,0.023007770824133772
C2,501,EIGCM (MF1),36,0.017841688955684346
C2,501,Jones dcglare,36,0.023127192649555955
C2,501,Raytraverse Balanced,36,0.023711082295497038
C2,502,EIGCM (MF1),36,0.016507439610512657
C2,502,Jones dcglare,36,0.029074347469083137
C2,502,Raytraverse Balanced,36,0.025249177101196073
C2,503,EIGCM (MF1),36,0.01831700617073137
C2,503,Jones dcglare,36,0.032593164894337084
C2,503,Raytraverse Balanced,36,0.028508374214415638
C2,504,EIGCM (MF1),36,0.012190979051798459
C2,504,Jones dcglare,36,0.036783563069829196
C2,504,Raytraverse Balanced,36,0.022822217344970867
C2,505,EIGCM (MF1),36,0.007747747058428592
C2,505,Jones dcglare,36,0.007627596443768976
C2,505,Raytraverse Balanced,36,0.025896617871501475
C2,506,EIGCM (MF1),36,0.006558893721208721
C2,506,Jones dcglare,36,0.01178045571017593
C2,506,Raytraverse Balanced,36,0.02535937392108707
C2,507,EIGCM (MF1),36,0.021870040619570565
C2,507,Jones dcglare,36,0.019394871202870523
C2,507,Raytraverse Balanced,36,0.028718102172156645
C2,508,EIGCM (MF1),36,0.014002819414605606
C2,508,Jones dcglare,36,0.014115230321991447
C2,508,Raytraverse Balanced,36,0.021999241557085738
C2,509,EIGCM (MF1),36,0.02109057109674051
C2,509,Jones dcglare,36,0.025226448401059975
C2,509,Raytraverse Balanced,36,0.0243344725371023
C2,510,EIGCM (MF1),36,0.01744496321217579
C2,510,Jones dcglare,36,0.028385806652480736
C2,510,Raytraverse Balanced,36,0.04712177970383806
C2,511,EIGCM (MF1),36,0.02079796045866704
C2,511,Jones dcglare,36,0.03276536774069477
C2,511,Raytraverse Balanced,36,0.0447694345466181
C2,512,EIGCM (MF1),36,0.012037681393060435
C2,512,Jones dcglare,36,0.02348893469827058
C2,512,Raytraverse Balanced,36,0.06049643471718453
C2,513,EIGCM (MF1),36,0.010625197279724058
C2,513,Jones dcglare,36,0.005202038452501102
C2,513,Raytraverse Balanced,36,0.02222999454873015
C2,514,EIGCM (MF1),36,0.014507824095734607
C2,514,Jones dcglare,36,0.0033112138187797215
C2,514,Raytraverse Balanced,36,0.021642755124956045
C2,515,EIGCM (MF1),36,0.012674614708652004
C2,515,Jones dcglare,36,0.014728265398299438
C2,515,Raytraverse Balanced,36,0.02120313160308735
C2,516,EIGCM (MF1),36,0.010423876814567492
C2,516,Jones dcglare,36,0.01640203632041765
C2,516,Raytraverse Balanced,36,0.01959072855820458
C2,517,EIGCM (MF1),36,0.01996679540958077
C2,517,Jones dcglare,36,0.024320576789336967
C2,517,Raytraverse Balanced,36,0.017591367322877357
C2,518,EIGCM (MF1),36,0.019699248415027012
C2,518,Jones dcglare,36,0.03419042081269767
C2,518,Raytraverse Balanced,36,0.017456207812855975
C2,519,EIGCM (MF1),36,0.01865014110333872
C2,519,Jones dcglare,36,0.03908161026309223
C2,519,Raytraverse Balanced,36,0.017928147445790524
C2,520,EIGCM (MF1),36,0.007596228146897788
C2,520,Jones dcglare,36,0.02108125279984974
C2,520,Raytraverse Balanced,36,0.018473846550860845
C3,1,EIGCM (MF1),36,0.0004956343186037215
C3,1,Jones dcglare,36,0.11289852159190664
C3,1,Raytraverse Balanced,36,0.0015125102908346002
C3,1,Raytraverse High,36,0.001319484140766135
C3,2,EIGCM (MF1),36,0.010569072514088234
C3,2,Jones dcglare,36,0.07894241930667276
C3,2,Raytraverse Balanced,36,0.00783640718556289
C3,2,Raytraverse High,36,0.005917562965879857
C3,3,EIGCM (MF1),36,0.0005004248159203201
C3,3,Jones dcglare,36,0.0010267078447437391
C3,3,Raytraverse Balanced,36,0.0010778001701395204
C3,3,Raytraverse High,36,0.0010546678928998873
C3,4,EIGCM (MF1),36,0.00035379644218109325
C3,4,Jones dcglare,36,0.0011006108041497274
C3,4,Raytraverse Balanced,36,0.0010398783038947936
C3,4,Raytraverse High,36,0.001007363165649972
C3,5,EIGCM (MF1),36,0.00021315111293268734
C3,5,Jones dcglare,36,0.0009915147012455785
C3,5,Raytraverse Balanced,36,0.0009989272522102537
C3,5,Raytraverse High,36,0.0009669640547553387
C3,6,EIGCM (MF1),36,0.0007282792365493415
C3,6,Jones dcglare,36,0.06387503484789374
C3,6,Raytraverse Balanced,36,0.0009804876849940527
C3,6,Raytraverse High,36,0.0009580882219135375
C3,7,EIGCM (MF1),36,0.0013905307184269274
C3,7,Jones dcglare,36,0.09936676655879277
C3,7,Raytraverse Balanced,36,0.0014833534841786696
C3,7,Raytraverse High,36,0.001312164822986553
C3,8,EIGCM (MF1),36,0.001830340055760739
C3,8,Jones dcglare,36,0.10418469994066745
C3,8,Raytraverse Balanced,36,0.0015532217069834035
C3,8,Raytraverse High,36,0.0014318742452250767
C3,9,EIGCM (MF1),36,0.008088822014222946
C3,9,Jones dcglare,36,0.11661334299369801
C3,9,Raytraverse Balanced,36,0.04197049040470905
C3,9,Raytraverse High,36,0.04195110790804152
C3,10,EIGCM (MF1),36,0.0075530961613066
C3,10,Jones dcglare,36,0.0747365248648904
C3,10,Raytraverse Balanced,36,0.0072714237092426455
C3,10,Raytraverse High,36,0.005520520533579687
C3,11,EIGCM (MF1),36,0.0003141187023509806
C3,11,Jones dcglare,36,0.0011153986973312868
C3,11,Raytraverse Balanced,36,0.0012684178503345085
C3,11,Raytraverse High,36,0.0012569124356058155
C3,12,EIGCM (MF1),36,0.00022745663261866433
C3,12,Jones dcglare,36,0.000981792610064763
C3,12,Raytraverse Balanced,36,0.0014359145662356724
C3,12,Raytraverse High,36,0.0014153312961498144
C3,13,EIGCM (MF1),36,0.00032850908325003577
C3,13,Jones dcglare,36,0.060783572525636556
C3,13,Raytraverse Balanced,36,0.06876764731423389
C3,13,Raytraverse High,36,0.04560607652354702
C3,14,EIGCM (MF1),36,0.001239721781736176
C3,14,Jones dcglare,36,0.08900312695242958
C3,14,Raytraverse Balanced,36,0.08844912348786646
C3,14,Raytraverse High,36,0.06692285704249748
C3,15,EIGCM (MF1),36,0.0010990380057375355
C3,15,Jones dcglare,36,0.12130204144808511
C3,15,Raytraverse Balanced,36,0.09009493892147036
C3,15,Raytraverse High,36,0.07257474798341672
C3,16,EIGCM (MF1),36,0.005828910821237908
C3,16,Jones dcglare,36,0.12146175153890269
C3,16,Raytraverse Balanced,36,0.07627022338697367
C3,16,Raytraverse High,36,0.06565761486353966
C3,17,EIGCM (MF1),36,0.005774296573609637
C3,17,Jones dcglare,36,0.10615205938968537
C3,17,Raytraverse Balanced,36,0.005019407676381411
C3,17,Raytraverse High,36,0.005645486168321902
C3,18,EIGCM (MF1),36,0.007475924638631664
C3,18,Jones dcglare,36,0.07298956397659177
C3,18,Raytraverse Balanced,36,0.007378342603286473
C3,18,Raytraverse High,36,0.005615524586981071
C3,19,EIGCM (MF1),36,0.00042263061261842155
C3,19,Jones dcglare,36,0.0009856237404064375
C3,19,Raytraverse Balanced,36,0.0010121662536128988
C3,19,Raytraverse High,36,0.0010133722224253687
C3,20,EIGCM (MF1),36,0.003477358826513788
C3,20,Jones dcglare,36,0.04280012109894034
C3,20,Raytraverse Balanced,36,0.005345174487537542
C3,20,Raytraverse High,36,0.004891411526829162
C3,21,EIGCM (MF1),36,0.0009856808556356685
C3,21,Jones dcglare,36,0.08109023278861377
C3,21,Raytraverse Balanced,36,0.001318650847616398
C3,21,Raytraverse High,36,0.001382156795502152
C3,22,EIGCM (MF1),36,0.008061747952074521
C3,22,Jones dcglare,36,0.09905015637306076
C3,22,Raytraverse Balanced,36,0.0010816795373271215
C3,22,Raytraverse High,36,0.0010250324575904375
C3,23,EIGCM (MF1),36,0.0013840415968981753
C3,23,Jones dcglare,36,0.12063933451931434
C3,23,Raytraverse Balanced,36,0.0012828444174989928
C3,23,Raytraverse High,36,0.0012689637865214243
C3,24,EIGCM (MF1),36,0.005135875160114173
C3,24,Jones dcglare,36,0.1289204077556292
C3,24,Raytraverse Balanced,36,0.0030807642005006054
C3,24,Raytraverse High,36,0.003235248900733488
C3,25,EIGCM (MF1),36,0.00846187248618767
C3,25,Jones dcglare,36,0.06470532058109685
C3,25,Raytraverse Balanced,36,0.09948846473215524
C3,25,Raytraverse High,36,0.09957047402337935
C3,26,EIGCM (MF1),36,0.0008112958468469524
C3,26,Jones dcglare,36,0.0013169840597596874
C3,26,Raytraverse Balanced,36,0.09083782392211497
C3,26,Raytraverse High,36,0.08987826949792518
C3,27,EIGCM (MF1),36,0.0006440818902817337
C3,27,Jones dcglare,36,0.0011757138668828208
C3,27,Raytraverse Balanced,36,0.0012175999253802962
C3,27,Raytraverse High,36,0.0012020385562151374
C3,28,EIGCM (MF1),36,0.007943453659915322
C3,28,Jones dcglare,36,0.038655008430357705
C3,28,Raytraverse Balanced,36,0.005055643979220156
C3,28,Raytraverse High,36,0.004599572744739451
C3,29,EIGCM (MF1),36,0.001665884869721395
C3,29,Jones dcglare,36,0.07603087012669273
C3,29,Raytraverse Balanced,36,0.0013205716730853943
C3,29,Raytraverse High,36,0.0012869759538589314
C3,30,EIGCM (MF1),36,0.001239807172395056
C3,30,Jones dcglare,36,0.09173262703267109
C3,30,Raytraverse Balanced,36,0.03988081999082224
C3,30,Raytraverse High,36,0.040028774530874535
C3,31,EIGCM (MF1),36,0.0005577905164824657
C3,31,Jones dcglare,36,0.09389420813569983
C3,31,Raytraverse Balanced,36,0.08830506350840844
C3,31,Raytraverse High,36,0.08847302845754086
C3,32,EIGCM (MF1),36,0.0053709298291305645
C3,32,Jones dcglare,36,0.07726778465437442
C3,32,Raytraverse Balanced,36,0.1030498357843288
C3,32,Raytraverse High,36,0.10321047242993789
C3,33,EIGCM (MF1),36,0.0010647862164146701
C3,33,Jones dcglare,36,0.001395295782247741
C3,33,Raytraverse Balanced,36,0.04785280720639183
C3,33,Raytraverse High,36,0.04820442323663123
C3,34,EIGCM (MF1),36,0.00042897764834286814
C3,34,Jones dcglare,36,0.0010390168274463448
C3,34,Raytraverse Balanced,36,0.03978184318966202
C3,34,Raytraverse High,36,0.040035232381386586
C3,35,EIGCM (MF1),36,0.0003496064235520957
C3,35,Jones dcglare,36,0.0012453591842014893
C3,35,Raytraverse Balanced,36,0.0010856396289029076
C3,35,Raytraverse High,36,0.0010694538476445164
C3,36,EIGCM (MF1),36,0.006860059141346945
C3,36,Jones dcglare,36,0.03436080370522906
C3,36,Raytraverse Balanced,36,0.043535897047503574
C3,36,Raytraverse High,36,0.04354130255851363
C3,37,EIGCM (MF1),36,0.0009699547788714493
C3,37,Jones dcglare,36,0.04935635452701356
C3,37,Raytraverse Balanced,36,0.056891741084802626
C3,37,Raytraverse High,36,0.05688900942864194
C3,38,EIGCM (MF1),36,0.0004948164898334668
C3,38,Jones dcglare,36,0.04402769453415976
C3,38,Raytraverse Balanced,36,0.06171261361985094
C3,38,Raytraverse High,36,0.061734849825341456
C3,39,EIGCM (MF1),36,0.00044346063178646116
C3,39,Jones dcglare,36,0.05498959677722725
C3,39,Raytraverse Balanced,36,0.06846423275647351
C3,39,Raytraverse High,36,0.06881387664952411
C3,40,EIGCM (MF1),36,0.00481200700077998
C3,40,Jones dcglare,36,0.004568664685006745
C3,40,Raytraverse Balanced,36,0.04797555646527199
C3,40,Raytraverse High,36,0.04843108387384734
C3,41,EIGCM (MF1),36,0.000386858869256247
C3,41,Jones dcglare,36,0.04817367260527306
C3,41,Raytraverse Balanced,36,0.0014825308840159545
C3,41,Raytraverse High,36,0.0036305338017994433
C3,42,EIGCM (MF1),36,0.0016810864691224699
C3,42,Jones dcglare,36,0.04098289081353211
C3,42,Raytraverse Balanced,36,0.0018086148599503811
C3,42,Raytraverse High,36,0.002036148248442661
C3,43,EIGCM (MF1),36,0.00041360470056967636
C3,43,Jones dcglare,36,0.0011059868958159815
C3,43,Raytraverse Balanced,36,0.0010804248629358768
C3,43,Raytraverse High,36,0.0010746310741934755
C3,44,EIGCM (MF1),36,0.0010176974063214144
C3,44,Jones dcglare,36,0.0013198890505728984
C3,44,Raytraverse Balanced,36,0.001331771384176393
C3,44,Raytraverse High,36,0.0013327146142762738
C3,45,EIGCM (MF1),36,0.002332517907755475
C3,45,Jones dcglare,36,0.0023998349728737095
C3,45,Raytraverse Balanced,36,0.0023859428345397666
C3,45,Raytraverse High,36,0.0023910100774538964
C3,46,EIGCM (MF1),36,0.0014467201784457934
C3,46,Jones dcglare,36,0.0015465653819539396
C3,46,Raytraverse Balanced,36,0.00156981967043635
C3,46,Raytraverse High,36,0.001572141585036156
C3,47,EIGCM (MF1),36,0.00026302662940808915
C3,47,Jones dcglare,36,0.041137303077788644
C3,47,Raytraverse Balanced,36,0.001837627245121791
C3,47,Raytraverse High,36,0.0024153438205978075
C3,48,EIGCM (MF1),36,0.0006607590609796144
C3,48,Jones dcglare,36,0.048015328788576325
C3,48,Raytraverse Balanced,36,0.0015041419559927737
C3,48,Raytraverse High,36,0.004307944104446586
C3,49,EIGCM (MF1),36,0.00782916465334372
C3,49,Jones dcglare,36,0.11642680988284632
C3,49,Raytraverse Balanced,36,0.0064034323163031075
C3,49,Raytraverse High,36,0.005540832584397351
C3,50,EIGCM (MF1),36,0.004135503846167564
C3,50,Jones dcglare,36,0.0932732476033662
C3,50,Raytraverse Balanced,36,0.008101932326978136
C3,50,Raytraverse High,36,0.006630889171044704
C3,51,EIGCM (MF1),36,0.0017070630142798527
C3,51,Jones dcglare,36,0.001766132300331715
C3,51,Raytraverse Balanced,36,0.001838165414468248
C3,51,Raytraverse High,36,0.0017760717097079712
C3,52,EIGCM (MF1),36,0.0013621376518179091
C3,52,Jones dcglare,36,0.0015310647903438181
C3,52,Raytraverse Balanced,36,0.0016005716818496113
C3,52,Raytraverse High,36,0.0015904825076773984
C3,53,EIGCM (MF1),36,0.003501179587296259
C3,53,Jones dcglare,36,0.0034393281393835557
C3,53,Raytraverse Balanced,36,0.003450957062397491
C3,53,Raytraverse High,36,0.0034461359785224162
C3,54,EIGCM (MF1),36,0.007799880463827633
C3,54,Jones dcglare,36,0.07310876933327155
C3,54,Raytraverse Balanced,36,0.0010087088876917488
C3,54,Raytraverse High,36,0.0010804696313666336
C3,55,EIGCM (MF1),36,0.0008000230014054455
C3,55,Jones dcglare,36,0.09910126970233339
C3,55,Raytraverse Balanced,36,0.0016948778690259322
C3,55,Raytraverse High,36,0.0018399883636437647
C3,56,EIGCM (MF1),36,0.0007721969292220799
C3,56,Jones dcglare,36,0.11395126872972691
C3,56,Raytraverse Balanced,36,0.001377137822510479
C3,56,Raytraverse High,36,0.001565783031680067
C3,57,EIGCM (MF1),36,0.006516133890625292
C3,57,Jones dcglare,36,0.12168419145251581
C3,57,Raytraverse Balanced,36,0.0058231845553984
C3,57,Raytraverse High,36,0.005107781647072921
C3,58,EIGCM (MF1),36,0.008456591047635227
C3,58,Jones dcglare,36,0.08645151374194264
C3,58,Raytraverse Balanced,36,0.006868280930762037
C3,58,Raytraverse High,36,0.005964496944016134
C3,59,EIGCM (MF1),36,0.0004131888225201101
C3,59,Jones dcglare,36,0.0010815044248805039
C3,59,Raytraverse Balanced,36,0.001060630847461128
C3,59,Raytraverse High,36,0.0011212795748223932
C3,60,EIGCM (MF1),36,0.0037562700812922263
C3,60,Jones dcglare,36,0.046946006173647005
C3,60,Raytraverse Balanced,36,0.046906106265492624
C3,60,Raytraverse High,36,0.04695938151718232
C3,61,EIGCM (MF1),36,0.0029809766253416584
C3,61,Jones dcglare,36,0.08431904554336869
C3,61,Raytraverse Balanced,36,0.09091327982724892
C3,61,Raytraverse High,36,0.09085270419609023
C3,62,EIGCM (MF1),36,0.006365438316582935
C3,62,Jones dcglare,36,0.1059812419462722
C3,62,Raytraverse Balanced,36,0.09756006706547621
C3,62,Raytraverse High,36,0.09749887788330497
C3,63,EIGCM (MF1),36,0.0010299711165044022
C3,63,Jones dcglare,36,0.1297068330810081
C3,63,Raytraverse Balanced,36,0.09093004222605469
C3,63,Raytraverse High,36,0.09087558235056387
C3,64,EIGCM (MF1),36,0.005480783795883775
C3,64,Jones dcglare,36,0.12638270154961054
C3,64,Raytraverse Balanced,36,0.0606192989590777
C3,64,Raytraverse High,36,0.06059601369112942
C3,65,EIGCM (MF1),36,0.007491763203178546
C3,65,Jones dcglare,36,0.08006053658351434
C3,65,Raytraverse Balanced,36,0.0061782989700932735
C3,65,Raytraverse High,36,0.006248156090445807
C3,66,EIGCM (MF1),36,0.001937702652555918
C3,66,Jones dcglare,36,0.05599320531446607
C3,66,Raytraverse Balanced,36,0.007913804752182512
C3,66,Raytraverse High,36,0.0060911687206762185
C3,67,EIGCM (MF1),36,0.0001288274502753357
C3,67,Jones dcglare,36,0.001081221069034911
C3,67,Raytraverse Balanced,36,0.0011134662293848642
C3,67,Raytraverse High,36,0.0011472482178032668
C3,68,EIGCM (MF1),36,0.005356791751987997
C3,68,Jones dcglare,36,0.03420572770520303
C3,68,Raytraverse Balanced,36,0.005245761698564109
C3,68,Raytraverse High,36,0.005243031423369922
C3,69,EIGCM (MF1),36,0.0018084142707693466
C3,69,Jones dcglare,36,0.08124159936066397
C3,69,Raytraverse Balanced,36,0.0017590482099680135
C3,69,Raytraverse High,36,0.001810891537151736
C3,70,EIGCM (MF1),36,0.002518292494594969
C3,70,Jones dcglare,36,0.0974340904213802
C3,70,Raytraverse Balanced,36,0.0018111532948380624
C3,70,Raytraverse High,36,0.0017374540219951763
C3,71,EIGCM (MF1),36,0.0005247441717954887
C3,71,Jones dcglare,36,0.11089931214605366
C3,71,Raytraverse Balanced,36,0.0010080828918257036
C3,71,Raytraverse High,36,0.0009631695954359355
C3,72,EIGCM (MF1),36,0.006192773798392413
C3,72,Jones dcglare,36,0.09825195654913232
C3,72,Raytraverse Balanced,36,0.00507003963310884
C3,72,Raytraverse High,36,0.005229386383137288
C3,73,EIGCM (MF1),36,0.007695812337455564
C3,73,Jones dcglare,36,0.05093614807988432
C3,73,Raytraverse Balanced,36,0.08790806632281321
C3,73,Raytraverse High,36,0.08771456043429139
C3,74,EIGCM (MF1),36,0.0006526736839936027
C3,74,Jones dcglare,36,0.0010580768116440734
C3,74,Raytraverse Balanced,36,0.06399982813211973
C3,74,Raytraverse High,36,0.062152489561679486
C3,75,EIGCM (MF1),36,0.0008909521305260406
C3,75,Jones dcglare,36,0.0013374582073210964
C3,75,Raytraverse Balanced,36,0.001400027826370287
C3,75,Raytraverse High,36,0.00140384043167306
C3,76,EIGCM (MF1),36,0.005075832009275809
C3,76,Jones dcglare,36,0.039982284156924564
C3,76,Raytraverse Balanced,36,0.0047495102544771175
C3,76,Raytraverse High,36,0.00531808508105622
C3,77,EIGCM (MF1),36,0.0021954123168173496
C3,77,Jones dcglare,36,0.07714161021705508
C3,77,Raytraverse Balanced,36,0.001488249413601802
C3,77,Raytraverse High,36,0.0015552049622807819
C3,78,EIGCM (MF1),36,0.00046429751088188277
C3,78,Jones dcglare,36,0.08343692793826611
C3,78,Raytraverse Balanced,36,0.059379815782154
C3,78,Raytraverse High,36,0.05924201656908775
C3,79,EIGCM (MF1),36,0.0010084298349138897
C3,79,Jones dcglare,36,0.0836875472111604
C3,79,Raytraverse Balanced,36,0.08957054692021686
C3,79,Raytraverse High,36,0.08945901960445826
C3,80,EIGCM (MF1),36,0.0032395789510367002
C3,80,Jones dcglare,36,0.06844177974154197
C3,80,Raytraverse Balanced,36,0.09643503119975017
C3,80,Raytraverse High,36,0.09627978716395137
C3,81,EIGCM (MF1),36,0.00023107648445193802
C3,81,Jones dcglare,36,0.001051734255457517
C3,81,Raytraverse Balanced,36,0.0010598654423819819
C3,81,Raytraverse High,36,0.0010453648989760015
C3,82,EIGCM (MF1),36,0.0003562555442063729
C3,82,Jones dcglare,36,0.0010542816587610743
C3,82,Raytraverse Balanced,36,0.00110438184352278
C3,82,Raytraverse High,36,0.0010647794714125876
C3,83,EIGCM (MF1),36,0.015080633628450614
C3,83,Jones dcglare,36,0.015030888794946929
C3,83,Raytraverse Balanced,36,0.014956167560768386
C3,83,Raytraverse High,36,0.014454268122183188
C3,84,EIGCM (MF1),36,0.024346505805659266
C3,84,Jones dcglare,36,0.024101036661075333
C3,84,Raytraverse Balanced,36,0.024118845195958517
C3,84,Raytraverse High,36,0.020873123221773142
C3,85,EIGCM (MF1),36,0.017520053624315444
C3,85,Jones dcglare,36,0.01713147545585342
C3,85,Raytraverse Balanced,36,0.017236759710251515
C3,85,Raytraverse High,36,0.015673290230545527
C3,86,EIGCM (MF1),36,0.0035542115294550343
C3,86,Jones dcglare,36,0.003079440291187486
C3,86,Raytraverse Balanced,36,0.003355130720998227
C3,86,Raytraverse High,36,0.0032584835787862147
C3,87,EIGCM (MF1),36,0.0002078945686319532
C3,87,Jones dcglare,36,0.0011262048592852836
C3,87,Raytraverse Balanced,36,0.0010447300261577405
C3,87,Raytraverse High,36,0.0010294258889019957
C3,88,EIGCM (MF1),36,0.0001486089676896285
C3,88,Jones dcglare,36,0.0010497962563424169
C3,88,Raytraverse Balanced,36,0.0010300771740168577
C3,88,Raytraverse High,36,0.0010266397367341973
C3,89,EIGCM (MF1),36,0.0046390311195993435
C3,89,Jones dcglare,36,0.09508285157468191
C3,89,Raytraverse Balanced,36,0.05471670762167284
C3,89,Raytraverse High,36,0.05470315330860661
C3,90,EIGCM (MF1),36,0.004025886296415566
C3,90,Jones dcglare,36,0.06186856701252377
C3,90,Raytraverse Balanced,36,0.052113423819078596
C3,90,Raytraverse High,36,0.05183697382300797
C3,91,EIGCM (MF1),36,0.0003027326520398994
C3,91,Jones dcglare,36,0.000989089616389737
C3,91,Raytraverse Balanced,36,0.0010265985582143472
C3,91,Raytraverse High,36,0.0010106273768157297
C3,92,EIGCM (MF1),36,0.0059933726695038355
C3,92,Jones dcglare,36,0.035386728577605116
C3,92,Raytraverse Balanced,36,0.010625897749487388
C3,92,Raytraverse High,36,0.010434895067634847
C3,93,EIGCM (MF1),36,0.0008512580477674774
C3,93,Jones dcglare,36,0.06936848014197354
C3,93,Raytraverse Balanced,36,0.024139028770404105
C3,93,Raytraverse High,36,0.024135080087860465
C3,94,EIGCM (MF1),36,0.0011189161015117389
C3,94,Jones dcglare,36,0.09475133221902712
C3,94,Raytraverse Balanced,36,0.028722212694788734
C3,94,Raytraverse High,36,0.0287049086384394
C3,95,EIGCM (MF1),36,0.0009823262686376399
C3,95,Jones dcglare,36,0.11916347406148152
C3,95,Raytraverse Balanced,36,0.04675997343771406
C3,95,Raytraverse High,36,0.046747685324301715
C3,96,EIGCM (MF1),36,0.006680901086679854
C3,96,Jones dcglare,36,0.11635752740116292
C3,96,Raytraverse Balanced,36,0.056044961906414024
C3,96,Raytraverse High,36,0.056033303528463765
C3,97,EIGCM (MF1),36,0.00780279583881458
C3,97,Jones dcglare,36,0.08333146902128848
C3,97,Raytraverse Balanced,36,0.005086043912692194
C3,97,Raytraverse High,36,0.00503528189282525
C3,98,EIGCM (MF1),36,0.009181296415630348
C3,98,Jones dcglare,36,0.051497202454340696
C3,98,Raytraverse Balanced,36,0.004766025214935394
C3,98,Raytraverse High,36,0.0027279855926153006
C3,99,EIGCM (MF1),36,0.0002535980442660332
C3,99,Jones dcglare,36,0.0009619676005069017
C3,99,Raytraverse Balanced,36,0.0012268921779428027
C3,99,Raytraverse High,36,0.0012145588746342386
C3,100,EIGCM (MF1),36,0.00013767972900096092
C3,100,Jones dcglare,36,0.0010937980997626786
C3,100,Raytraverse Balanced,36,0.04772592134425677
C3,100,Raytraverse High,36,0.04731504197187417
C3,101,EIGCM (MF1),36,0.0003945664540564285
C3,101,Jones dcglare,36,0.04452969537754521
C3,101,Raytraverse Balanced,36,0.08687445977356593
C3,101,Raytraverse High,36,0.08682973168874274
C3,102,EIGCM (MF1),36,0.008194181603159371
C3,102,Jones dcglare,36,0.07788373421157382
C3,102,Raytraverse Balanced,36,0.09616726708479383
C3,102,Raytraverse High,36,0.09608870926084656
C3,103,EIGCM (MF1),36,0.0009048961554909063
C3,103,Jones dcglare,36,0.08836770298655293
C3,103,Raytraverse Balanced,36,0.09178545135777033
C3,103,Raytraverse High,36,0.09169567936890169
C3,104,EIGCM (MF1),36,0.0013849036688320443
C3,104,Jones dcglare,36,0.10151290792521303
C3,104,Raytraverse Balanced,36,0.06552604755692823
C3,104,Raytraverse High,36,0.06544424164463036
C3,105,EIGCM (MF1),36,0.007390280905464063
C3,105,Jones dcglare,36,0.07778444138548139
C3,105,Raytraverse Balanced,36,0.07642195445464466
C3,105,Raytraverse High,36,0.07619301877516067
C3,106,EIGCM (MF1),36,0.00032301529547547954
C3,106,Jones dcglare,36,0.00111573474190528
C3,106,Raytraverse Balanced,36,0.052703495451801384
C3,106,Raytraverse High,36,0.05320912665438155
C3,107,EIGCM (MF1),36,0.0006287864692317157
C3,107,Jones dcglare,36,0.001305085958449352
C3,107,Raytraverse Balanced,36,0.0010021161495499863
C3,107,Raytraverse High,36,0.001022432954986129
C3,108,EIGCM (MF1),36,0.0003023632661588118
C3,108,Jones dcglare,36,0.0010927208109309814
C3,108,Raytraverse Balanced,36,0.0009360311604633312
C3,108,Raytraverse High,36,0.000993380964531957
C3,109,EIGCM (MF1),36,0.0007578293413134329
C3,109,Jones dcglare,36,0.06110647219402266
C3,109,Raytraverse Balanced,36,0.05096135550722967
C3,109,Raytraverse High,36,0.0009858391418115717
C3,110,EIGCM (MF1),36,0.0005672376574241165
C3,110,Jones dcglare,36,0.08588719437939195
C3,110,Raytraverse Balanced,36,0.06994346180570854
C3,110,Raytraverse High,36,0.04068780240027775
C3,111,EIGCM (MF1),36,0.00038584872683475454
C3,111,Jones dcglare,36,0.08879065571269042
C3,111,Raytraverse Balanced,36,0.0877805073636676
C3,111,Raytraverse High,36,0.06989770022791407
C3,112,EIGCM (MF1),36,0.004941469306963937
C3,112,Jones dcglare,36,0.09350292942736144
C3,112,Raytraverse Balanced,36,0.08978462925285793
C3,112,Raytraverse High,36,0.07999947975195311
C3,113,EIGCM (MF1),36,0.008561930150186156
C3,113,Jones dcglare,36,0.04861001941550573
C3,113,Raytraverse Balanced,36,0.07430248083534793
C3,113,Raytraverse High,36,0.07421443971641059
C3,114,EIGCM (MF1),36,0.0005172700031039047
C3,114,Jones dcglare,36,0.001108599605586056
C3,114,Raytraverse Balanced,36,0.052702229559355586
C3,114,Raytraverse High,36,0.05320752395748706
C3,115,EIGCM (MF1),36,0.00037072640818023905
C3,115,Jones dcglare,36,0.0010961505333666561
C3,115,Raytraverse Balanced,36,0.0010885886430858822
C3,115,Raytraverse High,36,0.0010984739516445863
C3,116,EIGCM (MF1),36,0.004862917579099107
C3,116,Jones dcglare,36,0.03442532584216496
C3,116,Raytraverse Balanced,36,0.04243416312027796
C3,116,Raytraverse High,36,0.042419533406277
C3,117,EIGCM (MF1),36,0.0009261450976733918
C3,117,Jones dcglare,36,0.07589397442484179
C3,117,Raytraverse Balanced,36,0.07508668101244241
C3,117,Raytraverse High,36,0.05522510433815731
C3,118,EIGCM (MF1),36,0.0005693262733754319
C3,118,Jones dcglare,36,0.08833501099919537
C3,118,Raytraverse Balanced,36,0.09262996872974029
C3,118,Raytraverse High,36,0.07322060815819476
C3,119,EIGCM (MF1),36,0.0006371374635822353
C3,119,Jones dcglare,36,0.0853399526213448
C3,119,Raytraverse Balanced,36,0.10409975523280036
C3,119,Raytraverse High,36,0.0896193999109588
C3,120,EIGCM (MF1),36,0.00537874516272667
C3,120,Jones dcglare,36,0.06408124989410253
C3,120,Raytraverse Balanced,36,0.09081816406823387
C3,120,Raytraverse High,36,0.08020785770018167
C3,121,EIGCM (MF1),36,0.0008296772049685632
C3,121,Jones dcglare,36,0.056535285972349685
C3,121,Raytraverse Balanced,36,0.10412560897669687
C3,121,Raytraverse High,36,0.10389704263845617
C3,122,EIGCM (MF1),36,0.0009116303422074801
C3,122,Jones dcglare,36,0.052005631819432414
C3,122,Raytraverse Balanced,36,0.08019651488522436
C3,122,Raytraverse High,36,0.08048403786804123
C3,123,EIGCM (MF1),36,0.0004748627845669375
C3,123,Jones dcglare,36,0.001037038121325987
C3,123,Raytraverse Balanced,36,0.0011338966485641433
C3,123,Raytraverse High,36,0.001052482833636725
C3,124,EIGCM (MF1),36,0.0026379358441886982
C3,124,Jones dcglare,36,0.03231574901125271
C3,124,Raytraverse Balanced,36,0.003427808513934228
C3,124,Raytraverse High,36,0.004310363932437855
C3,125,EIGCM (MF1),36,0.0009038864445947977
C3,125,Jones dcglare,36,0.05733606115922957
C3,125,Raytraverse Balanced,36,0.0013646043701961096
C3,125,Raytraverse High,36,0.0013293726693726616
C3,126,EIGCM (MF1),36,0.0005129586316437046
C3,126,Jones dcglare,36,0.06406630748237306
C3,126,Raytraverse Balanced,36,0.06550064654583813
C3,126,Raytraverse High,36,0.06538320648951654
C3,127,EIGCM (MF1),36,0.0006962586883559257
C3,127,Jones dcglare,36,0.08103563849232906
C3,127,Raytraverse Balanced,36,0.10622403422485578
C3,127,Raytraverse High,36,0.10597061566192123
C3,128,EIGCM (MF1),36,0.0034711259409672176
C3,128,Jones dcglare,36,0.07068560163978983
C3,128,Raytraverse Balanced,36,0.11459625934911619
C3,128,Raytraverse High,36,0.11437787698763532
C3,129,EIGCM (MF1),36,0.013498997530351813
C3,129,Jones dcglare,36,0.08464089021216396
C3,129,Raytraverse Balanced,36,0.07260063086516336
C3,129,Raytraverse High,36,0.0727547486444914
C3,130,EIGCM (MF1),36,0.002508647555014013
C3,130,Jones dcglare,36,0.0741678402735976
C3,130,Raytraverse Balanced,36,0.05347035551851094
C3,130,Raytraverse High,36,0.05353444726916208
C3,131,EIGCM (MF1),36,0.0004401585910530172
C3,131,Jones dcglare,36,0.0012913852284433451
C3,131,Raytraverse Balanced,36,0.0011579658010374167
C3,131,Raytraverse High,36,0.0011229200025367867
C3,132,EIGCM (MF1),36,0.007739267880641771
C3,132,Jones dcglare,36,0.03518977668380208
C3,132,Raytraverse Balanced,36,0.0033692266705667583
C3,132,Raytraverse High,36,0.004254182369548558
C3,133,EIGCM (MF1),36,0.0019455861682422476
C3,133,Jones dcglare,36,0.04013179057713775
C3,133,Raytraverse Balanced,36,0.05229338791547834
C3,133,Raytraverse High,36,0.052301465287057834
C3,134,EIGCM (MF1),36,0.017043379129053803
C3,134,Jones dcglare,36,0.06539815836294728
C3,134,Raytraverse Balanced,36,0.07492324249239445
C3,134,Raytraverse High,36,0.07524636254884595
C3,135,EIGCM (MF1),36,0.007840144391810931
C3,135,Jones dcglare,36,0.09900525514289751
C3,135,Raytraverse Balanced,36,0.09282195092882269
C3,135,Raytraverse High,36,0.09311267643897704
C3,136,EIGCM (MF1),36,0.019538677641084676
C3,136,Jones dcglare,36,0.08798215869004021
C3,136,Raytraverse Balanced,36,0.09655790978815379
C3,136,Raytraverse High,36,0.09690934563321807
C3,137,EIGCM (MF1),36,0.0050317926761024034
C3,137,Jones dcglare,36,0.08159748072323833
C3,137,Raytraverse Balanced,36,0.005404194425172093
C3,137,Raytraverse High,36,0.005619840194178619
C3,138,EIGCM (MF1),36,0.01359025736064667
C3,138,Jones dcglare,36,0.05661025082827801
C3,138,Raytraverse Balanced,36,0.012000845249887612
C3,138,Raytraverse High,36,0.011551120076308498
C3,139,EIGCM (MF1),36,0.018068721534433164
C3,139,Jones dcglare,36,0.017938358990545463
C3,139,Raytraverse Balanced,36,0.017987420797301416
C3,139,Raytraverse High,36,0.01788721201178131
C3,140,EIGCM (MF1),36,0.01404538078888295
C3,140,Jones dcglare,36,0.014088500902747093
C3,140,Raytraverse Balanced,36,0.04858962619008051
C3,140,Raytraverse High,36,0.049260638409262585
C3,141,EIGCM (MF1),36,0.002146419625730776
C3,141,Jones dcglare,36,0.045405745099060674
C3,141,Raytraverse Balanced,36,0.07472365077028234
C3,141,Raytraverse High,36,0.07462912651230993
C3,142,EIGCM (MF1),36,0.0019275371525458247
C3,142,Jones dcglare,36,0.07975088158826972
C3,142,Raytraverse Balanced,36,0.0792725640693244
C3,142,Raytraverse High,36,0.07898725747107693
C3,143,EIGCM (MF1),36,0.0006965031608367299
C3,143,Jones dcglare,36,0.08488824078995011
C3,143,Raytraverse Balanced,36,0.07532568041110158
C3,143,Raytraverse High,36,0.07506369794101002
C3,144,EIGCM (MF1),36,0.0006376832202939387
C3,144,Jones dcglare,36,0.09696390433235508
C3,144,Raytraverse Balanced,36,0.04460284227340803
C3,144,Raytraverse High,36,0.044419413224384946
C3,145,EIGCM (MF1),36,0.0047946495180681455
C3,145,Jones dcglare,36,0.06569084487577913
C3,145,Raytraverse Balanced,36,0.007627522538033094
C3,145,Raytraverse High,36,0.007531818825606363
C3,146,EIGCM (MF1),36,0.00021239995422682117
C3,146,Jones dcglare,36,0.000980867168229782
C3,146,Raytraverse Balanced,36,0.001120274852496523
C3,146,Raytraverse High,36,0.001177376028563562
C3,147,EIGCM (MF1),36,0.0003476159614670571
C3,147,Jones dcglare,36,0.0011972495226374304
C3,147,Raytraverse Balanced,36,0.0010715817346010346
C3,147,Raytraverse High,36,0.0010809599231894178
C3,148,EIGCM (MF1),36,0.0008343198688819
C3,148,Jones dcglare,36,0.0012336220439320136
C3,148,Raytraverse Balanced,36,0.0013422299916887905
C3,148,Raytraverse High,36,0.0013180685895700251
C3,149,EIGCM (MF1),36,0.0014785021469754804
C3,149,Jones dcglare,36,0.05765955800857813
C3,149,Raytraverse Balanced,36,0.05193687134248405
C3,149,Raytraverse High,36,0.05194292786081103
C3,150,EIGCM (MF1),36,0.0011004867308251523
C3,150,Jones dcglare,36,0.07760404755503794
C3,150,Raytraverse Balanced,36,0.057334019061035364
C3,150,Raytraverse High,36,0.05732338184727025
C3,151,EIGCM (MF1),36,0.0010819410489177966
C3,151,Jones dcglare,36,0.08195840201860732
C3,151,Raytraverse Balanced,36,0.05298328964393782
C3,151,Raytraverse High,36,0.052974863702399545
C3,152,EIGCM (MF1),36,0.005671648881449249
C3,152,Jones dcglare,36,0.07889330687482055
C3,152,Raytraverse Balanced,36,0.041002332869925384
C3,152,Raytraverse High,36,0.04095606504127149
C3,153,EIGCM (MF1),36,0.0036864800012643725
C3,153,Jones dcglare,36,0.05352850331356925
C3,153,Raytraverse Balanced,36,0.04793240333665213
C3,153,Raytraverse High,36,0.047906633536793745
C3,154,EIGCM (MF1),36,0.0002809248011281496
C3,154,Jones dcglare,36,0.0010776437489508194
C3,154,Raytraverse Balanced,36,0.0012377564253373472
C3,154,Raytraverse High,36,0.001153934773703051
C3,155,EIGCM (MF1),36,0.0007794545241884091
C3,155,Jones dcglare,36,0.0012126598912445869
C3,155,Raytraverse Balanced,36,0.0012495188433230807
C3,155,Raytraverse High,36,0.0012787737185939777
C3,156,EIGCM (MF1),36,0.00674972813960764
C3,156,Jones dcglare,36,0.04524546510128617
C3,156,Raytraverse Balanced,36,0.04522392686980949
C3,156,Raytraverse High,36,0.045322211973166944
C3,157,EIGCM (MF1),36,0.00252959242978653
C3,157,Jones dcglare,36,0.0748162451552605
C3,157,Raytraverse Balanced,36,0.07652850225714518
C3,157,Raytraverse High,36,0.07653359148090942
C3,158,EIGCM (MF1),36,0.00503047812751322
C3,158,Jones dcglare,36,0.08715303964868895
C3,158,Raytraverse Balanced,36,0.09375274850242452
C3,158,Raytraverse High,36,0.09383861859246534
C3,159,EIGCM (MF1),36,0.003629184408146458
C3,159,Jones dcglare,36,0.07850601997471549
C3,159,Raytraverse Balanced,36,0.09270630557166405
C3,159,Raytraverse High,36,0.0927397263442424
C3,160,EIGCM (MF1),36,0.006555889062980787
C3,160,Jones dcglare,36,0.07726492671610644
C3,160,Raytraverse Balanced,36,0.07017728547610473
C3,160,Raytraverse High,36,0.07026756798753356
C3,161,EIGCM (MF1),36,0.00022774886266333733
C3,161,Jones dcglare,36,0.0011523610411141884
C3,161,Raytraverse Balanced,36,0.0014275664803910563
C3,161,Raytraverse High,36,0.001742750663387081
C3,162,EIGCM (MF1),36,0.00013293324243560887
C3,162,Jones dcglare,36,0.0010379004422979238
C3,162,Raytraverse Balanced,36,0.0012080924121339214
C3,162,Raytraverse High,36,0.0014603575464762059
C3,163,EIGCM (MF1),36,0.000543660263859699
C3,163,Jones dcglare,36,0.0011349615870249645
C3,163,Raytraverse Balanced,36,0.001042131238292473
C3,163,Raytraverse High,36,0.001114080021678327
C3,164,EIGCM (MF1),36,0.002259453062751638
C3,164,Jones dcglare,36,0.03026862604656607
C3,164,Raytraverse Balanced,36,0.004128391217924832
C3,164,Raytraverse High,36,0.005053737304074798
C3,165,EIGCM (MF1),36,0.0019821999115040524
C3,165,Jones dcglare,36,0.06485326666846575
C3,165,Raytraverse Balanced,36,0.001966333220964002
C3,165,Raytraverse High,36,0.001950638197142156
C3,166,EIGCM (MF1),36,0.000956941674467855
C3,166,Jones dcglare,36,0.060611269011139265
C3,166,Raytraverse Balanced,36,0.0012929692508009106
C3,166,Raytraverse High,36,0.0012953166977873285
C3,167,EIGCM (MF1),36,0.0004890997129079782
C3,167,Jones dcglare,36,0.06443954276291543
C3,167,Raytraverse Balanced,36,0.0013577430647278821
C3,167,Raytraverse High,36,0.002048680490515649
C3,168,EIGCM (MF1),36,0.0068154346979036355
C3,168,Jones dcglare,36,0.03640928071936102
C3,168,Raytraverse Balanced,36,0.004279256367415246
C3,168,Raytraverse High,36,0.004737817990679416
C3,169,EIGCM (MF1),36,0.007817704798138219
C3,169,Jones dcglare,36,0.0886353531590285
C3,169,Raytraverse Balanced,36,0.0054764040941458845
C3,169,Raytraverse High,36,0.006490731370683289
C3,170,EIGCM (MF1),36,0.0037323360397864638
C3,170,Jones dcglare,36,0.049834585103731475
C3,170,Raytraverse Balanced,36,0.006515120259315808
C3,170,Raytraverse High,36,0.004396869251580545
C3,171,EIGCM (MF1),36,0.00036425731899914344
C3,171,Jones dcglare,36,0.0010738631159729912
C3,171,Raytraverse Balanced,36,0.0011072603609083489
C3,171,Raytraverse High,36,0.00107307780358778
C3,172,EIGCM (MF1),36,0.004670238791033895
C3,172,Jones dcglare,36,0.04424404133995777
C3,172,Raytraverse Balanced,36,0.019817454743898604
C3,172,Raytraverse High,36,0.019687681528143635
C3,173,EIGCM (MF1),36,0.001612776368392236
C3,173,Jones dcglare,36,0.07660030915203947
C3,173,Raytraverse Balanced,36,0.03873658193313894
C3,173,Raytraverse High,36,0.0387289318196525
C3,174,EIGCM (MF1),36,0.00174672167725078
C3,174,Jones dcglare,36,0.10163590206473241
C3,174,Raytraverse Balanced,36,0.04585492923584949
C3,174,Raytraverse High,36,0.04584286278398613
C3,175,EIGCM (MF1),36,0.0013459472473978215
C3,175,Jones dcglare,36,0.10361107975757923
C3,175,Raytraverse Balanced,36,0.01420850933486622
C3,175,Raytraverse High,36,0.014196321199534014
C3,176,EIGCM (MF1),36,0.006369658518951824
C3,176,Jones dcglare,36,0.1101561010096886
C3,176,Raytraverse Balanced,36,0.0045019532652307995
C3,176,Raytraverse High,36,0.0044694638014456875
C3,177,EIGCM (MF1),36,0.005456865185021531
C3,177,Jones dcglare,36,0.0777408593793202
C3,177,Raytraverse Balanced,36,0.05577775624197614
C3,177,Raytraverse High,36,0.055149280826596446
C3,178,EIGCM (MF1),36,0.0002887469384157086
C3,178,Jones dcglare,36,0.0010669936979703014
C3,178,Raytraverse Balanced,36,0.05640929365574597
C3,178,Raytraverse High,36,0.05425513922854429
C3,179,EIGCM (MF1),36,0.0003283590878223948
C3,179,Jones dcglare,36,0.0011728810590545355
C3,179,Raytraverse Balanced,36,0.0013478649463802208
C3,179,Raytraverse High,36,0.0013118837697912364
C3,180,EIGCM (MF1),36,0.006945774678376612
C3,180,Jones dcglare,36,0.03250685535191945
C3,180,Raytraverse Balanced,36,0.011682907631554695
C3,180,Raytraverse High,36,0.011518391444054931
C3,181,EIGCM (MF1),36,0.001408347679709965
C3,181,Jones dcglare,36,0.06772861764058222
C3,181,Raytraverse Balanced,36,0.07021940665132456
C3,181,Raytraverse High,36,0.07030771146987515
C3,182,EIGCM (MF1),36,0.005115487619936365
C3,182,Jones dcglare,36,0.09554692765246264
C3,182,Raytraverse Balanced,36,0.07902107994488668
C3,182,Raytraverse High,36,0.0790540535702797
C3,183,EIGCM (MF1),36,0.000877756128970032
C3,183,Jones dcglare,36,0.09479522390586861
C3,183,Raytraverse Balanced,36,0.09176539985373554
C3,183,Raytraverse High,36,0.09140693258593315
C3,184,EIGCM (MF1),36,0.0003699996437685948
C3,184,Jones dcglare,36,0.0854076808688211
C3,184,Raytraverse Balanced,36,0.0885147035062707
C3,184,Raytraverse High,36,0.08809766348667979
C3,185,EIGCM (MF1),36,0.007451511702798595
C3,185,Jones dcglare,36,0.08621786491535088
C3,185,Raytraverse Balanced,36,0.006211879094789314
C3,185,Raytraverse High,36,0.006479355369075647
C3,186,EIGCM (MF1),36,0.0031292049111733013
C3,186,Jones dcglare,36,0.052926850035798514
C3,186,Raytraverse Balanced,36,0.0011003995711684807
C3,186,Raytraverse High,36,0.0010210555336594921
C3,187,EIGCM (MF1),36,0.00039693403629150766
C3,187,Jones dcglare,36,0.0011467557889772223
C3,187,Raytraverse Balanced,36,0.0010795223295024733
C3,187,Raytraverse High,36,0.00104269482877302
C3,188,EIGCM (MF1),36,0.0006455048612003871
C3,188,Jones dcglare,36,0.0013332087828306061
C3,188,Raytraverse Balanced,36,0.001061480525776512
C3,188,Raytraverse High,36,0.0010609905153309452
C3,189,EIGCM (MF1),36,0.00047750605609888356
C3,189,Jones dcglare,36,0.04465339347519591
C3,189,Raytraverse Balanced,36,0.0009942395271834077
C3,189,Raytraverse High,36,0.0009858902781524738
C3,190,EIGCM (MF1),36,0.0010529491187453762
C3,190,Jones dcglare,36,0.06954966431189229
C3,190,Raytraverse Balanced,36,0.0009824969135405317
C3,190,Raytraverse High,36,0.0009419971592520284
C3,191,EIGCM (MF1),36,0.0005164191302184207
C3,191,Jones dcglare,36,0.08833973050402874
C3,191,Raytraverse Balanced,36,0.0010697998147291131
C3,191,Raytraverse High,36,0.0009971013330246049
C3,192,EIGCM (MF1),36,0.000346667501200922
C3,192,Jones dcglare,36,0.0905449531641103
C3,192,Raytraverse Balanced,36,0.0010221861824228095
C3,192,Raytraverse High,36,0.0009829441879303776
C3,193,EIGCM (MF1),36,0.004866156279972017
C3,193,Jones dcglare,36,0.07475982132872318
C3,193,Raytraverse Balanced,36,0.047044231544811396
C3,193,Raytraverse High,36,0.047775041387854475
C3,194,EIGCM (MF1),36,0.0009294647941751809
C3,194,Jones dcglare,36,0.05298921513798426
C3,194,Raytraverse Balanced,36,0.0011749193645014752
C3,194,Raytraverse High,36,0.001048921851778717
C3,195,EIGCM (MF1),36,0.01218987400967158
C3,195,Jones dcglare,36,0.012085690743823872
C3,195,Raytraverse Balanced,36,0.012000848959602005
C3,195,Raytraverse High,36,0.012021718311449445
C3,196,EIGCM (MF1),36,0.012979214161293518
C3,196,Jones dcglare,36,0.01292812029794516
C3,196,Raytraverse Balanced,36,0.012872882051315924
C3,196,Raytraverse High,36,0.012890156227255997
C3,197,EIGCM (MF1),36,0.010872647559255188
C3,197,Jones dcglare,36,0.05528919653848422
C3,197,Raytraverse Balanced,36,0.052350824670264376
C3,197,Raytraverse High,36,0.05230115335851153
C3,198,EIGCM (MF1),36,0.0023502866734719866
C3,198,Jones dcglare,36,0.06771073251350461
C3,198,Raytraverse Balanced,36,0.0718226689932462
C3,198,Raytraverse High,36,0.07192628474665076
C3,199,EIGCM (MF1),36,0.0011780230416535396
C3,199,Jones dcglare,36,0.09072449082198938
C3,199,Raytraverse Balanced,36,0.07604990447404776
C3,199,Raytraverse High,36,0.07616459534917124
C3,200,EIGCM (MF1),36,0.010614837799501333
C3,200,Jones dcglare,36,0.09320934166306229
C3,200,Raytraverse Balanced,36,0.06998094270719728
C3,200,Raytraverse High,36,0.07016986692063495
C3,201,EIGCM (MF1),36,0.000453834224506403
C3,201,Jones dcglare,36,0.0783532734446773
C3,201,Raytraverse Balanced,36,0.08742042536994164
C3,201,Raytraverse High,36,0.08719986374238178
C3,202,EIGCM (MF1),36,0.010523364495321302
C3,202,Jones dcglare,36,0.07513817940186097
C3,202,Raytraverse Balanced,36,0.054099569929124985
C3,202,Raytraverse High,36,0.054156614810664035
C3,203,EIGCM (MF1),36,0.0005458683464597176
C3,203,Jones dcglare,36,0.001245706094803491
C3,203,Raytraverse Balanced,36,0.0011714466296990813
C3,203,Raytraverse High,36,0.0011000548875737958
C3,204,EIGCM (MF1),36,0.006370846701032405
C3,204,Jones dcglare,36,0.02943944398165552
C3,204,Raytraverse Balanced,36,0.00426145908615262
C3,204,Raytraverse High,36,0.005149001852370403
C3,205,EIGCM (MF1),36,0.001440288061851211
C3,205,Jones dcglare,36,0.05866166847985804
C3,205,Raytraverse Balanced,36,0.0015776047088334017
C3,205,Raytraverse High,36,0.001541002033813279
C3,206,EIGCM (MF1),36,0.006350080263884684
C3,206,Jones dcglare,36,0.06203347236556437
C3,206,Raytraverse Balanced,36,0.0654583870541253
C3,206,Raytraverse High,36,0.06534078172258254
C3,207,EIGCM (MF1),36,0.0002687464966179927
C3,207,Jones dcglare,36,0.0940567919613649
C3,207,Raytraverse Balanced,36,0.09047158676253975
C3,207,Raytraverse High,36,0.09028975481496329
C3,208,EIGCM (MF1),36,0.0026835676788455392
C3,208,Jones dcglare,36,0.08029467757146316
C3,208,Raytraverse Balanced,36,0.09721396703828994
C3,208,Raytraverse High,36,0.09703433728872678
C3,209,EIGCM (MF1),36,0.0010587007661384874
C3,209,Jones dcglare,36,0.071867267227701
C3,209,Raytraverse Balanced,36,0.0011165892305289985
C3,209,Raytraverse High,36,0.001060633614264762
C3,210,EIGCM (MF1),36,0.006964702103205056
C3,210,Jones dcglare,36,0.022985637120850107
C3,210,Raytraverse Balanced,36,0.006703146136963929
C3,210,Raytraverse High,36,0.007071245389629824
C3,211,EIGCM (MF1),36,0.00040332176429688657
C3,211,Jones dcglare,36,0.001225933423319191
C3,211,Raytraverse Balanced,36,0.001080369528322499
C3,211,Raytraverse High,36,0.0010369946453882405
C3,212,EIGCM (MF1),36,0.009066842731424697
C3,212,Jones dcglare,36,0.042196734208351926
C3,212,Raytraverse Balanced,36,0.004149233726204421
C3,212,Raytraverse High,36,0.005017547236340787
C3,213,EIGCM (MF1),36,0.002274510285204268
C3,213,Jones dcglare,36,0.0626127831532865
C3,213,Raytraverse Balanced,36,0.002264654097096163
C3,213,Raytraverse High,36,0.002274691189711864
C3,214,EIGCM (MF1),36,0.001508164814250892
C3,214,Jones dcglare,36,0.08706393256451123
C3,214,Raytraverse Balanced,36,0.0015134879637474265
C3,214,Raytraverse High,36,0.0015542655420362115
C3,215,EIGCM (MF1),36,0.0007607488353954628
C3,215,Jones dcglare,36,0.08919596104369949
C3,215,Raytraverse Balanced,36,0.0009814894126940722
C3,215,Raytraverse High,36,0.0009659848840000913
C3,216,EIGCM (MF1),36,0.0055159393281602
C3,216,Jones dcglare,36,0.0829755519451112
C3,216,Raytraverse Balanced,36,0.004749601093982348
C3,216,Raytraverse High,36,0.004936000949551384
C3,217,EIGCM (MF1),36,0.00468369272126409
C3,217,Jones dcglare,36,0.09051446648878102
C3,217,Raytraverse Balanced,36,0.0050659202086477985
C3,217,Raytraverse High,36,0.005987910303413683
C3,218,EIGCM (MF1),36,0.0027837458811025713
C3,218,Jones dcglare,36,0.05529015297810012
C3,218,Raytraverse Balanced,36,0.006916406533519094
C3,218,Raytraverse High,36,0.006101044117601023
C3,219,EIGCM (MF1),36,0.00036244054416628913
C3,219,Jones dcglare,36,0.0010163861557116103
C3,219,Raytraverse Balanced,36,0.0010515083087509211
C3,219,Raytraverse High,36,0.0010268449018568683
C3,220,EIGCM (MF1),36,0.005525925620452903
C3,220,Jones dcglare,36,0.04231535497013124
C3,220,Raytraverse Balanced,36,0.004152001718585067
C3,220,Raytraverse High,36,0.004842694552125806
C3,221,EIGCM (MF1),36,0.003161235841934818
C3,221,Jones dcglare,36,0.055540613313355934
C3,221,Raytraverse Balanced,36,0.0031436294940098025
C3,221,Raytraverse High,36,0.0031384375374959913
C3,222,EIGCM (MF1),36,0.009368382359786914
C3,222,Jones dcglare,36,0.08421372276718533
C3,222,Raytraverse Balanced,36,0.0012937631091026647
C3,222,Raytraverse High,36,0.0012869987284214119
C3,223,EIGCM (MF1),36,0.000939423825928548
C3,223,Jones dcglare,36,0.09970804334591901
C3,223,Raytraverse Balanced,36,0.000995002668324172
C3,223,Raytraverse High,36,0.0009466142126547624
C3,224,EIGCM (MF1),36,0.0008013133632425697
C3,224,Jones dcglare,36,0.09485344333867407
C3,224,Raytraverse Balanced,36,0.0010551589294153772
C3,224,Raytraverse High,36,0.0010055599284934096
C3,225,EIGCM (MF1),36,0.0034645995278033996
C3,225,Jones dcglare,36,0.0757200449051457
C3,225,Raytraverse Balanced,36,0.056278677791979516
C3,225,Raytraverse High,36,0.05617965831389621
C3,226,EIGCM (MF1),36,0.0006197530370594769
C3,226,Jones dcglare,36,0.0010667060888717734
C3,226,Raytraverse Balanced,36,0.061713282007657404
C3,226,Raytraverse High,36,0.060892426296032816
C3,227,EIGCM (MF1),36,0.00026271653291459594
C3,227,Jones dcglare,36,0.0010526533354298865
C3,227,Raytraverse Balanced,36,0.0011237646392038669
C3,227,Raytraverse High,36,0.001105885673299156
C3,228,EIGCM (MF1),36,0.0014300839574227001
C3,228,Jones dcglare,36,0.0015553464907260637
C3,228,Raytraverse Balanced,36,0.04647289625450148
C3,228,Raytraverse High,36,0.04720904747242031
C3,229,EIGCM (MF1),36,0.0037182853997358646
C3,229,Jones dcglare,36,0.04805930747944024
C3,229,Raytraverse Balanced,36,0.07519544215181743
C3,229,Raytraverse High,36,0.07509975784073755
C3,230,EIGCM (MF1),36,0.001206964562791024
C3,230,Jones dcglare,36,0.0793781586994832
C3,230,Raytraverse Balanced,36,0.07968565636490701
C3,230,Raytraverse High,36,0.07939512273589343
C3,231,EIGCM (MF1),36,0.0006707832886095027
C3,231,Jones dcglare,36,0.08437619632921423
C3,231,Raytraverse Balanced,36,0.09253500902242648
C3,231,Raytraverse High,36,0.09213534376707376
C3,232,EIGCM (MF1),36,0.0003959302958434286
C3,232,Jones dcglare,36,0.07907219265487034
C3,232,Raytraverse Balanced,36,0.07453505082656703
C3,232,Raytraverse High,36,0.07426212534254421
C3,233,EIGCM (MF1),36,0.0079463231013015
C3,233,Jones dcglare,36,0.0614308769604629
C3,233,Raytraverse Balanced,36,0.005915519572969576
C3,233,Raytraverse High,36,0.006285002902996543
C3,234,EIGCM (MF1),36,0.0001912712137835234
C3,234,Jones dcglare,36,0.0010387356966564379
C3,234,Raytraverse Balanced,36,0.0010853353427461427
C3,234,Raytraverse High,36,0.0011075183908004
C3,235,EIGCM (MF1),36,0.00041773987453650884
C3,235,Jones dcglare,36,0.0011537684776069465
C3,235,Raytraverse Balanced,36,0.0010936757831238979
C3,235,Raytraverse High,36,0.001054314927682114
C3,236,EIGCM (MF1),36,0.0018332566529418494
C3,236,Jones dcglare,36,0.001894902395114616
C3,236,Raytraverse Balanced,36,0.0018878844487621
C3,236,Raytraverse High,36,0.0018664429637808976
C3,237,EIGCM (MF1),36,0.0029172515774935973
C3,237,Jones dcglare,36,0.043638475510703593
C3,237,Raytraverse Balanced,36,0.002920938063936444
C3,237,Raytraverse High,36,0.0029802484224725288
C3,238,EIGCM (MF1),36,0.0007686267839826724
C3,238,Jones dcglare,36,0.0659864500205986
C3,238,Raytraverse Balanced,36,0.0012019893551941264
C3,238,Raytraverse High,36,0.0012125318683692825
C3,239,EIGCM (MF1),36,0.00042140096635442925
C3,239,Jones dcglare,36,0.06794459357232756
C3,239,Raytraverse Balanced,36,0.001030089930912188
C3,239,Raytraverse High,36,0.0010632051812757856
C3,240,EIGCM (MF1),36,0.00048261964693857026
C3,240,Jones dcglare,36,0.07031089315397772
C3,240,Raytraverse Balanced,36,0.0010250701495087475
C3,240,Raytraverse High,36,0.001058356585484727
C3,241,EIGCM (MF1),36,0.000333833488933234
C3,241,Jones dcglare,36,0.0010246297679419516
C3,241,Raytraverse Balanced,36,0.07356592731361859
C3,241,Raytraverse High,36,0.07393358199525683
C3,242,EIGCM (MF1),36,0.0004967522361969457
C3,242,Jones dcglare,36,0.0012541317307614784
C3,242,Raytraverse Balanced,36,0.0011639302423816294
C3,242,Raytraverse High,36,0.0011568422510197507
C3,243,EIGCM (MF1),36,0.0004370097100370511
C3,243,Jones dcglare,36,0.001055081006005383
C3,243,Raytraverse Balanced,36,0.001111185054952593
C3,243,Raytraverse High,36,0.0010699698670030137
C3,244,EIGCM (MF1),36,0.0017343330890832057
C3,244,Jones dcglare,36,0.0019388578120392327
C3,244,Raytraverse Balanced,36,0.0019189054653116155
C3,244,Raytraverse High,36,0.0018737627775503873
C3,245,EIGCM (MF1),36,0.002806774554785067
C3,245,Jones dcglare,36,0.06178605034295784
C3,245,Raytraverse Balanced,36,0.051981375799039845
C3,245,Raytraverse High,36,0.05197132035856648
C3,246,EIGCM (MF1),36,0.0006942705750562217
C3,246,Jones dcglare,36,0.05587464127436307
C3,246,Raytraverse Balanced,36,0.08497910465662702
C3,246,Raytraverse High,36,0.08496317538285343
C3,247,EIGCM (MF1),36,0.0006361114059921667
C3,247,Jones dcglare,36,0.06002610082967534
C3,247,Raytraverse Balanced,36,0.09190215064762591
C3,247,Raytraverse High,36,0.09184661585207977
C3,248,EIGCM (MF1),36,0.0062794882526586325
C3,248,Jones dcglare,36,0.05591131091614451
C3,248,Raytraverse Balanced,36,0.0852854262209061
C3,248,Raytraverse High,36,0.08530522169112074
C3,249,EIGCM (MF1),36,0.0004788690933972585
C3,249,Jones dcglare,36,0.0011826752271439527
C3,249,Raytraverse Balanced,36,0.0012026796242499964
C3,249,Raytraverse High,36,0.0013725264072029526
C3,250,EIGCM (MF1),36,0.0002783118060537306
C3,250,Jones dcglare,36,0.0009944003514555948
C3,250,Raytraverse Balanced,36,0.0011044165589677774
C3,250,Raytraverse High,36,0.0013095118140148457
C3,251,EIGCM (MF1),36,0.0005617043894355047
C3,251,Jones dcglare,36,0.001019093286657857
C3,251,Raytraverse Balanced,36,0.001050555775124396
C3,251,Raytraverse High,36,0.001127971339669883
C3,252,EIGCM (MF1),36,0.006983055223141539
C3,252,Jones dcglare,36,0.029021150445235625
C3,252,Raytraverse Balanced,36,0.004742910251369638
C3,252,Raytraverse High,36,0.005121434682133616
C3,253,EIGCM (MF1),36,0.0030922251566990085
C3,253,Jones dcglare,36,0.05834247237494399
C3,253,Raytraverse Balanced,36,0.0029319378765317776
C3,253,Raytraverse High,36,0.002932982908662366
C3,254,EIGCM (MF1),36,0.0014417506324295839
C3,254,Jones dcglare,36,0.0566432499680027
C3,254,Raytraverse Balanced,36,0.0014456209409829178
C3,254,Raytraverse High,36,0.0014354802729361655
C3,255,EIGCM (MF1),36,0.000586610868795393
C3,255,Jones dcglare,36,0.06442378733067898
C3,255,Raytraverse Balanced,36,0.001027227991962944
C3,255,Raytraverse High,36,0.0010754764112514677
C3,256,EIGCM (MF1),36,0.008842767174991719
C3,256,Jones dcglare,36,0.040606817830199676
C3,256,Raytraverse Balanced,36,0.003455944267975508
C3,256,Raytraverse High,36,0.003052863471335825
C3,257,EIGCM (MF1),36,0.00041720687514309595
C3,257,Jones dcglare,36,0.011314934137887684
C3,257,Raytraverse Balanced,36,0.056971482299746655
C3,257,Raytraverse High,36,0.05683712883003301
C3,258,EIGCM (MF1),36,0.0006468653889248407
C3,258,Jones dcglare,36,0.0010924008037485825
C3,258,Raytraverse Balanced,36,0.0510924140173953
C3,258,Raytraverse High,36,0.051107371134391455
C3,259,EIGCM (MF1),36,0.0006788365365338931
C3,259,Jones dcglare,36,0.001255545598262629
C3,259,Raytraverse Balanced,36,0.001054702210621033
C3,259,Raytraverse High,36,0.0010523483504366177
C3,260,EIGCM (MF1),36,0.007466729172803844
C3,260,Jones dcglare,36,0.03693519659593697
C3,260,Raytraverse Balanced,36,0.016956761905351763
C3,260,Raytraverse High,36,0.017156358475229387
C3,261,EIGCM (MF1),36,0.0024031604326386516
C3,261,Jones dcglare,36,0.07015812967088399
C3,261,Raytraverse Balanced,36,0.0306533735491624
C3,261,Raytraverse High,36,0.030739119986464773
C3,262,EIGCM (MF1),36,0.0049223769793611365
C3,262,Jones dcglare,36,0.07359956793674478
C3,262,Raytraverse Balanced,36,0.03597751221342538
C3,262,Raytraverse High,36,0.035994789680462276
C3,263,EIGCM (MF1),36,0.0013515550933194602
C3,263,Jones dcglare,36,0.07160295598596969
C3,263,Raytraverse Balanced,36,0.05621424458983694
C3,263,Raytraverse High,36,0.055991678217384246
C3,264,EIGCM (MF1),36,0.007272618453391531
C3,264,Jones dcglare,36,0.03907415464841697
C3,264,Raytraverse Balanced,36,0.05897864968907891
C3,264,Raytraverse High,36,0.05890641991987593
C3,265,EIGCM (MF1),36,0.0007160847441702256
C3,265,Jones dcglare,36,0.05655304116196765
C3,265,Raytraverse Balanced,36,0.0011968290048545397
C3,265,Raytraverse High,36,0.0012205836568409479
C3,266,EIGCM (MF1),36,0.003250949868329083
C3,266,Jones dcglare,36,0.05251489646768979
C3,266,Raytraverse Balanced,36,0.0019025721963925896
C3,266,Raytraverse High,36,0.001902919877173409
C3,267,EIGCM (MF1),36,0.0010524342374546108
C3,267,Jones dcglare,36,0.0014279361514544526
C3,267,Raytraverse Balanced,36,0.0013020666112344918
C3,267,Raytraverse High,36,0.0013081026333417278
C3,268,EIGCM (MF1),36,0.009780523683207245
C3,268,Jones dcglare,36,0.041111870999998384
C3,268,Raytraverse Balanced,36,0.02653791149583073
C3,268,Raytraverse High,36,0.026703552918258374
C3,269,EIGCM (MF1),36,0.014053925573394077
C3,269,Jones dcglare,36,0.08227297286833901
C3,269,Raytraverse Balanced,36,0.04427686162503416
C3,269,Raytraverse High,36,0.04435801824860075
C3,270,EIGCM (MF1),36,0.006616008239783929
C3,270,Jones dcglare,36,0.07514325228494884
C3,270,Raytraverse Balanced,36,0.04694295428907395
C3,270,Raytraverse High,36,0.04695024689713714
C3,271,EIGCM (MF1),36,0.001861495595915043
C3,271,Jones dcglare,36,0.09262602895903517
C3,271,Raytraverse Balanced,36,0.027282607595869778
C3,271,Raytraverse High,36,0.027256894836729894
C3,272,EIGCM (MF1),36,0.005369758624748003
C3,272,Jones dcglare,36,0.07046544542804378
C3,272,Raytraverse Balanced,36,0.006034781209966204
C3,272,Raytraverse High,36,0.005899021544670921
C3,273,EIGCM (MF1),36,0.008903319764575326
C3,273,Jones dcglare,36,0.08307851466397055
C3,273,Raytraverse Balanced,36,0.05691634886102555
C3,273,Raytraverse High,36,0.056929636130472305
C3,274,EIGCM (MF1),36,0.021811593880096843
C3,274,Jones dcglare,36,0.052883604902253536
C3,274,Raytraverse Balanced,36,0.06108642494356286
C3,274,Raytraverse High,36,0.05936166338858756
C3,275,EIGCM (MF1),36,0.0008960409726805039
C3,275,Jones dcglare,36,0.0011765082068054447
C3,275,Raytraverse Balanced,36,0.0012822711295588014
C3,275,Raytraverse High,36,0.0013105174501265202
C3,276,EIGCM (MF1),36,0.005519128023117019
C3,276,Jones dcglare,36,0.039678774549013605
C3,276,Raytraverse Balanced,36,0.014497062556469553
C3,276,Raytraverse High,36,0.014047358283233955
C3,277,EIGCM (MF1),36,0.001949636102014367
C3,277,Jones dcglare,36,0.061110654505199806
C3,277,Raytraverse Balanced,36,0.027664723389783288
C3,277,Raytraverse High,36,0.02766248673872073
C3,278,EIGCM (MF1),36,0.0015480991228492588
C3,278,Jones dcglare,36,0.05615910692074491
C3,278,Raytraverse Balanced,36,0.02974205363718602
C3,278,Raytraverse High,36,0.029740675019197475
C3,279,EIGCM (MF1),36,0.007269901909738689
C3,279,Jones dcglare,36,0.08792445624520547
C3,279,Raytraverse Balanced,36,0.0487616084397153
C3,279,Raytraverse High,36,0.04875993404997756
C3,280,EIGCM (MF1),36,0.008942889591907949
C3,280,Jones dcglare,36,0.0843116863953111
C3,280,Raytraverse Balanced,36,0.05811115969063863
C3,280,Raytraverse High,36,0.05811260259804156
C3,281,EIGCM (MF1),36,0.0016135888916910905
C3,281,Jones dcglare,36,0.06559910289947309
C3,281,Raytraverse Balanced,36,0.056624970578488955
C3,281,Raytraverse High,36,0.05661562658717998
C3,282,EIGCM (MF1),36,0.00987999699132602
C3,282,Jones dcglare,36,0.0745871767415736
C3,282,Raytraverse Balanced,36,0.05336962338162626
C3,282,Raytraverse High,36,0.053114143747108995
C3,283,EIGCM (MF1),36,0.0004601160312597488
C3,283,Jones dcglare,36,0.001131193711865432
C3,283,Raytraverse Balanced,36,0.0011732112476115404
C3,283,Raytraverse High,36,0.0011972340156365536
C3,284,EIGCM (MF1),36,0.009658714110253553
C3,284,Jones dcglare,36,0.03840657450930461
C3,284,Raytraverse Balanced,36,0.016423954312220043
C3,284,Raytraverse High,36,0.015980783395748484
C3,285,EIGCM (MF1),36,0.0008923673653390859
C3,285,Jones dcglare,36,0.06471455085857199
C3,285,Raytraverse Balanced,36,0.02903587398123245
C3,285,Raytraverse High,36,0.02903544549584506
C3,286,EIGCM (MF1),36,0.00711750504318207
C3,286,Jones dcglare,36,0.07315800302446679
C3,286,Raytraverse Balanced,36,0.03158390136427624
C3,286,Raytraverse High,36,0.03158313860965258
C3,287,EIGCM (MF1),36,0.0011556169290325696
C3,287,Jones dcglare,36,0.09178304794338833
C3,287,Raytraverse Balanced,36,0.04937202078238053
C3,287,Raytraverse High,36,0.049369034326225095
C3,288,EIGCM (MF1),36,0.0006375292368023447
C3,288,Jones dcglare,36,0.08232634446712034
C3,288,Raytraverse Balanced,36,0.05841648490395287
C3,288,Raytraverse High,36,0.05841270646442112
C3,289,EIGCM (MF1),36,0.0006548015763912351
C3,289,Jones dcglare,36,0.056919066989286934
C3,289,Raytraverse Balanced,36,0.05614264461721754
C3,289,Raytraverse High,36,0.05613016915639366
C3,290,EIGCM (MF1),36,0.005001753657885062
C3,290,Jones dcglare,36,0.030825777120461615
C3,290,Raytraverse Balanced,36,0.05396809203326412
C3,290,Raytraverse High,36,0.05396581902778172
C3,291,EIGCM (MF1),36,0.0004166475598952506
C3,291,Jones dcglare,36,0.0010688623834583298
C3,291,Raytraverse Balanced,36,0.001119025162630402
C3,291,Raytraverse High,36,0.0010695429585354552
C3,292,EIGCM (MF1),36,0.0008662822910447729
C3,292,Jones dcglare,36,0.001140154656051829
C3,292,Raytraverse Balanced,36,0.001123192544049476
C3,292,Raytraverse High,36,0.001104752977507241
C3,293,EIGCM (MF1),36,0.0012845215411670682
C3,293,Jones dcglare,36,0.042466279803960214
C3,293,Raytraverse Balanced,36,0.05194797170313892
C3,293,Raytraverse High,36,0.051981657604696946
C3,294,EIGCM (MF1),36,0.011765828812308789
C3,294,Jones dcglare,36,0.04331898636433724
C3,294,Raytraverse Balanced,36,0.05821385739606925
C3,294,Raytraverse High,36,0.058267690922187435
C3,295,EIGCM (MF1),36,0.0006478993536808015
C3,295,Jones dcglare,36,0.06686998304384671
C3,295,Raytraverse Balanced,36,0.07635679272635378
C3,295,Raytraverse High,36,0.07635844804578339
C3,296,EIGCM (MF1),36,0.003964224305375941
C3,296,Jones dcglare,36,0.07067226442681611
C3,296,Raytraverse Balanced,36,0.07461994193807882
C3,296,Raytraverse High,36,0.07456739568484216
C3,297,EIGCM (MF1),36,0.016024228269257715
C3,297,Jones dcglare,36,0.05505740374850172
C3,297,Raytraverse Balanced,36,0.05543746869641893
C3,297,Raytraverse High,36,0.05615608259038362
C3,298,EIGCM (MF1),36,0.028616591101744533
C3,298,Jones dcglare,36,0.0010338434387275513
C3,298,Raytraverse Balanced,36,0.0010971637327230532
C3,298,Raytraverse High,36,0.0010923467733177903
C3,299,EIGCM (MF1),36,0.00024530307671214065
C3,299,Jones dcglare,36,0.00124929818616405
C3,299,Raytraverse Balanced,36,0.0011271055861290632
C3,299,Raytraverse High,36,0.0010896551313527313
C3,300,EIGCM (MF1),36,0.0024819826695495805
C3,300,Jones dcglare,36,0.03238376845084149
C3,300,Raytraverse Balanced,36,0.04132236889008593
C3,300,Raytraverse High,36,0.041417623127382085
C3,301,EIGCM (MF1),36,0.002229508300114125
C3,301,Jones dcglare,36,0.07037666647119617
C3,301,Raytraverse Balanced,36,0.07651802851121745
C3,301,Raytraverse High,36,0.07657821469148333
C3,302,EIGCM (MF1),36,0.009999286847153984
C3,302,Jones dcglare,36,0.05855644188520902
C3,302,Raytraverse Balanced,36,0.08418565927457897
C3,302,Raytraverse High,36,0.08442933624703224
C3,303,EIGCM (MF1),36,0.02155272630701276
C3,303,Jones dcglare,36,0.09208184536119066
C3,303,Raytraverse Balanced,36,0.0934388107810479
C3,303,Raytraverse High,36,0.09395612771766754
C3,304,EIGCM (MF1),36,0.01991088005950935
C3,304,Jones dcglare,36,0.07293324066328369
C3,304,Raytraverse Balanced,36,0.07452555501862414
C3,304,Raytraverse High,36,0.07530903668929596
C3,305,EIGCM (MF1),36,0.00798896171448803
C3,305,Jones dcglare,36,0.013529267031786129
C3,305,Raytraverse Balanced,36,0.008331771347670052
C3,305,Raytraverse High,36,0.012320304182371974
C3,306,EIGCM (MF1),36,0.0003354660315640497
C3,306,Jones dcglare,36,0.0010095060099168972
C3,306,Raytraverse Balanced,36,0.0010784552648979541
C3,306,Raytraverse High,36,0.0010839183581609537
C3,307,EIGCM (MF1),36,0.0004824585828510715
C3,307,Jones dcglare,36,0.0009074931440451164
C3,307,Raytraverse Balanced,36,0.0011494107743728718
C3,307,Raytraverse High,36,0.0011408713311434383
C3,308,EIGCM (MF1),36,0.007179212076776486
C3,308,Jones dcglare,36,0.04206320884196158
C3,308,Raytraverse Balanced,36,0.0012551842437655229
C3,308,Raytraverse High,36,0.0029545796419259565
C3,309,EIGCM (MF1),36,0.0030010151581960107
C3,309,Jones dcglare,36,0.05869626412354004
C3,309,Raytraverse Balanced,36,0.052461902747198266
C3,309,Raytraverse High,36,0.05247388639387247
C3,310,EIGCM (MF1),36,0.0014646240368928964
C3,310,Jones dcglare,36,0.071492836058314
C3,310,Raytraverse Balanced,36,0.05978415480611887
C3,310,Raytraverse High,36,0.05998757554602609
C3,311,EIGCM (MF1),36,0.0008749270658492379
C3,311,Jones dcglare,36,0.05523845701177755
C3,311,Raytraverse Balanced,36,0.057013601083907614
C3,311,Raytraverse High,36,0.057659126162232094
C3,312,EIGCM (MF1),36,0.002900970891931414
C3,312,Jones dcglare,36,0.04705878515097467
C3,312,Raytraverse Balanced,36,0.04664940532833094
C3,312,Raytraverse High,36,0.047686574451913176
C3,313,EIGCM (MF1),36,0.00018327173359067975
C3,313,Jones dcglare,36,0.0031154127358224964
C3,313,Raytraverse Balanced,36,0.002977507555622471
C3,313,Raytraverse High,36,0.009509836570251883
C3,314,EIGCM (MF1),36,0.00017864055779382278
C3,314,Jones dcglare,36,0.0011561553684650493
C3,314,Raytraverse Balanced,36,0.0011035697367747107
C3,314,Raytraverse High,36,0.001128471699282069
C3,315,EIGCM (MF1),36,0.0005807486705394442
C3,315,Jones dcglare,36,0.0009953973138665665
C3,315,Raytraverse Balanced,36,0.0011673319809363003
C3,315,Raytraverse High,36,0.0011705342840973188
C3,316,EIGCM (MF1),36,0.0064177444798689896
C3,316,Jones dcglare,36,0.042949936677163514
C3,316,Raytraverse Balanced,36,0.001376858555711555
C3,316,Raytraverse High,36,0.0021790952709260327
C3,317,EIGCM (MF1),36,0.0036188961638107886
C3,317,Jones dcglare,36,0.055719975616353064
C3,317,Raytraverse Balanced,36,0.0033972888705362477
C3,317,Raytraverse High,36,0.0033731650990732084
C3,318,EIGCM (MF1),36,0.000977510098555389
C3,318,Jones dcglare,36,0.059713609281488465
C3,318,Raytraverse Balanced,36,0.001551575166254888
C3,318,Raytraverse High,36,0.004599594918161877
C3,319,EIGCM (MF1),36,0.0006405589737790638
C3,319,Jones dcglare,36,0.05451995053713381
C3,319,Raytraverse Balanced,36,0.0027347753934758735
C3,319,Raytraverse High,36,0.008749013226701786
C3,320,EIGCM (MF1),36,0.00029824875523629975
C3,320,Jones dcglare,36,0.014991635700034258
C3,320,Raytraverse Balanced,36,0.0035191623982920683
C3,320,Raytraverse High,36,0.010566296350556751
C3,321,EIGCM (MF1),36,0.0002659496730795325
C3,321,Jones dcglare,36,0.0010184739851324966
C3,321,Raytraverse Balanced,36,0.0010681628326659226
C3,321,Raytraverse High,36,0.001061932845972642
C3,322,EIGCM (MF1),36,0.00015380192077257577
C3,322,Jones dcglare,36,0.0010427944839122342
C3,322,Raytraverse Balanced,36,0.0011280511916600083
C3,322,Raytraverse High,36,0.0010947081960415589
C3,323,EIGCM (MF1),36,0.000519438903208708
C3,323,Jones dcglare,36,0.0011064600422029116
C3,323,Raytraverse Balanced,36,0.0011263206051687856
C3,323,Raytraverse High,36,0.0011037084844098687
C3,324,EIGCM (MF1),36,0.001317883260615716
C3,324,Jones dcglare,36,0.0014294016282939673
C3,324,Raytraverse Balanced,36,0.04602902752527426
C3,324,Raytraverse High,36,0.048426196933357715
C3,325,EIGCM (MF1),36,0.0031067784592725637
C3,325,Jones dcglare,36,0.00526952917714429
C3,325,Raytraverse Balanced,36,0.05635064352998713
C3,325,Raytraverse High,36,0.05647505851300827
C3,326,EIGCM (MF1),36,0.0008855727106417259
C3,326,Jones dcglare,36,0.010250322701272765
C3,326,Raytraverse Balanced,36,0.06097386357261839
C3,326,Raytraverse High,36,0.060746977926488956
C3,327,EIGCM (MF1),36,0.0004151153731862466
C3,327,Jones dcglare,36,0.01588632825118758
C3,327,Raytraverse Balanced,36,0.05381208511071157
C3,327,Raytraverse High,36,0.05345315841552214
C3,328,EIGCM (MF1),36,0.00021515523659287148
C3,328,Jones dcglare,36,0.008639284469356304
C3,328,Raytraverse Balanced,36,0.0008415857720267001
C3,328,Raytraverse High,36,0.0008593748192921015
C3,329,EIGCM (MF1),36,0.0005459324960815032
C3,329,Jones dcglare,36,0.001163524056085173
C3,329,Raytraverse Balanced,36,0.0010865708123431773
C3,329,Raytraverse High,36,0.0010599925684802395
C3,330,EIGCM (MF1),36,0.00023254079988490388
C3,330,Jones dcglare,36,0.001276070539490493
C3,330,Raytraverse Balanced,36,0.0011305437504041086
C3,330,Raytraverse High,36,0.0010946439111431561
C3,331,EIGCM (MF1),36,0.0005616182288708222
C3,331,Jones dcglare,36,0.0010666793727589592
C3,331,Raytraverse Balanced,36,0.0011406403096738155
C3,331,Raytraverse High,36,0.0011115645545956069
C3,332,EIGCM (MF1),36,0.0012232939923283628
C3,332,Jones dcglare,36,0.001497810361988642
C3,332,Raytraverse Balanced,36,0.046042630821550724
C3,332,Raytraverse High,36,0.048439526349332095
C3,333,EIGCM (MF1),36,0.003084662254382332
C3,333,Jones dcglare,36,0.003635597183496436
C3,333,Raytraverse Balanced,36,0.056356054991813016
C3,333,Raytraverse High,36,0.056480731588310226
C3,334,EIGCM (MF1),36,0.001100885726484715
C3,334,Jones dcglare,36,0.023925463181587055
C3,334,Raytraverse Balanced,36,0.060971049163423614
C3,334,Raytraverse High,36,0.060744927414511866
C3,335,EIGCM (MF1),36,0.0002911301250681958
C3,335,Jones dcglare,36,0.023307903047059843
C3,335,Raytraverse Balanced,36,0.05387032479026847
C3,335,Raytraverse High,36,0.0535119516934917
C3,336,EIGCM (MF1),36,0.00035983499613634795
C3,336,Jones dcglare,36,0.004269043157665881
C3,336,Raytraverse Balanced,36,0.00124050308798039
C3,336,Raytraverse High,36,0.0012294782920624395
C3,337,EIGCM (MF1),36,0.00040853036538848194
C3,337,Jones dcglare,36,0.0012275760143367906
C3,337,Raytraverse Balanced,36,0.00101230663794239
C3,337,Raytraverse High,36,0.001022430253902166
C3,338,EIGCM (MF1),36,0.0003036074462013228
C3,338,Jones dcglare,36,0.0009923666030924908
C3,338,Raytraverse Balanced,36,0.0010282986186860672
C3,338,Raytraverse High,36,0.001003931977062912
C3,339,EIGCM (MF1),36,0.002297474805084921
C3,339,Jones dcglare,36,0.002341291343930499
C3,339,Raytraverse Balanced,36,0.00235901927000631
C3,339,Raytraverse High,36,0.0023343828233157644
C3,340,EIGCM (MF1),36,0.0018024405239840766
C3,340,Jones dcglare,36,0.0017670580744213746
C3,340,Raytraverse Balanced,36,0.001834816730215249
C3,340,Raytraverse High,36,0.001802859531729307
C3,341,EIGCM (MF1),36,0.0025429812143208824
C3,341,Jones dcglare,36,0.05184864875519532
C3,341,Raytraverse Balanced,36,0.05261384269315506
C3,341,Raytraverse High,36,0.052535757977729115
C3,342,EIGCM (MF1),36,0.0021585823369234206
C3,342,Jones dcglare,36,0.035960330826930814
C3,342,Raytraverse Balanced,36,0.058612278060354454
C3,342,Raytraverse High,36,0.05852678600916822
C3,343,EIGCM (MF1),36,0.00028493358046706213
C3,343,Jones dcglare,36,0.041807662301709625
C3,343,Raytraverse Balanced,36,0.054229042350321714
C3,343,Raytraverse High,36,0.05404161411322847
C3,344,EIGCM (MF1),36,0.008195436865279224
C3,344,Jones dcglare,36,0.03493388964931253
C3,344,Raytraverse Balanced,36,0.040498687819927166
C3,344,Raytraverse High,36,0.040212308305733684
C3,345,EIGCM (MF1),36,0.0005116707038385788
C3,345,Jones dcglare,36,0.05663117872309836
C3,345,Raytraverse Balanced,36,0.0011147980719781049
C3,345,Raytraverse High,36,0.0010831509459378727
C3,346,EIGCM (MF1),36,0.0008939236463790179
C3,346,Jones dcglare,36,0.05133311367561975
C3,346,Raytraverse Balanced,36,0.0014848560081199772
C3,346,Raytraverse High,36,0.0011112368601147902
C3,347,EIGCM (MF1),36,0.0004317389495465491
C3,347,Jones dcglare,36,0.001138823620158345
C3,347,Raytraverse Balanced,36,0.0011130355050167026
C3,347,Raytraverse High,36,0.0010566288412301864
C3,348,EIGCM (MF1),36,0.00693739211517716
C3,348,Jones dcglare,36,0.051467968658572144
C3,348,Raytraverse Balanced,36,0.005360691458224441
C3,348,Raytraverse High,36,0.005512396411866463
C3,349,EIGCM (MF1),36,0.0014903667184809099
C3,349,Jones dcglare,36,0.07312931877918542
C3,349,Raytraverse Balanced,36,0.026071224430924154
C3,349,Raytraverse High,36,0.0261448289875325
C3,350,EIGCM (MF1),36,0.0010630938690654045
C3,350,Jones dcglare,36,0.06972866823282421
C3,350,Raytraverse Balanced,36,0.029493178079778134
C3,350,Raytraverse High,36,0.029503665062426424
C3,351,EIGCM (MF1),36,0.00103075885260434
C3,351,Jones dcglare,36,0.0823492731836053
C3,351,Raytraverse Balanced,36,0.017935513528117276
C3,351,Raytraverse High,36,0.01791542602399822
C3,352,EIGCM (MF1),36,0.003844389627539513
C3,352,Jones dcglare,36,0.07235392981706995
C3,352,Raytraverse Balanced,36,0.00504546250862705
C3,352,Raytraverse High,36,0.004886209033727254
C3,353,EIGCM (MF1),36,0.0030082497155969183
C3,353,Jones dcglare,36,0.08053034649217432
C3,353,Raytraverse Balanced,36,0.05755657461838124
C3,353,Raytraverse High,36,0.05752662870891204
C3,354,EIGCM (MF1),36,0.00553964729182082
C3,354,Jones dcglare,36,0.07296584844587366
C3,354,Raytraverse Balanced,36,0.0512080738535767
C3,354,Raytraverse High,36,0.051181441193071366
C3,355,EIGCM (MF1),36,0.000624385188494338
C3,355,Jones dcglare,36,0.001092201574637975
C3,355,Raytraverse Balanced,36,0.0011104243360973455
C3,355,Raytraverse High,36,0.0010479254323821604
C3,356,EIGCM (MF1),36,0.0059800212995951086
C3,356,Jones dcglare,36,0.04846236615596326
C3,356,Raytraverse Balanced,36,0.01214353212294512
C3,356,Raytraverse High,36,0.012328994788153521
C3,357,EIGCM (MF1),36,0.00302360755380794
C3,357,Jones dcglare,36,0.06910779806898591
C3,357,Raytraverse Balanced,36,0.033604927363337
C3,357,Raytraverse High,36,0.033682993193119445
C3,358,EIGCM (MF1),36,0.0017557601296241373
C3,358,Jones dcglare,36,0.07360362913386309
C3,358,Raytraverse Balanced,36,0.03735912052512966
C3,358,Raytraverse High,36,0.03737289124815112
C3,359,EIGCM (MF1),36,0.003745869707943514
C3,359,Jones dcglare,36,0.09853218351082307
C3,359,Raytraverse Balanced,36,0.054192834407370986
C3,359,Raytraverse High,36,0.05417653880591374
C3,360,EIGCM (MF1),36,0.008351141708123896
C3,360,Jones dcglare,36,0.09211011531532527
C3,360,Raytraverse Balanced,36,0.061106690092662924
C3,360,Raytraverse High,36,0.061085471971476124
C3,361,EIGCM (MF1),36,0.0033317780180241357
C3,361,Jones dcglare,36,0.05710001785867927
C3,361,Raytraverse Balanced,36,0.0011549200173352546
C3,361,Raytraverse High,36,0.0012057286121850373
C3,362,EIGCM (MF1),36,0.006233809600165148
C3,362,Jones dcglare,36,0.049977489816600454
C3,362,Raytraverse Balanced,36,0.008144447054693502
C3,362,Raytraverse High,36,0.004613287134312271
C3,363,EIGCM (MF1),36,0.0004210248686241722
C3,363,Jones dcglare,36,0.001158174352195444
C3,363,Raytraverse Balanced,36,0.0011163434166111756
C3,363,Raytraverse High,36,0.0010993166984540905
C3,364,EIGCM (MF1),36,0.007525332919841124
C3,364,Jones dcglare,36,0.032356746024047756
C3,364,Raytraverse Balanced,36,0.018300385899763075
C3,364,Raytraverse High,36,0.017965439729830963
C3,365,EIGCM (MF1),36,0.004269240855396762
C3,365,Jones dcglare,36,0.05677174248920193
C3,365,Raytraverse Balanced,36,0.03359902726132878
C3,365,Raytraverse High,36,0.033604393742062554
C3,366,EIGCM (MF1),36,0.0021864590386690952
C3,366,Jones dcglare,36,0.05980233306530015
C3,366,Raytraverse Balanced,36,0.03788931122337143
C3,366,Raytraverse High,36,0.03787879272438361
C3,367,EIGCM (MF1),36,0.003497544558686843
C3,367,Jones dcglare,36,0.07567633419540724
C3,367,Raytraverse Balanced,36,0.0009703712433637064
C3,367,Raytraverse High,36,0.0009652308426845087
C3,368,EIGCM (MF1),36,0.00269824800595992
C3,368,Jones dcglare,36,0.060146291321019424
C3,368,Raytraverse Balanced,36,0.001156637806874594
C3,368,Raytraverse High,36,0.0011290151413523102
C3,369,EIGCM (MF1),36,0.0033561586681552036
C3,369,Jones dcglare,36,0.05694606340798538
C3,369,Raytraverse Balanced,36,0.0012583500480457211
C3,369,Raytraverse High,36,0.0012748097117336985
C3,370,EIGCM (MF1),36,0.0021106489369385906
C3,370,Jones dcglare,36,0.05244769020653625
C3,370,Raytraverse Balanced,36,0.0057363108434326775
C3,370,Raytraverse High,36,0.0023401480845118444
C3,371,EIGCM (MF1),36,0.00030032834716541695
C3,371,Jones dcglare,36,0.0012211457352603128
C3,371,Raytraverse Balanced,36,0.0010910161595859991
C3,371,Raytraverse High,36,0.0010750715387824218
C3,372,EIGCM (MF1),36,0.007606570622567782
C3,372,Jones dcglare,36,0.04213072443046421
C3,372,Raytraverse Balanced,36,0.018800283747797675
C3,372,Raytraverse High,36,0.01833582894854255
C3,373,EIGCM (MF1),36,0.01692182661502265
C3,373,Jones dcglare,36,0.0599262186026589
C3,373,Raytraverse Balanced,36,0.03149800722182494
C3,373,Raytraverse High,36,0.03149983064585494
C3,374,EIGCM (MF1),36,0.023142929476672187
C3,374,Jones dcglare,36,0.059289509678675245
C3,374,Raytraverse Balanced,36,0.03388505317655743
C3,374,Raytraverse High,36,0.03388325108568399
C3,375,EIGCM (MF1),36,0.003910862616588999
C3,375,Jones dcglare,36,0.07266089299672415
C3,375,Raytraverse Balanced,36,0.018776234586370226
C3,375,Raytraverse High,36,0.01878243063244093
C3,376,EIGCM (MF1),36,0.0032508914135630056
C3,376,Jones dcglare,36,0.06069197036581504
C3,376,Raytraverse Balanced,36,0.0013948470607133047
C3,376,Raytraverse High,36,0.001407300247661967
C3,377,EIGCM (MF1),36,0.0007710014881452743
C3,377,Jones dcglare,36,0.0012729937965874016
C3,377,Raytraverse Balanced,36,0.0011545271231198722
C3,377,Raytraverse High,36,0.0011691973219537808
C3,378,EIGCM (MF1),36,0.0011338934962479218
C3,378,Jones dcglare,36,0.0014882877675901052
C3,378,Raytraverse Balanced,36,0.0013947222901411864
C3,378,Raytraverse High,36,0.0013885753283391694
C3,379,EIGCM (MF1),36,0.0003931640094583114
C3,379,Jones dcglare,36,0.0010213554124666887
C3,379,Raytraverse Balanced,36,0.0010919806170771637
C3,379,Raytraverse High,36,0.000998724848234266
C3,380,EIGCM (MF1),36,0.007447841057294533
C3,380,Jones dcglare,36,0.03414531475926944
C3,380,Raytraverse Balanced,36,0.04546033953904552
C3,380,Raytraverse High,36,0.04567245614684632
C3,381,EIGCM (MF1),36,0.0024453903200716315
C3,381,Jones dcglare,36,0.06479068779085545
C3,381,Raytraverse Balanced,36,0.06545856059028657
C3,381,Raytraverse High,36,0.06555742461320156
C3,382,EIGCM (MF1),36,0.0021297382983466438
C3,382,Jones dcglare,36,0.07027019182112483
C3,382,Raytraverse Balanced,36,0.07072905610045895
C3,382,Raytraverse High,36,0.07077986323736743
C3,383,EIGCM (MF1),36,0.0009329406924105955
C3,383,Jones dcglare,36,0.06065538047221619
C3,383,Raytraverse Balanced,36,0.0586444504125612
C3,383,Raytraverse High,36,0.058670951614457574
C3,384,EIGCM (MF1),36,0.0009723608733672693
C3,384,Jones dcglare,36,0.004968339575451463
C3,384,Raytraverse Balanced,36,0.00129387388985343
C3,384,Raytraverse High,36,0.0012555978405513531
C3,385,EIGCM (MF1),36,0.0007716483143966016
C3,385,Jones dcglare,36,0.0012939094178378353
C3,385,Raytraverse Balanced,36,0.0011769483079970959
C3,385,Raytraverse High,36,0.009254249238484837
C3,386,EIGCM (MF1),36,0.001142886362582813
C3,386,Jones dcglare,36,0.0014521160253115689
C3,386,Raytraverse Balanced,36,0.0014099896055270928
C3,386,Raytraverse High,36,0.001389697528331256
C3,387,EIGCM (MF1),36,0.0005017391522937441
C3,387,Jones dcglare,36,0.0012362326169938413
C3,387,Raytraverse Balanced,36,0.0011417197512147567
C3,387,Raytraverse High,36,0.0010335670452639029
C3,388,EIGCM (MF1),36,0.0034541834884190335
C3,388,Jones dcglare,36,0.018101790700447675
C3,388,Raytraverse Balanced,36,0.01810156356790807
C3,388,Raytraverse High,36,0.01809553128090929
C3,389,EIGCM (MF1),36,0.0029309448263789926
C3,389,Jones dcglare,36,0.03434934418358461
C3,389,Raytraverse Balanced,36,0.032362463956115244
C3,389,Raytraverse High,36,0.032360938011113456
C3,390,EIGCM (MF1),36,0.0019897984925894155
C3,390,Jones dcglare,36,0.04013751906164155
C3,390,Raytraverse Balanced,36,0.033721648335901334
C3,390,Raytraverse High,36,0.0341268941439588
C3,391,EIGCM (MF1),36,0.0009299443315178737
C3,391,Jones dcglare,36,0.028456424724952856
C3,391,Raytraverse Balanced,36,0.01935644402613988
C3,391,Raytraverse High,36,0.021709207388157147
C3,392,EIGCM (MF1),36,0.007761829147143376
C3,392,Jones dcglare,36,0.0028960848507707617
C3,392,Raytraverse Balanced,36,0.0010978419237999517
C3,392,Raytraverse High,36,0.01150736935469784
C3,393,EIGCM (MF1),36,0.003561266874067897
C3,393,Jones dcglare,36,0.003572033479124477
C3,393,Raytraverse Balanced,36,0.0041453551532997625
C3,393,Raytraverse High,36,0.009649980990219189
C3,394,EIGCM (MF1),36,0.0013078618343608701
C3,394,Jones dcglare,36,0.0014335317842036936
C3,394,Raytraverse Balanced,36,0.0015012153126235934
C3,394,Raytraverse High,36,0.0014998303678360862
C3,395,EIGCM (MF1),36,0.00027535786866064445
C3,395,Jones dcglare,36,0.0009572313942549216
C3,395,Raytraverse Balanced,36,0.0011200964360925446
C3,395,Raytraverse High,36,0.0010635439658231742
C3,396,EIGCM (MF1),36,0.0037315248361836635
C3,396,Jones dcglare,36,0.035268120268603216
C3,396,Raytraverse Balanced,36,0.0059770357365696416
C3,396,Raytraverse High,36,0.009590192600902821
C3,397,EIGCM (MF1),36,0.01184272324513384
C3,397,Jones dcglare,36,0.057077570267734884
C3,397,Raytraverse Balanced,36,0.003670715492863756
C3,397,Raytraverse High,36,0.003760688148060656
C3,398,EIGCM (MF1),36,0.008622747013680996
C3,398,Jones dcglare,36,0.0630975859955157
C3,398,Raytraverse Balanced,36,0.0020861524222437165
C3,398,Raytraverse High,36,0.004805731451541889
C3,399,EIGCM (MF1),36,0.011828040394099286
C3,399,Jones dcglare,36,0.055630863854228114
C3,399,Raytraverse Balanced,36,0.0034496349551132073
C3,399,Raytraverse High,36,0.008854805427390826
C3,400,EIGCM (MF1),36,0.009011904059538884
C3,400,Jones dcglare,36,0.009242845879915118
C3,400,Raytraverse Balanced,36,0.009417413498720663
C3,400,Raytraverse High,36,0.013513906333234519
C3,401,EIGCM (MF1),36,0.0007817140385432199
C3,401,Jones dcglare,36,0.0010921999074650496
C3,401,Raytraverse Balanced,36,0.003138175734478021
C3,401,Raytraverse High,36,0.009622118288781756
C3,402,EIGCM (MF1),36,0.0013701427824014043
C3,402,Jones dcglare,36,0.001760150331762253
C3,402,Raytraverse Balanced,36,0.0015963264059569878
C3,402,Raytraverse High,36,0.0015969577435027285
C3,403,EIGCM (MF1),36,0.0005042600629745622
C3,403,Jones dcglare,36,0.001091936079189671
C3,403,Raytraverse Balanced,36,0.0011112487569646847
C3,403,Raytraverse High,36,0.0010821506272015835
C3,404,EIGCM (MF1),36,0.005774088952572708
C3,404,Jones dcglare,36,0.03767996853541562
C3,404,Raytraverse Balanced,36,0.0016164792204871271
C3,404,Raytraverse High,36,0.0022045236242037
C3,405,EIGCM (MF1),36,0.006377940971665979
C3,405,Jones dcglare,36,0.043222969356886576
C3,405,Raytraverse Balanced,36,0.006119988107175263
C3,405,Raytraverse High,36,0.006091412386715689
C3,406,EIGCM (MF1),36,0.007409579141351047
C3,406,Jones dcglare,36,0.06072759313713747
C3,406,Raytraverse Balanced,36,0.007629301033155187
C3,406,Raytraverse High,36,0.008850231545118842
C3,407,EIGCM (MF1),36,0.008048183042446427
C3,407,Jones dcglare,36,0.04578123181245688
C3,407,Raytraverse Balanced,36,0.008652284144535187
C3,407,Raytraverse High,36,0.012132333964182698
C3,408,EIGCM (MF1),36,0.005044582910630198
C3,408,Jones dcglare,36,0.004885497649960202
C3,408,Raytraverse Balanced,36,0.006266486278529176
C3,408,Raytraverse High,36,0.011919021394073796
C3,409,EIGCM (MF1),36,0.0003864831960555769
C3,409,Jones dcglare,36,0.0009910386466928946
C3,409,Raytraverse Balanced,36,0.0010777627017886009
C3,409,Raytraverse High,36,0.0010787831058097618
C3,410,EIGCM (MF1),36,0.0009960199244995035
C3,410,Jones dcglare,36,0.0012758157656073325
C3,410,Raytraverse Balanced,36,0.001314058561213019
C3,410,Raytraverse High,36,0.0012816774044056077
C3,411,EIGCM (MF1),36,0.0005593972040906553
C3,411,Jones dcglare,36,0.0010052689149122674
C3,411,Raytraverse Balanced,36,0.0011090537111041513
C3,411,Raytraverse High,36,0.0010458854002338015
C3,412,EIGCM (MF1),36,0.002512324474134129
C3,412,Jones dcglare,36,0.04015640085896208
C3,412,Raytraverse Balanced,36,0.002726652562498668
C3,412,Raytraverse High,36,0.004722056131519346
C3,413,EIGCM (MF1),36,0.0075978086467963475
C3,413,Jones dcglare,36,0.056907276840084946
C3,413,Raytraverse Balanced,36,0.007452454770403027
C3,413,Raytraverse High,36,0.007482784718192788
C3,414,EIGCM (MF1),36,0.007833247239633271
C3,414,Jones dcglare,36,0.06045859461666922
C3,414,Raytraverse Balanced,36,0.0074860229151529085
C3,414,Raytraverse High,36,0.007549228947817194
C3,415,EIGCM (MF1),36,0.007418967218630306
C3,415,Jones dcglare,36,0.05377927584015173
C3,415,Raytraverse Balanced,36,0.007421890739566
C3,415,Raytraverse High,36,0.00749652819339541
C3,416,EIGCM (MF1),36,0.001539460657900107
C3,416,Jones dcglare,36,0.0017608777466366023
C3,416,Raytraverse Balanced,36,0.0017971083956433108
C3,416,Raytraverse High,36,0.0018425213766685474
C3,417,EIGCM (MF1),36,0.0005654684613957977
C3,417,Jones dcglare,36,0.0010401914906534163
C3,417,Raytraverse Balanced,36,0.0011349884445214491
C3,417,Raytraverse High,36,0.0011184169328564376
C3,418,EIGCM (MF1),36,0.0004696474351397365
C3,418,Jones dcglare,36,0.001214304499574185
C3,418,Raytraverse Balanced,36,0.001131326753823435
C3,418,Raytraverse High,36,0.001095240604122879
C3,419,EIGCM (MF1),36,0.0007539797683698867
C3,419,Jones dcglare,36,0.0010584719864187857
C3,419,Raytraverse Balanced,36,0.0011876543773629777
C3,419,Raytraverse High,36,0.0011335305064205832
C3,420,EIGCM (MF1),36,0.0022022570866171696
C3,420,Jones dcglare,36,0.0021448597424125883
C3,420,Raytraverse Balanced,36,0.04604849771624209
C3,420,Raytraverse High,36,0.04844340641202743
C3,421,EIGCM (MF1),36,0.004171040152747671
C3,421,Jones dcglare,36,0.004116893737032069
C3,421,Raytraverse Balanced,36,0.0564246922907188
C3,421,Raytraverse High,36,0.05654866536878532
C3,422,EIGCM (MF1),36,0.0018146689436368262
C3,422,Jones dcglare,36,0.0019296076110284408
C3,422,Raytraverse Balanced,36,0.06101438831296709
C3,422,Raytraverse High,36,0.060786849631542586
C3,423,EIGCM (MF1),36,0.0004574614807706653
C3,423,Jones dcglare,36,0.0014379244785830512
C3,423,Raytraverse Balanced,36,0.0539130444603391
C3,423,Raytraverse High,36,0.053552602576646076
C3,424,EIGCM (MF1),36,0.00022365795189182227
C3,424,Jones dcglare,36,0.0012174055888057823
C3,424,Raytraverse Balanced,36,0.0013527819157839978
C3,424,Raytraverse High,36,0.0013209313202560285
C3,425,EIGCM (MF1),36,0.00027064299157541203
C3,425,Jones dcglare,36,0.0012779295783447288
C3,425,Raytraverse Balanced,36,0.0010638789907900482
C3,425,Raytraverse High,36,0.0011750581342238188
C3,426,EIGCM (MF1),36,0.0004787160147496417
C3,426,Jones dcglare,36,0.001200575958463963
C3,426,Raytraverse Balanced,36,0.0010914284783369922
C3,426,Raytraverse High,36,0.0010901806227422944
C3,427,EIGCM (MF1),36,0.0007148537109475973
C3,427,Jones dcglare,36,0.001075411213672085
C3,427,Raytraverse Balanced,36,0.0011537721854999509
C3,427,Raytraverse High,36,0.001103494964520556
C3,428,EIGCM (MF1),36,0.0026026611685606195
C3,428,Jones dcglare,36,0.0025805117615234994
C3,428,Raytraverse Balanced,36,0.0025447929780987224
C3,428,Raytraverse High,36,0.0025251451791959752
C3,429,EIGCM (MF1),36,0.003634923116487852
C3,429,Jones dcglare,36,0.006080013039599729
C3,429,Raytraverse Balanced,36,0.0036059989610115876
C3,429,Raytraverse High,36,0.0036013629040225078
C3,430,EIGCM (MF1),36,0.0018732670573240657
C3,430,Jones dcglare,36,0.01935297625428652
C3,430,Raytraverse Balanced,36,0.00195910346896511
C3,430,Raytraverse High,36,0.001955479796488575
C3,431,EIGCM (MF1),36,0.0005444512849343498
C3,431,Jones dcglare,36,0.0012135389544507575
C3,431,Raytraverse Balanced,36,0.0010337677555656382
C3,431,Raytraverse High,36,0.001074789287774069
C3,432,EIGCM (MF1),36,0.0021571475578617467
C3,432,Jones dcglare,36,0.005738802800556977
C3,432,Raytraverse Balanced,36,0.00104851494178009
C3,432,Raytraverse High,36,0.0011502548348892542
C3,433,EIGCM (MF1),36,0.0006317755203041318
C3,433,Jones dcglare,36,0.05660305845224407
C3,433,Raytraverse Balanced,36,0.0011237672572448208
C3,433,Raytraverse High,36,0.0010786945310317366
C3,434,EIGCM (MF1),36,0.0017707484396121543
C3,434,Jones dcglare,36,0.050685116011062355
C3,434,Raytraverse Balanced,36,0.001403936335979425
C3,434,Raytraverse High,36,0.001141133631400762
C3,435,EIGCM (MF1),36,0.00020197392639755276
C3,435,Jones dcglare,36,0.0010402575272191526
C3,435,Raytraverse Balanced,36,0.0010899308512023961
C3,435,Raytraverse High,36,0.001066300008693092
C3,436,EIGCM (MF1),36,0.0001509014661956601
C3,436,Jones dcglare,36,0.0011206164256212805
C3,436,Raytraverse Balanced,36,0.0010886309747581003
C3,436,Raytraverse High,36,0.0010340551795197702
C3,437,EIGCM (MF1),36,0.0025966458001408068
C3,437,Jones dcglare,36,0.0025470445733159694
C3,437,Raytraverse Balanced,36,0.0025734535311036796
C3,437,Raytraverse High,36,0.0025466679273044427
C3,438,EIGCM (MF1),36,0.010195044608397858
C3,438,Jones dcglare,36,0.010165942096818368
C3,438,Raytraverse Balanced,36,0.010209218973973826
C3,438,Raytraverse High,36,0.010180781949813988
C3,439,EIGCM (MF1),36,0.0035067476404624424
C3,439,Jones dcglare,36,0.04923051973590502
C3,439,Raytraverse Balanced,36,0.003681598596583645
C3,439,Raytraverse High,36,0.003397088175059717
C3,440,EIGCM (MF1),36,0.0007907470063525695
C3,440,Jones dcglare,36,0.058630016099057713
C3,440,Raytraverse Balanced,36,0.0011185260693070374
C3,440,Raytraverse High,36,0.0010710830010451009
C3,441,EIGCM (MF1),36,0.0005960203697115631
C3,441,Jones dcglare,36,0.001166520952519356
C3,441,Raytraverse Balanced,36,0.05678898841087432
C3,441,Raytraverse High,36,0.05689706155274837
C3,442,EIGCM (MF1),36,0.0004934803198822714
C3,442,Jones dcglare,36,0.001351400516390312
C3,442,Raytraverse Balanced,36,0.05015593836769146
C3,442,Raytraverse High,36,0.05041899786486601
C3,443,EIGCM (MF1),36,0.00029390529984635864
C3,443,Jones dcglare,36,0.0009712423141866678
C3,443,Raytraverse Balanced,36,0.0011795478532224425
C3,443,Raytraverse High,36,0.0011005133982613653
C3,444,EIGCM (MF1),36,0.006506635383313629
C3,444,Jones dcglare,36,0.05199994402583772
C3,444,Raytraverse Balanced,36,0.051961325616584224
C3,444,Raytraverse High,36,0.051935809155974996
C3,445,EIGCM (MF1),36,0.012248633928229617
C3,445,Jones dcglare,36,0.05522024986457026
C3,445,Raytraverse Balanced,36,0.08012878172107993
C3,445,Raytraverse High,36,0.0800082757009725
C3,446,EIGCM (MF1),36,0.01871827931141108
C3,446,Jones dcglare,36,0.07588148480699128
C3,446,Raytraverse Balanced,36,0.08774322196342615
C3,446,Raytraverse High,36,0.08768881271154387
C3,447,EIGCM (MF1),36,0.006297597028144057
C3,447,Jones dcglare,36,0.059184856845272533
C3,447,Raytraverse Balanced,36,0.09289740892946204
C3,447,Raytraverse High,36,0.0919207312135645
C3,448,EIGCM (MF1),36,0.006981878609538653
C3,448,Jones dcglare,36,0.04328127902002872
C3,448,Raytraverse Balanced,36,0.07324240459679454
C3,448,Raytraverse High,36,0.07320478602831865
C3,449,EIGCM (MF1),36,0.0015301580429448773
C3,449,Jones dcglare,36,0.0019418768945854944
C3,449,Raytraverse Balanced,36,0.0015619612266679008
C3,449,Raytraverse High,36,0.0016321577301186677
C3,450,EIGCM (MF1),36,0.00043207069283985125
C3,450,Jones dcglare,36,0.0011932898334750862
C3,450,Raytraverse Balanced,36,0.0011255525481081617
C3,450,Raytraverse High,36,0.0010418810796716568
C3,451,EIGCM (MF1),36,0.0008097943521523091
C3,451,Jones dcglare,36,0.001064300187691165
C3,451,Raytraverse Balanced,36,0.0011865513134980262
C3,451,Raytraverse High,36,0.001187365033615514
C3,452,EIGCM (MF1),36,0.006505824897415645
C3,452,Jones dcglare,36,0.03514213065720444
C3,452,Raytraverse Balanced,36,0.0044085488795303565
C3,452,Raytraverse High,36,0.0024586600785398436
C3,453,EIGCM (MF1),36,0.008459524133090073
C3,453,Jones dcglare,36,0.04662696037500685
C3,453,Raytraverse Balanced,36,0.008374377047237438
C3,453,Raytraverse High,36,0.008399670110008953
C3,454,EIGCM (MF1),36,0.015171609986656733
C3,454,Jones dcglare,36,0.0484223127134979
C3,454,Raytraverse Balanced,36,0.01505414242562907
C3,454,Raytraverse High,36,0.015056129667719225
C3,455,EIGCM (MF1),36,0.003409647548338231
C3,455,Jones dcglare,36,0.05427862352433602
C3,455,Raytraverse Balanced,36,0.0034422085354923883
C3,455,Raytraverse High,36,0.0034175886891718798
C3,456,EIGCM (MF1),36,0.0025500482003614536
C3,456,Jones dcglare,36,0.002670353559375508
C3,456,Raytraverse Balanced,36,0.0024493416596239616
C3,456,Raytraverse High,36,0.002464322294813864
C3,457,EIGCM (MF1),36,0.0008959930173959064
C3,457,Jones dcglare,36,0.0013848434863018891
C3,457,Raytraverse Balanced,36,0.0011849084525127284
C3,457,Raytraverse High,36,0.0011366986617625532
C3,458,EIGCM (MF1),36,0.0005452089309001957
C3,458,Jones dcglare,36,0.0009581331325276374
C3,458,Raytraverse Balanced,36,0.0012473307046994818
C3,458,Raytraverse High,36,0.001150498181591106
C3,459,EIGCM (MF1),36,0.0002885543810676493
C3,459,Jones dcglare,36,0.0010743298030193283
C3,459,Raytraverse Balanced,36,0.001228364983132502
C3,459,Raytraverse High,36,0.001235118598105503
C3,460,EIGCM (MF1),36,0.011079865614069213
C3,460,Jones dcglare,36,0.039079159112393555
C3,460,Raytraverse Balanced,36,0.007403336924691077
C3,460,Raytraverse High,36,0.005371653914500835
C3,461,EIGCM (MF1),36,0.0019162722341248305
C3,461,Jones dcglare,36,0.04764417851342738
C3,461,Raytraverse Balanced,36,0.0021230067839570804
C3,461,Raytraverse High,36,0.0019602477669268454
C3,462,EIGCM (MF1),36,0.0017745527283891396
C3,462,Jones dcglare,36,0.06092047845180146
C3,462,Raytraverse Balanced,36,0.001870064293283493
C3,462,Raytraverse High,36,0.0018493260783616085
C3,463,EIGCM (MF1),36,0.0007898793557668585
C3,463,Jones dcglare,36,0.05400418622057759
C3,463,Raytraverse Balanced,36,0.0011444395577348524
C3,463,Raytraverse High,36,0.0011380309111001566
C3,464,EIGCM (MF1),36,0.0010216251542681076
C3,464,Jones dcglare,36,0.0015122032892025477
C3,464,Raytraverse Balanced,36,0.001319084223581944
C3,464,Raytraverse High,36,0.0012975982103465005
C3,465,EIGCM (MF1),36,0.0006614476354515504
C3,465,Jones dcglare,36,0.0011202031314069267
C3,465,Raytraverse Balanced,36,0.0010971636896827774
C3,465,Raytraverse High,36,0.0010890082603324089
C3,466,EIGCM (MF1),36,0.0004437390806168291
C3,466,Jones dcglare,36,0.0010657061687301267
C3,466,Raytraverse Balanced,36,0.0010334080361290555
C3,466,Raytraverse High,36,0.0010289230082726195
C3,467,EIGCM (MF1),36,0.00021962860507380823
C3,467,Jones dcglare,36,0.0011279973870783392
C3,467,Raytraverse Balanced,36,0.0010320065176002763
C3,467,Raytraverse High,36,0.0010395827287266134
C3,468,EIGCM (MF1),36,0.010131140915267147
C3,468,Jones dcglare,36,0.043130789734577915
C3,468,Raytraverse Balanced,36,0.0433997534107024
C3,468,Raytraverse High,36,0.043707503736436795
C3,469,EIGCM (MF1),36,0.002271371142063755
C3,469,Jones dcglare,36,0.0650705423631044
C3,469,Raytraverse Balanced,36,0.06590091953311338
C3,469,Raytraverse High,36,0.06601143010354636
C3,470,EIGCM (MF1),36,0.002159176291500484
C3,470,Jones dcglare,36,0.07049445754737842
C3,470,Raytraverse Balanced,36,0.07127331840098801
C3,470,Raytraverse High,36,0.07127363470734605
C3,471,EIGCM (MF1),36,0.000961570346707229
C3,471,Jones dcglare,36,0.058471018434502926
C3,471,Raytraverse Balanced,36,0.05955462470333979
C3,471,Raytraverse High,36,0.05954970401476051
C3,472,EIGCM (MF1),36,0.0007694367026886904
C3,472,Jones dcglare,36,0.001379516112264446
C3,472,Raytraverse Balanced,36,0.001211329277962848
C3,472,Raytraverse High,36,0.0012048675063674008
C3,473,EIGCM (MF1),36,0.0005307247547248745
C3,473,Jones dcglare,36,0.001039774238985721
C3,473,Raytraverse Balanced,36,0.0010761264414879135
C3,473,Raytraverse High,36,0.0010469873813125816
C3,474,EIGCM (MF1),36,0.0005294903978250104
C3,474,Jones dcglare,36,0.0011837202253770418
C3,474,Raytraverse Balanced,36,0.001105421785625791
C3,474,Raytraverse High,36,0.0010412246730319816
C3,475,EIGCM (MF1),36,0.00022983547315900044
C3,475,Jones dcglare,36,0.0012711449049041914
C3,475,Raytraverse Balanced,36,0.0011294720702033519
C3,475,Raytraverse High,36,0.0010302857682755369
C3,476,EIGCM (MF1),36,0.0027791475344668766
C3,476,Jones dcglare,36,0.018589699855742395
C3,476,Raytraverse Balanced,36,0.018588683157944284
C3,476,Raytraverse High,36,0.018584488333286995
C3,477,EIGCM (MF1),36,0.003856908800523486
C3,477,Jones dcglare,36,0.03392159722691987
C3,477,Raytraverse Balanced,36,0.03391440943075008
C3,477,Raytraverse High,36,0.03391295735567176
C3,478,EIGCM (MF1),36,0.003966725629498746
C3,478,Jones dcglare,36,0.035817168812135834
C3,478,Raytraverse Balanced,36,0.03580517720192702
C3,478,Raytraverse High,36,0.03580388127778859
C3,479,EIGCM (MF1),36,0.003114998416933782
C3,479,Jones dcglare,36,0.022116275127117106
C3,479,Raytraverse Balanced,36,0.022100886385306027
C3,479,Raytraverse High,36,0.022100138359660525
C3,480,EIGCM (MF1),36,0.0006533804970221317
C3,480,Jones dcglare,36,0.002335735998134918
C3,480,Raytraverse Balanced,36,0.0011107735126103181
C3,480,Raytraverse High,36,0.0011026384295104784
C3,481,EIGCM (MF1),36,0.000541284929332251
C3,481,Jones dcglare,36,0.0011438222267698699
C3,481,Raytraverse Balanced,36,0.0010818979656192673
C3,481,Raytraverse High,36,0.009835378453099244
C3,482,EIGCM (MF1),36,0.00037718605157136545
C3,482,Jones dcglare,36,0.0013440769499796744
C3,482,Raytraverse Balanced,36,0.0010926602254830973
C3,482,Raytraverse High,36,0.0010455875483735863
C3,483,EIGCM (MF1),36,0.00043759659854203045
C3,483,Jones dcglare,36,0.0012008154820486688
C3,483,Raytraverse Balanced,36,0.0011158747047968923
C3,483,Raytraverse High,36,0.0010590887280962581
C3,484,EIGCM (MF1),36,0.0007417238564092865
C3,484,Jones dcglare,36,0.020802210652396555
C3,484,Raytraverse Balanced,36,0.019995009166458404
C3,484,Raytraverse High,36,0.019991669327056726
C3,485,EIGCM (MF1),36,0.004049478714531591
C3,485,Jones dcglare,36,0.03772885414223278
C3,485,Raytraverse Balanced,36,0.0351740401574012
C3,485,Raytraverse High,36,0.03517162493873889
C3,486,EIGCM (MF1),36,0.0022277468116163155
C3,486,Jones dcglare,36,0.035770440506418026
C3,486,Raytraverse Balanced,36,0.035766745380196314
C3,486,Raytraverse High,36,0.03608816154692684
C3,487,EIGCM (MF1),36,0.0011320995858237156
C3,487,Jones dcglare,36,0.02237010348194581
C3,487,Raytraverse Balanced,36,0.022360653089848345
C3,487,Raytraverse High,36,0.024429445847156003
C3,488,EIGCM (MF1),36,0.00040470626590981604
C3,488,Jones dcglare,36,0.0055878313724591665
C3,488,Raytraverse Balanced,36,0.0010442788983485722
C3,488,Raytraverse High,36,0.011914876263653208
C3,489,EIGCM (MF1),36,0.0005634602571511973
C3,489,Jones dcglare,36,0.0011618426091283272
C3,489,Raytraverse Balanced,36,0.001150989816177558
C3,489,Raytraverse High,36,0.00993301238824132
C3,490,EIGCM (MF1),36,0.0008116204182580235
C3,490,Jones dcglare,36,0.0011979692897461957
C3,490,Raytraverse Balanced,36,0.0011166188058039327
C3,490,Raytraverse High,36,0.0010682826770738695
C3,491,EIGCM (MF1),36,0.0002764516860542195
C3,491,Jones dcglare,36,0.0012106560610092097
C3,491,Raytraverse Balanced,36,0.0011521178633776496
C3,491,Raytraverse High,36,0.0010761847719464525
C3,492,EIGCM (MF1),36,0.0008483821955476352
C3,492,Jones dcglare,36,0.0011736512171838913
C3,492,Raytraverse Balanced,36,0.0012568763230989234
C3,492,Raytraverse High,36,0.001190156260582106
C3,493,EIGCM (MF1),36,0.003789357489293753
C3,493,Jones dcglare,36,0.013836197391610669
C3,493,Raytraverse Balanced,36,0.0036921191375546385
C3,493,Raytraverse High,36,0.0036754856271620753
C3,494,EIGCM (MF1),36,0.0023327954147212408
C3,494,Jones dcglare,36,0.0027018213845046587
C3,494,Raytraverse Balanced,36,0.002358291892465699
C3,494,Raytraverse High,36,0.00536424032170239
C3,495,EIGCM (MF1),36,0.0008426530086907407
C3,495,Jones dcglare,36,0.0014299190900294125
C3,495,Raytraverse Balanced,36,0.001188717677124526
C3,495,Raytraverse High,36,0.009987225062212531
C3,496,EIGCM (MF1),36,0.00032780568642956046
C3,496,Jones dcglare,36,0.00367385104459506
C3,496,Raytraverse Balanced,36,0.0010691002145612905
C3,496,Raytraverse High,36,0.01199422317203161
C3,497,EIGCM (MF1),36,0.000203956162228825
C3,497,Jones dcglare,36,0.001089655975092852
C3,497,Raytraverse Balanced,36,0.001044141578236774
C3,497,Raytraverse High,36,0.0010593948591452267
C3,498,EIGCM (MF1),36,0.0004259257972020755
C3,498,Jones dcglare,36,0.0009545374929878101
C3,498,Raytraverse Balanced,36,0.001036687083988386
C3,498,Raytraverse High,36,0.0010251054861140473
C3,499,EIGCM (MF1),36,0.0002686414716267347
C3,499,Jones dcglare,36,0.0011033918479032942
C3,499,Raytraverse Balanced,36,0.001027861518686841
C3,499,Raytraverse High,36,0.0010256376716814863
C3,500,EIGCM (MF1),36,0.0011224194212602627
C3,500,Jones dcglare,36,0.0013455538608578412
C3,500,Raytraverse Balanced,36,0.001350572134635087
C3,500,Raytraverse High,36,0.001353520184612251
C3,501,EIGCM (MF1),36,0.004015386568286769
C3,501,Jones dcglare,36,0.013942156436966231
C3,501,Raytraverse Balanced,36,0.0039378324002524254
C3,501,Raytraverse High,36,0.003939785649638825
C3,502,EIGCM (MF1),36,0.0021251715871247238
C3,502,Jones dcglare,36,0.002286577494657076
C3,502,Raytraverse Balanced,36,0.002111219957076557
C3,502,Raytraverse High,36,0.002116125408813242
C3,503,EIGCM (MF1),36,0.0009085083024142144
C3,503,Jones dcglare,36,0.0014404212799019743
C3,503,Raytraverse Balanced,36,0.0011597151990443372
C3,503,Raytraverse High,36,0.0011883226801708085
C3,504,EIGCM (MF1),36,0.00025849964861356003
C3,504,Jones dcglare,36,0.0010841089874831145
C3,504,Raytraverse Balanced,36,0.0010199458624317592
C3,504,Raytraverse High,36,0.001059336815526843
C3,505,EIGCM (MF1),36,0.00029924720457247955
C3,505,Jones dcglare,36,0.0010442711174240664
C3,505,Raytraverse Balanced,36,0.0010777885212386942
C3,505,Raytraverse High,36,0.0010731656368621165
C3,506,EIGCM (MF1),36,0.0003718670005675539
C3,506,Jones dcglare,36,0.0011161342362654629
C3,506,Raytraverse Balanced,36,0.0010891816426399639
C3,506,Raytraverse High,36,0.0010698604252372757
C3,507,EIGCM (MF1),36,0.00021080122416891113
C3,507,Jones dcglare,36,0.0010109572837181517
C3,507,Raytraverse Balanced,36,0.0010644912104629044
C3,507,Raytraverse High,36,0.001069096570730272
C3,508,EIGCM (MF1),36,0.0010636820648107213
C3,508,Jones dcglare,36,0.0013499016939515752
C3,508,Raytraverse Balanced,36,0.0013432387205173984
C3,508,Raytraverse High,36,0.0013537153827850546
C3,509,EIGCM (MF1),36,0.005382206479533588
C3,509,Jones dcglare,36,0.005237385991073911
C3,509,Raytraverse Balanced,36,0.005198384401718801
C3,509,Raytraverse High,36,0.005190160044854111
C3,510,EIGCM (MF1),36,0.008246805603467858
C3,510,Jones dcglare,36,0.008171500722312274
C3,510,Raytraverse Balanced,36,0.008030884868012329
C3,510,Raytraverse High,36,0.008030383405478946
C3,511,EIGCM (MF1),36,0.006585596808060251
C3,511,Jones dcglare,36,0.006433900341257067
C3,511,Raytraverse Balanced,36,0.0064210661205999645
C3,511,Raytraverse High,36,0.006436484301091492
C3,512,EIGCM (MF1),36,0.00030134469143417125
C3,512,Jones dcglare,36,0.0011013098948461839
C3,512,Raytraverse Balanced,36,0.0011512947262695646
C3,512,Raytraverse High,36,0.0011873231704681566
C3,513,EIGCM (MF1),36,0.0002162937084922577
C3,513,Jones dcglare,36,0.001237775626698955
C3,513,Raytraverse Balanced,36,0.0011000464496809005
C3,513,Raytraverse High,36,0.0010738521764785763
C3,514,EIGCM (MF1),36,0.00018456019343293144
C3,514,Jones dcglare,36,0.001090982852907824
C3,514,Raytraverse Balanced,36,0.0010707510760819049
C3,514,Raytraverse High,36,0.0010222567277556418
C3,515,EIGCM (MF1),36,0.00021859991930973339
C3,515,Jones dcglare,36,0.001039761809228702
C3,515,Raytraverse Balanced,36,0.0010178560041031752
C3,515,Raytraverse High,36,0.0009811318778272802
C3,516,EIGCM (MF1),36,0.0015485962669642332
C3,516,Jones dcglare,36,0.0016715358639736101
C3,516,Raytraverse Balanced,36,0.019195857076424714
C3,516,Raytraverse High,36,0.0016022604724653853
C3,517,EIGCM (MF1),36,0.004329175833291546
C3,517,Jones dcglare,36,0.004259331887173673
C3,517,Raytraverse Balanced,36,0.03343530383260904
C3,517,Raytraverse High,36,0.004239375193814924
C3,518,EIGCM (MF1),36,0.0028063280974037533
C3,518,Jones dcglare,36,0.0030521889580448825
C3,518,Raytraverse Balanced,36,0.03674078359847141
C3,518,Raytraverse High,36,0.002787669583321843
C3,519,EIGCM (MF1),36,0.0010491388931987123
C3,519,Jones dcglare,36,0.014802428027131786
C3,519,Raytraverse Balanced,36,0.02716462514321102
C3,519,Raytraverse High,36,0.0012366461928752161
C3,520,EIGCM (MF1),36,0.00027655773859680137
C3,520,Jones dcglare,36,0.012753825643931205
C3,520,Raytraverse Balanced,36,0.0010743611682452639
C3,520,Raytraverse High,36,0.0010784565057048992
C4,1,EIGCM (MF1),36,0.005987384151465667
C4,1,Jones dcglare,36,0.03075830790584084
C4,1,Raytraverse Balanced,36,0.003583143328706344
C4,1,Raytraverse High,36,0.0053655142156678074
C4,2,EIGCM (MF1),36,0.010135476363592614
C4,2,Jones dcglare,36,0.0570042409917634
C4,2,Raytraverse Balanced,36,0.06190783163460718
C4,2,Raytraverse High,36,0.06124176385273358
C4,3,EIGCM (MF1),36,0.01161802854063938
C4,3,Jones dcglare,36,0.008277381931543428
C4,3,Raytraverse Balanced,36,0.007415701766170247
C4,3,Raytraverse High,36,0.006359046709217162
C4,4,EIGCM (MF1),36,0.00919759089583909
C4,4,Jones dcglare,36,0.01094504701387827
C4,4,Raytraverse Balanced,36,0.012515481589620302
C4,4,Raytraverse High,36,0.010158215756078918
C4,5,EIGCM (MF1),36,0.010735487859237388
C4,5,Jones dcglare,36,0.008857739315486893
C4,5,Raytraverse Balanced,36,0.01252079615393892
C4,5,Raytraverse High,36,0.009807766200210932
C4,6,EIGCM (MF1),36,0.007912223217100384
C4,6,Jones dcglare,36,0.08021535848246013
C4,6,Raytraverse Balanced,36,0.015899897150250003
C4,6,Raytraverse High,36,0.014247488086012759
C4,7,EIGCM (MF1),36,0.007827489409854798
C4,7,Jones dcglare,36,0.06288283841404534
C4,7,Raytraverse Balanced,36,0.005113983612823278
C4,7,Raytraverse High,36,0.005601812793898118
C4,8,EIGCM (MF1),36,0.0074733418731924
C4,8,Jones dcglare,36,0.05547279514459844
C4,8,Raytraverse Balanced,36,0.003930588403441577
C4,8,Raytraverse High,36,0.006695744730562712
C4,9,EIGCM (MF1),36,0.011262406063179601
C4,9,Jones dcglare,36,0.0429269562523471
C4,9,Raytraverse Balanced,36,0.07260157433764801
C4,9,Raytraverse High,36,0.07416459267350652
C4,10,EIGCM (MF1),36,0.007226157252801955
C4,10,Jones dcglare,36,0.060484817933221795
C4,10,Raytraverse Balanced,36,0.07057740987587138
C4,10,Raytraverse High,36,0.06979374082862805
C4,11,EIGCM (MF1),36,0.009529975138798167
C4,11,Jones dcglare,36,0.007204539758970265
C4,11,Raytraverse Balanced,36,0.045580830029769
C4,11,Raytraverse High,36,0.04139919765214472
C4,12,EIGCM (MF1),36,0.011180667998144045
C4,12,Jones dcglare,36,0.009147696849872615
C4,12,Raytraverse Balanced,36,0.06163841075808799
C4,12,Raytraverse High,36,0.055815614706315866
C4,13,EIGCM (MF1),36,0.006852006253280865
C4,13,Jones dcglare,36,0.033750282311878536
C4,13,Raytraverse Balanced,36,0.10842159139249044
C4,13,Raytraverse High,36,0.09754644516328428
C4,14,EIGCM (MF1),36,0.005138535312091469
C4,14,Jones dcglare,36,0.06652238411881217
C4,14,Raytraverse Balanced,36,0.1976306139397907
C4,14,Raytraverse High,36,0.18607919648762816
C4,15,EIGCM (MF1),36,0.005030068163222701
C4,15,Jones dcglare,36,0.036300293786113005
C4,15,Raytraverse Balanced,36,0.19601330469518125
C4,15,Raytraverse High,36,0.18944297812526847
C4,16,EIGCM (MF1),36,0.006445874112885439
C4,16,Jones dcglare,36,0.03012801447871376
C4,16,Raytraverse Balanced,36,0.15231914078634465
C4,16,Raytraverse High,36,0.14851754818693863
C4,17,EIGCM (MF1),36,0.01246052529193024
C4,17,Jones dcglare,36,0.08759947038599593
C4,17,Raytraverse Balanced,36,0.05874061267374066
C4,17,Raytraverse High,36,0.05870534513991642
C4,18,EIGCM (MF1),36,0.009054623272870679
C4,18,Jones dcglare,36,0.09163651996639184
C4,18,Raytraverse Balanced,36,0.08640622252881248
C4,18,Raytraverse High,36,0.08576877160515141
C4,19,EIGCM (MF1),36,0.007780417321265969
C4,19,Jones dcglare,36,0.008023921675914014
C4,19,Raytraverse Balanced,36,0.004842979427520715
C4,19,Raytraverse High,36,0.004804387191766907
C4,20,EIGCM (MF1),36,0.010212732738310866
C4,20,Jones dcglare,36,0.03999276508287058
C4,20,Raytraverse Balanced,36,0.024682747329176663
C4,20,Raytraverse High,36,0.023211436105078316
C4,21,EIGCM (MF1),36,0.005801404432716653
C4,21,Jones dcglare,36,0.011779222037100027
C4,21,Raytraverse Balanced,36,0.010023742979788038
C4,21,Raytraverse High,36,0.005889579344458492
C4,22,EIGCM (MF1),36,0.005366116011009365
C4,22,Jones dcglare,36,0.04276603222519025
C4,22,Raytraverse Balanced,36,0.010410154385553885
C4,22,Raytraverse High,36,0.0052278754538377095
C4,23,EIGCM (MF1),36,0.0027336320737660056
C4,23,Jones dcglare,36,0.024899723551940964
C4,23,Raytraverse Balanced,36,0.026530236243563737
C4,23,Raytraverse High,36,0.02506852466592376
C4,24,EIGCM (MF1),36,0.006932915582146277
C4,24,Jones dcglare,36,0.050125399276697624
C4,24,Raytraverse Balanced,36,0.04513235513274424
C4,24,Raytraverse High,36,0.04480584643342934
C4,25,EIGCM (MF1),36,0.009772012388889563
C4,25,Jones dcglare,36,0.07040448412795913
C4,25,Raytraverse Balanced,36,0.25164379994916636
C4,25,Raytraverse High,36,0.2516780911789497
C4,26,EIGCM (MF1),36,0.005252374068404163
C4,26,Jones dcglare,36,0.0049751390731189605
C4,26,Raytraverse Balanced,36,0.13208895628922523
C4,26,Raytraverse High,36,0.13152679618710542
C4,27,EIGCM (MF1),36,0.006066389224379418
C4,27,Jones dcglare,36,0.00680958243285662
C4,27,Raytraverse Balanced,36,0.015956499331145076
C4,27,Raytraverse High,36,0.015678563470120956
C4,28,EIGCM (MF1),36,0.008446640046245213
C4,28,Jones dcglare,36,0.04010905948802033
C4,28,Raytraverse Balanced,36,0.026228024413969826
C4,28,Raytraverse High,36,0.025528687138714763
C4,29,EIGCM (MF1),36,0.00439033482363374
C4,29,Jones dcglare,36,0.00845524789395763
C4,29,Raytraverse Balanced,36,0.010910092604040484
C4,29,Raytraverse High,36,0.00791547865693418
C4,30,EIGCM (MF1),36,0.005731535525809041
C4,30,Jones dcglare,36,0.011166863381609599
C4,30,Raytraverse Balanced,36,0.08179846598696258
C4,30,Raytraverse High,36,0.08175055938676361
C4,31,EIGCM (MF1),36,0.0071709008691377115
C4,31,Jones dcglare,36,0.02241737485891246
C4,31,Raytraverse Balanced,36,0.16099112378850056
C4,31,Raytraverse High,36,0.16179450035434734
C4,32,EIGCM (MF1),36,0.010961046790060196
C4,32,Jones dcglare,36,0.03754333408887674
C4,32,Raytraverse Balanced,36,0.20237734605017324
C4,32,Raytraverse High,36,0.2031215612904205
C4,33,EIGCM (MF1),36,0.010148625474294536
C4,33,Jones dcglare,36,0.018402193024531374
C4,33,Raytraverse Balanced,36,0.10474119762818589
C4,33,Raytraverse High,36,0.10366618863955794
C4,34,EIGCM (MF1),36,0.0043350372182498235
C4,34,Jones dcglare,36,0.00617479357484164
C4,34,Raytraverse Balanced,36,0.07016627489670153
C4,34,Raytraverse High,36,0.0695338315203704
C4,35,EIGCM (MF1),36,0.005569698695795348
C4,35,Jones dcglare,36,0.008717848237481925
C4,35,Raytraverse Balanced,36,0.00562768036692517
C4,35,Raytraverse High,36,0.006536954916294489
C4,36,EIGCM (MF1),36,0.006952506871605537
C4,36,Jones dcglare,36,0.04290076197597227
C4,36,Raytraverse Balanced,36,0.08382808978026804
C4,36,Raytraverse High,36,0.08085781286392878
C4,37,EIGCM (MF1),36,0.007938956577763296
C4,37,Jones dcglare,36,0.061568442537036285
C4,37,Raytraverse Balanced,36,0.12937282086467808
C4,37,Raytraverse High,36,0.12498403424344683
C4,38,EIGCM (MF1),36,0.008328924533515717
C4,38,Jones dcglare,36,0.07766314609739099
C4,38,Raytraverse Balanced,36,0.14009697105523336
C4,38,Raytraverse High,36,0.1370839596580414
C4,39,EIGCM (MF1),36,0.007395659422424751
C4,39,Jones dcglare,36,0.05397157533248367
C4,39,Raytraverse Balanced,36,0.14501977653859296
C4,39,Raytraverse High,36,0.1442389795282303
C4,40,EIGCM (MF1),36,0.007828285851818254
C4,40,Jones dcglare,36,0.014525211762200368
C4,40,Raytraverse Balanced,36,0.10750843653254012
C4,40,Raytraverse High,36,0.10638484410980466
C4,41,EIGCM (MF1),36,0.010457351132244505
C4,41,Jones dcglare,36,0.03163792416270952
C4,41,Raytraverse Balanced,36,0.07563014702565307
C4,41,Raytraverse High,36,0.07524245259514797
C4,42,EIGCM (MF1),36,0.006316276610472348
C4,42,Jones dcglare,36,0.017839743006086706
C4,42,Raytraverse Balanced,36,0.057562835844019736
C4,42,Raytraverse High,36,0.057133492997537776
C4,43,EIGCM (MF1),36,0.007429668870462672
C4,43,Jones dcglare,36,0.009059755607326466
C4,43,Raytraverse Balanced,36,0.003143938877700939
C4,43,Raytraverse High,36,0.004917877279789179
C4,44,EIGCM (MF1),36,0.008656399063939155
C4,44,Jones dcglare,36,0.011593610225676159
C4,44,Raytraverse Balanced,36,0.0033219420409871347
C4,44,Raytraverse High,36,0.005065664964908366
C4,45,EIGCM (MF1),36,0.016476432981551426
C4,45,Jones dcglare,36,0.02000456686402077
C4,45,Raytraverse Balanced,36,0.007890537615550277
C4,45,Raytraverse High,36,0.005465678669274393
C4,46,EIGCM (MF1),36,0.01185175814036794
C4,46,Jones dcglare,36,0.01186341762376103
C4,46,Raytraverse Balanced,36,0.002611116076465723
C4,46,Raytraverse High,36,0.003796556470299767
C4,47,EIGCM (MF1),36,0.007489135562470183
C4,47,Jones dcglare,36,0.019193713108741055
C4,47,Raytraverse Balanced,36,0.05550842647682639
C4,47,Raytraverse High,36,0.05557361038140375
C4,48,EIGCM (MF1),36,0.013163542139445004
C4,48,Jones dcglare,36,0.03401803019167797
C4,48,Raytraverse Balanced,36,0.07467186436394148
C4,48,Raytraverse High,36,0.07436581073746958
C4,49,EIGCM (MF1),36,0.012167659915598664
C4,49,Jones dcglare,36,0.044137359464945874
C4,49,Raytraverse Balanced,36,0.011607048010064947
C4,49,Raytraverse High,36,0.011460869096905715
C4,50,EIGCM (MF1),36,0.009551271508664291
C4,50,Jones dcglare,36,0.06278738716086012
C4,50,Raytraverse Balanced,36,0.06430212848965415
C4,50,Raytraverse High,36,0.06215511190797806
C4,51,EIGCM (MF1),36,0.004169353057163399
C4,51,Jones dcglare,36,0.0055623529126730365
C4,51,Raytraverse Balanced,36,0.005760467718431763
C4,51,Raytraverse High,36,0.005478891945019795
C4,52,EIGCM (MF1),36,0.011258062959756147
C4,52,Jones dcglare,36,0.010979235077716783
C4,52,Raytraverse Balanced,36,0.005450683891025868
C4,52,Raytraverse High,36,0.005287621772825767
C4,53,EIGCM (MF1),36,0.017486379407381306
C4,53,Jones dcglare,36,0.01905797956058579
C4,53,Raytraverse Balanced,36,0.00539128253814872
C4,53,Raytraverse High,36,0.005337812791068238
C4,54,EIGCM (MF1),36,0.015089683142879444
C4,54,Jones dcglare,36,0.0930694071617881
C4,54,Raytraverse Balanced,36,0.014354196907781782
C4,54,Raytraverse High,36,0.013296332495025745
C4,55,EIGCM (MF1),36,0.008095392991181258
C4,55,Jones dcglare,36,0.06609886239691685
C4,55,Raytraverse Balanced,36,0.0032437761302235965
C4,55,Raytraverse High,36,0.005309368887713444
C4,56,EIGCM (MF1),36,0.011309207994594494
C4,56,Jones dcglare,36,0.06086354602671897
C4,56,Raytraverse Balanced,36,0.0035250279438364404
C4,56,Raytraverse High,36,0.005151287461226452
C4,57,EIGCM (MF1),36,0.010710200894837497
C4,57,Jones dcglare,36,0.04719189851719549
C4,57,Raytraverse Balanced,36,0.018159113513041
C4,57,Raytraverse High,36,0.019030716259281336
C4,58,EIGCM (MF1),36,0.008995036992234482
C4,58,Jones dcglare,36,0.0657715894646384
C4,58,Raytraverse Balanced,36,0.06821254029606258
C4,58,Raytraverse High,36,0.06656798435118073
C4,59,EIGCM (MF1),36,0.005651584758474583
C4,59,Jones dcglare,36,0.004943825119825405
C4,59,Raytraverse Balanced,36,0.00899100563048845
C4,59,Raytraverse High,36,0.008935616323213555
C4,60,EIGCM (MF1),36,0.009219227240904982
C4,60,Jones dcglare,36,0.059554179237511086
C4,60,Raytraverse Balanced,36,0.06254550591676163
C4,60,Raytraverse High,36,0.06267027397954315
C4,61,EIGCM (MF1),36,0.005072453103255091
C4,61,Jones dcglare,36,0.030893668128167597
C4,61,Raytraverse Balanced,36,0.20661186971012824
C4,61,Raytraverse High,36,0.20573953979678905
C4,62,EIGCM (MF1),36,0.008551299228544803
C4,62,Jones dcglare,36,0.04904735070790323
C4,62,Raytraverse Balanced,36,0.2145140034841505
C4,62,Raytraverse High,36,0.2140142171209034
C4,63,EIGCM (MF1),36,0.0018655525412506226
C4,63,Jones dcglare,36,0.011981475236516503
C4,63,Raytraverse Balanced,36,0.1857109864273739
C4,63,Raytraverse High,36,0.18339497177688785
C4,64,EIGCM (MF1),36,0.006744966673914867
C4,64,Jones dcglare,36,0.03187321531808091
C4,64,Raytraverse Balanced,36,0.10880665609546206
C4,64,Raytraverse High,36,0.10732383333679077
C4,65,EIGCM (MF1),36,0.011310974937140086
C4,65,Jones dcglare,36,0.09415841063330391
C4,65,Raytraverse Balanced,36,0.09543940905752606
C4,65,Raytraverse High,36,0.09378407863908177
C4,66,EIGCM (MF1),36,0.012598506324505744
C4,66,Jones dcglare,36,0.07583814720071841
C4,66,Raytraverse Balanced,36,0.06607751336611133
C4,66,Raytraverse High,36,0.0655163307211089
C4,67,EIGCM (MF1),36,0.005282542176541937
C4,67,Jones dcglare,36,0.003411516340997311
C4,67,Raytraverse Balanced,36,0.0062696045347741935
C4,67,Raytraverse High,36,0.006723550309872674
C4,68,EIGCM (MF1),36,0.009275411372997606
C4,68,Jones dcglare,36,0.04703947366383983
C4,68,Raytraverse Balanced,36,0.017533335051701668
C4,68,Raytraverse High,36,0.016660340922493074
C4,69,EIGCM (MF1),36,0.0066038458813574875
C4,69,Jones dcglare,36,0.017577373340395053
C4,69,Raytraverse Balanced,36,0.007110529555262465
C4,69,Raytraverse High,36,0.006445842531543753
C4,70,EIGCM (MF1),36,0.005738153725938329
C4,70,Jones dcglare,36,0.0457572435581493
C4,70,Raytraverse Balanced,36,0.009605295797538507
C4,70,Raytraverse High,36,0.005025117800865738
C4,71,EIGCM (MF1),36,0.0015963478784052282
C4,71,Jones dcglare,36,0.01741827507884791
C4,71,Raytraverse Balanced,36,0.03578753400454293
C4,71,Raytraverse High,36,0.03178927253739372
C4,72,EIGCM (MF1),36,0.011492280029050419
C4,72,Jones dcglare,36,0.03351503468465733
C4,72,Raytraverse Balanced,36,0.049986332540301194
C4,72,Raytraverse High,36,0.0470617385759442
C4,73,EIGCM (MF1),36,0.00937240409506073
C4,73,Jones dcglare,36,0.06971173536041222
C4,73,Raytraverse Balanced,36,0.2722924493064641
C4,73,Raytraverse High,36,0.27272398526713965
C4,74,EIGCM (MF1),36,0.007486875792697367
C4,74,Jones dcglare,36,0.004708003286686701
C4,74,Raytraverse Balanced,36,0.07944569540236562
C4,74,Raytraverse High,36,0.07939104205396934
C4,75,EIGCM (MF1),36,0.002798740738905826
C4,75,Jones dcglare,36,0.0035274780662819145
C4,75,Raytraverse Balanced,36,0.019288868487873024
C4,75,Raytraverse High,36,0.019542861033292877
C4,76,EIGCM (MF1),36,0.0068015677334347
C4,76,Jones dcglare,36,0.044435524366136764
C4,76,Raytraverse Balanced,36,0.024904326466807934
C4,76,Raytraverse High,36,0.02486184915128231
C4,77,EIGCM (MF1),36,0.003695402431625905
C4,77,Jones dcglare,36,0.01798890830784362
C4,77,Raytraverse Balanced,36,0.011553566421871402
C4,77,Raytraverse High,36,0.011631797959534243
C4,78,EIGCM (MF1),36,0.008263251045307637
C4,78,Jones dcglare,36,0.04447059918483703
C4,78,Raytraverse Balanced,36,0.12290108512367412
C4,78,Raytraverse High,36,0.1233835966591346
C4,79,EIGCM (MF1),36,0.010103324073018961
C4,79,Jones dcglare,36,0.07931717770811297
C4,79,Raytraverse Balanced,36,0.1981467863583717
C4,79,Raytraverse High,36,0.2004073635464509
C4,80,EIGCM (MF1),36,0.016727170566235777
C4,80,Jones dcglare,36,0.07522097711771748
C4,80,Raytraverse Balanced,36,0.24523368586290556
C4,80,Raytraverse High,36,0.24693984859473114
C4,81,EIGCM (MF1),36,0.0031810227738103365
C4,81,Jones dcglare,36,0.005168094184025517
C4,81,Raytraverse Balanced,36,0.0041665503220710085
C4,81,Raytraverse High,36,0.0038365717599353447
C4,82,EIGCM (MF1),36,0.00460240260187245
C4,82,Jones dcglare,36,0.003858461122401073
C4,82,Raytraverse Balanced,36,0.00418043623828403
C4,82,Raytraverse High,36,0.005008305741852449
C4,83,EIGCM (MF1),36,0.008059036207747032
C4,83,Jones dcglare,36,0.009700624455266179
C4,83,Raytraverse Balanced,36,0.005032720119062517
C4,83,Raytraverse High,36,0.004629458921658663
C4,84,EIGCM (MF1),36,0.005507239111236533
C4,84,Jones dcglare,36,0.03877851037626108
C4,84,Raytraverse Balanced,36,0.020185459336057907
C4,84,Raytraverse High,36,0.020546428372539987
C4,85,EIGCM (MF1),36,0.011296848340183695
C4,85,Jones dcglare,36,0.046005464308428556
C4,85,Raytraverse Balanced,36,0.04694641767263185
C4,85,Raytraverse High,36,0.04763240780462144
C4,86,EIGCM (MF1),36,0.009288273407950116
C4,86,Jones dcglare,36,0.038828748835276546
C4,86,Raytraverse Balanced,36,0.04149460638728953
C4,86,Raytraverse High,36,0.041994993939028245
C4,87,EIGCM (MF1),36,0.006071302395125411
C4,87,Jones dcglare,36,0.059745318802102425
C4,87,Raytraverse Balanced,36,0.03728670983547311
C4,87,Raytraverse High,36,0.03743452457236043
C4,88,EIGCM (MF1),36,0.0028555705690807226
C4,88,Jones dcglare,36,0.0036370439858970636
C4,88,Raytraverse Balanced,36,0.0046115801311646725
C4,88,Raytraverse High,36,0.003972230256483753
C4,89,EIGCM (MF1),36,0.01005999979858349
C4,89,Jones dcglare,36,0.08096057212959795
C4,89,Raytraverse Balanced,36,0.11490166100269232
C4,89,Raytraverse High,36,0.11552464548349128
C4,90,EIGCM (MF1),36,0.010094935942727807
C4,90,Jones dcglare,36,0.07125120309432342
C4,90,Raytraverse Balanced,36,0.08338561256089502
C4,90,Raytraverse High,36,0.08309218985837437
C4,91,EIGCM (MF1),36,0.010249828525354302
C4,91,Jones dcglare,36,0.007012273649632714
C4,91,Raytraverse Balanced,36,0.019849111101058924
C4,91,Raytraverse High,36,0.019437712124253815
C4,92,EIGCM (MF1),36,0.010536750271391398
C4,92,Jones dcglare,36,0.01001659339847884
C4,92,Raytraverse Balanced,36,0.009810429830107254
C4,92,Raytraverse High,36,0.014875822388020444
C4,93,EIGCM (MF1),36,0.02517906869706243
C4,93,Jones dcglare,36,0.008634432140407705
C4,93,Raytraverse Balanced,36,0.03354423999696175
C4,93,Raytraverse High,36,0.03677315685785583
C4,94,EIGCM (MF1),36,0.03733982706593816
C4,94,Jones dcglare,36,0.05679795632505316
C4,94,Raytraverse Balanced,36,0.04761543572895579
C4,94,Raytraverse High,36,0.0549074884617852
C4,95,EIGCM (MF1),36,0.023851911003698083
C4,95,Jones dcglare,36,0.059750796980378496
C4,95,Raytraverse Balanced,36,0.10148576059708696
C4,95,Raytraverse High,36,0.10408419940338401
C4,96,EIGCM (MF1),36,0.00649541073357011
C4,96,Jones dcglare,36,0.05328977480206213
C4,96,Raytraverse Balanced,36,0.105613908707394
C4,96,Raytraverse High,36,0.10641941349349951
C4,97,EIGCM (MF1),36,0.0112837409822718
C4,97,Jones dcglare,36,0.06470793159903628
C4,97,Raytraverse Balanced,36,0.011925948937781879
C4,97,Raytraverse High,36,0.014520764598514988
C4,98,EIGCM (MF1),36,0.01006729758763768
C4,98,Jones dcglare,36,0.039978925451790576
C4,98,Raytraverse Balanced,36,0.013412514478834672
C4,98,Raytraverse High,36,0.015861140727600146
C4,99,EIGCM (MF1),36,0.008148971706516791
C4,99,Jones dcglare,36,0.011017191826191843
C4,99,Raytraverse Balanced,36,0.02632431252255586
C4,99,Raytraverse High,36,0.02514308200613927
C4,100,EIGCM (MF1),36,0.0100566560223814
C4,100,Jones dcglare,36,0.010850057094505317
C4,100,Raytraverse Balanced,36,0.05874648502125101
C4,100,Raytraverse High,36,0.05196390380488956
C4,101,EIGCM (MF1),36,0.008262260602936293
C4,101,Jones dcglare,36,0.028031657993533743
C4,101,Raytraverse Balanced,36,0.12070538978484713
C4,101,Raytraverse High,36,0.1050611754381456
C4,102,EIGCM (MF1),36,0.006879402064456206
C4,102,Jones dcglare,36,0.05717268321151338
C4,102,Raytraverse Balanced,36,0.11377911986074121
C4,102,Raytraverse High,36,0.08771805961360447
C4,103,EIGCM (MF1),36,0.004897040081830599
C4,103,Jones dcglare,36,0.020250772388471526
C4,103,Raytraverse Balanced,36,0.11052364164801516
C4,103,Raytraverse High,36,0.10381950692386589
C4,104,EIGCM (MF1),36,0.00683308515073697
C4,104,Jones dcglare,36,0.024589170936603028
C4,104,Raytraverse Balanced,36,0.09358740061098707
C4,104,Raytraverse High,36,0.09390921782609447
C4,105,EIGCM (MF1),36,0.010052318909488274
C4,105,Jones dcglare,36,0.07209782773844461
C4,105,Raytraverse Balanced,36,0.137779860850356
C4,105,Raytraverse High,36,0.13679280229595878
C4,106,EIGCM (MF1),36,0.007310476653349396
C4,106,Jones dcglare,36,0.006162690271117166
C4,106,Raytraverse Balanced,36,0.06147020116055924
C4,106,Raytraverse High,36,0.06163491756394498
C4,107,EIGCM (MF1),36,0.008918571897684437
C4,107,Jones dcglare,36,0.012479507902601987
C4,107,Raytraverse Balanced,36,0.009428240751265584
C4,107,Raytraverse High,36,0.007528248055287425
C4,108,EIGCM (MF1),36,0.01079310277305476
C4,108,Jones dcglare,36,0.00986921617321409
C4,108,Raytraverse Balanced,36,0.010140732325491016
C4,108,Raytraverse High,36,0.00971890852897144
C4,109,EIGCM (MF1),36,0.006264620820129505
C4,109,Jones dcglare,36,0.04141035813121834
C4,109,Raytraverse Balanced,36,0.07248829800543014
C4,109,Raytraverse High,36,0.07164711963064296
C4,110,EIGCM (MF1),36,0.007672419192398761
C4,110,Jones dcglare,36,0.07627177965645253
C4,110,Raytraverse Balanced,36,0.11466604838863356
C4,110,Raytraverse High,36,0.1147983057078099
C4,111,EIGCM (MF1),36,0.008064778456401215
C4,111,Jones dcglare,36,0.04003260023069927
C4,111,Raytraverse Balanced,36,0.1440356779265242
C4,111,Raytraverse High,36,0.1455816944341172
C4,112,EIGCM (MF1),36,0.009415692682372802
C4,112,Jones dcglare,36,0.04089870610004222
C4,112,Raytraverse Balanced,36,0.15684080063790923
C4,112,Raytraverse High,36,0.1564098998985448
C4,113,EIGCM (MF1),36,0.01577752770330673
C4,113,Jones dcglare,36,0.07691421828788683
C4,113,Raytraverse Balanced,36,0.11559764214871938
C4,113,Raytraverse High,36,0.11587419011099351
C4,114,EIGCM (MF1),36,0.00657822596631409
C4,114,Jones dcglare,36,0.038386189307190226
C4,114,Raytraverse Balanced,36,0.013103693194525989
C4,114,Raytraverse High,36,0.014165481519190398
C4,115,EIGCM (MF1),36,0.010291699540811194
C4,115,Jones dcglare,36,0.010162615442163084
C4,115,Raytraverse Balanced,36,0.007207078707534891
C4,115,Raytraverse High,36,0.009228884511006433
C4,116,EIGCM (MF1),36,0.011788957061836865
C4,116,Jones dcglare,36,0.0502666160922748
C4,116,Raytraverse Balanced,36,0.06753705097666789
C4,116,Raytraverse High,36,0.06382652729996678
C4,117,EIGCM (MF1),36,0.005584056383256612
C4,117,Jones dcglare,36,0.01941271810523623
C4,117,Raytraverse Balanced,36,0.10510610219294618
C4,117,Raytraverse High,36,0.10987115598479587
C4,118,EIGCM (MF1),36,0.0023906980442726074
C4,118,Jones dcglare,36,0.038923071019886846
C4,118,Raytraverse Balanced,36,0.1207599456538743
C4,118,Raytraverse High,36,0.13014489552174105
C4,119,EIGCM (MF1),36,0.005534367266604799
C4,119,Jones dcglare,36,0.08046430495619765
C4,119,Raytraverse Balanced,36,0.13945717854653164
C4,119,Raytraverse High,36,0.14404631494325706
C4,120,EIGCM (MF1),36,0.009909506681170696
C4,120,Jones dcglare,36,0.07815009349641917
C4,120,Raytraverse Balanced,36,0.12820466773311623
C4,120,Raytraverse High,36,0.12813053472714783
C4,121,EIGCM (MF1),36,0.012390413673649755
C4,121,Jones dcglare,36,0.07605850871201646
C4,121,Raytraverse Balanced,36,0.23340174591381962
C4,121,Raytraverse High,36,0.23324585685759508
C4,122,EIGCM (MF1),36,0.01606075051562037
C4,122,Jones dcglare,36,0.06364332989853261
C4,122,Raytraverse Balanced,36,0.09409190340123645
C4,122,Raytraverse High,36,0.093996550633188
C4,123,EIGCM (MF1),36,0.006425909720918035
C4,123,Jones dcglare,36,0.011556333592119402
C4,123,Raytraverse Balanced,36,0.008019123553125125
C4,123,Raytraverse High,36,0.010001411524317312
C4,124,EIGCM (MF1),36,0.011420947216688675
C4,124,Jones dcglare,36,0.046255299464510076
C4,124,Raytraverse Balanced,36,0.012898093259008184
C4,124,Raytraverse High,36,0.010306287811366527
C4,125,EIGCM (MF1),36,0.006484691317934021
C4,125,Jones dcglare,36,0.0131243615635554
C4,125,Raytraverse Balanced,36,0.03873766515827045
C4,125,Raytraverse High,36,0.03678097168211502
C4,126,EIGCM (MF1),36,0.00426488530463207
C4,126,Jones dcglare,36,0.02966093215703228
C4,126,Raytraverse Balanced,36,0.1487633369915748
C4,126,Raytraverse High,36,0.1481312492371124
C4,127,EIGCM (MF1),36,0.006138777310670264
C4,127,Jones dcglare,36,0.08127294932361992
C4,127,Raytraverse Balanced,36,0.22960192087557738
C4,127,Raytraverse High,36,0.2294835077669789
C4,128,EIGCM (MF1),36,0.01151361117717489
C4,128,Jones dcglare,36,0.09463289064216562
C4,128,Raytraverse Balanced,36,0.2297406988352324
C4,128,Raytraverse High,36,0.22980367744516253
C4,129,EIGCM (MF1),36,0.01161977222190215
C4,129,Jones dcglare,36,0.07418106274734972
C4,129,Raytraverse Balanced,36,0.11744192177816881
C4,129,Raytraverse High,36,0.11673628715364977
C4,130,EIGCM (MF1),36,0.011965583315632113
C4,130,Jones dcglare,36,0.06975788314342475
C4,130,Raytraverse Balanced,36,0.06404096976370827
C4,130,Raytraverse High,36,0.0635913646312233
C4,131,EIGCM (MF1),36,0.0065668524682047395
C4,131,Jones dcglare,36,0.012007708329638255
C4,131,Raytraverse Balanced,36,0.005083608488436143
C4,131,Raytraverse High,36,0.007003548295882476
C4,132,EIGCM (MF1),36,0.01193406387299491
C4,132,Jones dcglare,36,0.04151854553396663
C4,132,Raytraverse Balanced,36,0.009362534138394375
C4,132,Raytraverse High,36,0.006627540818369212
C4,133,EIGCM (MF1),36,0.01078112164100079
C4,133,Jones dcglare,36,0.0729697315860241
C4,133,Raytraverse Balanced,36,0.08834190813200721
C4,133,Raytraverse High,36,0.08830716711087186
C4,134,EIGCM (MF1),36,0.011748485395833418
C4,134,Jones dcglare,36,0.11946710282170629
C4,134,Raytraverse Balanced,36,0.1471105530691583
C4,134,Raytraverse High,36,0.14724237267224408
C4,135,EIGCM (MF1),36,0.005362189323271893
C4,135,Jones dcglare,36,0.10925443844569625
C4,135,Raytraverse Balanced,36,0.15741694134017303
C4,135,Raytraverse High,36,0.1576079227114247
C4,136,EIGCM (MF1),36,0.007462103519283288
C4,136,Jones dcglare,36,0.08172209658339046
C4,136,Raytraverse Balanced,36,0.14784697652130024
C4,136,Raytraverse High,36,0.14772379663496202
C4,137,EIGCM (MF1),36,0.01345200588517275
C4,137,Jones dcglare,36,0.07700537277093564
C4,137,Raytraverse Balanced,36,0.01483013431249641
C4,137,Raytraverse High,36,0.017686384993725716
C4,138,EIGCM (MF1),36,0.01288762950013608
C4,138,Jones dcglare,36,0.061848377944292404
C4,138,Raytraverse Balanced,36,0.012360585046408384
C4,138,Raytraverse High,36,0.01838222311621491
C4,139,EIGCM (MF1),36,0.014659370201351688
C4,139,Jones dcglare,36,0.015909978669086465
C4,139,Raytraverse Balanced,36,0.02210848194238696
C4,139,Raytraverse High,36,0.021873821727927945
C4,140,EIGCM (MF1),36,0.01617274513948286
C4,140,Jones dcglare,36,0.016018313320408373
C4,140,Raytraverse Balanced,36,0.08389550171686444
C4,140,Raytraverse High,36,0.08393536457469862
C4,141,EIGCM (MF1),36,0.013008610307247785
C4,141,Jones dcglare,36,0.04954042713700961
C4,141,Raytraverse Balanced,36,0.15683405794884625
C4,141,Raytraverse High,36,0.14816211292286885
C4,142,EIGCM (MF1),36,0.008578453825444166
C4,142,Jones dcglare,36,0.0682862114785655
C4,142,Raytraverse Balanced,36,0.14785101819543608
C4,142,Raytraverse High,36,0.1308560530667909
C4,143,EIGCM (MF1),36,0.008227591058968056
C4,143,Jones dcglare,36,0.044828278974215686
C4,143,Raytraverse Balanced,36,0.15109633284378043
C4,143,Raytraverse High,36,0.13916918655030222
C4,144,EIGCM (MF1),36,0.007602489258112908
C4,144,Jones dcglare,36,0.025670543761229958
C4,144,Raytraverse Balanced,36,0.09870674681084603
C4,144,Raytraverse High,36,0.09103243251905595
C4,145,EIGCM (MF1),36,0.009588652519312138
C4,145,Jones dcglare,36,0.06038731405294033
C4,145,Raytraverse Balanced,36,0.019957037188706627
C4,145,Raytraverse High,36,0.020263943175976528
C4,146,EIGCM (MF1),36,0.007041865327749937
C4,146,Jones dcglare,36,0.005611419728403806
C4,146,Raytraverse Balanced,36,0.0062207005226646685
C4,146,Raytraverse High,36,0.008151495190472043
C4,147,EIGCM (MF1),36,0.0032257033884530995
C4,147,Jones dcglare,36,0.006393709535692964
C4,147,Raytraverse Balanced,36,0.003594287008406922
C4,147,Raytraverse High,36,0.005747692155779666
C4,148,EIGCM (MF1),36,0.009208848445426457
C4,148,Jones dcglare,36,0.010171675369671023
C4,148,Raytraverse Balanced,36,0.006418706020962613
C4,148,Raytraverse High,36,0.007354262743151647
C4,149,EIGCM (MF1),36,0.008558590221818079
C4,149,Jones dcglare,36,0.07192132968759196
C4,149,Raytraverse Balanced,36,0.09895386876355491
C4,149,Raytraverse High,36,0.09365626272797195
C4,150,EIGCM (MF1),36,0.007718664879926523
C4,150,Jones dcglare,36,0.09124192753095176
C4,150,Raytraverse Balanced,36,0.0871303624010549
C4,150,Raytraverse High,36,0.08182975485711624
C4,151,EIGCM (MF1),36,0.00772489207002992
C4,151,Jones dcglare,36,0.09029109722167589
C4,151,Raytraverse Balanced,36,0.09522268247226454
C4,151,Raytraverse High,36,0.09335654156405317
C4,152,EIGCM (MF1),36,0.009857878538396467
C4,152,Jones dcglare,36,0.07209049033811389
C4,152,Raytraverse Balanced,36,0.08666587222314456
C4,152,Raytraverse High,36,0.086954843456003
C4,153,EIGCM (MF1),36,0.004703978722492977
C4,153,Jones dcglare,36,0.07127329514175094
C4,153,Raytraverse Balanced,36,0.13468096197345988
C4,153,Raytraverse High,36,0.13485377875909454
C4,154,EIGCM (MF1),36,0.004542590311277376
C4,154,Jones dcglare,36,0.0073216081671090335
C4,154,Raytraverse Balanced,36,0.011647343770467939
C4,154,Raytraverse High,36,0.01091524721452265
C4,155,EIGCM (MF1),36,0.0069242620454376845
C4,155,Jones dcglare,36,0.007898089566743514
C4,155,Raytraverse Balanced,36,0.012662322339137676
C4,155,Raytraverse High,36,0.012135785148836339
C4,156,EIGCM (MF1),36,0.011977236265296027
C4,156,Jones dcglare,36,0.04826067187255194
C4,156,Raytraverse Balanced,36,0.07689640182320748
C4,156,Raytraverse High,36,0.07583802441791479
C4,157,EIGCM (MF1),36,0.005833749383639229
C4,157,Jones dcglare,36,0.026036083710520116
C4,157,Raytraverse Balanced,36,0.14990738143281812
C4,157,Raytraverse High,36,0.14444191618225138
C4,158,EIGCM (MF1),36,0.0027256027621325226
C4,158,Jones dcglare,36,0.0049770789102461235
C4,158,Raytraverse Balanced,36,0.1524608076781996
C4,158,Raytraverse High,36,0.1483254951543103
C4,159,EIGCM (MF1),36,0.005213699176608358
C4,159,Jones dcglare,36,0.00696415769585079
C4,159,Raytraverse Balanced,36,0.15476081955251955
C4,159,Raytraverse High,36,0.15147868722182783
C4,160,EIGCM (MF1),36,0.011200728648631652
C4,160,Jones dcglare,36,0.034073358161612693
C4,160,Raytraverse Balanced,36,0.13633290530926878
C4,160,Raytraverse High,36,0.1352203715970735
C4,161,EIGCM (MF1),36,0.009481175444707965
C4,161,Jones dcglare,36,0.015340426637592079
C4,161,Raytraverse Balanced,36,0.059902668827958125
C4,161,Raytraverse High,36,0.05654362558902522
C4,162,EIGCM (MF1),36,0.004764189409367908
C4,162,Jones dcglare,36,0.007410128329959756
C4,162,Raytraverse Balanced,36,0.025866543217529736
C4,162,Raytraverse High,36,0.02660265638420856
C4,163,EIGCM (MF1),36,0.006526266727425416
C4,163,Jones dcglare,36,0.0065478403801389196
C4,163,Raytraverse Balanced,36,0.004850335010501567
C4,163,Raytraverse High,36,0.005555901916996319
C4,164,EIGCM (MF1),36,0.010703108599127749
C4,164,Jones dcglare,36,0.04516262807384494
C4,164,Raytraverse Balanced,36,0.006598520080046778
C4,164,Raytraverse High,36,0.005913776065471808
C4,165,EIGCM (MF1),36,0.005640478119164882
C4,165,Jones dcglare,36,0.006612862087981561
C4,165,Raytraverse Balanced,36,0.013764659761879431
C4,165,Raytraverse High,36,0.013153105793400196
C4,166,EIGCM (MF1),36,0.0037603648485072427
C4,166,Jones dcglare,36,0.008960115348298322
C4,166,Raytraverse Balanced,36,0.00876023010078471
C4,166,Raytraverse High,36,0.008479670790787588
C4,167,EIGCM (MF1),36,0.003799229028624682
C4,167,Jones dcglare,36,0.005818305211142531
C4,167,Raytraverse Balanced,36,0.016678329603247808
C4,167,Raytraverse High,36,0.016441826821978464
C4,168,EIGCM (MF1),36,0.01691490844014041
C4,168,Jones dcglare,36,0.0453606566887717
C4,168,Raytraverse Balanced,36,0.05025521003298265
C4,168,Raytraverse High,36,0.04950644374866214
C4,169,EIGCM (MF1),36,0.00691842503930226
C4,169,Jones dcglare,36,0.06661305895523835
C4,169,Raytraverse Balanced,36,0.08970315549912432
C4,169,Raytraverse High,36,0.08992384648557118
C4,170,EIGCM (MF1),36,0.008918902922958999
C4,170,Jones dcglare,36,0.061696705630702134
C4,170,Raytraverse Balanced,36,0.00873904619329901
C4,170,Raytraverse High,36,0.009465244280080675
C4,171,EIGCM (MF1),36,0.00990997338310699
C4,171,Jones dcglare,36,0.008630302689334282
C4,171,Raytraverse Balanced,36,0.0037904675455110045
C4,171,Raytraverse High,36,0.005907114797312926
C4,172,EIGCM (MF1),36,0.009473401094277365
C4,172,Jones dcglare,36,0.010696984605713526
C4,172,Raytraverse Balanced,36,0.008923413128495488
C4,172,Raytraverse High,36,0.015055855368011671
C4,173,EIGCM (MF1),36,0.01697103444620994
C4,173,Jones dcglare,36,0.013142809995024941
C4,173,Raytraverse Balanced,36,0.016191590517073792
C4,173,Raytraverse High,36,0.017393931123820563
C4,174,EIGCM (MF1),36,0.03267085611071774
C4,174,Jones dcglare,36,0.05733996039806203
C4,174,Raytraverse Balanced,36,0.057262088819987136
C4,174,Raytraverse High,36,0.05882504227329202
C4,175,EIGCM (MF1),36,0.04424603307922079
C4,175,Jones dcglare,36,0.04807887423877747
C4,175,Raytraverse Balanced,36,0.04342328726240068
C4,175,Raytraverse High,36,0.04561866922042225
C4,176,EIGCM (MF1),36,0.009251928980983728
C4,176,Jones dcglare,36,0.04513131066199538
C4,176,Raytraverse Balanced,36,0.05111395161667213
C4,176,Raytraverse High,36,0.051413111452588214
C4,177,EIGCM (MF1),36,0.008330960562014043
C4,177,Jones dcglare,36,0.07711934818983333
C4,177,Raytraverse Balanced,36,0.15954532261680518
C4,177,Raytraverse High,36,0.1597116458797583
C4,178,EIGCM (MF1),36,0.006943289911590103
C4,178,Jones dcglare,36,0.012028577158797599
C4,178,Raytraverse Balanced,36,0.07040457597457936
C4,178,Raytraverse High,36,0.07123743937614029
C4,179,EIGCM (MF1),36,0.006836843761947297
C4,179,Jones dcglare,36,0.010393720733222641
C4,179,Raytraverse Balanced,36,0.04441752157471396
C4,179,Raytraverse High,36,0.045866579568630626
C4,180,EIGCM (MF1),36,0.00896848302078823
C4,180,Jones dcglare,36,0.00798751269296922
C4,180,Raytraverse Balanced,36,0.07486245949124788
C4,180,Raytraverse High,36,0.07828008566372002
C4,181,EIGCM (MF1),36,0.016861770171719487
C4,181,Jones dcglare,36,0.061747135844922744
C4,181,Raytraverse Balanced,36,0.10603104347177435
C4,181,Raytraverse High,36,0.11110649911778589
C4,182,EIGCM (MF1),36,0.029173604629932355
C4,182,Jones dcglare,36,0.04793129204012144
C4,182,Raytraverse Balanced,36,0.10300618510236391
C4,182,Raytraverse High,36,0.10549039632391594
C4,183,EIGCM (MF1),36,0.017539345677069107
C4,183,Jones dcglare,36,0.025501372766111592
C4,183,Raytraverse Balanced,36,0.14879439038988723
C4,183,Raytraverse High,36,0.15023724176788586
C4,184,EIGCM (MF1),36,0.005404485653782833
C4,184,Jones dcglare,36,0.032112119610979394
C4,184,Raytraverse Balanced,36,0.15033879579209333
C4,184,Raytraverse High,36,0.1509753635914343
C4,185,EIGCM (MF1),36,0.014018470444966126
C4,185,Jones dcglare,36,0.08887586244425213
C4,185,Raytraverse Balanced,36,0.00994197747882781
C4,185,Raytraverse High,36,0.010355779472834495
C4,186,EIGCM (MF1),36,0.008682916754066893
C4,186,Jones dcglare,36,0.04957823708998359
C4,186,Raytraverse Balanced,36,0.0031627952806158838
C4,186,Raytraverse High,36,0.004677899570096425
C4,187,EIGCM (MF1),36,0.009611797367919513
C4,187,Jones dcglare,36,0.013089423701038497
C4,187,Raytraverse Balanced,36,0.004895438576093623
C4,187,Raytraverse High,36,0.004703162590353433
C4,188,EIGCM (MF1),36,0.008484792276642835
C4,188,Jones dcglare,36,0.01036713648410796
C4,188,Raytraverse Balanced,36,0.005195954489593589
C4,188,Raytraverse High,36,0.0073897630577633095
C4,189,EIGCM (MF1),36,0.010542892889894014
C4,189,Jones dcglare,36,0.05855514155104365
C4,189,Raytraverse Balanced,36,0.00619254908419249
C4,189,Raytraverse High,36,0.012930442225353314
C4,190,EIGCM (MF1),36,0.013110579245477462
C4,190,Jones dcglare,36,0.05773188661783585
C4,190,Raytraverse Balanced,36,0.008270602372518494
C4,190,Raytraverse High,36,0.01415310936117083
C4,191,EIGCM (MF1),36,0.009727375616612462
C4,191,Jones dcglare,36,0.08184898887299032
C4,191,Raytraverse Balanced,36,0.006408382169527837
C4,191,Raytraverse High,36,0.008306748113471265
C4,192,EIGCM (MF1),36,0.009079879271881558
C4,192,Jones dcglare,36,0.0555306421581437
C4,192,Raytraverse Balanced,36,0.0053498066299965995
C4,192,Raytraverse High,36,0.004916476251407951
C4,193,EIGCM (MF1),36,0.01302016095427695
C4,193,Jones dcglare,36,0.08688042791755644
C4,193,Raytraverse Balanced,36,0.13517394447416559
C4,193,Raytraverse High,36,0.13518402089653336
C4,194,EIGCM (MF1),36,0.010430238926727
C4,194,Jones dcglare,36,0.056716852910115016
C4,194,Raytraverse Balanced,36,0.05584581432189522
C4,194,Raytraverse High,36,0.055171226259583844
C4,195,EIGCM (MF1),36,0.011285439490592884
C4,195,Jones dcglare,36,0.014114862803980673
C4,195,Raytraverse Balanced,36,0.00837884303817757
C4,195,Raytraverse High,36,0.008618766488126681
C4,196,EIGCM (MF1),36,0.013824584915980905
C4,196,Jones dcglare,36,0.016364857940078918
C4,196,Raytraverse Balanced,36,0.024590703953066735
C4,196,Raytraverse High,36,0.02660092017959143
C4,197,EIGCM (MF1),36,0.014944425565007689
C4,197,Jones dcglare,36,0.06066765810576551
C4,197,Raytraverse Balanced,36,0.07236226013201638
C4,197,Raytraverse High,36,0.07296060192559838
C4,198,EIGCM (MF1),36,0.005874193694504423
C4,198,Jones dcglare,36,0.052401762386308455
C4,198,Raytraverse Balanced,36,0.10634266714617757
C4,198,Raytraverse High,36,0.10796561331076356
C4,199,EIGCM (MF1),36,0.00971309132148176
C4,199,Jones dcglare,36,0.06327545022646629
C4,199,Raytraverse Balanced,36,0.1311866881559287
C4,199,Raytraverse High,36,0.1310894120028898
C4,200,EIGCM (MF1),36,0.011238941472188466
C4,200,Jones dcglare,36,0.06446974388201637
C4,200,Raytraverse Balanced,36,0.15222236763555985
C4,200,Raytraverse High,36,0.15193706422082054
C4,201,EIGCM (MF1),36,0.00999600312194274
C4,201,Jones dcglare,36,0.07262201430667582
C4,201,Raytraverse Balanced,36,0.216497699092394
C4,201,Raytraverse High,36,0.21632592515371443
C4,202,EIGCM (MF1),36,0.012280123337532069
C4,202,Jones dcglare,36,0.06361482256726494
C4,202,Raytraverse Balanced,36,0.09829515380376797
C4,202,Raytraverse High,36,0.09812606103514745
C4,203,EIGCM (MF1),36,0.009224074296628483
C4,203,Jones dcglare,36,0.010653383147374802
C4,203,Raytraverse Balanced,36,0.00784054985891703
C4,203,Raytraverse High,36,0.009886786581335317
C4,204,EIGCM (MF1),36,0.01746364759301606
C4,204,Jones dcglare,36,0.05662523180804346
C4,204,Raytraverse Balanced,36,0.012251172555153879
C4,204,Raytraverse High,36,0.011938246119248765
C4,205,EIGCM (MF1),36,0.008226371905088741
C4,205,Jones dcglare,36,0.03463240488709683
C4,205,Raytraverse Balanced,36,0.01875303854153167
C4,205,Raytraverse High,36,0.017101668104031062
C4,206,EIGCM (MF1),36,0.005909170948031161
C4,206,Jones dcglare,36,0.07711048826376542
C4,206,Raytraverse Balanced,36,0.1478507871866459
C4,206,Raytraverse High,36,0.14748331675229395
C4,207,EIGCM (MF1),36,0.01026735096940243
C4,207,Jones dcglare,36,0.10990293661336044
C4,207,Raytraverse Balanced,36,0.19790584882362147
C4,207,Raytraverse High,36,0.1976604387709845
C4,208,EIGCM (MF1),36,0.013235377675885687
C4,208,Jones dcglare,36,0.11244740878720684
C4,208,Raytraverse Balanced,36,0.19680247510746196
C4,208,Raytraverse High,36,0.19668585895753218
C4,209,EIGCM (MF1),36,0.006642694455440001
C4,209,Jones dcglare,36,0.049879963976746
C4,209,Raytraverse Balanced,36,0.13890860050058026
C4,209,Raytraverse High,36,0.13880519238216055
C4,210,EIGCM (MF1),36,0.00886995472184047
C4,210,Jones dcglare,36,0.042688543873664914
C4,210,Raytraverse Balanced,36,0.07807059243162703
C4,210,Raytraverse High,36,0.07847894303447323
C4,211,EIGCM (MF1),36,0.009977496674252625
C4,211,Jones dcglare,36,0.0113082309348282
C4,211,Raytraverse Balanced,36,0.003618347334133437
C4,211,Raytraverse High,36,0.004734651041436128
C4,212,EIGCM (MF1),36,0.012068489981812596
C4,212,Jones dcglare,36,0.052534883613833766
C4,212,Raytraverse Balanced,36,0.006010831845055961
C4,212,Raytraverse High,36,0.007561814072108907
C4,213,EIGCM (MF1),36,0.009055430175452737
C4,213,Jones dcglare,36,0.009032225754627149
C4,213,Raytraverse Balanced,36,0.0036739947767560235
C4,213,Raytraverse High,36,0.0033392965338164085
C4,214,EIGCM (MF1),36,0.005920321242644784
C4,214,Jones dcglare,36,0.08545142101669749
C4,214,Raytraverse Balanced,36,0.0685356909486618
C4,214,Raytraverse High,36,0.06740404082240871
C4,215,EIGCM (MF1),36,0.0053188362387838195
C4,215,Jones dcglare,36,0.03632170514978972
C4,215,Raytraverse Balanced,36,0.1139277894815609
C4,215,Raytraverse High,36,0.11393571849445053
C4,216,EIGCM (MF1),36,0.010931571682453133
C4,216,Jones dcglare,36,0.0674964609430647
C4,216,Raytraverse Balanced,36,0.10945126036311704
C4,216,Raytraverse High,36,0.10942610116126474
C4,217,EIGCM (MF1),36,0.007824554175212361
C4,217,Jones dcglare,36,0.08389582976146615
C4,217,Raytraverse Balanced,36,0.09858531323861577
C4,217,Raytraverse High,36,0.09852631166347436
C4,218,EIGCM (MF1),36,0.008714674603602042
C4,218,Jones dcglare,36,0.06778574753165395
C4,218,Raytraverse Balanced,36,0.009654076000912903
C4,218,Raytraverse High,36,0.00970251806870357
C4,219,EIGCM (MF1),36,0.00831705431945576
C4,219,Jones dcglare,36,0.009298878246390346
C4,219,Raytraverse Balanced,36,0.004865781185331683
C4,219,Raytraverse High,36,0.004683092045321724
C4,220,EIGCM (MF1),36,0.012834663823455255
C4,220,Jones dcglare,36,0.042019331572697036
C4,220,Raytraverse Balanced,36,0.007245689906538692
C4,220,Raytraverse High,36,0.007905743236686472
C4,221,EIGCM (MF1),36,0.01103696406948537
C4,221,Jones dcglare,36,0.05753939790541851
C4,221,Raytraverse Balanced,36,0.004099119927864603
C4,221,Raytraverse High,36,0.004847396297095995
C4,222,EIGCM (MF1),36,0.009702104046989556
C4,222,Jones dcglare,36,0.09497982865013999
C4,222,Raytraverse Balanced,36,0.06917310742945758
C4,222,Raytraverse High,36,0.06727922278299696
C4,223,EIGCM (MF1),36,0.005800953664413008
C4,223,Jones dcglare,36,0.08877335250402993
C4,223,Raytraverse Balanced,36,0.05931870160048363
C4,223,Raytraverse High,36,0.05936814814011527
C4,224,EIGCM (MF1),36,0.005406164618567915
C4,224,Jones dcglare,36,0.051651835683918346
C4,224,Raytraverse Balanced,36,0.062052680506863224
C4,224,Raytraverse High,36,0.0621448438160788
C4,225,EIGCM (MF1),36,0.006826291183806266
C4,225,Jones dcglare,36,0.08538496769346698
C4,225,Raytraverse Balanced,36,0.16992354614815072
C4,225,Raytraverse High,36,0.16973614945797205
C4,226,EIGCM (MF1),36,0.003908728482227666
C4,226,Jones dcglare,36,0.004870756545445192
C4,226,Raytraverse Balanced,36,0.07772134398028911
C4,226,Raytraverse High,36,0.07777589768683697
C4,227,EIGCM (MF1),36,0.0035089438259016514
C4,227,Jones dcglare,36,0.007584658678623912
C4,227,Raytraverse Balanced,36,0.006214683712441317
C4,227,Raytraverse High,36,0.007022807653801415
C4,228,EIGCM (MF1),36,0.009063445451785987
C4,228,Jones dcglare,36,0.01926544307329454
C4,228,Raytraverse Balanced,36,0.07916507605750399
C4,228,Raytraverse High,36,0.08023443962021513
C4,229,EIGCM (MF1),36,0.019617449463530338
C4,229,Jones dcglare,36,0.06983831840769049
C4,229,Raytraverse Balanced,36,0.1434872291604401
C4,229,Raytraverse High,36,0.13525412664954115
C4,230,EIGCM (MF1),36,0.008644816063350724
C4,230,Jones dcglare,36,0.06891356975925454
C4,230,Raytraverse Balanced,36,0.15272817562008192
C4,230,Raytraverse High,36,0.13518023269562787
C4,231,EIGCM (MF1),36,0.007272917247837277
C4,231,Jones dcglare,36,0.032195446068490376
C4,231,Raytraverse Balanced,36,0.18398368767784629
C4,231,Raytraverse High,36,0.1735862591041053
C4,232,EIGCM (MF1),36,0.004043809981660581
C4,232,Jones dcglare,36,0.02377701827175736
C4,232,Raytraverse Balanced,36,0.156981020633532
C4,232,Raytraverse High,36,0.15183370085821388
C4,233,EIGCM (MF1),36,0.01108842589015181
C4,233,Jones dcglare,36,0.09682838327145085
C4,233,Raytraverse Balanced,36,0.010570530519250467
C4,233,Raytraverse High,36,0.010512035397621492
C4,234,EIGCM (MF1),36,0.006786962726310888
C4,234,Jones dcglare,36,0.005288240320174514
C4,234,Raytraverse Balanced,36,0.0052035377774852995
C4,234,Raytraverse High,36,0.006268652296370541
C4,235,EIGCM (MF1),36,0.003829492880736441
C4,235,Jones dcglare,36,0.007214945299618624
C4,235,Raytraverse Balanced,36,0.003729047921948936
C4,235,Raytraverse High,36,0.006545164306237422
C4,236,EIGCM (MF1),36,0.008132038533616418
C4,236,Jones dcglare,36,0.011716530483915076
C4,236,Raytraverse Balanced,36,0.004409923405524059
C4,236,Raytraverse High,36,0.00446724384289656
C4,237,EIGCM (MF1),36,0.014597832422362877
C4,237,Jones dcglare,36,0.0822570369128717
C4,237,Raytraverse Balanced,36,0.007335805335570403
C4,237,Raytraverse High,36,0.006947468090293357
C4,238,EIGCM (MF1),36,0.00855866666155489
C4,238,Jones dcglare,36,0.07599363486115697
C4,238,Raytraverse Balanced,36,0.004153557335098432
C4,238,Raytraverse High,36,0.009292200301979822
C4,239,EIGCM (MF1),36,0.007476576327511882
C4,239,Jones dcglare,36,0.07252268146147635
C4,239,Raytraverse Balanced,36,0.004707433378976856
C4,239,Raytraverse High,36,0.007565484695492452
C4,240,EIGCM (MF1),36,0.004112910614286572
C4,240,Jones dcglare,36,0.037880189918463106
C4,240,Raytraverse Balanced,36,0.007526243936364899
C4,240,Raytraverse High,36,0.007566887683855634
C4,241,EIGCM (MF1),36,0.008303134259606762
C4,241,Jones dcglare,36,0.00835608035969051
C4,241,Raytraverse Balanced,36,0.16333928679576423
C4,241,Raytraverse High,36,0.16597201684978105
C4,242,EIGCM (MF1),36,0.006622426360103969
C4,242,Jones dcglare,36,0.008180864426654093
C4,242,Raytraverse Balanced,36,0.01126476192266273
C4,242,Raytraverse High,36,0.023016028387795616
C4,243,EIGCM (MF1),36,0.006968068888309168
C4,243,Jones dcglare,36,0.009582192021171353
C4,243,Raytraverse Balanced,36,0.012094342312399748
C4,243,Raytraverse High,36,0.01430588173865619
C4,244,EIGCM (MF1),36,0.014884173313502795
C4,244,Jones dcglare,36,0.006808860603127328
C4,244,Raytraverse Balanced,36,0.0123822991698145
C4,244,Raytraverse High,36,0.013171117644335461
C4,245,EIGCM (MF1),36,0.008389244875599815
C4,245,Jones dcglare,36,0.07578235798489594
C4,245,Raytraverse Balanced,36,0.09600534820080982
C4,245,Raytraverse High,36,0.09095079663615323
C4,246,EIGCM (MF1),36,0.006249855304680612
C4,246,Jones dcglare,36,0.10664831485688046
C4,246,Raytraverse Balanced,36,0.13665027378411274
C4,246,Raytraverse High,36,0.13327318547413952
C4,247,EIGCM (MF1),36,0.005048027333908647
C4,247,Jones dcglare,36,0.09678830039069732
C4,247,Raytraverse Balanced,36,0.14857040565009041
C4,247,Raytraverse High,36,0.1466185298189618
C4,248,EIGCM (MF1),36,0.011394267510036691
C4,248,Jones dcglare,36,0.0756027772591239
C4,248,Raytraverse Balanced,36,0.1795918590729394
C4,248,Raytraverse High,36,0.18138817925429598
C4,249,EIGCM (MF1),36,0.009115013390997047
C4,249,Jones dcglare,36,0.011401601164670164
C4,249,Raytraverse Balanced,36,0.015851393054776855
C4,249,Raytraverse High,36,0.012210872371847231
C4,250,EIGCM (MF1),36,0.014272483972091594
C4,250,Jones dcglare,36,0.005806260511177905
C4,250,Raytraverse Balanced,36,0.011069436545300954
C4,250,Raytraverse High,36,0.010580137283344644
C4,251,EIGCM (MF1),36,0.010612044752871353
C4,251,Jones dcglare,36,0.005398197724786895
C4,251,Raytraverse Balanced,36,0.004222163178880853
C4,251,Raytraverse High,36,0.0059908755120249785
C4,252,EIGCM (MF1),36,0.010967871658165955
C4,252,Jones dcglare,36,0.05288351427565881
C4,252,Raytraverse Balanced,36,0.0060623533184317084
C4,252,Raytraverse High,36,0.007694654146065373
C4,253,EIGCM (MF1),36,0.008010579682086403
C4,253,Jones dcglare,36,0.01897363083574873
C4,253,Raytraverse Balanced,36,0.002725356512412135
C4,253,Raytraverse High,36,0.0031094400420895777
C4,254,EIGCM (MF1),36,0.0065231966701746556
C4,254,Jones dcglare,36,0.050670537929917485
C4,254,Raytraverse Balanced,36,0.004177797080110916
C4,254,Raytraverse High,36,0.0033050236778652533
C4,255,EIGCM (MF1),36,0.005278812352698285
C4,255,Jones dcglare,36,0.05551492813218
C4,255,Raytraverse Balanced,36,0.00335450727390527
C4,255,Raytraverse High,36,0.0029069801779352295
C4,256,EIGCM (MF1),36,0.0043003210145031905
C4,256,Jones dcglare,36,0.040958547255535965
C4,256,Raytraverse Balanced,36,0.009260789543480858
C4,256,Raytraverse High,36,0.008293026218044917
C4,257,EIGCM (MF1),36,0.012150555043746401
C4,257,Jones dcglare,36,0.057492478666734334
C4,257,Raytraverse Balanced,36,0.14391104093124202
C4,257,Raytraverse High,36,0.14356791197494648
C4,258,EIGCM (MF1),36,0.006659818812808986
C4,258,Jones dcglare,36,0.017929519907961686
C4,258,Raytraverse Balanced,36,0.08904688465812559
C4,258,Raytraverse High,36,0.08920649219928693
C4,259,EIGCM (MF1),36,0.010518758186885307
C4,259,Jones dcglare,36,0.012346527807554283
C4,259,Raytraverse Balanced,36,0.020541576880093292
C4,259,Raytraverse High,36,0.02074364896588933
C4,260,EIGCM (MF1),36,0.009056282186584934
C4,260,Jones dcglare,36,0.014495231207469388
C4,260,Raytraverse Balanced,36,0.08927041503371073
C4,260,Raytraverse High,36,0.09058683584177013
C4,261,EIGCM (MF1),36,0.02774635948537513
C4,261,Jones dcglare,36,0.013660249382170064
C4,261,Raytraverse Balanced,36,0.11048165907534316
C4,261,Raytraverse High,36,0.11503564651927739
C4,262,EIGCM (MF1),36,0.04122658033823905
C4,262,Jones dcglare,36,0.06537742099448822
C4,262,Raytraverse Balanced,36,0.08402812802049549
C4,262,Raytraverse High,36,0.09029515835538056
C4,263,EIGCM (MF1),36,0.053327255993688524
C4,263,Jones dcglare,36,0.08280198460605234
C4,263,Raytraverse Balanced,36,0.12935335586532065
C4,263,Raytraverse High,36,0.13058931157976164
C4,264,EIGCM (MF1),36,0.0246837639159383
C4,264,Jones dcglare,36,0.09205926473822534
C4,264,Raytraverse Balanced,36,0.14976853809653548
C4,264,Raytraverse High,36,0.15074071736692415
C4,265,EIGCM (MF1),36,0.00805324382269516
C4,265,Jones dcglare,36,0.060626521819727344
C4,265,Raytraverse Balanced,36,0.10039465917144125
C4,265,Raytraverse High,36,0.09879363329737373
C4,266,EIGCM (MF1),36,0.008993552984947353
C4,266,Jones dcglare,36,0.049239097442870756
C4,266,Raytraverse Balanced,36,0.06588129218133251
C4,266,Raytraverse High,36,0.06602813101987834
C4,267,EIGCM (MF1),36,0.010986954278610508
C4,267,Jones dcglare,36,0.014479866757419687
C4,267,Raytraverse Balanced,36,0.009592026088731926
C4,267,Raytraverse High,36,0.009058535307265466
C4,268,EIGCM (MF1),36,0.012485724200528644
C4,268,Jones dcglare,36,0.011239404896338664
C4,268,Raytraverse Balanced,36,0.04643974537791333
C4,268,Raytraverse High,36,0.0469855021864732
C4,269,EIGCM (MF1),36,0.02858595980162773
C4,269,Jones dcglare,36,0.014835335893546533
C4,269,Raytraverse Balanced,36,0.046075296950326985
C4,269,Raytraverse High,36,0.05194891944329923
C4,270,EIGCM (MF1),36,0.04257980923050397
C4,270,Jones dcglare,36,0.08482650871109976
C4,270,Raytraverse Balanced,36,0.038239578333309765
C4,270,Raytraverse High,36,0.04278129026348742
C4,271,EIGCM (MF1),36,0.03235900743958749
C4,271,Jones dcglare,36,0.12041170083118741
C4,271,Raytraverse Balanced,36,0.09843337509122942
C4,271,Raytraverse High,36,0.09823303506271767
C4,272,EIGCM (MF1),36,0.007536099113894699
C4,272,Jones dcglare,36,0.1329371118129017
C4,272,Raytraverse Balanced,36,0.09998839204559323
C4,272,Raytraverse High,36,0.10027077506379865
C4,273,EIGCM (MF1),36,0.011057310775982866
C4,273,Jones dcglare,36,0.09892545074266411
C4,273,Raytraverse Balanced,36,0.07774968795690554
C4,273,Raytraverse High,36,0.07598788588278427
C4,274,EIGCM (MF1),36,0.01765653338409358
C4,274,Jones dcglare,36,0.07773052506292744
C4,274,Raytraverse Balanced,36,0.06620666492068501
C4,274,Raytraverse High,36,0.06610633088948745
C4,275,EIGCM (MF1),36,0.012016875656654685
C4,275,Jones dcglare,36,0.012674574570849174
C4,275,Raytraverse Balanced,36,0.006242635522574669
C4,275,Raytraverse High,36,0.008402025807614458
C4,276,EIGCM (MF1),36,0.007110450299637228
C4,276,Jones dcglare,36,0.013840885336687384
C4,276,Raytraverse Balanced,36,0.01677540097004863
C4,276,Raytraverse High,36,0.015878062378006277
C4,277,EIGCM (MF1),36,0.014709643300947555
C4,277,Jones dcglare,36,0.027480683766298215
C4,277,Raytraverse Balanced,36,0.02525612279068473
C4,277,Raytraverse High,36,0.024006533712384367
C4,278,EIGCM (MF1),36,0.01684809285586948
C4,278,Jones dcglare,36,0.10022010208654693
C4,278,Raytraverse Balanced,36,0.03634560745125128
C4,278,Raytraverse High,36,0.03321515523277624
C4,279,EIGCM (MF1),36,0.014678038195142278
C4,279,Jones dcglare,36,0.14844319490414593
C4,279,Raytraverse Balanced,36,0.0734676802295646
C4,279,Raytraverse High,36,0.07235105846193858
C4,280,EIGCM (MF1),36,0.009490049452789421
C4,280,Jones dcglare,36,0.15205257845764505
C4,280,Raytraverse Balanced,36,0.07600858738316836
C4,280,Raytraverse High,36,0.07439806481705945
C4,281,EIGCM (MF1),36,0.006210826129608058
C4,281,Jones dcglare,36,0.0981204867248653
C4,281,Raytraverse Balanced,36,0.07164168306135567
C4,281,Raytraverse High,36,0.06978652233190107
C4,282,EIGCM (MF1),36,0.00965754223886986
C4,282,Jones dcglare,36,0.08988379924471263
C4,282,Raytraverse Balanced,36,0.06197620372831549
C4,282,Raytraverse High,36,0.06193653166466575
C4,283,EIGCM (MF1),36,0.010063942576857127
C4,283,Jones dcglare,36,0.013171484027125183
C4,283,Raytraverse Balanced,36,0.008490670307555223
C4,283,Raytraverse High,36,0.010629496168217602
C4,284,EIGCM (MF1),36,0.010169883854316024
C4,284,Jones dcglare,36,0.012700806192785886
C4,284,Raytraverse Balanced,36,0.009099715280471692
C4,284,Raytraverse High,36,0.010030621774479302
C4,285,EIGCM (MF1),36,0.010920461693994445
C4,285,Jones dcglare,36,0.0595814539848418
C4,285,Raytraverse Balanced,36,0.02162168259470353
C4,285,Raytraverse High,36,0.02566438338803955
C4,286,EIGCM (MF1),36,0.009304698691357203
C4,286,Jones dcglare,36,0.11343473425094885
C4,286,Raytraverse Balanced,36,0.030507053632912833
C4,286,Raytraverse High,36,0.0323596361751777
C4,287,EIGCM (MF1),36,0.00860842251730181
C4,287,Jones dcglare,36,0.15332672240276868
C4,287,Raytraverse Balanced,36,0.0666400458696778
C4,287,Raytraverse High,36,0.06599947255318511
C4,288,EIGCM (MF1),36,0.007262947817021526
C4,288,Jones dcglare,36,0.12707370704319945
C4,288,Raytraverse Balanced,36,0.07457347086128675
C4,288,Raytraverse High,36,0.072956769268415
C4,289,EIGCM (MF1),36,0.0075969955119880635
C4,289,Jones dcglare,36,0.0740281805478774
C4,289,Raytraverse Balanced,36,0.15216294846649073
C4,289,Raytraverse High,36,0.1527126055568767
C4,290,EIGCM (MF1),36,0.009701945669354731
C4,290,Jones dcglare,36,0.07268563044053587
C4,290,Raytraverse Balanced,36,0.08929968710245748
C4,290,Raytraverse High,36,0.08937355558929119
C4,291,EIGCM (MF1),36,0.00853670511393138
C4,291,Jones dcglare,36,0.01828094003663097
C4,291,Raytraverse Balanced,36,0.006878021196209582
C4,291,Raytraverse High,36,0.008616306696365034
C4,292,EIGCM (MF1),36,0.011037818330793953
C4,292,Jones dcglare,36,0.011533094683898204
C4,292,Raytraverse Balanced,36,0.009819644335217089
C4,292,Raytraverse High,36,0.008807427693815538
C4,293,EIGCM (MF1),36,0.010298852065723962
C4,293,Jones dcglare,36,0.039972780787273156
C4,293,Raytraverse Balanced,36,0.10059425781856668
C4,293,Raytraverse High,36,0.09947784999392549
C4,294,EIGCM (MF1),36,0.032465905321643035
C4,294,Jones dcglare,36,0.08291026808159568
C4,294,Raytraverse Balanced,36,0.0864982855505812
C4,294,Raytraverse High,36,0.08560394615168013
C4,295,EIGCM (MF1),36,0.01375014700435559
C4,295,Jones dcglare,36,0.10269993548234457
C4,295,Raytraverse Balanced,36,0.16787987070902224
C4,295,Raytraverse High,36,0.16797304606371735
C4,296,EIGCM (MF1),36,0.012059335304328438
C4,296,Jones dcglare,36,0.09149766381056662
C4,296,Raytraverse Balanced,36,0.16371354633359697
C4,296,Raytraverse High,36,0.1640256955660983
C4,297,EIGCM (MF1),36,0.021318007642855213
C4,297,Jones dcglare,36,0.050051026163591424
C4,297,Raytraverse Balanced,36,0.08979416725793983
C4,297,Raytraverse High,36,0.08938200606857129
C4,298,EIGCM (MF1),36,0.04157050247102304
C4,298,Jones dcglare,36,0.004842010731112762
C4,298,Raytraverse Balanced,36,0.005319845269014466
C4,298,Raytraverse High,36,0.00760672409944412
C4,299,EIGCM (MF1),36,0.009792643422970352
C4,299,Jones dcglare,36,0.011034454759190392
C4,299,Raytraverse Balanced,36,0.00644202662279827
C4,299,Raytraverse High,36,0.007637147397214521
C4,300,EIGCM (MF1),36,0.011213352694258454
C4,300,Jones dcglare,36,0.04942564783492199
C4,300,Raytraverse Balanced,36,0.06514008283560596
C4,300,Raytraverse High,36,0.06002905871473055
C4,301,EIGCM (MF1),36,0.009833938740148833
C4,301,Jones dcglare,36,0.022754603681027878
C4,301,Raytraverse Balanced,36,0.14403440148685714
C4,301,Raytraverse High,36,0.13681960026030418
C4,302,EIGCM (MF1),36,0.012092593399117859
C4,302,Jones dcglare,36,0.04646536929982882
C4,302,Raytraverse Balanced,36,0.1339923393447142
C4,302,Raytraverse High,36,0.12615481106754126
C4,303,EIGCM (MF1),36,0.030526364396425157
C4,303,Jones dcglare,36,0.07819117532838381
C4,303,Raytraverse Balanced,36,0.15954812872523347
C4,303,Raytraverse High,36,0.15604189861065382
C4,304,EIGCM (MF1),36,0.028712827451071413
C4,304,Jones dcglare,36,0.08662498504943301
C4,304,Raytraverse Balanced,36,0.121273156608125
C4,304,Raytraverse High,36,0.12027060618397388
C4,305,EIGCM (MF1),36,0.009415688065345457
C4,305,Jones dcglare,36,0.06224638603156378
C4,305,Raytraverse Balanced,36,0.09093109687935186
C4,305,Raytraverse High,36,0.08892568863247265
C4,306,EIGCM (MF1),36,0.00631900537398006
C4,306,Jones dcglare,36,0.009035005409520293
C4,306,Raytraverse Balanced,36,0.0045574537907759815
C4,306,Raytraverse High,36,0.0057984328126871685
C4,307,EIGCM (MF1),36,0.010293314735370178
C4,307,Jones dcglare,36,0.01291155455450821
C4,307,Raytraverse Balanced,36,0.005344770943630584
C4,307,Raytraverse High,36,0.006003117969084434
C4,308,EIGCM (MF1),36,0.010714368925445665
C4,308,Jones dcglare,36,0.0521603825892713
C4,308,Raytraverse Balanced,36,0.005744574630105596
C4,308,Raytraverse High,36,0.0046397707297750985
C4,309,EIGCM (MF1),36,0.011523770482415418
C4,309,Jones dcglare,36,0.01677238595661904
C4,309,Raytraverse Balanced,36,0.0936503473213214
C4,309,Raytraverse High,36,0.090096125283201
C4,310,EIGCM (MF1),36,0.019711066575572884
C4,310,Jones dcglare,36,0.0731785550044725
C4,310,Raytraverse Balanced,36,0.09629305530275088
C4,310,Raytraverse High,36,0.09250276865834513
C4,311,EIGCM (MF1),36,0.014330206202478577
C4,311,Jones dcglare,36,0.10672896456476691
C4,311,Raytraverse Balanced,36,0.1286531445805499
C4,311,Raytraverse High,36,0.12476396240310413
C4,312,EIGCM (MF1),36,0.01668650535225496
C4,312,Jones dcglare,36,0.1250937789980944
C4,312,Raytraverse Balanced,36,0.13638569135093137
C4,312,Raytraverse High,36,0.13296031963799118
C4,313,EIGCM (MF1),36,0.018302869924322434
C4,313,Jones dcglare,36,0.01924559129550483
C4,313,Raytraverse Balanced,36,0.010895621634345065
C4,313,Raytraverse High,36,0.014190806086628758
C4,314,EIGCM (MF1),36,0.005929721126054559
C4,314,Jones dcglare,36,0.008392357367090836
C4,314,Raytraverse Balanced,36,0.007598813744318181
C4,314,Raytraverse High,36,0.005940491069527979
C4,315,EIGCM (MF1),36,0.009059936341357176
C4,315,Jones dcglare,36,0.011930201988399254
C4,315,Raytraverse Balanced,36,0.008405687585054807
C4,315,Raytraverse High,36,0.009820445378429896
C4,316,EIGCM (MF1),36,0.010663963633789164
C4,316,Jones dcglare,36,0.046556171796812054
C4,316,Raytraverse Balanced,36,0.007705125298559572
C4,316,Raytraverse High,36,0.011364644036215265
C4,317,EIGCM (MF1),36,0.013199507242507192
C4,317,Jones dcglare,36,0.046239241460460975
C4,317,Raytraverse Balanced,36,0.015001496140019296
C4,317,Raytraverse High,36,0.016005520595385726
C4,318,EIGCM (MF1),36,0.015805034589464407
C4,318,Jones dcglare,36,0.11362952860580743
C4,318,Raytraverse Balanced,36,0.03812393151884551
C4,318,Raytraverse High,36,0.02977726196657093
C4,319,EIGCM (MF1),36,0.026685249031997475
C4,319,Jones dcglare,36,0.09513644406408063
C4,319,Raytraverse Balanced,36,0.04579864997717218
C4,319,Raytraverse High,36,0.03150025038649339
C4,320,EIGCM (MF1),36,0.026889625465233925
C4,320,Jones dcglare,36,0.10059517865056303
C4,320,Raytraverse Balanced,36,0.029713063108902864
C4,320,Raytraverse High,36,0.021097768894045868
C4,321,EIGCM (MF1),36,0.005789241241518616
C4,321,Jones dcglare,36,0.01860682595520824
C4,321,Raytraverse Balanced,36,0.0041005125121610034
C4,321,Raytraverse High,36,0.003879381471187346
C4,322,EIGCM (MF1),36,0.005811751041257325
C4,322,Jones dcglare,36,0.008182762396365102
C4,322,Raytraverse Balanced,36,0.006768629270632768
C4,322,Raytraverse High,36,0.005592805008788078
C4,323,EIGCM (MF1),36,0.007215089875104349
C4,323,Jones dcglare,36,0.009617641137032456
C4,323,Raytraverse Balanced,36,0.007236289617783719
C4,323,Raytraverse High,36,0.011062639583850582
C4,324,EIGCM (MF1),36,0.006487777797392055
C4,324,Jones dcglare,36,0.028232735739078627
C4,324,Raytraverse Balanced,36,0.07693709011486742
C4,324,Raytraverse High,36,0.07592121095462517
C4,325,EIGCM (MF1),36,0.012235586797193946
C4,325,Jones dcglare,36,0.04795334815204988
C4,325,Raytraverse Balanced,36,0.1105495151695186
C4,325,Raytraverse High,36,0.11012363650987006
C4,326,EIGCM (MF1),36,0.020784298598902323
C4,326,Jones dcglare,36,0.09237101894781606
C4,326,Raytraverse Balanced,36,0.10544255998571184
C4,326,Raytraverse High,36,0.10573504594647902
C4,327,EIGCM (MF1),36,0.020500927908586368
C4,327,Jones dcglare,36,0.0954421566330373
C4,327,Raytraverse Balanced,36,0.10722455902255465
C4,327,Raytraverse High,36,0.10820123135398219
C4,328,EIGCM (MF1),36,0.013615617953913969
C4,328,Jones dcglare,36,0.10091378551394939
C4,328,Raytraverse Balanced,36,0.013499070786536676
C4,328,Raytraverse High,36,0.01703200458473286
C4,329,EIGCM (MF1),36,0.005452670622374971
C4,329,Jones dcglare,36,0.009023162903894282
C4,329,Raytraverse Balanced,36,0.018919038139960445
C4,329,Raytraverse High,36,0.04090874050690621
C4,330,EIGCM (MF1),36,0.0038914819702781634
C4,330,Jones dcglare,36,0.00542754610090048
C4,330,Raytraverse Balanced,36,0.012445740239957155
C4,330,Raytraverse High,36,0.032705638345029674
C4,331,EIGCM (MF1),36,0.007381621401532023
C4,331,Jones dcglare,36,0.00971175343345185
C4,331,Raytraverse Balanced,36,0.01027829184042217
C4,331,Raytraverse High,36,0.015301200993422047
C4,332,EIGCM (MF1),36,0.009815102080708186
C4,332,Jones dcglare,36,0.010378805940721077
C4,332,Raytraverse Balanced,36,0.07515821866509785
C4,332,Raytraverse High,36,0.07579728955255607
C4,333,EIGCM (MF1),36,0.010902303458265645
C4,333,Jones dcglare,36,0.07461628563989274
C4,333,Raytraverse Balanced,36,0.11147117416249147
C4,333,Raytraverse High,36,0.11124115648673939
C4,334,EIGCM (MF1),36,0.008378280579404236
C4,334,Jones dcglare,36,0.11259782196932425
C4,334,Raytraverse Balanced,36,0.10776078933763376
C4,334,Raytraverse High,36,0.10533794059333165
C4,335,EIGCM (MF1),36,0.008004583413166072
C4,335,Jones dcglare,36,0.11659831789915948
C4,335,Raytraverse Balanced,36,0.10910652757628499
C4,335,Raytraverse High,36,0.101990263930019
C4,336,EIGCM (MF1),36,0.004566323665068723
C4,336,Jones dcglare,36,0.07139490493162884
C4,336,Raytraverse Balanced,36,0.04006895394653
C4,336,Raytraverse High,36,0.032120908126124746
C4,337,EIGCM (MF1),36,0.006622267525553466
C4,337,Jones dcglare,36,0.006431210292312142
C4,337,Raytraverse Balanced,36,0.04000214956654149
C4,337,Raytraverse High,36,0.035073974307785735
C4,338,EIGCM (MF1),36,0.004351070983773228
C4,338,Jones dcglare,36,0.006499851446397533
C4,338,Raytraverse Balanced,36,0.026888223326415137
C4,338,Raytraverse High,36,0.033615576991638654
C4,339,EIGCM (MF1),36,0.0069392689194860075
C4,339,Jones dcglare,36,0.009232410007609815
C4,339,Raytraverse Balanced,36,0.009182236162187322
C4,339,Raytraverse High,36,0.013373465888466003
C4,340,EIGCM (MF1),36,0.00869368277791728
C4,340,Jones dcglare,36,0.008922496570808933
C4,340,Raytraverse Balanced,36,0.007198230948387404
C4,340,Raytraverse High,36,0.005154810118196246
C4,341,EIGCM (MF1),36,0.009631250499790894
C4,341,Jones dcglare,36,0.055063525308013485
C4,341,Raytraverse Balanced,36,0.09993883883592568
C4,341,Raytraverse High,36,0.09248890209255035
C4,342,EIGCM (MF1),36,0.008082140421272487
C4,342,Jones dcglare,36,0.08252310655812455
C4,342,Raytraverse Balanced,36,0.08456300246887281
C4,342,Raytraverse High,36,0.07629067133274178
C4,343,EIGCM (MF1),36,0.0054870885058572825
C4,343,Jones dcglare,36,0.07017684600680905
C4,343,Raytraverse Balanced,36,0.07596280861440778
C4,343,Raytraverse High,36,0.07065810418774415
C4,344,EIGCM (MF1),36,0.008550937917773171
C4,344,Jones dcglare,36,0.04650314293087553
C4,344,Raytraverse Balanced,36,0.08461637324992997
C4,344,Raytraverse High,36,0.08066713257937945
C4,345,EIGCM (MF1),36,0.00977841270982214
C4,345,Jones dcglare,36,0.11622980227429554
C4,345,Raytraverse Balanced,36,0.014961646047621223
C4,345,Raytraverse High,36,0.01517398271674872
C4,346,EIGCM (MF1),36,0.010541481825256936
C4,346,Jones dcglare,36,0.0836152620241678
C4,346,Raytraverse Balanced,36,0.006124959265764549
C4,346,Raytraverse High,36,0.004887062107816471
C4,347,EIGCM (MF1),36,0.011204055300648956
C4,347,Jones dcglare,36,0.01345062981396586
C4,347,Raytraverse Balanced,36,0.00603665219543751
C4,347,Raytraverse High,36,0.005093303329100103
C4,348,EIGCM (MF1),36,0.009401442790663093
C4,348,Jones dcglare,36,0.013501329858805474
C4,348,Raytraverse Balanced,36,0.008253634364410994
C4,348,Raytraverse High,36,0.0083503961503126
C4,349,EIGCM (MF1),36,0.02970476386918715
C4,349,Jones dcglare,36,0.015417607424559993
C4,349,Raytraverse Balanced,36,0.024261249946271154
C4,349,Raytraverse High,36,0.024544356539947333
C4,350,EIGCM (MF1),36,0.06226999429160843
C4,350,Jones dcglare,36,0.02731347775190751
C4,350,Raytraverse Balanced,36,0.02106954553513146
C4,350,Raytraverse High,36,0.021009597290660532
C4,351,EIGCM (MF1),36,0.04131749203288818
C4,351,Jones dcglare,36,0.10845491271696005
C4,351,Raytraverse Balanced,36,0.02453061717656784
C4,351,Raytraverse High,36,0.028913386428527883
C4,352,EIGCM (MF1),36,0.017150009097009235
C4,352,Jones dcglare,36,0.11074023849892846
C4,352,Raytraverse Balanced,36,0.013104955657079172
C4,352,Raytraverse High,36,0.014877708327034962
C4,353,EIGCM (MF1),36,0.010291037338531796
C4,353,Jones dcglare,36,0.14582027547362703
C4,353,Raytraverse Balanced,36,0.11810090431142051
C4,353,Raytraverse High,36,0.11814875286516355
C4,354,EIGCM (MF1),36,0.013342326567752551
C4,354,Jones dcglare,36,0.09758011886784299
C4,354,Raytraverse Balanced,36,0.05099400767913977
C4,354,Raytraverse High,36,0.05068679847929517
C4,355,EIGCM (MF1),36,0.015972931615027133
C4,355,Jones dcglare,36,0.017157310100259983
C4,355,Raytraverse Balanced,36,0.00744803481714211
C4,355,Raytraverse High,36,0.006353273283769863
C4,356,EIGCM (MF1),36,0.010039581142546626
C4,356,Jones dcglare,36,0.010327382776918307
C4,356,Raytraverse Balanced,36,0.00828302767513469
C4,356,Raytraverse High,36,0.011301169916516135
C4,357,EIGCM (MF1),36,0.031024995870673013
C4,357,Jones dcglare,36,0.010408814133543134
C4,357,Raytraverse Balanced,36,0.02754698950253987
C4,357,Raytraverse High,36,0.02847874190508495
C4,358,EIGCM (MF1),36,0.04456981966561316
C4,358,Jones dcglare,36,0.019080572416163545
C4,358,Raytraverse Balanced,36,0.040179351730411025
C4,358,Raytraverse High,36,0.041381898527408256
C4,359,EIGCM (MF1),36,0.032567196665731664
C4,359,Jones dcglare,36,0.13729378060975556
C4,359,Raytraverse Balanced,36,0.12326585016281652
C4,359,Raytraverse High,36,0.12545783603633298
C4,360,EIGCM (MF1),36,0.007931549596197731
C4,360,Jones dcglare,36,0.13198964948147743
C4,360,Raytraverse Balanced,36,0.11905873931536558
C4,360,Raytraverse High,36,0.12089701314912853
C4,361,EIGCM (MF1),36,0.015088853832262708
C4,361,Jones dcglare,36,0.12588230812199655
C4,361,Raytraverse Balanced,36,0.014655788232946748
C4,361,Raytraverse High,36,0.014609553982314775
C4,362,EIGCM (MF1),36,0.012208930556700425
C4,362,Jones dcglare,36,0.08286153485968348
C4,362,Raytraverse Balanced,36,0.009480448788574928
C4,362,Raytraverse High,36,0.009749902057483427
C4,363,EIGCM (MF1),36,0.011790300726126534
C4,363,Jones dcglare,36,0.0179439420640521
C4,363,Raytraverse Balanced,36,0.004814763098066483
C4,363,Raytraverse High,36,0.004371713186438535
C4,364,EIGCM (MF1),36,0.010624601715737652
C4,364,Jones dcglare,36,0.015982383025933408
C4,364,Raytraverse Balanced,36,0.005462464268993997
C4,364,Raytraverse High,36,0.007047673372539738
C4,365,EIGCM (MF1),36,0.016112467176675464
C4,365,Jones dcglare,36,0.013849618543160122
C4,365,Raytraverse Balanced,36,0.009001485219672098
C4,365,Raytraverse High,36,0.01527215224522873
C4,366,EIGCM (MF1),36,0.018651173291265984
C4,366,Jones dcglare,36,0.025566495397877025
C4,366,Raytraverse Balanced,36,0.011729875804317766
C4,366,Raytraverse High,36,0.016210342779077964
C4,367,EIGCM (MF1),36,0.0164024422707836
C4,367,Jones dcglare,36,0.11623349220568276
C4,367,Raytraverse Balanced,36,0.014275076842640904
C4,367,Raytraverse High,36,0.01540309589549714
C4,368,EIGCM (MF1),36,0.009974686334193954
C4,368,Jones dcglare,36,0.10603364797222417
C4,368,Raytraverse Balanced,36,0.008456115228189728
C4,368,Raytraverse High,36,0.006298603159079091
C4,369,EIGCM (MF1),36,0.009293393208125502
C4,369,Jones dcglare,36,0.11167654481812578
C4,369,Raytraverse Balanced,36,0.14024198511298983
C4,369,Raytraverse High,36,0.13929743413139994
C4,370,EIGCM (MF1),36,0.011247617326028555
C4,370,Jones dcglare,36,0.06196244586886948
C4,370,Raytraverse Balanced,36,0.06907694184230978
C4,370,Raytraverse High,36,0.06890223038555443
C4,371,EIGCM (MF1),36,0.012706144221147936
C4,371,Jones dcglare,36,0.016259966906365372
C4,371,Raytraverse Balanced,36,0.007445724915789856
C4,371,Raytraverse High,36,0.007493791772233313
C4,372,EIGCM (MF1),36,0.01078137589507172
C4,372,Jones dcglare,36,0.014739605465328313
C4,372,Raytraverse Balanced,36,0.007662907185212451
C4,372,Raytraverse High,36,0.008536271423009847
C4,373,EIGCM (MF1),36,0.021824192040854822
C4,373,Jones dcglare,36,0.023766784687078518
C4,373,Raytraverse Balanced,36,0.026173112772680158
C4,373,Raytraverse High,36,0.030148664634485196
C4,374,EIGCM (MF1),36,0.01783740372668872
C4,374,Jones dcglare,36,0.05665049011348538
C4,374,Raytraverse Balanced,36,0.05528383075448741
C4,374,Raytraverse High,36,0.05768270626979622
C4,375,EIGCM (MF1),36,0.01323652295975671
C4,375,Jones dcglare,36,0.10960150409802183
C4,375,Raytraverse Balanced,36,0.12175034796328117
C4,375,Raytraverse High,36,0.12170672366087089
C4,376,EIGCM (MF1),36,0.009236416022657871
C4,376,Jones dcglare,36,0.09908501074824884
C4,376,Raytraverse Balanced,36,0.1392425962019303
C4,376,Raytraverse High,36,0.13962933187255305
C4,377,EIGCM (MF1),36,0.007028744996263561
C4,377,Jones dcglare,36,0.09551316227263547
C4,377,Raytraverse Balanced,36,0.03482043055945172
C4,377,Raytraverse High,36,0.03584748482587732
C4,378,EIGCM (MF1),36,0.007978797783518378
C4,378,Jones dcglare,36,0.013693117356240504
C4,378,Raytraverse Balanced,36,0.005574006975554782
C4,378,Raytraverse High,36,0.0070703176272093925
C4,379,EIGCM (MF1),36,0.01447772775075564
C4,379,Jones dcglare,36,0.02128395122260027
C4,379,Raytraverse Balanced,36,0.005375934723449905
C4,379,Raytraverse High,36,0.005809070562996237
C4,380,EIGCM (MF1),36,0.012016551947591566
C4,380,Jones dcglare,36,0.016001443332001253
C4,380,Raytraverse Balanced,36,0.005301334364787059
C4,380,Raytraverse High,36,0.003711646138963595
C4,381,EIGCM (MF1),36,0.009654639873109952
C4,381,Jones dcglare,36,0.048759002244021854
C4,381,Raytraverse Balanced,36,0.01051911138131871
C4,381,Raytraverse High,36,0.005545981329068623
C4,382,EIGCM (MF1),36,0.008010861588580147
C4,382,Jones dcglare,36,0.0931438482780837
C4,382,Raytraverse Balanced,36,0.017135280646975358
C4,382,Raytraverse High,36,0.015211598795498398
C4,383,EIGCM (MF1),36,0.007288875461981618
C4,383,Jones dcglare,36,0.11286169974779228
C4,383,Raytraverse Balanced,36,0.027707388995772866
C4,383,Raytraverse High,36,0.0301802917699349
C4,384,EIGCM (MF1),36,0.010692689412176796
C4,384,Jones dcglare,36,0.10166652362788714
C4,384,Raytraverse Balanced,36,0.024713975097161396
C4,384,Raytraverse High,36,0.027498815160160027
C4,385,EIGCM (MF1),36,0.010453575730847101
C4,385,Jones dcglare,36,0.09309629285130694
C4,385,Raytraverse Balanced,36,0.03240814689847138
C4,385,Raytraverse High,36,0.032926312644044116
C4,386,EIGCM (MF1),36,0.006594727789386847
C4,386,Jones dcglare,36,0.014124037406149535
C4,386,Raytraverse Balanced,36,0.003948964191360115
C4,386,Raytraverse High,36,0.004528600824778372
C4,387,EIGCM (MF1),36,0.009592086721109111
C4,387,Jones dcglare,36,0.017625936572529668
C4,387,Raytraverse Balanced,36,0.003897892897054195
C4,387,Raytraverse High,36,0.003638406463119454
C4,388,EIGCM (MF1),36,0.013042175723249219
C4,388,Jones dcglare,36,0.012720584491808714
C4,388,Raytraverse Balanced,36,0.004172157229385854
C4,388,Raytraverse High,36,0.005241124572476467
C4,389,EIGCM (MF1),36,0.010587605357143374
C4,389,Jones dcglare,36,0.06798214975854493
C4,389,Raytraverse Balanced,36,0.006453989464305517
C4,389,Raytraverse High,36,0.010375030017822168
C4,390,EIGCM (MF1),36,0.009661399479472138
C4,390,Jones dcglare,36,0.10453703663218672
C4,390,Raytraverse Balanced,36,0.013369120891282567
C4,390,Raytraverse High,36,0.01690515172766862
C4,391,EIGCM (MF1),36,0.011229286011585958
C4,391,Jones dcglare,36,0.1261572194545664
C4,391,Raytraverse Balanced,36,0.023234081816905432
C4,391,Raytraverse High,36,0.025208396682858746
C4,392,EIGCM (MF1),36,0.012974885423932141
C4,392,Jones dcglare,36,0.0919156439078213
C4,392,Raytraverse Balanced,36,0.01975456826043227
C4,392,Raytraverse High,36,0.021492153961946266
C4,393,EIGCM (MF1),36,0.013982885561106469
C4,393,Jones dcglare,36,0.014098076144813359
C4,393,Raytraverse Balanced,36,0.010062879000091543
C4,393,Raytraverse High,36,0.011900297651628889
C4,394,EIGCM (MF1),36,0.010523136435928533
C4,394,Jones dcglare,36,0.009505747290424272
C4,394,Raytraverse Balanced,36,0.003934976832851118
C4,394,Raytraverse High,36,0.004491651505176024
C4,395,EIGCM (MF1),36,0.013239604339547982
C4,395,Jones dcglare,36,0.016323468309235957
C4,395,Raytraverse Balanced,36,0.003114235558931136
C4,395,Raytraverse High,36,0.0037305310154074132
C4,396,EIGCM (MF1),36,0.013580916697500377
C4,396,Jones dcglare,36,0.05297529631018334
C4,396,Raytraverse Balanced,36,0.01716373800865141
C4,396,Raytraverse High,36,0.018051707811106977
C4,397,EIGCM (MF1),36,0.016673384674067954
C4,397,Jones dcglare,36,0.09335383482638353
C4,397,Raytraverse Balanced,36,0.005816487401044885
C4,397,Raytraverse High,36,0.007981116689222167
C4,398,EIGCM (MF1),36,0.015248854673047492
C4,398,Jones dcglare,36,0.08751286260803987
C4,398,Raytraverse Balanced,36,0.010207273697680822
C4,398,Raytraverse High,36,0.01225218844629353
C4,399,EIGCM (MF1),36,0.025390613283515936
C4,399,Jones dcglare,36,0.10008536642513632
C4,399,Raytraverse Balanced,36,0.025870932446988435
C4,399,Raytraverse High,36,0.026149168563254548
C4,400,EIGCM (MF1),36,0.02462800235676861
C4,400,Jones dcglare,36,0.036820016801631064
C4,400,Raytraverse Balanced,36,0.021474569600520382
C4,400,Raytraverse High,36,0.02171811694755384
C4,401,EIGCM (MF1),36,0.017206577212766305
C4,401,Jones dcglare,36,0.009801346485280586
C4,401,Raytraverse Balanced,36,0.01968562996131287
C4,401,Raytraverse High,36,0.021633202440553875
C4,402,EIGCM (MF1),36,0.008023805310605436
C4,402,Jones dcglare,36,0.00959340110384665
C4,402,Raytraverse Balanced,36,0.0069492757325148235
C4,402,Raytraverse High,36,0.008696810895583279
C4,403,EIGCM (MF1),36,0.008656968232826467
C4,403,Jones dcglare,36,0.011631845502961063
C4,403,Raytraverse Balanced,36,0.006544997408991086
C4,403,Raytraverse High,36,0.007620086011410893
C4,404,EIGCM (MF1),36,0.015728390559166142
C4,404,Jones dcglare,36,0.05781361467429373
C4,404,Raytraverse Balanced,36,0.007816408376894124
C4,404,Raytraverse High,36,0.007507657790689089
C4,405,EIGCM (MF1),36,0.016875438675269392
C4,405,Jones dcglare,36,0.05352369566604686
C4,405,Raytraverse Balanced,36,0.013001623504277592
C4,405,Raytraverse High,36,0.010585852158281303
C4,406,EIGCM (MF1),36,0.03166719348511344
C4,406,Jones dcglare,36,0.04784502352282023
C4,406,Raytraverse Balanced,36,0.030037894928667278
C4,406,Raytraverse High,36,0.02738043654860036
C4,407,EIGCM (MF1),36,0.037843787488404224
C4,407,Jones dcglare,36,0.05473139911987466
C4,407,Raytraverse Balanced,36,0.03821317823794036
C4,407,Raytraverse High,36,0.036338175134405334
C4,408,EIGCM (MF1),36,0.028651709691933456
C4,408,Jones dcglare,36,0.013337798577909036
C4,408,Raytraverse Balanced,36,0.033157603377041836
C4,408,Raytraverse High,36,0.03360378536953707
C4,409,EIGCM (MF1),36,0.003768927982788267
C4,409,Jones dcglare,36,0.006534991926489104
C4,409,Raytraverse Balanced,36,0.0061300678399356925
C4,409,Raytraverse High,36,0.005855978815502011
C4,410,EIGCM (MF1),36,0.009148546798292918
C4,410,Jones dcglare,36,0.010520033697611326
C4,410,Raytraverse Balanced,36,0.0035974404074957662
C4,410,Raytraverse High,36,0.009430517764314427
C4,411,EIGCM (MF1),36,0.007058006489835186
C4,411,Jones dcglare,36,0.01493082236993235
C4,411,Raytraverse Balanced,36,0.0032978991308205063
C4,411,Raytraverse High,36,0.009259185899304419
C4,412,EIGCM (MF1),36,0.01244664267744519
C4,412,Jones dcglare,36,0.061158233119178076
C4,412,Raytraverse Balanced,36,0.005169858763827061
C4,412,Raytraverse High,36,0.004513629143572337
C4,413,EIGCM (MF1),36,0.015343054765204213
C4,413,Jones dcglare,36,0.05860028322262968
C4,413,Raytraverse Balanced,36,0.006811509832309985
C4,413,Raytraverse High,36,0.0059300159393750095
C4,414,EIGCM (MF1),36,0.02244944935018823
C4,414,Jones dcglare,36,0.0471546912404943
C4,414,Raytraverse Balanced,36,0.015204026665168246
C4,414,Raytraverse High,36,0.008015455138084457
C4,415,EIGCM (MF1),36,0.020496557451239083
C4,415,Jones dcglare,36,0.06487976683290037
C4,415,Raytraverse Balanced,36,0.019635026859287356
C4,415,Raytraverse High,36,0.007665539568508321
C4,416,EIGCM (MF1),36,0.014828992086253417
C4,416,Jones dcglare,36,0.016931029529084065
C4,416,Raytraverse Balanced,36,0.015357846278397444
C4,416,Raytraverse High,36,0.007117904842539106
C4,417,EIGCM (MF1),36,0.0033126911564969807
C4,417,Jones dcglare,36,0.004811175057808127
C4,417,Raytraverse Balanced,36,0.012757427427351014
C4,417,Raytraverse High,36,0.012539875590494754
C4,418,EIGCM (MF1),36,0.007972013962903108
C4,418,Jones dcglare,36,0.007777685317384849
C4,418,Raytraverse Balanced,36,0.006395611091173727
C4,418,Raytraverse High,36,0.006690896246629731
C4,419,EIGCM (MF1),36,0.010676732144260149
C4,419,Jones dcglare,36,0.011986779436808936
C4,419,Raytraverse Balanced,36,0.009393055354858954
C4,419,Raytraverse High,36,0.0095679393074477
C4,420,EIGCM (MF1),36,0.00983465999970117
C4,420,Jones dcglare,36,0.015568314820051886
C4,420,Raytraverse Balanced,36,0.07185825462750792
C4,420,Raytraverse High,36,0.07152200456304174
C4,421,EIGCM (MF1),36,0.013250944957100651
C4,421,Jones dcglare,36,0.04231293379841616
C4,421,Raytraverse Balanced,36,0.10851355555118301
C4,421,Raytraverse High,36,0.1083448560294733
C4,422,EIGCM (MF1),36,0.011009959664915015
C4,422,Jones dcglare,36,0.058125978105894
C4,422,Raytraverse Balanced,36,0.10870757524929892
C4,422,Raytraverse High,36,0.10520742477891058
C4,423,EIGCM (MF1),36,0.009300042416032307
C4,423,Jones dcglare,36,0.043225430887748086
C4,423,Raytraverse Balanced,36,0.11702826490722369
C4,423,Raytraverse High,36,0.11054312909374395
C4,424,EIGCM (MF1),36,0.004013506185231178
C4,424,Jones dcglare,36,0.013742784007619024
C4,424,Raytraverse Balanced,36,0.04730018323127943
C4,424,Raytraverse High,36,0.038269425060458474
C4,425,EIGCM (MF1),36,0.0056547181752645
C4,425,Jones dcglare,36,0.012416399775205911
C4,425,Raytraverse Balanced,36,0.006044489536169836
C4,425,Raytraverse High,36,0.005431068954468767
C4,426,EIGCM (MF1),36,0.00926897133220415
C4,426,Jones dcglare,36,0.011315155233957614
C4,426,Raytraverse Balanced,36,0.004536494666277771
C4,426,Raytraverse High,36,0.005262928238696804
C4,427,EIGCM (MF1),36,0.011758378116817623
C4,427,Jones dcglare,36,0.012311573214552141
C4,427,Raytraverse Balanced,36,0.004158809132873858
C4,427,Raytraverse High,36,0.00642214216580959
C4,428,EIGCM (MF1),36,0.008114989548634335
C4,428,Jones dcglare,36,0.009571820594886414
C4,428,Raytraverse Balanced,36,0.0038786805746356037
C4,428,Raytraverse High,36,0.008096871267284872
C4,429,EIGCM (MF1),36,0.011570237218613975
C4,429,Jones dcglare,36,0.05495750232642298
C4,429,Raytraverse Balanced,36,0.005910755453309485
C4,429,Raytraverse High,36,0.00499256990064292
C4,430,EIGCM (MF1),36,0.009990004889874792
C4,430,Jones dcglare,36,0.0847098746768254
C4,430,Raytraverse Balanced,36,0.0063172540232982405
C4,430,Raytraverse High,36,0.0067991720719807296
C4,431,EIGCM (MF1),36,0.006350879764756129
C4,431,Jones dcglare,36,0.07521099670639952
C4,431,Raytraverse Balanced,36,0.006231502188371414
C4,431,Raytraverse High,36,0.007826155019311854
C4,432,EIGCM (MF1),36,0.004257101098883032
C4,432,Jones dcglare,36,0.02488865058448808
C4,432,Raytraverse Balanced,36,0.007074716360584314
C4,432,Raytraverse High,36,0.009940610867864495
C4,433,EIGCM (MF1),36,0.0084885894241263
C4,433,Jones dcglare,36,0.0966544425145411
C4,433,Raytraverse Balanced,36,0.007738179048998606
C4,433,Raytraverse High,36,0.010564774564492606
C4,434,EIGCM (MF1),36,0.01019380104076056
C4,434,Jones dcglare,36,0.07784021222103782
C4,434,Raytraverse Balanced,36,0.004244221188097021
C4,434,Raytraverse High,36,0.005280174733820631
C4,435,EIGCM (MF1),36,0.011758997817841454
C4,435,Jones dcglare,36,0.017150736238302818
C4,435,Raytraverse Balanced,36,0.0058416328272441155
C4,435,Raytraverse High,36,0.005874987019983065
C4,436,EIGCM (MF1),36,0.008324431360109028
C4,436,Jones dcglare,36,0.015427808589898548
C4,436,Raytraverse Balanced,36,0.00740964768569836
C4,436,Raytraverse High,36,0.006404952405400626
C4,437,EIGCM (MF1),36,0.008489987223750363
C4,437,Jones dcglare,36,0.010813894668510071
C4,437,Raytraverse Balanced,36,0.005839744235939758
C4,437,Raytraverse High,36,0.0057249378211844185
C4,438,EIGCM (MF1),36,0.009616418691112499
C4,438,Jones dcglare,36,0.02248079614205842
C4,438,Raytraverse Balanced,36,0.005044937413570329
C4,438,Raytraverse High,36,0.01815735901175578
C4,439,EIGCM (MF1),36,0.03451529193358439
C4,439,Jones dcglare,36,0.08826597539398603
C4,439,Raytraverse Balanced,36,0.03196158201413448
C4,439,Raytraverse High,36,0.04262552007168443
C4,440,EIGCM (MF1),36,0.01053180801299093
C4,440,Jones dcglare,36,0.10584410557940951
C4,440,Raytraverse Balanced,36,0.01256120572168377
C4,440,Raytraverse High,36,0.023831286283474078
C4,441,EIGCM (MF1),36,0.009536743109285265
C4,441,Jones dcglare,36,0.08261422778232178
C4,441,Raytraverse Balanced,36,0.06665078884503155
C4,441,Raytraverse High,36,0.06630464617724711
C4,442,EIGCM (MF1),36,0.013850984069933639
C4,442,Jones dcglare,36,0.06341458884104594
C4,442,Raytraverse Balanced,36,0.06033918395646956
C4,442,Raytraverse High,36,0.06002776731354078
C4,443,EIGCM (MF1),36,0.01519507920070946
C4,443,Jones dcglare,36,0.018011932982612763
C4,443,Raytraverse Balanced,36,0.010809099384092238
C4,443,Raytraverse High,36,0.010567877504216753
C4,444,EIGCM (MF1),36,0.013113207716480191
C4,444,Jones dcglare,36,0.01965666766016602
C4,444,Raytraverse Balanced,36,0.011792443103389465
C4,444,Raytraverse High,36,0.010693298888886493
C4,445,EIGCM (MF1),36,0.030105260703576008
C4,445,Jones dcglare,36,0.008916239844887442
C4,445,Raytraverse Balanced,36,0.05208186424324468
C4,445,Raytraverse High,36,0.042142784514562485
C4,446,EIGCM (MF1),36,0.041829110605686774
C4,446,Jones dcglare,36,0.0194887429457834
C4,446,Raytraverse Balanced,36,0.06291832602728412
C4,446,Raytraverse High,36,0.051683925362491064
C4,447,EIGCM (MF1),36,0.029879313968795094
C4,447,Jones dcglare,36,0.07143650068570893
C4,447,Raytraverse Balanced,36,0.07199946620645363
C4,447,Raytraverse High,36,0.06886975186974541
C4,448,EIGCM (MF1),36,0.011622073855228626
C4,448,Jones dcglare,36,0.09027261491992267
C4,448,Raytraverse Balanced,36,0.06992636857200239
C4,448,Raytraverse High,36,0.06940739059345363
C4,449,EIGCM (MF1),36,0.009372874721740624
C4,449,Jones dcglare,36,0.08223542882161741
C4,449,Raytraverse Balanced,36,0.0940602640382872
C4,449,Raytraverse High,36,0.09473583403500016
C4,450,EIGCM (MF1),36,0.013773657605966147
C4,450,Jones dcglare,36,0.020681448992024166
C4,450,Raytraverse Balanced,36,0.004942814600857206
C4,450,Raytraverse High,36,0.00447830127181148
C4,451,EIGCM (MF1),36,0.01598574835914617
C4,451,Jones dcglare,36,0.02430192232760331
C4,451,Raytraverse Balanced,36,0.006492127903526707
C4,451,Raytraverse High,36,0.006221793509111297
C4,452,EIGCM (MF1),36,0.01416404744999936
C4,452,Jones dcglare,36,0.015062784599118504
C4,452,Raytraverse Balanced,36,0.005180002049875456
C4,452,Raytraverse High,36,0.0068021631331676435
C4,453,EIGCM (MF1),36,0.01867244224635153
C4,453,Jones dcglare,36,0.017397374161093083
C4,453,Raytraverse Balanced,36,0.01524254193880468
C4,453,Raytraverse High,36,0.011881199270938636
C4,454,EIGCM (MF1),36,0.02595356534283873
C4,454,Jones dcglare,36,0.05661837110678911
C4,454,Raytraverse Balanced,36,0.05668593135145595
C4,454,Raytraverse High,36,0.05426660352229583
C4,455,EIGCM (MF1),36,0.01630268396962088
C4,455,Jones dcglare,36,0.0822238379855611
C4,455,Raytraverse Balanced,36,0.09086373643975051
C4,455,Raytraverse High,36,0.09182217518384748
C4,456,EIGCM (MF1),36,0.009638165453535344
C4,456,Jones dcglare,36,0.08767201359838162
C4,456,Raytraverse Balanced,36,0.09653297605146584
C4,456,Raytraverse High,36,0.09799415060868283
C4,457,EIGCM (MF1),36,0.005394930464050903
C4,457,Jones dcglare,36,0.0849417845999118
C4,457,Raytraverse Balanced,36,0.09444375113521905
C4,457,Raytraverse High,36,0.09509567908924607
C4,458,EIGCM (MF1),36,0.013616094192831347
C4,458,Jones dcglare,36,0.017222607707853072
C4,458,Raytraverse Balanced,36,0.0069823365047973
C4,458,Raytraverse High,36,0.0077905207617618
C4,459,EIGCM (MF1),36,0.0193357780301397
C4,459,Jones dcglare,36,0.0183554004538995
C4,459,Raytraverse Balanced,36,0.0074185817360998664
C4,459,Raytraverse High,36,0.007981747505647393
C4,460,EIGCM (MF1),36,0.013307189353858474
C4,460,Jones dcglare,36,0.016614324947996598
C4,460,Raytraverse Balanced,36,0.006847118369212178
C4,460,Raytraverse High,36,0.00706899491822427
C4,461,EIGCM (MF1),36,0.013176633328463607
C4,461,Jones dcglare,36,0.015409658719192339
C4,461,Raytraverse Balanced,36,0.016439567637260538
C4,461,Raytraverse High,36,0.02196499270827553
C4,462,EIGCM (MF1),36,0.014781678386660509
C4,462,Jones dcglare,36,0.05421059191262455
C4,462,Raytraverse Balanced,36,0.05599681024576241
C4,462,Raytraverse High,36,0.05955598663519801
C4,463,EIGCM (MF1),36,0.012130337871302046
C4,463,Jones dcglare,36,0.08784382994935694
C4,463,Raytraverse Balanced,36,0.09232807086070798
C4,463,Raytraverse High,36,0.09400298105361349
C4,464,EIGCM (MF1),36,0.009035972424964685
C4,464,Jones dcglare,36,0.08702354024639779
C4,464,Raytraverse Balanced,36,0.09687314476572552
C4,464,Raytraverse High,36,0.09824510004123752
C4,465,EIGCM (MF1),36,0.006663640123586109
C4,465,Jones dcglare,36,0.08708055818800893
C4,465,Raytraverse Balanced,36,0.09655254610729896
C4,465,Raytraverse High,36,0.09829047436044512
C4,466,EIGCM (MF1),36,0.011608013236254315
C4,466,Jones dcglare,36,0.013396631947968713
C4,466,Raytraverse Balanced,36,0.0039208586454783385
C4,466,Raytraverse High,36,0.006417618652836151
C4,467,EIGCM (MF1),36,0.015331613088050021
C4,467,Jones dcglare,36,0.017649355294138143
C4,467,Raytraverse Balanced,36,0.0031908907869934175
C4,467,Raytraverse High,36,0.004797579469104702
C4,468,EIGCM (MF1),36,0.013233543532440583
C4,468,Jones dcglare,36,0.013313292834091396
C4,468,Raytraverse Balanced,36,0.0039642542259792635
C4,468,Raytraverse High,36,0.004349254655055853
C4,469,EIGCM (MF1),36,0.010981362097043743
C4,469,Jones dcglare,36,0.02095899735479497
C4,469,Raytraverse Balanced,36,0.010285177449078791
C4,469,Raytraverse High,36,0.004829003216382013
C4,470,EIGCM (MF1),36,0.011050099236432227
C4,470,Jones dcglare,36,0.0628630668698332
C4,470,Raytraverse Balanced,36,0.05885538715789073
C4,470,Raytraverse High,36,0.058267004802818594
C4,471,EIGCM (MF1),36,0.010786862951718944
C4,471,Jones dcglare,36,0.08939247037840402
C4,471,Raytraverse Balanced,36,0.09412082610498425
C4,471,Raytraverse High,36,0.09587950719524611
C4,472,EIGCM (MF1),36,0.011001409667060853
C4,472,Jones dcglare,36,0.09116759321700368
C4,472,Raytraverse Balanced,36,0.09966576268328674
C4,472,Raytraverse High,36,0.1018740788290563
C4,473,EIGCM (MF1),36,0.0063907601039182626
C4,473,Jones dcglare,36,0.013416491733274059
C4,473,Raytraverse Balanced,36,0.007342825627098721
C4,473,Raytraverse High,36,0.007129796300343099
C4,474,EIGCM (MF1),36,0.012064281214014918
C4,474,Jones dcglare,36,0.015579981340906669
C4,474,Raytraverse Balanced,36,0.0038519427321518926
C4,474,Raytraverse High,36,0.004654626294957343
C4,475,EIGCM (MF1),36,0.01516237015379961
C4,475,Jones dcglare,36,0.019436436752507873
C4,475,Raytraverse Balanced,36,0.003908043718864051
C4,475,Raytraverse High,36,0.004324281808138133
C4,476,EIGCM (MF1),36,0.013096311516754966
C4,476,Jones dcglare,36,0.013592574324623697
C4,476,Raytraverse Balanced,36,0.003768187700623178
C4,476,Raytraverse High,36,0.006267765123147527
C4,477,EIGCM (MF1),36,0.011504501842974338
C4,477,Jones dcglare,36,0.037513280220371224
C4,477,Raytraverse Balanced,36,0.004278563456380543
C4,477,Raytraverse High,36,0.011645664144506745
C4,478,EIGCM (MF1),36,0.01333117345326776
C4,478,Jones dcglare,36,0.055648223379647074
C4,478,Raytraverse Balanced,36,0.004508692529381439
C4,478,Raytraverse High,36,0.012979463970996427
C4,479,EIGCM (MF1),36,0.010131475729859018
C4,479,Jones dcglare,36,0.04879053891686123
C4,479,Raytraverse Balanced,36,0.007589343071464861
C4,479,Raytraverse High,36,0.01374650529272865
C4,480,EIGCM (MF1),36,0.008974293266634176
C4,480,Jones dcglare,36,0.027292832480255845
C4,480,Raytraverse Balanced,36,0.008909485626228182
C4,480,Raytraverse High,36,0.010833264933613808
C4,481,EIGCM (MF1),36,0.00620008875064167
C4,481,Jones dcglare,36,0.009685522059333379
C4,481,Raytraverse Balanced,36,0.005009040609121454
C4,481,Raytraverse High,36,0.005277638695578166
C4,482,EIGCM (MF1),36,0.012409285796184607
C4,482,Jones dcglare,36,0.017139466824018165
C4,482,Raytraverse Balanced,36,0.003384829292084841
C4,482,Raytraverse High,36,0.0043180727117244026
C4,483,EIGCM (MF1),36,0.018186139544100616
C4,483,Jones dcglare,36,0.02648097273374465
C4,483,Raytraverse Balanced,36,0.0033498499051288367
C4,483,Raytraverse High,36,0.003693805705747651
C4,484,EIGCM (MF1),36,0.014779148271147275
C4,484,Jones dcglare,36,0.01817049542252181
C4,484,Raytraverse Balanced,36,0.0034509951667357243
C4,484,Raytraverse High,36,0.003662576069583173
C4,485,EIGCM (MF1),36,0.011917573659318316
C4,485,Jones dcglare,36,0.04971823279314187
C4,485,Raytraverse Balanced,36,0.0037684695545896923
C4,485,Raytraverse High,36,0.004153346660550108
C4,486,EIGCM (MF1),36,0.010877441083282308
C4,486,Jones dcglare,36,0.0738139271586033
C4,486,Raytraverse Balanced,36,0.005022132076049316
C4,486,Raytraverse High,36,0.005239214422950524
C4,487,EIGCM (MF1),36,0.008397840628482355
C4,487,Jones dcglare,36,0.06031161765501404
C4,487,Raytraverse Balanced,36,0.007650821410480489
C4,487,Raytraverse High,36,0.007634422852351231
C4,488,EIGCM (MF1),36,0.006704650992573904
C4,488,Jones dcglare,36,0.024138120146374224
C4,488,Raytraverse Balanced,36,0.008247237133178304
C4,488,Raytraverse High,36,0.008231178517018222
C4,489,EIGCM (MF1),36,0.004108318597742338
C4,489,Jones dcglare,36,0.005498956125704674
C4,489,Raytraverse Balanced,36,0.01617827859348058
C4,489,Raytraverse High,36,0.01585613715317651
C4,490,EIGCM (MF1),36,0.014331324187218945
C4,490,Jones dcglare,36,0.020020785739461366
C4,490,Raytraverse Balanced,36,0.006278779957350393
C4,490,Raytraverse High,36,0.006630905475668885
C4,491,EIGCM (MF1),36,0.02076243968726942
C4,491,Jones dcglare,36,0.022642155333488817
C4,491,Raytraverse Balanced,36,0.00594249157607616
C4,491,Raytraverse High,36,0.006002739135997973
C4,492,EIGCM (MF1),36,0.01784730987889585
C4,492,Jones dcglare,36,0.021415670006213975
C4,492,Raytraverse Balanced,36,0.005383048682577299
C4,492,Raytraverse High,36,0.005335336648080943
C4,493,EIGCM (MF1),36,0.01325595817436656
C4,493,Jones dcglare,36,0.049627274887175776
C4,493,Raytraverse Balanced,36,0.011287527501878636
C4,493,Raytraverse High,36,0.009551664801412167
C4,494,EIGCM (MF1),36,0.01720318209370483
C4,494,Jones dcglare,36,0.07015037907596347
C4,494,Raytraverse Balanced,36,0.014194637925645452
C4,494,Raytraverse High,36,0.012351103598547044
C4,495,EIGCM (MF1),36,0.010606661404291062
C4,495,Jones dcglare,36,0.05580952719934757
C4,495,Raytraverse Balanced,36,0.01675443823645079
C4,495,Raytraverse High,36,0.015187630288508265
C4,496,EIGCM (MF1),36,0.006034010552784202
C4,496,Jones dcglare,36,0.02192165401034512
C4,496,Raytraverse Balanced,36,0.021818275654703123
C4,496,Raytraverse High,36,0.020888712704507824
C4,497,EIGCM (MF1),36,0.004559351996111338
C4,497,Jones dcglare,36,0.007962781407228423
C4,497,Raytraverse Balanced,36,0.004439594912151327
C4,497,Raytraverse High,36,0.005039927269293895
C4,498,EIGCM (MF1),36,0.0071127028473515035
C4,498,Jones dcglare,36,0.00968610876811263
C4,498,Raytraverse Balanced,36,0.006295712071432914
C4,498,Raytraverse High,36,0.007607663273685149
C4,499,EIGCM (MF1),36,0.007870398087595204
C4,499,Jones dcglare,36,0.014505969094337892
C4,499,Raytraverse Balanced,36,0.005402783811691942
C4,499,Raytraverse High,36,0.008479601303652027
C4,500,EIGCM (MF1),36,0.014836324967981642
C4,500,Jones dcglare,36,0.019278776356174962
C4,500,Raytraverse Balanced,36,0.0024972014614775377
C4,500,Raytraverse High,36,0.004825071407273855
C4,501,EIGCM (MF1),36,0.014259036316023137
C4,501,Jones dcglare,36,0.044012804786416004
C4,501,Raytraverse Balanced,36,0.006709366328937107
C4,501,Raytraverse High,36,0.0071287581904019015
C4,502,EIGCM (MF1),36,0.016168646409598145
C4,502,Jones dcglare,36,0.06142074004916097
C4,502,Raytraverse Balanced,36,0.008875569872354359
C4,502,Raytraverse High,36,0.009810329119892098
C4,503,EIGCM (MF1),36,0.011381862616510145
C4,503,Jones dcglare,36,0.0462124150978785
C4,503,Raytraverse Balanced,36,0.009079455257162394
C4,503,Raytraverse High,36,0.008792590716453165
C4,504,EIGCM (MF1),36,0.005146076919929723
C4,504,Jones dcglare,36,0.013549722233074766
C4,504,Raytraverse Balanced,36,0.005667357889687224
C4,504,Raytraverse High,36,0.007325139318819776
C4,505,EIGCM (MF1),36,0.0034358327831675575
C4,505,Jones dcglare,36,0.0066758824537160085
C4,505,Raytraverse Balanced,36,0.010083555108929972
C4,505,Raytraverse High,36,0.009707140240179588
C4,506,EIGCM (MF1),36,0.005193652025790719
C4,506,Jones dcglare,36,0.007300803420728779
C4,506,Raytraverse Balanced,36,0.009486924939592587
C4,506,Raytraverse High,36,0.010614814731109956
C4,507,EIGCM (MF1),36,0.006029964645303577
C4,507,Jones dcglare,36,0.0071070455023461996
C4,507,Raytraverse Balanced,36,0.012923549566728627
C4,507,Raytraverse High,36,0.015909784699296253
C4,508,EIGCM (MF1),36,0.00820123585659842
C4,508,Jones dcglare,36,0.012877447967230463
C4,508,Raytraverse Balanced,36,0.008645103636077766
C4,508,Raytraverse High,36,0.01260052465479073
C4,509,EIGCM (MF1),36,0.022219456005260842
C4,509,Jones dcglare,36,0.03525957514915015
C4,509,Raytraverse Balanced,36,0.016700443155077082
C4,509,Raytraverse High,36,0.017947350288373114
C4,510,EIGCM (MF1),36,0.024175624190321682
C4,510,Jones dcglare,36,0.048672404964751025
C4,510,Raytraverse Balanced,36,0.022753946734360903
C4,510,Raytraverse High,36,0.023698247931270507
C4,511,EIGCM (MF1),36,0.014216771933480933
C4,511,Jones dcglare,36,0.03712993668838008
C4,511,Raytraverse Balanced,36,0.021601215481980404
C4,511,Raytraverse High,36,0.02390325828602203
C4,512,EIGCM (MF1),36,0.006400438523539704
C4,512,Jones dcglare,36,0.01141432047901366
C4,512,Raytraverse Balanced,36,0.02043078941442772
C4,512,Raytraverse High,36,0.02145679652740459
C4,513,EIGCM (MF1),36,0.009700471966582067
C4,513,Jones dcglare,36,0.010765324706258801
C4,513,Raytraverse Balanced,36,0.00444780412360383
C4,513,Raytraverse High,36,0.006782935777899858
C4,514,EIGCM (MF1),36,0.007214470991097607
C4,514,Jones dcglare,36,0.012207984681657236
C4,514,Raytraverse Balanced,36,0.005353943976929017
C4,514,Raytraverse High,36,0.010824167945183032
C4,515,EIGCM (MF1),36,0.008405626352595293
C4,515,Jones dcglare,36,0.010071394729689457
C4,515,Raytraverse Balanced,36,0.007474690307829376
C4,515,Raytraverse High,36,0.014320410073003519
C4,516,EIGCM (MF1),36,0.007778676754667925
C4,516,Jones dcglare,36,0.00843479191565391
C4,516,Raytraverse Balanced,36,0.006350204531165595
C4,516,Raytraverse High,36,0.008682371125599369
C4,517,EIGCM (MF1),36,0.017442925319110198
C4,517,Jones dcglare,36,0.02758245202032726
C4,517,Raytraverse Balanced,36,0.007722426406249813
C4,517,Raytraverse High,36,0.004628448355229321
C4,518,EIGCM (MF1),36,0.015818674982946933
C4,518,Jones dcglare,36,0.04600639537775059
C4,518,Raytraverse Balanced,36,0.005640647678342102
C4,518,Raytraverse High,36,0.006240773979955221
C4,519,EIGCM (MF1),36,0.010015857197533763
C4,519,Jones dcglare,36,0.03804398620070555
C4,519,Raytraverse Balanced,36,0.008026943134214532
C4,519,Raytraverse High,36,0.006727518059573388
C4,520,EIGCM (MF1),36,0.005809870939927247
C4,520,Jones dcglare,36,0.01142020336068496
C4,520,Raytraverse Balanced,36,0.006685786486466196
C4,520,Raytraverse High,36,0.005796014327605754
