viewpoint,time_index,reference_Ev_lx,reference_DGP,EIGCM_Ev_lx,EIGCM_DGP,Jones_dcglare_Ev_lx,Jones_dcglare_DGP,Raytraverse_Balanced_Ev_lx,Raytraverse_Balanced_DGP
Viewpoint 1,7,151.632631,0.167901,162.86296,0.1685601,167.36473,0.1698244149074056,137.9088707846526,0.1680952507150591
Viewpoint 1,8,1022.979278,0.225155,1033.48,0.2205967,1045.948,0.2219237,1018.6719693899696,0.2204073790100157
Viewpoint 1,9,3702.588049,0.404968,3847.6787,0.4011293,3883.1519,0.3900448,3159.8677532644747,0.3626951807275614
Viewpoint 1,10,5669.67904,0.508511,5621.0356,0.4960296,5913.9321,0.5098848,4351.880889994163,0.4318252969578864
Viewpoint 1,11,6827.892698,0.595268,7291.1577,0.5949932,7559.4644,0.6076771,6160.70869742821,0.5398480899711089
Viewpoint 1,12,12593.602592,1.0,9768.6133,0.8848624,12703.309,0.9204369,7711.508756520568,0.6341408528381296
Viewpoint 1,13,4652.038908,0.456709,4684.6099,0.4504842,4728.8042,0.4488084,4568.225650826947,0.452707337955393
Viewpoint 1,14,3997.130239,0.419697,4040.252,0.4139397,4073.0886,0.4120344,3964.5951172617774,0.4193924902457712
Viewpoint 1,15,31798.76558,1.0,39842.445,1.0,24416.666,1.0,9484.011732371211,0.8434286238487266
Viewpoint 1,16,1872.70673,0.300003,1983.7664,0.2939639,1991.5582,0.2909501,1926.248859613342,0.3089679975863771
Viewpoint 1,31,201.406057,0.170837,219.64769,0.1718933,225.8768,0.1732589322320673,177.65336236294988,0.1704282523707051
Viewpoint 1,32,2579.387175,0.408605,2814.0242,0.3627368,2544.6853,0.3100687,2198.6878447765457,0.3756355710664798
Viewpoint 1,33,3700.298218,0.402784,3788.4639,0.4013514,3934.676,0.3927835,3111.4039181648377,0.3597282064555492
Viewpoint 1,34,5622.313384,0.5074,5818.2935,0.5070941,6128.1074,0.5220957,4306.198230160961,0.4291777139017614
Viewpoint 1,35,4292.087501,0.433426,4296.4341,0.4256289,4348.0386,0.4242555,4234.041784588499,0.4308045684816474
Viewpoint 1,36,13020.673634,1.0,10318.887,0.9258499,13478.463,0.9671682,7683.179263491655,0.6329865022044698
Viewpoint 1,37,28647.077514,1.0,25673.607,1.0,28817.613,1.0,9922.649595800773,0.7653176491919956
Viewpoint 1,38,34660.988503,1.0,44779.043,1.0,34934.027,1.0,42695.76427998897,1.0
Viewpoint 1,39,3025.071277,0.364464,3085.2192,0.35909,3107.4919,0.3572619,2980.472308968623,0.3638647833859493
Viewpoint 1,40,775.055573,0.208732,797.04388,0.2057865,804.12891,0.2072023469983422,771.43536349292,0.2052832558370344
Viewpoint 1,55,282.213283,0.175612,310.78317,0.177243,319.6011,0.1787606006293966,250.2200374548566,0.1746879161986
Viewpoint 1,56,1167.228063,0.239992,1174.3799,0.2318476,1188.7837,0.2315986,1155.771721893444,0.2381782136901698
Viewpoint 1,57,5184.359851,0.493769,4956.543,0.4723909,5170.001,0.4657451,4061.466052071244,0.4160940626933387
Viewpoint 1,58,3514.235133,0.387337,3530.5352,0.3791258,3575.4307,0.3783013,3473.57114867213,0.3857656932093807
Viewpoint 1,59,9564.558479,0.761654,9754.1963,0.7385334,10133.866,0.7581355,7946.310135016586,0.6452563670914648
Viewpoint 1,60,5316.380003,0.494539,5337.0938,0.4877864,5394.1479,0.4865912,5208.575425124321,0.4886306082033768
Viewpoint 1,61,5530.264482,0.508461,5570.9702,0.5033867,5621.2563,0.50162,5412.8851638688175,0.5022081332226291
Viewpoint 1,62,38443.456562,1.0,22078.771,1.0,38496.098,1.0,46947.41144841855,1.0
Viewpoint 1,63,3283.425377,0.379821,3357.0615,0.3757067,3380.0723,0.3739142,3232.4401365303565,0.3790933798138628
Viewpoint 1,64,1322.390165,0.266666,1370.9452,0.253533,1380.1052,0.2490035,1315.8975612357451,0.2658006561772005
Viewpoint 1,79,119.69818,0.166026,133.84238,0.1668565,138.04839,0.1681034964026111,101.3972419590826,0.1659520181029981
Viewpoint 1,80,2384.99178,0.36284,2573.4438,0.3686372,2340.9534,0.2975687,1983.8480177506533,0.3733237827193431
Viewpoint 1,81,2687.758928,0.346291,2884.2466,0.3490967,2929.8928,0.3334278,2254.679400872307,0.3091457876945942
Viewpoint 1,82,6586.828581,0.586004,6644.5317,0.5543181,7078.9907,0.576581,4079.5185126511096,0.4166155120594635
Viewpoint 1,83,5183.302691,0.490474,5449.4121,0.4856054,5677.8691,0.4962219,4369.978739757193,0.4361704639608184
Viewpoint 1,84,14987.618154,1.0,10289.726,0.9540927,15280.655,1.0,7063.040546557378,0.6002702567912428
Viewpoint 1,85,27949.599337,1.0,15258.387,1.0,27753.025,1.0,8804.206670377089,0.7001135400328072
Viewpoint 1,86,37539.591603,1.0,27642.18,1.0,37378.988,1.0,46527.78512918038,1.0
Viewpoint 1,87,34172.459507,1.0,46643.375,1.0,26049.318,1.0,9100.16130481478,0.8313308555781629
Viewpoint 1,88,334.000834,0.178606,337.84348,0.1788314,341.56799,0.1800499778147309,331.68313360782565,0.1794697999427793
Viewpoint 1,103,184.688487,0.169841,198.86296,0.1706733,203.99512,0.1719744202940882,167.4706067038276,0.1698305246135147
Viewpoint 1,104,2039.535604,0.318363,2110.4778,0.3160342,2029.3586,0.2801329,1812.5917986977176,0.3272333331763558
Viewpoint 1,105,4549.828236,0.453051,4421.0562,0.4431642,4463.2017,0.4234204,3366.7708243719035,0.3759771399814305
Viewpoint 1,106,6327.50078,0.563143,6470.2505,0.5446451,6883.394,0.5658002,4427.624314136836,0.4364678167830994
Viewpoint 1,107,7307.465581,0.625178,7300.6357,0.5951785,7566.4365,0.6078686,6104.356391243036,0.5365810408274017
Viewpoint 1,108,4665.150021,0.456323,4672.8784,0.4486083,4723.2427,0.4471326,4568.784879623961,0.4514696944784898
Viewpoint 1,109,22365.116584,1.0,17011.383,1.0,22316.486,1.0,9443.620153798269,0.7368628273146014
Viewpoint 1,110,31492.983113,1.0,20562.938,1.0,31829.387,1.0,38881.87172515433,1.0
Viewpoint 1,111,34690.854366,1.0,41693.918,1.0,26987.709,1.0,10222.788546972632,0.8878415198686749
Viewpoint 1,112,1333.868774,0.267212,1373.5585,0.2534204,1382.9784,0.2489974,1317.628388913114,0.2657627280512068
Viewpoint 1,127,62.674945,0.162679,63.030128,0.1626999,63.748535,0.163741927841695,62.93311381584248,0.1636941737809899
Viewpoint 1,128,592.287581,0.193767,597.21124,0.1940563,604.1441,0.1954632851323613,590.7567858912691,0.1946774233318175
Viewpoint 1,129,1166.745862,0.241576,1174.5566,0.2309175,1188.2932,0.2315497,1156.269369724335,0.2423604759135415
Viewpoint 1,130,1681.544279,0.281736,1693.4697,0.2669892,1713.2468,0.2650343,1675.3285183557796,0.281437478361745
Viewpoint 1,131,2076.923623,0.305636,2088.4114,0.2933152,2112.532,0.2889643,2066.4865089676623,0.3055462380083421
Viewpoint 1,132,2228.599167,0.314857,2240.9902,0.3025141,2266.2478,0.3000779,2203.8355419292843,0.3139828920229391
Viewpoint 1,133,2114.393389,0.30827,2126.9863,0.2960006,2150.2463,0.2916168,2095.532057114999,0.3077151635227496
Viewpoint 1,134,1726.27587,0.285427,1740.2898,0.2705393,1758.7747,0.2685004,1725.1212186939638,0.2856494187105716
Viewpoint 1,135,1155.817216,0.245493,1165.3406,0.2315026,1177.5847,0.2331367,1151.699220625616,0.2445671640874848
Viewpoint 1,136,535.863725,0.190455,542.48297,0.1908437,548.01697,0.1921685608705426,529.1735853014093,0.1910624894571927
Viewpoint 1,151,147.482772,0.167657,155.29475,0.1681158,158.24271,0.1692886051605367,139.14147998675588,0.1681676048752226
Viewpoint 1,152,1480.630899,0.261857,1539.1271,0.2605299,1520.8035,0.2505652,1400.8077582371577,0.2697284375562194
Viewpoint 1,153,1178.597188,0.243107,1188.0981,0.2325679,1202.0013,0.2323577,1169.5468889193812,0.2436344767572584
Viewpoint 1,154,1708.369835,0.283367,1721.2952,0.2686418,1741.41,0.2666974,1702.7589926456658,0.2830411853679159
Viewpoint 1,155,2093.416136,0.304374,2102.6926,0.2941592,2126.9814,0.2898167,2080.59521262661,0.306375100392052
Viewpoint 1,156,7976.955863,0.684753,8704.6787,0.7373359,8035.0854,0.6420252,6337.126744208807,0.5528660751741709
Viewpoint 1,157,11689.63111,0.927184,10124.986,0.8726234,11673.384,0.8684912,7502.015689255271,0.6239548463260359
Viewpoint 1,158,14339.886017,1.0,13361.34,1.0,14397.616,1.0,16485.760706696852,1.0
Viewpoint 1,159,15328.243757,1.0,13769.309,1.0,12816.992,0.9962314,6647.896072354391,0.6365543733757932
Viewpoint 1,160,552.969196,0.191459,560.18823,0.191883,565.88654,0.1932175327842007,546.2573902795662,0.1920653088094105
Viewpoint 1,175,175.948258,0.169328,187.54883,0.1700091,191.16547,0.1712213109980888,164.60571294113456,0.1696623553496446
Viewpoint 1,176,1778.981972,0.285717,1872.1447,0.2867696,1822.855,0.269252,1651.7685624163216,0.2969220400909232
Viewpoint 1,177,3332.331569,0.375464,3341.3799,0.3681132,3420.2776,0.364471,2947.943789332244,0.3508901906108622
Viewpoint 1,178,4865.681572,0.461948,4881.8594,0.4537212,5070.4727,0.4612209,4072.290585491433,0.4159588029989438
Viewpoint 1,179,6548.535952,0.561539,6365.0513,0.5422737,6548.1147,0.5493717,5659.346847336041,0.5100709575420036
Viewpoint 1,180,10013.665216,0.82377,11341.403,0.9143745,10063.117,0.7625468,7143.739493908292,0.600155383617987
Viewpoint 1,181,16062.243215,1.0,15667.109,1.0,15947.012,1.0,8673.75897517742,0.6922159248930725
Viewpoint 1,182,2585.847111,0.336689,2604.7415,0.3259145,2630.0413,0.3233348,2571.9281414162483,0.3366336688688837
Viewpoint 1,183,1727.481256,0.286495,1749.2218,0.2720829,1765.8677,0.2702913,1716.6748901085723,0.2864513863619566
Viewpoint 1,184,972.037385,0.235886,992.17377,0.2199772,1000.6199,0.2232389,956.8640789501244,0.2278172720818509
Viewpoint 1,199,273.805148,0.175102,305.55203,0.1769359,313.19748,0.1783846555132945,247.6124433160268,0.1745348504226507
Viewpoint 1,200,3377.598262,0.422207,3701.7734,0.4289383,3380.8323,0.3593525,2906.2575021878965,0.4204866254861663
Viewpoint 1,201,4038.357475,0.426404,4014.6707,0.4138941,4114.5322,0.4034605,3315.5854978051,0.3720225593067877
Viewpoint 1,202,8308.336244,0.68295,8223.7402,0.6472627,8736.4746,0.6743368,5535.102876431867,0.5012879240294527
Viewpoint 1,203,7959.963734,0.662389,7680.6929,0.6174867,7977.2222,0.6317443,6376.689325781079,0.5525945379806428
Viewpoint 1,204,5206.092477,0.487911,5221.583,0.4808948,5277.6323,0.4796844,5097.179694383721,0.4821598672028475
Viewpoint 1,205,5364.966587,0.498666,5402.5073,0.4932779,5451.9546,0.4914621,5254.530984102607,0.4928609340808237
Viewpoint 1,206,4695.735291,0.460854,4731.8853,0.4550472,4767.9482,0.45336,4627.923399501216,0.4586006330445242
Viewpoint 1,207,3205.274936,0.375161,3271.8267,0.3702225,3295.2012,0.3683873,3151.213924525711,0.3739211200375025
Viewpoint 1,208,906.216752,0.224145,901.72784,0.2119314,909.77228,0.2148407038607932,893.2179775395527,0.2138513783923465
Viewpoint 1,223,258.867972,0.174244,290.42831,0.1760481,298.62192,0.1775291132281251,220.7441587021441,0.1729576821158158
Viewpoint 1,224,2314.103715,0.370353,2592.603,0.3685429,2381.2993,0.2999333,2003.6520669127367,0.3743168896783994
Viewpoint 1,225,4260.270844,0.436735,4185.374,0.4293633,4267.6118,0.4119057,3253.7546459153864,0.3694254568559441
Viewpoint 1,226,3704.084065,0.398353,3723.3438,0.3911161,3771.2903,0.3896897,3660.26392752477,0.3965027597261711
Viewpoint 1,227,7909.698302,0.669916,7818.772,0.6237876,8177.6675,0.6424533,6151.679955101126,0.5407034791569483
Viewpoint 1,228,14267.391784,1.0,26051.273,1.0,14510.109,1.0,7526.92229374079,0.6252728207306566
Viewpoint 1,229,26160.181618,1.0,25045.758,1.0,27022.91,1.0,8755.629561659665,0.6971276842325386
Viewpoint 1,230,38085.450367,1.0,54906.965,1.0,37976.234,1.0,47618.89578036251,1.0
Viewpoint 1,231,35846.8757,1.0,41595.766,1.0,27974.205,1.0,9427.1349505514,0.8519173694620447
Viewpoint 1,232,446.62749,0.185217,437.15561,0.184661,441.8768,0.1859381316702872,442.7621457432501,0.1859901379551287
Viewpoint 1,247,268.465495,0.174845,303.1152,0.1767929,312.01447,0.1783152649109605,224.41094570211595,0.1731729225127142
Viewpoint 1,248,1300.000019,0.252778,1311.0598,0.2406511,1327.403,0.2397944,1288.0318709008473,0.2511175983561235
Viewpoint 1,249,4216.981784,0.441551,4212.3159,0.4338097,4307.9619,0.4141305,3211.655201398841,0.367468611127535
Viewpoint 1,250,5965.816308,0.549061,5975.9277,0.5143288,6462.5239,0.5400218,3481.545921694621,0.3814492881295707
Viewpoint 1,251,8184.685791,0.687235,7461.063,0.6003364,7889.8164,0.6242697,5345.308551699003,0.4971828097700074
Viewpoint 1,252,14036.81469,1.0,27748.789,1.0,14228.62,1.0,6184.98408381461,0.5506974140830418
Viewpoint 1,253,25427.53155,1.0,16234.57,1.0,26499.434,1.0,7868.335951952753,0.6454848156360748
Viewpoint 1,254,38478.998791,1.0,35107.832,1.0,37819.844,1.0,47652.02024559106,1.0
Viewpoint 1,255,36945.110159,1.0,53197.734,1.0,28779.619,1.0,9055.831850095296,0.8373870866118068
Viewpoint 1,256,577.027874,0.192872,568.68494,0.1923818,574.55225,0.1937261578772935,572.5216779734964,0.1936070224970442
Viewpoint 1,271,91.539792,0.164373,92.076042,0.1644049,93.129913,0.1654665401940688,91.86464889087212,0.1653924548898942
Viewpoint 1,272,673.919623,0.198559,678.01953,0.1987997,685.93488,0.2002643748798125,670.2584097526238,0.199344168652479
Viewpoint 1,273,1300.170335,0.256852,1309.6355,0.2407548,1325.0396,0.2417177,1288.7159143410738,0.2548154678353081
Viewpoint 1,274,1893.464293,0.294203,1901.748,0.2793529,1924.069,0.2777393,1880.600343294897,0.2939825035453318
Viewpoint 1,275,2319.722259,0.317865,2336.2419,0.3085517,2363.2737,0.3056116,2311.0598450477937,0.3198280219951281
Viewpoint 1,276,2509.107011,0.329222,2522.0063,0.319793,2550.2969,0.3168456,2478.9771398944263,0.3301000058174622
Viewpoint 1,277,2389.58922,0.324591,2412.876,0.3136471,2438.9399,0.3106067,2375.26966400482,0.3242585386737426
Viewpoint 1,278,1975.806942,0.300343,1988.4463,0.288158,2009.1687,0.2837179,1968.985418800796,0.3007338263112417
Viewpoint 1,279,1331.166278,0.261427,1344.8688,0.2463128,1358.7159,0.2448173,1326.5581967481132,0.2607305734606945
Viewpoint 1,280,617.515995,0.195248,626.95844,0.1958025,633.31403,0.1971754974289014,610.800122431065,0.1958539671867035
Viewpoint 1,295,32.813964,0.160926,32.972843,0.1609355,33.348011,0.1619574780889232,32.93377420735894,0.1619332125459719
Viewpoint 1,296,204.299798,0.170992,205.04216,0.171036,207.37125,0.1721724968110157,203.369861439177,0.1719378108664797
Viewpoint 1,297,374.279147,0.18097,377.21698,0.1811426,381.5144,0.1823948682171844,372.24470209379984,0.181850764012906
Viewpoint 1,298,542.760662,0.19086,546.89758,0.1911029,553.1676,0.1924709218394902,542.3858141782924,0.1918380472922657
Viewpoint 1,299,646.696754,0.196961,653.15161,0.19734,660.69147,0.1987826096828095,647.6066106020803,0.1980145080423421
Viewpoint 1,300,675.463984,0.19865,680.41675,0.1989405,688.32617,0.2004047321737191,671.1431545303473,0.1993961031709314
Viewpoint 1,301,623.857682,0.19562,629.1817,0.195933,636.55176,0.1973655981693869,622.7710576879273,0.1965566610862813
Viewpoint 1,302,498.223306,0.188246,501.66656,0.1884478,507.59384,0.1897957466684471,499.9890695577028,0.1893493583830371
Viewpoint 1,303,328.986055,0.178311,330.80783,0.1784184,334.74973,0.1796498031477541,330.0934268644761,0.1793764841569447
Viewpoint 1,304,148.036301,0.16769,148.61658,0.1677238,150.39098,0.1688277744869924,147.1034995156547,0.1686349754215689
Viewpoint 1,319,47.844648,0.161808,48.205898,0.1618297,48.755276,0.1628618190964569,48.13540849243508,0.1628255484785059
Viewpoint 1,320,375.123923,0.18102,377.38257,0.1811524,381.70514,0.1824060862879457,373.8920588167408,0.1819474638525426
Viewpoint 1,321,728.59424,0.201768,734.8913,0.2021381,743.34155,0.2036340986684056,724.4620764948368,0.2025259238902469
Viewpoint 1,322,1055.36682,0.231545,1063.1488,0.22223,1075.4077,0.223633,1053.3030447141646,0.2320609724335688
Viewpoint 1,323,1266.660416,0.255218,1275.0507,0.2376935,1289.7545,0.2374785,1263.1851892623104,0.2543069900722299
Viewpoint 1,324,1330.827724,0.2601,1339.3881,0.2423713,1354.7837,0.2434665,1319.6095699442185,0.2588455195894139
Viewpoint 1,325,1243.726941,0.253566,1252.9827,0.2364355,1267.3218,0.236197,1238.1127675329135,0.252159906083415
Viewpoint 1,326,1002.708779,0.22793,1011.7457,0.2187948,1023.2877,0.220067,1006.2510066756158,0.22283573507173
Viewpoint 1,327,670.836738,0.198378,676.76794,0.1987263,684.50287,0.2001803016372044,672.8569483814553,0.1994967028699914
Viewpoint 1,328,313.07708,0.177378,315.05582,0.1774938,318.64124,0.1787041919044919,310.1607729954873,0.1782064373748351
Viewpoint 1,343,16.624607,0.159976,16.735003,0.1599823,16.92539,0.1609934900659973,16.688678522253888,0.1609796254292563
Viewpoint 1,344,114.334664,0.165711,115.01926,0.1657516,116.3213,0.1668278609050273,114.14374892794665,0.1667002380620704
Viewpoint 1,345,226.177816,0.172277,228.02119,0.1723848,230.61115,0.1735367027614096,225.1165819473444,0.1732143433603091
Viewpoint 1,346,320.885838,0.177836,323.95563,0.1780162,327.66336,0.1792338110702309,321.43256125333124,0.1788680913455705
Viewpoint 1,347,383.319298,0.181501,386.22662,0.1816715,390.68842,0.1829333679570869,383.1097810346168,0.182488544146732
Viewpoint 1,348,396.013498,0.182246,399.2323,0.1824349,403.89066,0.1837083900571599,394.0063373607369,0.1831281720030752
Viewpoint 1,349,361.589876,0.180225,363.60861,0.1803438,367.90012,0.1815956936196558,360.1740155839244,0.1811422147147763
Viewpoint 1,350,294.653999,0.176296,296.24744,0.1763897,299.78693,0.1775974910551186,295.5242256134956,0.1773472720435122
Viewpoint 1,351,198.701877,0.170664,199.82338,0.1707296,202.23671,0.1718711525638962,199.67475705494223,0.1717209082391251
Viewpoint 1,352,90.57042,0.164316,90.951195,0.1643388,92.054298,0.1654035602464183,90.21307729099796,0.1652955076369816
Viewpoint 1,367,322.228475,0.177952,350.27158,0.1795609,358.15378,0.1810236133444074,300.09087398125735,0.1776153343026998
Viewpoint 1,368,1087.509375,0.232711,1094.9142,0.2242115,1108.1797,0.2265301,1078.4119872310669,0.227136053400186
Viewpoint 1,369,2116.37391,0.304855,2126.9106,0.2950713,2153.2673,0.2911336,2086.326286035278,0.3050005592622082
Viewpoint 1,370,5825.566977,0.519398,5842.3755,0.5087956,6104.1616,0.5210422,4542.441917096,0.4429927570976611
Viewpoint 1,371,7592.564514,0.642038,7413.5405,0.602548,7694.3257,0.6156422,6345.55202685143,0.550315120275063
Viewpoint 1,372,12137.674105,0.96788,14554.515,1.0,12289.356,0.895518,7903.545817692558,0.6447570797998884
Viewpoint 1,373,20160.449365,1.0,12954.398,1.0,20609.047,1.0,9796.686318500628,0.7571497907182067
Viewpoint 1,374,29832.959094,1.0,34574.023,1.0,29515.896,1.0,36486.68138769067,1.0
Viewpoint 1,375,2620.667365,0.340286,2666.2334,0.3322558,2688.2163,0.3303042,2587.6476519164244,0.3396607498918482
Viewpoint 1,376,2731.840818,0.346142,2824.7747,0.3426965,2881.9985,0.3436171,2503.727413084716,0.3416618851470563
Viewpoint 1,391,16.611718,0.159975,16.735838,0.1599824,16.926325,0.1609935243135265,16.6895514907836,0.160979676672509
Viewpoint 1,392,99.138802,0.164819,99.634315,0.1648485,100.76188,0.1659144162261569,98.88635214648592,0.1658046288709987
Viewpoint 1,393,196.244937,0.17052,197.53505,0.1705953,199.77788,0.1717268189042321,195.0408472477721,0.1714488977334442
Viewpoint 1,394,276.10427,0.175207,278.42609,0.1753436,281.61206,0.1765306329586979,276.29036213772054,0.1762182442574842
Viewpoint 1,395,339.267446,0.178915,341.03516,0.1790188,344.97525,0.1802500145850175,338.31910266024994,0.1798593313261566
Viewpoint 1,396,351.347315,0.179624,354.33737,0.1797996,358.47397,0.1810423871988643,349.74292755508327,0.1805299098474834
Viewpoint 1,397,316.675802,0.177589,319.01904,0.1777264,322.78821,0.1789476496519108,316.05804897439293,0.1785526074747968
Viewpoint 1,398,250.715991,0.173717,252.04446,0.173795,255.06187,0.1749720744416895,251.4891698609931,0.1747624142708403
Viewpoint 1,399,170.211161,0.168991,170.73338,0.1690221,172.80093,0.1701433065793019,170.66905466153227,0.1700182735086319
Viewpoint 1,400,76.332717,0.163481,76.632027,0.1634983,77.565071,0.1645529674047238,76.05599456643776,0.1644644868810499
Viewpoint 1,415,62.729471,0.162682,63.195404,0.1627096,63.917141,0.1637518389728864,63.08493733199635,0.1637030858213881
Viewpoint 1,416,360.868573,0.180183,363.7739,0.1803535,367.93771,0.1815979235805984,360.4691527014916,0.1811595392635775
Viewpoint 1,417,688.401694,0.199409,693.62415,0.1997157,701.58875,0.2011832346402059,683.9209559493037,0.2001461601142241
Viewpoint 1,418,989.035811,0.225839,993.53827,0.2177233,1004.9816,0.2189924,984.5702649778656,0.2204895345654918
Viewpoint 1,419,1177.948727,0.246297,1189.924,0.2317639,1203.6459,0.2323965,1179.101984537995,0.2448150973914091
Viewpoint 1,420,1242.109347,0.253312,1251.9924,0.2363188,1266.4105,0.2360997,1233.8309878878529,0.2518329722801001
Viewpoint 1,421,1154.709559,0.242725,1162.7908,0.23014,1176.1584,0.2308023,1149.4454516988264,0.2424836468836348
Viewpoint 1,422,927.859827,0.21729,934.70239,0.213867,945.44531,0.2154976016450535,930.0607554589296,0.2145945663454392
Viewpoint 1,423,623.981404,0.195628,629.65613,0.1959608,636.91797,0.1973870765788423,626.5201689345296,0.1967767339164569
Viewpoint 1,424,296.132873,0.176383,298.14859,0.1765013,301.58347,0.1777029289632083,293.90499032316245,0.1772522229319696
Viewpoint 1,439,91.493726,0.164371,92.34272,0.1644205,93.40052,0.1654824937365615,92.13065176920732,0.1654080692588524
Viewpoint 1,440,566.208956,0.192236,571.271,0.1925336,577.88599,0.1939219331584348,565.2861110588536,0.1931822947191547
Viewpoint 1,441,1088.214818,0.234056,1094.2927,0.224094,1107.0255,0.2264523,1077.7293145754209,0.2344996635552437
Viewpoint 1,442,1544.518997,0.273499,1553.9055,0.2586593,1571.9694,0.2566428,1538.1279807046374,0.272884124386062
Viewpoint 1,443,1884.161445,0.294278,1894.3564,0.2816332,1916.218,0.2770702,1875.404391380544,0.2943521299330437
Viewpoint 1,444,1994.307027,0.301193,2012.3934,0.2889259,2035.2346,0.2844093,1980.4081339330955,0.3009497096325411
Viewpoint 1,445,1896.834029,0.295359,1908.6023,0.282739,1929.8313,0.2783554,1882.4985185387125,0.2951652260120667
Viewpoint 1,446,1548.70535,0.274518,1559.9308,0.2594837,1576.9784,0.2574176,1547.929689942285,0.2745041219543379
Viewpoint 1,447,1043.246358,0.232544,1052.2972,0.2215872,1063.7672,0.2240374,1038.7502560782802,0.2290563773117284
Viewpoint 1,448,509.502159,0.188908,513.46857,0.1891406,519.02679,0.190466862599859,502.8395307082518,0.1895166804525744
Viewpoint 1,463,399.781123,0.184233,471.29739,0.1866652,485.27155,0.1884853974219293,358.2153378992724,0.1810272403346872
Viewpoint 1,464,2891.056679,0.394252,3160.0957,0.4058832,3037.0505,0.3387662,2568.6581293489257,0.4120842067743635
Viewpoint 1,465,4983.889013,0.483666,5474.7393,0.5137216,5223.8711,0.467572,3819.075027757529,0.4060726605282362
Viewpoint 1,466,6326.850505,0.560116,6481.3906,0.5448869,6877.0742,0.5653619,4418.812544926965,0.4360045732082601
Viewpoint 1,467,7985.693637,0.672605,7969.9951,0.6324345,8390.6885,0.6548245,6314.0721608667,0.550190759679217
Viewpoint 1,468,6019.31688,0.535467,6038.6934,0.5291914,6103.252,0.5284291,5876.757705963545,0.5275091711960138
Viewpoint 1,469,6336.188776,0.555508,6385.5088,0.5511321,6441.4272,0.550036,6186.462518542796,0.5474150803204034
Viewpoint 1,470,39397.90497,1.0,47282.0,1.0,38329.543,1.0,49036.78539902808,1.0
Viewpoint 1,471,38193.635166,1.0,51068.012,1.0,29855.811,1.0,35089.088731406504,1.0
Viewpoint 1,472,2601.798887,0.336707,2845.3611,0.3415731,2936.1746,0.345738,2501.712673177816,0.342235668982159
Viewpoint 1,487,63.085519,0.162703,63.314407,0.1627166,64.03788,0.1637588763363692,63.20535353734749,0.1637101542526423
Viewpoint 1,488,319.987607,0.177783,321.65118,0.1778809,325.32571,0.1790966095723313,318.84101070163416,0.1787159673281859
Viewpoint 1,489,589.819642,0.193622,595.31305,0.1939449,602.13055,0.195345048334017,587.196290743883,0.1944684222666659
Viewpoint 1,490,830.573027,0.207756,838.04572,0.2081933,847.67963,0.2097587167292262,830.8049167340886,0.208768248612291
Viewpoint 1,491,995.408589,0.226814,1003.9819,0.2183323,1015.5624,0.2196135,995.1832193275034,0.2224283430788339
Viewpoint 1,492,1055.660937,0.231814,1062.8805,0.2221992,1075.1627,0.2236123,1058.580887962962,0.2325371794173
Viewpoint 1,493,978.491158,0.225274,984.79224,0.2172072,996.19513,0.2184766004933711,974.0803671626268,0.2199236275166749
Viewpoint 1,494,794.532293,0.205639,799.20789,0.2059135,808.48999,0.2074583423801949,795.7887200979536,0.2067127978697499
Viewpoint 1,495,535.373666,0.190426,538.69348,0.1906213,544.98584,0.1919906768276355,534.6539553964351,0.1913841871817707
Viewpoint 1,496,251.054352,0.173737,252.18814,0.1738034,255.14201,0.174976733436198,249.08881079796,0.1746215131938402
Viewpoint 1,511,48.152789,0.161827,48.415539,0.161842,48.968163,0.1628742957507915,48.34532256214575,0.1628378704343979
Viewpoint 1,512,262.447274,0.174406,264.28552,0.1745136,267.29703,0.1756903288579229,262.07663762487164,0.1753838986285799
Viewpoint 1,513,491.330271,0.187841,495.20135,0.1880683,500.85864,0.1894004203895893,488.5992381950108,0.1886807752820471
Viewpoint 1,514,704.947998,0.20038,709.06421,0.2006221,717.20502,0.2020998692043291,703.1316594707819,0.2012738284109348
Viewpoint 1,515,839.049426,0.208254,845.33264,0.208621,855.08612,0.2101935140338492,838.126601841745,0.2091980315281104
Viewpoint 1,516,883.959569,0.211602,888.16553,0.2111353,898.45752,0.2127394050158255,884.9538981738699,0.2119467938228061
Viewpoint 1,517,817.677353,0.206998,822.90698,0.2073046,832.48981,0.2088671239855911,814.3416137387172,0.2078018527264627
Viewpoint 1,518,661.584294,0.197835,665.7301,0.1980784,673.5293,0.1995361398144041,663.2768880518372,0.1989343533286428
Viewpoint 1,519,446.835408,0.185229,449.63562,0.1853936,454.9418,0.1867051081743151,446.6756094837019,0.1862198582766933
Viewpoint 1,520,206.704877,0.171134,207.79042,0.1711973,210.25352,0.1723416975796637,205.54305146302332,0.1720653771208794
Viewpoint 1,535,91.852666,0.164392,92.604637,0.1644359,93.665901,0.1654980456713456,92.39889107505286,0.1654238149061056
Viewpoint 1,536,513.861999,0.189164,517.5874,0.1893824,523.5589,0.1907329438631259,512.4408690981337,0.1900802790160604
Viewpoint 1,537,964.034793,0.221272,972.60394,0.2165035,983.86316,0.2177527006611032,958.3665997720352,0.2163684283153867
Viewpoint 1,538,1366.557886,0.262118,1374.0441,0.2444535,1389.9541,0.2455821,1360.8025703715996,0.2611728990890598
Viewpoint 1,539,1653.571647,0.280631,1664.2418,0.2651876,1683.434,0.2632514,1648.3125512180384,0.2803593448758005
Viewpoint 1,540,1743.984705,0.286115,1754.6754,0.2706081,1774.7017,0.2686949,1744.6839986109574,0.2867190201696251
Viewpoint 1,541,1640.213918,0.279976,1651.135,0.2645721,1669.7498,0.2626008,1630.1440993685271,0.2795553315566146
Viewpoint 1,542,1345.129464,0.26154,1357.0414,0.2435727,1372.1755,0.2448249,1348.0411992075583,0.2610339315060623
Viewpoint 1,543,905.809691,0.214787,913.35095,0.2126137,923.55176,0.2142124027655412,903.2481536375524,0.2130206666185243
Viewpoint 1,544,436.783485,0.184639,440.0701,0.1848321,444.98944,0.1861208924711306,432.34751226392586,0.1853787989698924
Viewpoint 1,559,459.735294,0.186487,507.24942,0.1887755,517.88611,0.1903998707470812,440.8177341800659,0.1858760009963698
Viewpoint 1,560,1023.648124,0.22601,1032.0215,0.22049,1044.3885,0.2218274,1017.5936814327528,0.2203205069337676
Viewpoint 1,561,4257.666337,0.428652,4303.7559,0.4253854,4213.4404,0.4107741,3668.723747470276,0.3930817896710126
Viewpoint 1,562,6107.335357,0.542172,6137.9307,0.5269766,6396.3027,0.5389159,5030.298767501665,0.4719742604909901
Viewpoint 1,563,3417.79371,0.382289,3425.0654,0.3744183,3465.2307,0.3726069,3382.6271271719816,0.3820586750091036
Viewpoint 1,564,3779.842904,0.404114,3796.7512,0.3967664,3838.4077,0.3950277,3750.657729094272,0.4044254908329878
Viewpoint 1,565,3724.263157,0.4015,3751.1282,0.3947323,3789.0479,0.3928678,3675.3158932335054,0.4005501755022702
Viewpoint 1,566,25954.270742,1.0,38849.926,1.0,26878.562,1.0,32940.99924539463,1.0
Viewpoint 1,567,30573.525218,1.0,29293.781,1.0,24563.525,1.0,28533.49869212966,1.0
Viewpoint 1,568,3751.593508,0.405342,3904.7197,0.4082751,4014.0823,0.411382,3407.725639673377,0.3944080406190394
Viewpoint 1,583,405.664418,0.18298,437.14728,0.1846605,445.30768,0.1861395413342011,390.1536036696965,0.1829020165354112
Viewpoint 1,584,834.643989,0.208002,838.87311,0.2082419,848.75476,0.2098219163079936,828.6225329784385,0.2086401426858343
Viewpoint 1,585,1542.580282,0.272503,1550.2618,0.2584585,1568.642,0.2564181,1524.878733126891,0.2712733446182374
Viewpoint 1,586,4851.775172,0.460062,4733.5688,0.4451782,4893.6807,0.4510765,4063.5722262024856,0.4158957521477736
Viewpoint 1,587,2700.92472,0.340109,2706.1238,0.3304171,2737.5115,0.3277638,2676.2774723782195,0.3412365041731904
Viewpoint 1,588,8503.340712,0.718395,9208.582,0.7802336,9001.4609,0.6997076,8239.149553575242,0.7640869431762768
Viewpoint 1,589,13208.789129,1.0,10782.039,0.9178517,13274.392,0.9586782,8323.355958885148,0.6707795446180336
Viewpoint 1,590,18232.919035,1.0,15070.359,1.0,18271.744,1.0,21619.62662079816,1.0
Viewpoint 1,591,1619.836084,0.279888,1637.7832,0.2647924,1654.3079,0.2627206,1607.5574087795706,0.2794350248682126
Viewpoint 1,592,3466.678644,0.387516,3691.959,0.3958102,3826.8267,0.3988031,3182.137519542364,0.3799593405807682
Viewpoint 1,607,681.645825,0.207707,759.97052,0.2036103,775.09912,0.20549829355682,640.3727733437368,0.1975898817952773
Viewpoint 1,608,1347.999339,0.258888,1357.8452,0.2436899,1374.6658,0.2445289,1334.458396892259,0.2559309626250087
Viewpoint 1,609,5666.761116,0.517683,5798.748,0.527299,5650.9727,0.4946986,4743.624797755719,0.4564990013343477
Viewpoint 1,610,8088.537755,0.661888,8434.6162,0.6608717,8883.1875,0.6841488,6512.570330878234,0.5589842105722898
Viewpoint 1,611,4620.59325,0.452522,4638.5859,0.4455917,4694.8335,0.4445038,4567.31694597019,0.4503773862763409
Viewpoint 1,612,5292.917052,0.49268,5311.2256,0.4863761,5368.2451,0.4851452,5214.674783256938,0.489358163677745
Viewpoint 1,613,5461.379904,0.50376,5489.8286,0.49807,5540.2407,0.4967342,5339.7214608087,0.4978832495571076
Viewpoint 1,614,4799.702846,0.466313,4853.7026,0.4621778,4891.4497,0.4600542,4735.721039716628,0.4647970976646679
Viewpoint 1,615,39034.108245,1.0,38143.984,1.0,30681.057,1.0,36833.12586348564,1.0
Viewpoint 1,616,1648.840432,0.285448,1691.4031,0.2709323,1704.3599,0.2676007,1614.941080323862,0.2843389756670073
Viewpoint 1,631,475.701615,0.199044,565.65637,0.192204,578.98004,0.1939861763951415,428.2869819059373,0.1851404458378785
Viewpoint 1,632,1465.508248,0.26651,1480.3057,0.2516635,1498.8987,0.2519485,1452.7525902705224,0.264802509515034
Viewpoint 1,633,4238.765294,0.433594,4368.3306,0.4399174,4247.4736,0.4108322,3379.2444338096457,0.3773321420920712
Viewpoint 1,634,6059.880119,0.548685,6115.5117,0.5250137,6548.4673,0.5451922,3887.4635056205,0.4058324254690593
Viewpoint 1,635,7132.917035,0.603848,7377.8916,0.5962106,7890.77,0.6244485,5486.516516767696,0.5042906297314022
Viewpoint 1,636,11964.998793,0.991836,8800.5195,0.8596915,13928.89,1.0,11739.346518629864,1.0
Viewpoint 1,637,24938.333696,1.0,9967.1836,0.9743065,24680.242,1.0,8356.053298570165,0.673434370127879
Viewpoint 1,638,37125.238699,1.0,34584.426,1.0,36741.059,1.0,49768.99525878106,1.0
Viewpoint 1,639,39368.986909,1.0,47146.723,1.0,29749.656,1.0,37320.96414055448,1.0
Viewpoint 1,640,2817.312418,0.346433,3115.7642,0.3623117,3309.5959,0.3676303,2484.516903521905,0.3381678787865851
Viewpoint 1,655,599.774978,0.199326,661.8006,0.1978477,675.04486,0.1996251031195929,565.8545558449271,0.1932156624280972
Viewpoint 1,656,1233.025216,0.24657,1246.8218,0.236675,1262.0413,0.2358913,1227.1970065946052,0.2468587065409444
Viewpoint 1,657,2284.890829,0.314906,2296.6235,0.3050587,2325.1606,0.3012361,2252.3025681529243,0.3148485568764482
Viewpoint 1,658,6647.843813,0.58049,6755.4731,0.5632231,7098.1011,0.5794439,5324.653649172009,0.4890151633003398
Viewpoint 1,659,8629.538374,0.704935,8636.5361,0.6740633,9040.5811,0.694533,7435.07770731196,0.6142267379377047
Viewpoint 1,660,12834.273862,1.0,14666.971,1.0,14053.223,1.0,12515.564657891677,1.0
Viewpoint 1,661,4682.696189,0.458037,4702.6978,0.4510695,4747.8486,0.4494869,4590.244153771744,0.4540906399130953
Viewpoint 1,662,4069.050166,0.42289,4098.4873,0.4166335,4133.3838,0.4147667,4013.973644197806,0.4221094841556311
Viewpoint 1,663,2829.788952,0.352852,2875.3171,0.3452635,2899.2729,0.343146,2786.9015623698547,0.3515120140571792
Viewpoint 1,664,3943.536191,0.414752,4190.8516,0.4257983,4324.5205,0.427993,3623.666603263401,0.4051703055929755
Viewpoint 1,679,579.63915,0.206799,658.67804,0.1976644,674.50201,0.1995932161117405,555.9209681303374,0.1987603031565344
Viewpoint 1,680,1528.338221,0.269099,1540.7826,0.2577379,1560.2288,0.2555429,1511.3599992560703,0.2691952189897658
Viewpoint 1,681,4088.897288,0.424164,4333.8872,0.4364329,4146.2544,0.404932,3339.6503565445505,0.3741820277915536
Viewpoint 1,682,4088.589509,0.420581,4115.9712,0.414057,4169.7788,0.4129667,4021.732111415899,0.4177638234593841
Viewpoint 1,683,5270.546877,0.490079,5257.1528,0.4817555,5322.4678,0.48115,5166.123827107848,0.4849220094756177
Viewpoint 1,684,12004.082759,0.98436,14821.016,1.0,13999.129,1.0,12126.085547602836,1.0
Viewpoint 1,685,26030.706938,1.0,11276.862,1.0,25573.078,1.0,10147.845586266254,0.7774943538043434
Viewpoint 1,686,36183.398754,1.0,42137.711,1.0,37072.305,1.0,50150.037104326206,1.0
Viewpoint 1,687,37241.937964,1.0,33107.613,1.0,29445.93,1.0,37428.59867567995,1.0
Viewpoint 1,688,3354.721718,0.382721,3610.5632,0.3912246,3760.5864,0.3938755,2971.7454112374885,0.3692210815405298
Viewpoint 1,703,629.821923,0.200229,696.35083,0.1998758,711.02649,0.2017372274505783,622.2357160255676,0.1974205286932966
Viewpoint 1,704,1323.629442,0.256975,1333.745,0.2422454,1350.1436,0.2424668,1311.8503995955436,0.2541350602055892
Viewpoint 1,705,2432.992947,0.323403,2445.3721,0.314387,2476.0574,0.3116608,2396.7019200746927,0.3231677914803763
Viewpoint 1,706,6438.011109,0.560122,6855.1885,0.5688852,7149.2358,0.582364,5479.753874844911,0.4981769263808149
Viewpoint 1,707,8823.339463,0.715463,8666.1318,0.6755961,9080.2676,0.6967465,7420.356432329825,0.6133890414390886
Viewpoint 1,708,13178.0914,1.0,14922.855,1.0,14130.799,1.0,12584.6272757671,1.0
Viewpoint 1,709,5080.105255,0.481369,5110.0581,0.4755746,5158.0269,0.4739615,4979.732234753656,0.4768998196187036
Viewpoint 1,710,4454.367033,0.445884,4495.1553,0.4402109,4531.8794,0.4384724,4308.418505665467,0.439836343570147
Viewpoint 1,711,3104.229937,0.369136,3152.7937,0.3619511,3178.073,0.3599263,3049.210891675608,0.3673009076145254
Viewpoint 1,712,4359.926541,0.444733,4398.3037,0.4620642,4504.1201,0.4391907,3624.739674488156,0.4059444148451089
Viewpoint 1,727,534.634805,0.191338,579.40222,0.1930109,589.63892,0.1946117942315402,521.7320494126888,0.1906256713005248
Viewpoint 1,728,1073.234705,0.2319,1085.0853,0.2236065,1098.0857,0.225929,1070.1279076483268,0.2269873047329218
Viewpoint 1,729,3802.131126,0.400607,3909.0764,0.4018298,3843.3618,0.3891584,3374.0053835326994,0.3760026719405744
Viewpoint 1,730,5541.244843,0.506877,5602.4907,0.4956898,5805.4795,0.5039073,4612.047291005448,0.4473712466236877
Viewpoint 1,731,3460.369054,0.384809,3476.0625,0.3774355,3516.7715,0.3756519,3433.788061141014,0.3852101885047518
Viewpoint 1,732,9985.025671,0.82037,9195.1621,0.811752,10921.089,0.8146263,9879.13106691618,0.8811266148804501
Viewpoint 1,733,16983.032774,1.0,17158.85,1.0,16637.416,1.0,9585.198116529824,0.7443466411129149
Viewpoint 1,734,22500.05186,1.0,23371.391,1.0,23260.752,1.0,9474.657874581706,0.7453383148314028
Viewpoint 1,735,2247.537662,0.318009,2275.3586,0.30679,2296.4907,0.3036785,2220.812432345766,0.3173208403699851
Viewpoint 1,736,1151.668626,0.251964,1170.1803,0.2318817,1181.136,0.2346448,1141.7238208059732,0.2496932845946809
Viewpoint 1,751,92.956987,0.164457,93.446335,0.1644853,94.518417,0.1655480033323382,93.02838509571258,0.1654607662051183
Viewpoint 1,752,391.618413,0.181988,394.93311,0.1821826,399.45953,0.1834482584312904,391.47788817224426,0.1829797520357107
Viewpoint 1,753,707.226867,0.200514,712.23389,0.2008081,720.41022,0.2022880421866058,702.5621357747061,0.2012403973699752
Viewpoint 1,754,989.588197,0.226175,999.0415,0.2180449,1010.5422,0.2193188,985.2107078554224,0.2206388457302373
Viewpoint 1,755,1186.648816,0.24736,1195.423,0.2320726,1209.207,0.232714,1185.0798110871767,0.2454849219805018
Viewpoint 1,756,1249.223542,0.253755,1256.4841,0.2365558,1270.9644,0.2363526,1251.3108476821278,0.2529641050887596
Viewpoint 1,757,1157.822465,0.243299,1165.6188,0.2302786,1179.0499,0.2309496,1152.868915705431,0.2429053879600416
Viewpoint 1,758,944.618886,0.220549,951.01526,0.2151198,961.99048,0.2164688011109166,931.5852442186908,0.2146840538356371
Viewpoint 1,759,655.42907,0.197474,659.75415,0.1977276,667.40765,0.1991768022063897,654.5962369596979,0.1984247991095342
Viewpoint 1,760,324.63473,0.178056,327.00577,0.1781952,330.81924,0.1794190484194104,325.9415063127928,0.1791327664205609
Viewpoint 1,775,63.787087,0.162744,64.055557,0.1627601,64.789093,0.1638030157023396,63.799034708208325,0.1637450033373718
Viewpoint 1,776,264.522381,0.174527,266.14252,0.1746226,269.17804,0.1758006490134999,264.0142776299128,0.1754976380968758
Viewpoint 1,777,480.59444,0.187211,483.70169,0.1873933,489.22812,0.188717649076886,477.4234926841113,0.1880247590205573
Viewpoint 1,778,665.89416,0.198088,669.47131,0.198298,677.15625,0.1997490541468884,660.5727561495775,0.1987756207859802
Viewpoint 1,779,785.503096,0.205109,791.57532,0.2054655,800.71088,0.2070017509669021,785.1407077344245,0.2060877595440107
Viewpoint 1,780,829.028607,0.207665,834.21735,0.2079686,843.89447,0.2095366183007437,831.5704543263045,0.208813185668954
Viewpoint 1,781,763.222938,0.203801,768.18292,0.2040923,777.15027,0.2056186891149468,760.5807994227494,0.2046460929261154
Viewpoint 1,782,621.155998,0.195462,624.69025,0.1956693,632.03937,0.1971006801668908,612.8691856554655,0.1959754211979758
Viewpoint 1,783,420.199801,0.183666,422.35281,0.1837921,427.36899,0.1850865809038408,419.9483219833578,0.1846509665004231
Viewpoint 1,784,221.918108,0.172027,223.55518,0.1721227,226.21875,0.173278876946842,223.42132219414628,0.1731148316127964
Viewpoint 1,799,310.587312,0.177231,312.81876,0.1773625,316.48633,0.1785776805007944,310.2784458019765,0.178213344768576
Viewpoint 1,800,1200.86376,0.243381,1211.7115,0.2340153,1226.3582,0.2337866,1194.0546165319463,0.2441306899720809
Viewpoint 1,801,2168.242093,0.307971,2180.5422,0.2982898,2207.2158,0.294305,2140.8518507436606,0.3086612888814879
Viewpoint 1,802,3091.680612,0.362551,3098.6741,0.3539499,3136.4192,0.3517393,3042.379325294153,0.3618588737491612
Viewpoint 1,803,3810.935875,0.405142,3821.124,0.3976802,3866.1299,0.3961103,3772.56936999286,0.4048809529815008
Viewpoint 1,804,4239.514421,0.430936,4249.7832,0.4234929,4296.0215,0.4219072,4192.957535353073,0.4303718360500198
Viewpoint 1,805,4202.038805,0.429401,4225.3105,0.4227688,4267.1025,0.4210197,4134.590915222251,0.4275820143157132
Viewpoint 1,806,3620.842559,0.396372,3651.7458,0.3897927,3684.7798,0.387867,3520.883842015011,0.3933210200441023
Viewpoint 1,807,2549.979498,0.336196,2580.6497,0.3260398,2603.7346,0.3249847,2512.9840615880307,0.3349658160082719
Viewpoint 1,808,1314.541105,0.263117,1337.9221,0.2473343,1350.0762,0.2448416,1302.2524696323655,0.2620147811357447
Viewpoint 1,823,323.635069,0.177997,326.26974,0.178152,330.09909,0.179376761542626,323.5781938879567,0.178994039981223
Viewpoint 1,824,1201.494788,0.243513,1212.2146,0.2340413,1226.8528,0.2338148,1194.718970561493,0.244191239376099
Viewpoint 1,825,2173.208973,0.308182,2180.3333,0.2982836,2206.9746,0.2942902,2140.8667030362653,0.3086957509368022
Viewpoint 1,826,3067.234268,0.361184,3083.5808,0.3530737,3121.0815,0.3508489,3028.026668550695,0.361071529569214
Viewpoint 1,827,3790.068247,0.403906,3801.8074,0.396554,3846.5374,0.3949702,3753.953456811581,0.4038423968572848
Viewpoint 1,828,4189.323852,0.427975,4206.7075,0.4209577,4252.5024,0.419351,4151.499338949648,0.4279995596775893
Viewpoint 1,829,4166.976277,0.427468,4192.6211,0.4208263,4234.1851,0.4190659,4103.522219268433,0.4257890307502509
Viewpoint 1,830,3598.70915,0.395114,3638.2781,0.3889725,3671.3022,0.3870419,3508.7131313224545,0.3926145259733848
Viewpoint 1,831,2536.924247,0.335434,2568.7651,0.3252941,2591.8699,0.3234852,2502.40554125737,0.3343265850831377
Viewpoint 1,832,1306.461152,0.262521,1328.7266,0.2467182,1340.8976,0.2442312,1294.0874293392962,0.2614488875623635
Viewpoint 1,847,631.55741,0.198001,682.09485,0.199039,693.68262,0.2007191448586251,619.2712758587968,0.1963512238929113
Viewpoint 1,848,2179.514187,0.326558,2233.3486,0.3136664,2307.4253,0.2977615,2084.2983942466194,0.3259566638121968
Viewpoint 1,849,3604.567901,0.389844,3675.427,0.3851222,3631.2546,0.3770345,3260.2943456175267,0.3695922487450414
Viewpoint 1,850,2600.074432,0.333862,2616.0791,0.3248727,2647.2466,0.3221009,2572.486157517901,0.3348791898890403
Viewpoint 1,851,7077.718068,0.596049,6814.3872,0.5687848,7086.5767,0.5809464,6047.7953286294005,0.5328970044585929
Viewpoint 1,852,3456.922182,0.385121,3477.4333,0.3779496,3515.821,0.3760583,3441.72399112174,0.3868065888943016
Viewpoint 1,853,15383.837754,1.0,12592.576,1.0,14880.085,1.0,9475.154194294695,0.7379385577548396
Viewpoint 1,854,2859.907764,0.351166,2881.8008,0.3427998,2910.1418,0.3416203,2793.053991304604,0.3502454467758468
Viewpoint 1,855,20920.887539,1.0,27085.461,1.0,16630.508,1.0,21774.59704412748,1.0
Viewpoint 1,856,4605.268942,0.460715,4821.8257,0.490673,5077.7285,0.4749755,3881.997266931509,0.4209803493925185
Viewpoint 1,871,806.051781,0.213022,882.13269,0.2114,898.79626,0.2127593049756788,789.1587431405821,0.2070253282554723
Viewpoint 1,872,1275.769171,0.252264,1287.401,0.2391371,1303.0226,0.2382958,1268.2955715212745,0.2506723131242647
Viewpoint 1,873,2269.954926,0.313985,2279.6653,0.30412,2307.6445,0.300204,2237.864789911127,0.3143294717969557
Viewpoint 1,874,3220.074245,0.370146,3225.3511,0.3613846,3264.7837,0.3601454,3166.5639569579093,0.3691084230369335
Viewpoint 1,875,9065.499097,0.727269,8661.876,0.6759815,9060.2959,0.6959708,7553.975409057665,0.620553280173595
Viewpoint 1,876,4402.627054,0.440473,4433.1133,0.4342684,4481.1504,0.4327799,4372.373195834455,0.4408728502774436
Viewpoint 1,877,4413.862786,0.441873,4437.7593,0.435292,4481.1597,0.4336313,4399.022775378843,0.4428266355463137
Viewpoint 1,878,30857.840229,1.0,30656.293,1.0,28972.115,1.0,11497.217919240162,0.8640759818161469
Viewpoint 1,879,33184.870996,1.0,45037.672,1.0,24696.484,1.0,34346.74236311852,1.0
Viewpoint 1,880,5064.692797,0.482037,5247.8477,0.4873127,5558.209,0.5032731,4306.197137714664,0.4456785092210132
Viewpoint 1,895,205.531197,0.171065,207.23871,0.1711649,209.63754,0.172305626048133,206.0204498931548,0.1720934004087282
Viewpoint 1,896,707.066723,0.200505,712.73737,0.2008377,721.02356,0.2023240372464632,705.4094475063686,0.2014075345686238
Viewpoint 1,897,1259.126153,0.253518,1264.0092,0.2371084,1278.7325,0.236855,1245.3930463166512,0.2516004029400991
Viewpoint 1,898,1744.433369,0.285688,1752.3435,0.270393,1772.7186,0.2684939,1726.406006329568,0.2850997983100702
Viewpoint 1,899,2082.256925,0.306218,2093.6355,0.2936209,2117.7749,0.2891608,2059.8663185278588,0.3056850666588102
Viewpoint 1,900,2213.499825,0.314307,2227.8032,0.3016622,2253.0322,0.2992083,2213.933810804329,0.3151727718635791
Viewpoint 1,901,2102.271956,0.307777,2111.7471,0.29493,2135.1868,0.2904159,2110.3729610358646,0.3085765875751497
Viewpoint 1,902,1739.000391,0.28625,1752.2354,0.2707802,1771.3796,0.2688682,1710.0720950313046,0.2852881857000754
Viewpoint 1,903,1223.075764,0.252998,1232.0046,0.2351687,1245.4688,0.237453,1216.6914522698326,0.2509629944765498
Viewpoint 1,904,638.862496,0.196501,643.98053,0.1968017,651.05914,0.1982171712583694,637.7157061595568,0.1974339119515659
Viewpoint 1,919,802.370049,0.21057,866.13629,0.2105065,880.62451,0.2116926076572854,785.9542879245123,0.2061355167011688
Viewpoint 1,920,2499.880201,0.339373,2549.303,0.3292409,2629.3291,0.316711,2372.2654116460503,0.3444634046821579
Viewpoint 1,921,4118.532888,0.420326,4205.7925,0.4192168,4100.7832,0.4044308,3688.239733664051,0.3946388449357298
Viewpoint 1,922,2745.525087,0.342508,2760.3542,0.3333626,2793.3528,0.3308062,2714.1705778779483,0.3431473328928266
Viewpoint 1,923,3341.38461,0.377776,3349.4932,0.3700553,3388.4902,0.3681837,3289.3800424871897,0.3772122906915793
Viewpoint 1,924,3651.470706,0.396422,3659.0132,0.3886442,3699.2456,0.3868458,3620.638311532547,0.3972884033387351
Viewpoint 1,925,17336.66806,1.0,10885.313,0.9357289,16570.549,1.0,19328.13929682065,1.0
Viewpoint 1,926,23547.38987,1.0,18482.998,1.0,22431.605,1.0,10580.24383082085,0.8099379072763043
Viewpoint 1,927,2161.424951,0.312932,2185.5876,0.3011462,2206.6675,0.2979757,2139.292018834026,0.312377728854005
Viewpoint 1,928,1141.72891,0.250723,1161.1836,0.2311841,1172.5172,0.2338185,1136.8473313268446,0.2472969338499397
Viewpoint 1,943,523.531969,0.205085,602.76636,0.1943824,618.34186,0.1962966464785255,507.92212207900656,0.1964503566338392
Viewpoint 1,944,1883.775077,0.328733,1904.0391,0.3155729,2106.6733,0.2840846,1785.9805555449514,0.3430559858082269
Viewpoint 1,945,5224.485483,0.499856,5640.854,0.5263971,5043.3862,0.4570448,3990.7458604591006,0.4177302794532814
Viewpoint 1,946,4433.864706,0.435128,4667.3193,0.4385934,4917.4727,0.4503521,3412.348465849679,0.3779415711204887
Viewpoint 1,947,8370.126644,0.69413,8223.0068,0.6464486,8879.0166,0.6828863,6400.877544590363,0.5546949379184014
Viewpoint 1,948,8328.041288,0.763604,12038.252,0.9403917,9375.0957,0.7316828,8548.728432575568,0.8400232659725677
Viewpoint 1,949,24652.322238,1.0,9741.2129,0.9517817,23173.17,1.0,30338.91845589758,1.0
Viewpoint 1,950,25194.452719,1.0,23043.779,1.0,24527.152,1.0,7158.657660996496,0.6129744718846599
Viewpoint 1,951,37427.825612,1.0,25671.533,1.0,25674.127,1.0,39444.24033318305,1.0
Viewpoint 1,952,3801.292357,0.407585,3829.7639,0.4051521,4310.5586,0.4347328,2676.577709851704,0.3466519375788557
Viewpoint 1,953,147.49764,0.167658,170.76888,0.1690241,172.45372,0.170122648742779,156.77797800557457,0.1692028673089272
Viewpoint 1,967,827.254948,0.221086,924.61548,0.2138024,945.70825,0.2155131016348225,812.8897748468074,0.2121656392279132
Viewpoint 1,968,2931.511398,0.383033,3048.7231,0.3748754,3235.104,0.3516123,2949.321544214773,0.42241655988182
Viewpoint 1,969,2816.870695,0.345902,2834.8181,0.3372251,2870.9502,0.3347686,2776.12076994833,0.3453151086281819
Viewpoint 1,970,4008.629013,0.41583,4016.8035,0.4084362,4068.0869,0.4072083,3933.9860647124897,0.4132559511510287
Viewpoint 1,971,5010.987496,0.474956,5007.7334,0.467222,5068.4346,0.4666949,4900.500885220231,0.4701635317473931
Viewpoint 1,972,12447.336048,0.985371,24675.852,1.0,13994.887,1.0,12871.002055554218,1.0
Viewpoint 1,973,24205.685312,1.0,12608.963,1.0,22524.615,1.0,28524.27631075416,1.0
Viewpoint 1,974,34123.782118,1.0,40070.852,1.0,34105.418,1.0,11233.282293852611,0.8502539559938158
Viewpoint 1,975,37043.382815,1.0,33047.969,1.0,25955.365,1.0,39381.29791023895,1.0
Viewpoint 1,976,2013.924559,0.307962,2057.5837,0.2950608,2073.7258,0.293808,1983.861700339444,0.307208075267863
Viewpoint 1,977,358.311603,0.180033,495.82971,0.1881052,499.00281,0.1892914159107525,442.6339007509672,0.1859826099740817
Viewpoint 1,991,450.554462,0.208761,537.16785,0.1905317,554.98199,0.1925774635328869,447.8928056671038,0.1996621114792141
Viewpoint 1,992,2769.517722,0.411236,2856.9624,0.4019322,3089.5701,0.3414058,2757.802395601211,0.4615350585883666
Viewpoint 1,993,4539.519246,0.467818,4681.9795,0.4835289,4157.228,0.4043502,3260.6394184202136,0.3764453317187192
Viewpoint 1,994,6307.690575,0.564042,6342.6089,0.5357076,6839.4331,0.561941,3912.51917861885,0.4088434119241117
Viewpoint 1,995,5455.772468,0.517623,5015.1899,0.4573399,5473.4863,0.4825374,3873.7489523140425,0.4059907644266255
Viewpoint 1,996,10787.420207,0.9161,17124.092,1.0,12486.312,0.9232028,11213.415632432629,1.0
Viewpoint 1,997,23168.697855,1.0,9012.2676,0.9172235,21369.723,1.0,29269.86649243633,1.0
Viewpoint 1,998,34126.850197,1.0,42696.805,1.0,33754.273,1.0,7305.145473853218,0.6281537203082476
Viewpoint 1,999,31718.372968,1.0,30416.395,1.0,24290.654,1.0,39870.52718856185,1.0
Viewpoint 1,1000,3196.597508,0.378901,3599.1311,0.3924727,4125.3047,0.4262365,2395.061676634424,0.327892056535674
Viewpoint 1,1001,88.2547,0.164181,90.724815,0.1643256,91.739891,0.1653849953527684,87.66509957838402,0.1651459413452511
Viewpoint 1,1015,513.104301,0.207893,598.07367,0.1941069,613.14032,0.1959913511315142,496.1137345376929,0.1975401452075618
Viewpoint 1,1016,2485.080172,0.391297,2649.7778,0.3845485,2913.9041,0.3311119,1560.540080706557,0.2777987576142802
Viewpoint 1,1017,4403.352197,0.450277,4397.4033,0.4620047,3969.1289,0.3934168,3115.530465176045,0.3658301468044325
Viewpoint 1,1018,5904.607287,0.536746,6458.1089,0.5424748,6891.4351,0.5650811,3991.83188423128,0.412737960938034
Viewpoint 1,1019,7640.367104,0.651581,7144.7051,0.5820194,7851.2451,0.621825,5360.482377646442,0.4950034802302264
Viewpoint 1,1020,10938.898887,0.926554,17510.92,1.0,12762.376,0.9384167,11482.446142797988,1.0
Viewpoint 1,1021,23594.994563,1.0,10987.485,1.0,21549.461,1.0,29560.380573067785,1.0
Viewpoint 1,1022,35179.662893,1.0,31236.795,1.0,34019.383,1.0,7704.61781275302,0.6502994191470628
Viewpoint 1,1023,23833.361713,1.0,28750.918,1.0,20039.674,1.0,33045.9147001216,1.0
Viewpoint 1,1024,3822.162625,0.441553,4116.8833,0.4953766,4504.6572,0.447836,2724.9723307029403,0.3491157812291525
Viewpoint 1,1025,117.327404,0.165887,124.53443,0.1663102,125.88248,0.1673889655250388,118.73972956374004,0.1669700221253915
Viewpoint 1,1039,782.502431,0.226574,929.83649,0.2135814,953.83441,0.2159901013481284,762.189188285993,0.2174443174631106
Viewpoint 1,1040,1900.675194,0.291402,1916.5305,0.279845,1941.1332,0.2783049,1874.851234227016,0.2916965060208832
Viewpoint 1,1041,4505.245198,0.45549,4715.3945,0.4706455,4373.895,0.4180459,3579.9925524196774,0.3911655287373947
Viewpoint 1,1042,6238.18522,0.556522,6841.0674,0.5657418,7167.1509,0.5820627,4614.368113868408,0.4483618448755309
Viewpoint 1,1043,7397.525344,0.636705,7047.0166,0.5759231,7750.291,0.6158533,5274.345399006661,0.4900779109449444
Viewpoint 1,1044,10963.568308,0.928432,17358.033,1.0,12661.912,0.9326526,11392.176072388467,1.0
Viewpoint 1,1045,22995.204267,1.0,7848.1509,0.8581294,21979.039,1.0,29453.38241768949,1.0
Viewpoint 1,1046,34983.303144,1.0,36738.934,1.0,33838.992,1.0,7564.2648763086145,0.6424518448947306
Viewpoint 1,1047,30783.491436,1.0,35079.734,1.0,23858.416,1.0,40260.460580855804,1.0
Viewpoint 1,1048,3958.230523,0.460272,4493.4536,0.5185418,4524.6558,0.449663,2697.807363426054,0.347199552958761
Viewpoint 1,1049,117.027398,0.16587,123.44045,0.166246,124.7892,0.167324850741948,118.23277337630392,0.166940263797189
Viewpoint 1,1063,1157.294251,0.244129,1274.7588,0.2378369,1295.908,0.2373668,1143.1928313192816,0.2412004361093543
Viewpoint 1,1064,3386.64487,0.393093,3526.3528,0.391295,3719.3076,0.3813714,2740.455842046862,0.3414290326719976
Viewpoint 1,1065,2530.666108,0.329275,2546.5623,0.320427,2578.083,0.317716,2499.600867546267,0.32964818597841
Viewpoint 1,1066,3532.748083,0.38838,3545.0752,0.3810113,3588.7681,0.3793806,3480.641863721434,0.3874869378394601
Viewpoint 1,1067,10253.15909,0.79352,10011.241,0.7552833,10540.993,0.7828792,8835.751348310456,0.6962113935256412
Viewpoint 1,1068,4856.798452,0.466982,4873.0161,0.4606073,4925.1685,0.4593822,4806.039800952813,0.4662908710263383
Viewpoint 1,1069,4890.009167,0.469756,4908.0371,0.4634895,4954.7856,0.4620317,4861.561856826104,0.4700685612466677
Viewpoint 1,1070,4298.216017,0.436169,4344.4771,0.4314757,4381.9692,0.4291368,4179.642892487707,0.4324479558095587
Viewpoint 1,1071,33773.516743,1.0,40344.711,1.0,26504.506,1.0,41419.11592864911,1.0
Viewpoint 1,1072,1692.966458,0.287963,1725.7338,0.2735504,1740.8893,0.268266,1675.9667160496144,0.2872386755313034
Viewpoint 1,1073,571.402091,0.192541,738.27722,0.2023369,742.49103,0.2035841027156063,690.3237757591162,0.2185951991562733
Viewpoint 1,1087,864.970003,0.215701,936.02185,0.2145837,949.61151,0.2157422014902121,845.008252117415,0.2102313905675036
Viewpoint 1,1088,1223.602599,0.246825,1232.5206,0.2352017,1247.2584,0.2350069,1211.5272937617935,0.2460912098318861
Viewpoint 1,1089,2108.878839,0.304647,2119.7876,0.2948034,2145.2949,0.2906596,2084.59115504906,0.3058402898131473
Viewpoint 1,1090,5775.94925,0.516673,5711.375,0.5025718,5934.9795,0.5120466,4858.750848013693,0.4620929074236297
Viewpoint 1,1091,7125.723877,0.603131,7107.9497,0.5856398,7415.4238,0.6000116,6432.076984595378,0.5545336764979164
Viewpoint 1,1092,3866.722307,0.408938,3865.0398,0.4007861,3907.2922,0.3990868,3826.162945460741,0.4094541526813859
Viewpoint 1,1093,15928.300776,1.0,10107.633,0.8965832,15523.252,1.0,18324.64138254685,1.0
Viewpoint 1,1094,20631.863983,1.0,17732.539,1.0,21088.295,1.0,9953.883988804431,0.772905566929437
Viewpoint 1,1095,2348.79302,0.324181,2369.4197,0.3120453,2392.1785,0.3089013,2319.114979870675,0.3232864275556218
Viewpoint 1,1096,1295.125629,0.261425,1314.8279,0.2438519,1327.5863,0.2429482,1287.0972906856564,0.2606645280309153
Viewpoint 1,1097,389.399433,0.181858,504.91641,0.1886386,508.78009,0.1898653770450755,450.6916074834455,0.1864555973592782
Viewpoint 1,1111,1373.479546,0.258307,1537.8784,0.2524732,1566.8976,0.2522376,1211.7605843208764,0.24504231393943
Viewpoint 1,1112,1887.690598,0.290793,1905.8976,0.2792389,1930.1558,0.2776875,1861.566271984424,0.2911317758575959
Viewpoint 1,1113,3227.26597,0.369897,3254.3152,0.3624197,3296.9514,0.3604997,3182.1007582282496,0.3688389203033926
Viewpoint 1,1114,9058.174355,0.721694,9080.9922,0.6996511,9651.1133,0.7286702,6778.963129058376,0.5748348493694291
Viewpoint 1,1115,5730.168891,0.516984,5731.3477,0.5099239,5802.0044,0.5096914,5605.124581754479,0.5109466450280423
Viewpoint 1,1116,6623.394996,0.570311,6650.5806,0.5648094,6719.3555,0.5644757,6513.115408560718,0.5652435446933068
Viewpoint 1,1117,7002.294858,0.593893,7064.2959,0.5904835,7122.6846,0.5896774,6933.890739904652,0.5911338342591926
Viewpoint 1,1118,36368.12772,1.0,31059.641,1.0,36838.652,1.0,12819.013919742934,0.9425705679127148
Viewpoint 1,1119,4679.972468,0.46109,4754.1191,0.458506,4786.749,0.4564702,4566.102381200263,0.4585300904100466
Viewpoint 1,1120,2537.225796,0.340282,2606.6001,0.3313709,2625.3186,0.3292244,2502.124241918904,0.3396012580580015
Viewpoint 1,1121,586.138044,0.193406,757.51782,0.2034663,762.16864,0.2047392271286649,694.2276372271165,0.2173087984773882
Viewpoint 1,1135,910.851711,0.230141,1052.1742,0.2207626,1071.6134,0.2229037,780.5469185614962,0.2058181041195598
Viewpoint 1,1136,2670.718672,0.412528,2662.5747,0.3893827,3065.7183,0.3401764,1612.3872520134707,0.272965910032994
Viewpoint 1,1137,4459.787025,0.450539,4873.167,0.4627784,4411.3818,0.4210543,3668.667980501728,0.3953383495399419
Viewpoint 1,1138,4587.914047,0.449444,4589.2461,0.4419062,4649.7798,0.441103,4487.685419808826,0.4452692728968717
Viewpoint 1,1139,8122.284966,0.677334,7693.2061,0.615977,8241.5088,0.645817,6287.190657331202,0.5472306804585497
Viewpoint 1,1140,10835.893807,0.918856,8434.3193,0.8344933,13179.353,0.9601785,11976.029259634106,1.0
Viewpoint 1,1141,23416.995808,1.0,10970.975,1.0,21113.053,1.0,30076.20460150296,1.0
Viewpoint 1,1142,32628.555093,1.0,43192.371,1.0,33932.254,1.0,8362.735448394773,0.687291070762029
Viewpoint 1,1143,29990.53143,1.0,32252.754,1.0,23421.949,1.0,41191.14094865773,1.0
Viewpoint 1,1144,5380.237382,0.536572,5689.9604,0.5696728,5763.8936,0.5197408,3905.8289341133705,0.4229970714963248
Viewpoint 1,1145,583.32791,0.193241,748.57819,0.2029415,753.47406,0.2042288562369183,681.3291280133731,0.214668318869208
Viewpoint 1,1159,881.89684,0.224514,989.25604,0.2175426,1005.011,0.2189942,782.2710850201624,0.2059193126906835
Viewpoint 1,1160,3665.708941,0.460763,3873.8,0.4504311,4237.3062,0.4095271,2433.569889617668,0.3231504505110504
Viewpoint 1,1161,4503.259294,0.449472,4679.4131,0.4486649,4343.1216,0.4175274,3724.897796214345,0.3972024912394759
Viewpoint 1,1162,4401.64183,0.438725,4414.4849,0.4317735,4471.7651,0.4307869,4321.914494188827,0.4358468275677764
Viewpoint 1,1163,5504.333779,0.50396,5521.6084,0.4977257,5588.6953,0.4973014,5406.888387580665,0.4996533479466826
Viewpoint 1,1164,6340.46209,0.553652,6344.7163,0.5468891,6410.4136,0.5463992,6226.7866513400895,0.5487369661071827
Viewpoint 1,1165,21358.761422,1.0,10053.176,0.9409087,20085.482,1.0,27077.9074209776,1.0
Viewpoint 1,1166,30960.212552,1.0,36642.426,1.0,32080.865,1.0,10265.14009434882,0.7936610375036768
Viewpoint 1,1167,30562.926253,1.0,31424.846,1.0,24410.746,1.0,41363.53869779712,1.0
Viewpoint 1,1168,5607.271841,0.544334,5830.1943,0.5719322,5976.6553,0.5313865,4218.6922087835965,0.4415818104758641
Viewpoint 1,1169,309.342587,0.177158,364.27921,0.1803832,367.63986,0.1815804187974534,334.05552240596234,0.1796090591652299
Viewpoint 1,1183,903.749466,0.225887,1010.1107,0.2187713,1024.6044,0.2201443,801.1955400754568,0.2070301782024293
Viewpoint 1,1184,1844.902877,0.288211,1862.2794,0.2766937,1885.7051,0.2748562,1821.5304286410965,0.2888872719037489
Viewpoint 1,1185,4383.834717,0.442608,4656.1118,0.4468828,4326.5898,0.4166146,3720.8286746725416,0.3969753666711978
Viewpoint 1,1186,7475.975008,0.625806,8143.2568,0.64396,8608.9316,0.6667146,5701.444538391483,0.5118849922674298
Viewpoint 1,1187,7627.619258,0.64238,7603.2158,0.6122463,8031.6392,0.6344314,6463.043242120528,0.5564799830217381
Viewpoint 1,1188,11633.090161,0.937596,9289.6689,0.8507262,12670.906,0.9224038,11745.117370291924,1.0
Viewpoint 1,1189,6465.243839,0.562213,6521.1333,0.5584673,6577.0156,0.557527,6424.32402230615,0.561459305677198
Viewpoint 1,1190,5877.467854,0.529454,5951.1797,0.5267307,5995.1841,0.5253673,5679.1989202161285,0.5211340983400359
Viewpoint 1,1191,31598.890962,1.0,40285.914,1.0,24114.379,1.0,41421.91296622688,1.0
Viewpoint 1,1192,2395.019423,0.33167,2452.1072,0.3217589,2470.9236,0.3196153,2361.562626195841,0.3308233166858948
Viewpoint 1,1193,597.551364,0.194076,754.84021,0.2033091,760.15692,0.2046211333402278,684.9064693873698,0.2133614662780858
Viewpoint 1,1207,901.632576,0.227185,1015.9405,0.2190821,1028.1284,0.2203512,917.9731057575342,0.222801619872474
Viewpoint 1,1208,2696.635239,0.373385,2853.9573,0.3621752,3010.418,0.3379744,1984.822237044964,0.2964706345559339
Viewpoint 1,1209,3220.00676,0.369585,3237.071,0.3614934,3279.0491,0.3595267,3168.924870148217,0.3682885159013758
Viewpoint 1,1210,4492.191723,0.444004,4500.792,0.4368258,4559.3511,0.4359092,4406.322850107423,0.4407794496891013
Viewpoint 1,1211,7789.384787,0.654062,7616.5786,0.6125327,8068.9902,0.63629,6429.515172852256,0.5549085530342736
Viewpoint 1,1212,12298.905157,0.993531,9439.2773,0.8810967,14059.357,1.0,13000.571996362009,1.0
Viewpoint 1,1213,23553.997815,1.0,9682.3555,0.9374838,21558.119,1.0,30842.103922173283,1.0
Viewpoint 1,1214,31689.068358,1.0,29656.34,1.0,32644.543,1.0,10172.484372847905,0.7886847356856277
Viewpoint 1,1215,4545.089543,0.453021,4620.3232,0.4503808,4653.73,0.4483106,4447.197514194434,0.4515151224776622
Viewpoint 1,1216,2547.872166,0.341169,2612.2932,0.3315408,2631.7771,0.3294568,2512.025754637687,0.3402545755120191
Viewpoint 1,1217,324.994673,0.178077,375.12491,0.1810198,378.65964,0.1822272977762956,346.8031316072036,0.1803573438253428
Viewpoint 1,1231,631.32664,0.240011,734.01599,0.2053453,728.91016,0.2027870797291738,511.9406248594663,0.1900509146792506
Viewpoint 1,1232,2927.51719,0.423931,3137.9695,0.408429,3397.1748,0.3594642,1650.3220903455806,0.2759407513368267
Viewpoint 1,1233,4854.491131,0.476362,4895.8047,0.4920046,4428.7891,0.420305,3533.9685031615445,0.3932736553983155
Viewpoint 1,1234,4655.239414,0.460084,4803.915,0.4477346,5144.1401,0.4632781,2914.4412442630564,0.3471612955006906
Viewpoint 1,1235,7460.745338,0.638504,6870.4707,0.5655824,7428.7964,0.597027,5318.714473412891,0.4926151548588611
Viewpoint 1,1236,10232.073687,0.889098,7790.9126,0.801275,12396.238,0.9134707,11430.807718168651,1.0
Viewpoint 1,1237,22066.457901,1.0,7458.8638,0.8292317,19844.564,1.0,29610.490720456204,1.0
Viewpoint 1,1238,24440.133225,1.0,14550.866,1.0,26055.857,1.0,6336.3755697504575,0.5685109170820305
Viewpoint 1,1239,30820.451116,1.0,33693.008,1.0,22180.863,1.0,41357.30166314964,1.0
Viewpoint 1,1240,3787.210636,0.414552,4170.1772,0.4597501,4825.4551,0.4703378,2719.275456207445,0.3474809626721726
Viewpoint 1,1241,161.622158,0.168487,167.5081,0.1688327,169.36436,0.1699414034618452,162.06458854690723,0.1695131913477034
Viewpoint 1,1255,1029.36305,0.251376,1162.381,0.2513222,1138.9445,0.2268561,875.6395971703716,0.2120440021110994
Viewpoint 1,1256,4094.094927,0.479053,4265.2783,0.4646424,4814.2056,0.4434353,2732.596222734072,0.3405377818489416
Viewpoint 1,1257,4664.68291,0.456157,4809.7861,0.4660524,4554.3115,0.429801,3887.524707864748,0.4070817099913166
Viewpoint 1,1258,4746.859552,0.458859,4761.8809,0.4520271,4824.9175,0.4513625,4657.266691644595,0.455242616141556
Viewpoint 1,1259,5962.762004,0.530482,5952.2017,0.5228695,6024.9731,0.5227721,5828.445113698939,0.5240904770203796
Viewpoint 1,1260,6911.420614,0.586824,6914.8325,0.5802751,6985.103,0.5800605,6778.5557033835,0.5808878772159528
Viewpoint 1,1261,22670.959795,1.0,10146.692,0.9522732,20904.705,1.0,29287.678938802925,1.0
Viewpoint 1,1262,6738.612376,0.580089,6819.293,0.5781071,6865.9253,0.5769366,6482.630605254096,0.5686557236205345
Viewpoint 1,1263,5001.267738,0.480105,5095.542,0.4788629,5130.6533,0.4768216,4891.625992358425,0.4782286189229372
Viewpoint 1,1264,5575.887011,0.514121,6001.1045,0.5496779,6565.6382,0.566977,4575.198816009172,0.4634380180746994
Viewpoint 1,1265,564.291919,0.192124,684.56519,0.199184,690.02832,0.2005046032163352,622.5079418578958,0.1976974529533205
Viewpoint 1,1279,2075.262544,0.313921,2237.7739,0.3078838,2219.3442,0.2928469,1847.5584256940388,0.289207379232718
Viewpoint 1,1280,1599.592778,0.273766,1613.6006,0.2620637,1633.2758,0.2600711,1583.579164973822,0.2742449568209779
Viewpoint 1,1281,7288.327247,0.608132,7352.6108,0.6087652,7140.2788,0.583481,6473.263965404438,0.5590773372690584
Viewpoint 1,1282,3665.32589,0.396131,3676.759,0.3888338,3721.8313,0.3872596,3613.803934177522,0.3955498516276464
Viewpoint 1,1283,4478.319941,0.444207,4482.8413,0.4366691,4535.1704,0.4353987,4404.691988719549,0.4422309750393627
Viewpoint 1,1284,4991.417145,0.474671,4977.7446,0.4667928,5030.542,0.4656215,4918.392555682329,0.4731727094864705
Viewpoint 1,1285,4976.684097,0.474917,5011.0132,0.4695209,5058.6929,0.4681281,4973.716360638376,0.4768965334821908
Viewpoint 1,1286,4420.774584,0.443226,4464.9927,0.4385269,4504.2847,0.4367993,4302.635103094729,0.439946299379697
Viewpoint 1,1287,3257.864801,0.378747,3298.1729,0.3700701,3327.1262,0.3679158,3209.4385518708086,0.3771955241381935
Viewpoint 1,1288,1867.091165,0.298957,1901.5397,0.2847675,1918.4631,0.2816779,1849.441838318949,0.2985890966797875
Viewpoint 1,1289,1826.856021,0.307759,1924.5905,0.2938089,1937.3145,0.291959,1892.373709764344,0.3191538303535137
Viewpoint 1,1303,1307.531137,0.258635,1419.0244,0.2536553,1412.3048,0.2442487,1185.421060324041,0.2444530084033402
Viewpoint 1,1304,1528.435907,0.27132,1544.3545,0.2579764,1563.0537,0.255953,1516.6953271877164,0.2702930185669671
Viewpoint 1,1305,2533.957188,0.329633,2548.4487,0.3206368,2579.5603,0.3178813,2505.327861181623,0.330409907523974
Viewpoint 1,1306,3485.968368,0.385738,3489.3669,0.3779095,3531.6924,0.3761941,3431.992425097296,0.385153394776783
Viewpoint 1,1307,8661.919272,0.696126,8455.0156,0.6644466,8790.4531,0.6805712,7695.568403376496,0.6289401389915807
Viewpoint 1,1308,12050.163208,0.929846,10478.515,0.8850051,12815.418,0.9249141,16224.795114658304,1.0
Viewpoint 1,1309,4636.065094,0.454677,4662.3696,0.4489747,4707.7803,0.4474605,4634.5713310496885,0.4571136338003794
Viewpoint 1,1310,4067.141493,0.422427,4107.8013,0.4166979,4145.3384,0.4148636,3967.46099725472,0.4201494920229711
Viewpoint 1,1311,14957.452007,1.0,10186.284,0.9756845,20275.078,1.0,33332.215644383534,1.0
Viewpoint 1,1312,1718.270769,0.289582,1746.1638,0.2744952,1762.2832,0.2719647,1703.2780770976708,0.2891575744843916
Viewpoint 1,1313,744.829914,0.216901,897.92828,0.2117084,904.66986,0.2131040043284704,821.1596351141134,0.2324587688235129
Viewpoint 1,1327,1516.607162,0.274698,1657.212,0.2691322,1638.2186,0.2585264,1384.0409284311963,0.2600050077779362
Viewpoint 1,1328,1570.328752,0.273759,1580.9338,0.2601371,1600.1016,0.258131,1552.4598681915868,0.2723971163406314
Viewpoint 1,1329,2586.137805,0.332552,2596.0811,0.3234363,2627.8232,0.3207106,2552.09312619322,0.333140527527572
Viewpoint 1,1330,7955.842382,0.65143,8125.2622,0.6444027,8502.7119,0.6629753,6917.667759512546,0.5836469346068908
Viewpoint 1,1331,4273.336526,0.432266,4279.478,0.4247924,4329.1245,0.4233753,4207.51743037573,0.4309521144630968
Viewpoint 1,1332,4727.975584,0.459314,4729.5195,0.4522453,4779.939,0.4509508,4647.323876248625,0.4573728847900352
Viewpoint 1,1333,22551.051329,1.0,14947.185,1.0,21522.971,1.0,27903.106216096967,1.0
Viewpoint 1,1334,4153.835778,0.427315,4181.4795,0.4216779,4219.5508,0.4192576,4037.925397728925,0.4243447750564696
Viewpoint 1,1335,3049.156675,0.363921,3101.9355,0.3582303,3130.0815,0.356016,3024.8434679462084,0.3660985726670099
Viewpoint 1,1336,1775.391207,0.293276,1808.0172,0.2782119,1824.5859,0.2757119,1762.699376575219,0.2930878929796244
Viewpoint 1,1337,532.802946,0.190276,618.8606,0.1953271,624.26239,0.1966441428931116,569.4580971022991,0.1934271902999049
Viewpoint 1,1351,388.651268,0.181814,391.33478,0.1819714,395.89813,0.1832392547904932,388.4686362345946,0.1828031089469707
Viewpoint 1,1352,996.669357,0.224845,1003.3966,0.21832,1015.1357,0.2197039,988.6856861807472,0.2182269884431041
Viewpoint 1,1353,1638.367696,0.279198,1648.0204,0.2641748,1667.3092,0.2622335,1624.1818993633558,0.2785118722057944
Viewpoint 1,1354,2199.375695,0.310579,2206.9912,0.3002375,2232.7024,0.2977998,2175.470917665541,0.312408194839324
Viewpoint 1,1355,2600.169764,0.334241,2611.6401,0.3257673,2641.6145,0.3221233,2571.3266481429564,0.3359797031367727
Viewpoint 1,1356,2753.391832,0.343579,2775.98,0.3356089,2807.0642,0.3327935,2737.6124118716684,0.3460783365328109
Viewpoint 1,1357,2652.00044,0.337819,2668.448,0.329441,2697.5574,0.3265449,2667.652227163731,0.3417705596026334
Viewpoint 1,1358,2253.710677,0.317365,2268.1707,0.3050466,2292.5054,0.3019628,2212.4634149169588,0.3159898384452532
Viewpoint 1,1359,1640.261432,0.281356,1662.495,0.2655474,1680.3177,0.2635069,1640.2104938232064,0.2815137490755541
Viewpoint 1,1360,950.468316,0.22606,962.29694,0.2154868,972.65485,0.2170948008625417,946.6117538921288,0.218635967714811
Viewpoint 1,1361,302.936863,0.176782,324.82639,0.1780673,328.19269,0.1792648804832256,312.0001806686234,0.1783144106052482
Viewpoint 1,1374,0.0,0.159,0.0,0.159,0.0,0.0,1.6544520183678087e-05,0.1600000009711633
Viewpoint 1,1375,1234.163812,0.252355,1345.9186,0.2499031,1334.9664,0.239645,1109.6706678726127,0.2384270465049488
Viewpoint 1,1376,1616.624823,0.276801,1630.3411,0.2630551,1650.1251,0.261097,1600.9366592451745,0.2758208544291826
Viewpoint 1,1377,4429.20254,0.439048,4540.7427,0.4427797,4510.6929,0.4281417,3860.6295877859898,0.4051497488288197
Viewpoint 1,1378,3609.562091,0.392986,3621.2324,0.3856564,3665.2312,0.384023,3562.8864812535503,0.3928182264463828
Viewpoint 1,1379,7835.999789,0.650733,7662.0464,0.6173605,7954.1606,0.6311603,6951.155088961142,0.5848883710990604
Viewpoint 1,1380,10655.761319,0.848647,12410.185,0.9814223,11732.038,0.8607777,15180.586085001614,1.0
Viewpoint 1,1381,17848.417389,1.0,10504.888,0.9053077,16774.133,1.0,22615.794919261465,1.0
Viewpoint 1,1382,4265.605165,0.434172,4306.0479,0.4290613,4345.062,0.4272985,4157.29348199122,0.4314624703383003
Viewpoint 1,1383,3174.750497,0.371074,3217.366,0.3651507,3246.4021,0.3629628,3136.1478855747528,0.3728646659146018
Viewpoint 1,1384,1854.094512,0.298166,1884.425,0.2827798,1901.6089,0.2803175,1827.007147413932,0.2973104429777479
Viewpoint 1,1385,682.546753,0.205496,794.65472,0.2056462,801.26611,0.2070342503001427,737.3571638348349,0.2150730564612479
Viewpoint 1,1398,0.0,0.159,0.0,0.159,0.0,0.0,1.6548567852129184e-05,0.1600000009714009
Viewpoint 1,1399,350.124245,0.179552,352.45944,0.1796894,356.55841,0.1809299238181156,350.0575221296139,0.1805483765490083
Viewpoint 1,1400,895.518841,0.211807,900.88385,0.2118819,911.36969,0.2134974036923483,888.1573316698305,0.212134835369019
Viewpoint 1,1401,1443.870211,0.266899,1454.0096,0.250881,1470.9225,0.2503299,1441.3554648347092,0.2667707027159017
Viewpoint 1,1402,1925.97742,0.297027,1941.8009,0.2845825,1964.3147,0.279801,1914.7608377133552,0.297104261113254
Viewpoint 1,1403,2285.686412,0.315705,2293.8196,0.3054794,2320.1433,0.3030506,2259.0619210600385,0.3177149328801354
Viewpoint 1,1404,2398.873641,0.325303,2409.8428,0.3130499,2437.0488,0.3100309,2377.957536865086,0.3249760147274815
Viewpoint 1,1405,2290.681847,0.319214,2307.665,0.3064908,2333.2822,0.3040442,2309.047349899482,0.3206174691708395
Viewpoint 1,1406,1940.690843,0.298635,1952.2593,0.2855896,1973.719,0.2808813,1911.2979318444688,0.2976884539852161
Viewpoint 1,1407,1411.740933,0.266495,1422.2916,0.2510988,1437.9531,0.2487142,1406.0667185857965,0.2660476160587975
Viewpoint 1,1408,814.594736,0.206817,822.79913,0.2072983,831.89722,0.2088323243251018,811.6128211463366,0.2076416726012899
Viewpoint 1,1409,269.310223,0.174809,281.7226,0.1755371,284.75159,0.1767148465208125,273.4564940437511,0.1760518962003682
Viewpoint 1,1422,0.0,0.159,0.0,0.159,0.0,0.0,1.6557329675579063e-05,0.1600000009719152
Viewpoint 1,1423,255.266779,0.173984,256.79358,0.1740738,259.76755,0.175248320625596,255.7121829830008,0.1750103051411021
Viewpoint 1,1424,655.600594,0.197484,659.26434,0.1976988,666.87488,0.1991455174857195,651.283028710524,0.1982303137853077
Viewpoint 1,1425,1055.265303,0.231419,1064.005,0.2222804,1076.2794,0.2236861,1056.3459276789313,0.2321965474415758
Viewpoint 1,1426,1415.427156,0.265542,1424.2052,0.2480979,1440.6318,0.2485304,1405.8674905855887,0.2649978098838731
Viewpoint 1,1427,1642.297756,0.28019,1652.5034,0.2643714,1671.509,0.2624694,1628.8095880122776,0.2796685322521339
Viewpoint 1,1428,1719.210216,0.284989,1732.266,0.2691059,1752.09,0.2672375,1711.1651804341354,0.2847505849582786
Viewpoint 1,1429,1620.897312,0.279027,1631.9731,0.2631965,1650.578,0.2612815,1635.0998558508052,0.2797967511268636
Viewpoint 1,1430,1367.560016,0.26283,1376.2206,0.2445086,1391.8993,0.2457358,1350.251817782936,0.2616295925673204
Viewpoint 1,1431,984.70153,0.226431,994.12079,0.2177531,1005.5034,0.219023,997.3197890214444,0.221363441963916
Viewpoint 1,1432,577.84538,0.19292,583.24896,0.1932367,589.94598,0.1946298391731651,577.4794869535618,0.1938980458841741
Viewpoint 1,1433,191.11659,0.170219,195.08276,0.1704514,197.28465,0.1715803633223728,191.5747526723528,0.1712454379818671
Viewpoint 1,1446,0.0,0.159,0.0,0.159,0.0,0.0,1.656203223099198e-05,0.1600000009721913
Viewpoint 1,1447,2217.116157,0.33069,2438.4827,0.3108625,2378.1875,0.3016188,1922.8104445180304,0.2938952677017257
Viewpoint 1,1448,2127.382481,0.305202,2148.2561,0.2960609,2175.3728,0.2921192,2103.047998467528,0.3060960676903552
Viewpoint 1,1449,3434.681761,0.38214,3455.2725,0.3751958,3499.9617,0.3733705,3403.390603774784,0.3821834502516342
Viewpoint 1,1450,4724.821165,0.457504,4721.042,0.4498362,4782.0127,0.4490426,4632.105731149121,0.4543423770985687
Viewpoint 1,1451,5837.996678,0.523235,5829.7109,0.5158628,5898.981,0.5155839,5717.090345388174,0.5181874243836662
Viewpoint 1,1452,6681.250153,0.573171,6677.3037,0.5663957,6744.4116,0.5660372,6516.374634662044,0.565973262926736
Viewpoint 1,1453,6997.504116,0.593235,7031.0332,0.5883899,7090.0757,0.5876701,6921.45605714266,0.5909359798140374
Viewpoint 1,1454,6394.320482,0.559791,6481.0659,0.5579511,6529.5112,0.5567745,6174.095947167841,0.5504715583652577
Viewpoint 1,1455,4850.104537,0.471025,4948.2974,0.4699368,4985.4878,0.4678972,4812.3617688922695,0.4740693632591348
Viewpoint 1,1456,9072.483047,0.767099,9851.1621,0.8281845,10178.834,0.7954841,7532.535800289911,0.6927406493822909
Viewpoint 1,1457,941.644553,0.244899,1083.1539,0.2225811,1091.8342,0.2276101,995.3771797748924,0.2515741932837926
Viewpoint 1,1470,0.0,0.159,0.0,0.159,0.0,0.0,1.656694022036311e-05,0.1600000009724794
Viewpoint 1,1471,323.92405,0.178014,326.96655,0.1781929,330.76285,0.1794157334383804,325.40615800448467,0.1791013414748632
Viewpoint 1,1472,790.977508,0.20543,796.95428,0.2057812,806.18909,0.2073232447571552,786.9722875282082,0.2061952732779058
Viewpoint 1,1473,1278.490574,0.255658,1283.6304,0.2385648,1298.4933,0.2387147,1273.9802538492422,0.2548230503037062
Viewpoint 1,1474,1690.510329,0.28287,1700.8384,0.2672659,1720.4923,0.2653717,1678.6185818351837,0.282626733896922
Viewpoint 1,1475,1979.461658,0.300426,1989.756,0.2874949,2012.6018,0.2828536,1960.797108463643,0.3001966325220354
Viewpoint 1,1476,2067.582043,0.305836,2077.8611,0.2927618,2101.4858,0.2881503,2051.6944278137244,0.3057598783604495
Viewpoint 1,1477,1961.798846,0.299589,1973.3942,0.2866419,1995.6292,0.281951,1975.9737885501725,0.300838677647367
Viewpoint 1,1478,1652.874794,0.281189,1666.209,0.2653762,1684.9042,0.2634495,1632.9294661732486,0.2804040060488429
Viewpoint 1,1479,1215.893711,0.252081,1226.4747,0.2347373,1240.2655,0.2346009,1228.5781440989974,0.2515112353016646
Viewpoint 1,1480,716.306217,0.201047,723.21124,0.2014525,731.36548,0.2029311639090575,714.4814559627283,0.2019400614650121
Viewpoint 1,1481,236.924923,0.172907,242.95551,0.1732615,245.65547,0.1744199098412362,238.0755128672266,0.1739750326053062
Viewpoint 1,1494,0.0,0.159,0.0,0.159,0.0,0.0,1.6572046296145462e-05,0.1600000009727791
Viewpoint 1,1495,379.590935,0.181282,381.91086,0.1814182,386.3544,0.1826789938329045,379.9230102545239,0.1823014807019405
Viewpoint 1,1496,899.017866,0.212049,904.66656,0.2121039,915.18396,0.2137213033728846,893.0293652582128,0.2124208237406571
Viewpoint 1,1497,1446.403136,0.267278,1458.0919,0.2511129,1475.0319,0.250569,1446.7499247212363,0.2671798686202388
Viewpoint 1,1498,1916.130974,0.296484,1931.6747,0.2837986,1954.0409,0.2791885,1906.1428537586007,0.2965836761162083
Viewpoint 1,1499,2260.570099,0.314153,2267.6023,0.3039348,2293.6045,0.3014867,2234.22515778985,0.316329645157424
Viewpoint 1,1500,2368.63038,0.320826,2379.9385,0.3112777,2406.8281,0.308241,2349.069002510684,0.3233396329471749
Viewpoint 1,1501,2264.043842,0.314719,2273.7173,0.3044675,2299.0442,0.3020031,2275.395708437146,0.3186771660861991
Viewpoint 1,1502,1919.748954,0.297338,1931.5897,0.2843376,1952.9307,0.2793974,1890.9170170592367,0.2964970434612408
Viewpoint 1,1503,1404.067255,0.266106,1417.9121,0.2507886,1433.6034,0.2484096,1418.519076477504,0.2667990207913518
Viewpoint 1,1504,824.175062,0.207385,835.65088,0.2080527,844.92871,0.2095972178572415,824.0643745502172,0.2083725787860977
Viewpoint 1,1505,284.244874,0.175685,293.34268,0.1762192,296.54224,0.1774069871593624,285.9638853392213,0.1767860800694123
Viewpoint 1,1518,0.0,0.159,0.0,0.159,0.0,0.0,1.6577342829803575e-05,0.16000000097309
Viewpoint 1,1519,66.805264,0.162921,67.000725,0.1629329,67.77343,0.1639781165432783,66.80697563981316,0.163921569470057
Viewpoint 1,1520,165.982258,0.168743,167.06458,0.1688067,168.97519,0.1699186886510084,165.27359336748373,0.1697015599306713
Viewpoint 1,1521,249.563134,0.173649,251.64182,0.1737714,254.52173,0.1749403211265262,250.10534346410165,0.1746811836613427
Viewpoint 1,1522,332.647991,0.178526,334.31244,0.1786241,338.15973,0.1798499851775798,330.2987749417198,0.1793885380890789
Viewpoint 1,1523,395.678664,0.182226,398.41809,0.1823871,403.03195,0.183657914356531,393.1094700910865,0.1830755258943467
Viewpoint 1,1524,409.517843,0.183039,412.4848,0.1832129,417.29306,0.1844950966634719,410.4300823674416,0.1840922458349688
Viewpoint 1,1525,375.127862,0.18102,376.57245,0.1811048,381.00241,0.1823648398752512,378.1156556688535,0.1821953889877617
Viewpoint 1,1526,320.346778,0.177804,322.65701,0.17794,326.49786,0.1791653613671105,317.70959238620804,0.1786495530730704
Viewpoint 1,1527,221.549882,0.172005,223.09178,0.1720955,225.78069,0.1732531644122768,224.84963888219903,0.1731986738023851
Viewpoint 1,1528,140.048421,0.167221,140.77457,0.1672635,142.48035,0.1683634471658588,140.36455747175236,0.1682393995235918
Viewpoint 1,1529,46.390777,0.161723,46.11216,0.1617068,46.667847,0.1627392860435385,46.27687315380005,0.162716452454128
Viewpoint 1,1542,0.0,0.159,0.0,0.159,0.0,0.0,1.6582822000129173e-05,0.1600000009734116
Viewpoint 1,1543,82.3663,0.163835,82.695084,0.1638542,83.649208,0.1649100475915272,82.24550762311158,0.1648278112974766
Viewpoint 1,1544,181.479337,0.169653,182.82886,0.169732,184.92056,0.1708547332837918,180.8570260788112,0.1706163074308262
Viewpoint 1,1545,297.088106,0.176439,298.66895,0.1765319,302.08859,0.1777325990182292,296.82295785144703,0.1774235076258799
Viewpoint 1,1546,378.861819,0.181239,381.29578,0.1813821,385.68423,0.1826396308095952,376.6994367457129,0.1821122569369733
Viewpoint 1,1547,442.126025,0.184953,445.17868,0.185132,450.33301,0.1864345658895961,439.2262466036356,0.1857825806756334
Viewpoint 1,1548,455.571499,0.185742,459.04706,0.1859461,464.39566,0.1872600208437305,456.7309466219141,0.1868101065667063
Viewpoint 1,1549,433.880081,0.184469,438.12936,0.1847182,443.2778,0.1860203397024236,439.8812556017076,0.1858210297038202
Viewpoint 1,1550,350.869585,0.179596,353.24435,0.1797354,357.44543,0.1809819953331069,347.7920982342952,0.1804153961663531
Viewpoint 1,1551,266.58013,0.174648,268.22531,0.1747448,271.45068,0.1759341497850882,270.2749592550871,0.1758651401082736
Viewpoint 1,1552,154.710376,0.168081,155.68054,0.1681384,157.56416,0.1692488278694445,155.19422865141425,0.169109901221838
Viewpoint 1,1553,60.935453,0.162577,60.707188,0.1625635,61.435738,0.1636060771808418,60.85215066509621,0.1635720212440411
Viewpoint 1,1566,0.0,0.159,0.0,0.159,0.0,0.0,1.6588475861961534e-05,0.1600000009737435
Viewpoint 1,1567,627.425689,0.19583,631.5954,0.1960746,639.02686,0.1975108558280055,628.7686021579982,0.1969087169466745
Viewpoint 1,1568,1463.719161,0.267526,1476.2516,0.2522025,1493.8174,0.2516136,1454.1486977835548,0.2669728097473854
Viewpoint 1,1569,2318.33864,0.317222,2331.9597,0.3074182,2359.7546,0.3050902,2310.270794325106,0.3195070646653425
Viewpoint 1,1570,3096.125309,0.363252,3110.9731,0.3559316,3147.7227,0.3536289,3067.5255494430103,0.3645860503421634
Viewpoint 1,1571,3679.058299,0.39775,3693.7695,0.3904943,3735.9915,0.3887516,3636.981722419838,0.3983492381793037
Viewpoint 1,1572,3978.329614,0.415539,3983.9731,0.4078716,4027.186,0.4062034,3943.062191162652,0.4167630559542931
Viewpoint 1,1573,3886.214622,0.410593,3908.8464,0.4038669,3949.1685,0.4020972,3898.1284310388846,0.4143354629042304
Viewpoint 1,1574,3384.360566,0.381938,3419.2393,0.3756157,3453.3586,0.3736001,3323.671009650945,0.3820123214357918
Viewpoint 1,1575,2551.448438,0.336806,2576.3931,0.3264831,2601.9836,0.3238442,2556.2332027553766,0.3380630754635639
Viewpoint 1,1576,1538.726851,0.278087,1561.1862,0.2596514,1576.7424,0.2574972,1521.3625335470242,0.2771966226026087
Viewpoint 1,1577,570.769982,0.192504,609.41083,0.1947724,615.37,0.1961222271715093,578.5032666387946,0.1939581417516972
Viewpoint 1,1590,0.0,0.159,0.0,0.159,0.0,0.0,1.659429640433058e-05,0.1600000009740852
Viewpoint 1,1591,2411.81133,0.324873,2622.1301,0.324147,2454.2065,0.3067493,2096.2395178081315,0.3055577489784876
Viewpoint 1,1592,1979.918102,0.296557,1994.4437,0.2869821,2018.97,0.2830101,1958.5196722143712,0.2979728305233349
Viewpoint 1,1593,3139.706918,0.365223,3155.2178,0.3570306,3194.5171,0.3548788,3117.957471904644,0.3661453167826419
Viewpoint 1,1594,4215.073222,0.428346,4235.2686,0.4216323,4287.499,0.4204184,4170.498122136776,0.4282350617176873
Viewpoint 1,1595,5145.904928,0.483047,5132.3179,0.4753092,5191.542,0.4744719,5048.576347114174,0.4800429774172329
Viewpoint 1,1596,15094.223862,1.0,27688.176,1.0,16343.55,1.0,11536.725935390725,0.8559837060347439
Viewpoint 1,1597,5826.292705,0.52451,5855.2368,0.5192378,5909.0361,0.5182015,5806.687497111539,0.5260848020696983
Viewpoint 1,1598,5275.784359,0.493537,5323.1699,0.4893404,5368.6655,0.4879114,5118.514364147039,0.4883764324394716
Viewpoint 1,1599,4017.971388,0.42139,4078.1304,0.4175773,4112.8623,0.4155501,4000.8449219326944,0.4255607486447854
Viewpoint 1,1600,2430.020827,0.334877,2481.0642,0.3230457,2502.4185,0.3208732,2383.8331642922644,0.3327264475749011
Viewpoint 1,1601,932.781331,0.243511,1023.3974,0.2190734,1032.4064,0.2229648,953.4210945007944,0.244608165753486
Viewpoint 1,1614,0.0,0.159,0.0,0.159,0.0,0.0,1.6600275573623928e-05,0.1600000009744361
Viewpoint 1,1615,1333.94662,0.257138,1471.1433,0.253748,1384.8901,0.2416008,1181.0668676373814,0.243851382283852
Viewpoint 1,1616,2702.997715,0.35265,2788.3562,0.3516933,2981.8569,0.3371411,2369.285618775978,0.3211558733993789
Viewpoint 1,1617,3257.257107,0.371985,3273.8772,0.3639631,3314.9214,0.3627823,3234.134036976755,0.3728595368372455
Viewpoint 1,1618,5759.098333,0.514188,5761.9507,0.505551,6073.9272,0.5197057,4923.45633264646,0.4659323444308199
Viewpoint 1,1619,5328.839267,0.493772,5320.4897,0.4863059,5381.9385,0.4855925,5233.873803595349,0.4907693848945873
Viewpoint 1,1620,5949.286258,0.530721,5957.5928,0.5243242,6018.27,0.5236101,5869.170826002915,0.528778108220519
Viewpoint 1,1621,16831.790136,1.0,22935.699,1.0,17112.049,1.0,23016.69791748887,1.0
Viewpoint 1,1622,32415.00313,1.0,32767.314,1.0,31184.441,1.0,42081.8771265466,1.0
Viewpoint 1,1623,8572.278054,0.701534,8477.7275,0.8767329,17049.189,1.0,8848.446039268443,0.7726722010758997
Viewpoint 1,1624,2596.837354,0.339357,2652.0186,0.3335009,2674.3489,0.3317019,2543.361263616156,0.342874107686638
Viewpoint 1,1625,1004.858332,0.250584,1097.8777,0.2234454,1107.5228,0.2283095,1023.1448210292964,0.2512883034377635
Viewpoint 1,1638,0.0,0.159,0.0,0.159,0.0,0.0,1.6606405320694827e-05,0.160000000974796
Viewpoint 1,1639,1304.064868,0.254818,1452.9774,0.2523941,1345.9562,0.2392797,1117.220335672224,0.2372649187736188
Viewpoint 1,1640,3230.843361,0.400465,3272.5776,0.4022942,3664.7046,0.3764367,2414.8899538441187,0.3237107843572347
Viewpoint 1,1641,4152.00986,0.423172,4420.3384,0.4265556,4382.7847,0.4201058,3597.6759558443173,0.3897151602783503
Viewpoint 1,1642,4664.770886,0.454254,4657.5547,0.4463316,4716.2007,0.4457292,4584.796645553583,0.4521073200887536
Viewpoint 1,1643,6988.545798,0.602007,7125.9048,0.5847105,7424.6104,0.5991538,6353.726507877568,0.5500756167570753
Viewpoint 1,1644,6431.244666,0.558671,6423.1304,0.5515851,6487.4575,0.5510846,6320.458155832511,0.5549961497080366
Viewpoint 1,1645,18200.397178,1.0,19703.188,1.0,18543.955,1.0,25826.32724912213,1.0
Viewpoint 1,1646,30666.796228,1.0,33478.254,1.0,29196.668,1.0,40801.574326750575,1.0
Viewpoint 1,1647,8915.333512,0.754752,8887.3896,0.9134447,19077.162,1.0,9065.207751010996,0.7979152658142717
Viewpoint 1,1648,6099.030752,0.579029,7265.1641,0.6773534,8585.3252,0.7184396,5393.954768945095,0.596985469435274
Viewpoint 1,1649,622.536731,0.195543,660.03894,0.1977443,666.53052,0.1991253274649759,628.5514611438931,0.1968959707691465
Viewpoint 1,1662,0.0,0.159,0.0,0.159,0.0,0.0,1.66126776660704e-05,0.1600000009751641
Viewpoint 1,1663,2080.871685,0.303669,2223.4795,0.3010837,2145.1973,0.2888687,1916.512485665584,0.2953141985268813
Viewpoint 1,1664,1569.375281,0.274197,1577.9723,0.2599628,1596.7775,0.2579685,1554.1777636999018,0.2733022302886543
Viewpoint 1,1665,2459.099297,0.325417,2467.8132,0.3160464,2497.2732,0.3131721,2445.0415707757297,0.3274486386353263
Viewpoint 1,1666,9501.131096,0.739612,9398.126,0.7209936,9741.085,0.7369448,8704.283068356744,0.6898567415422961
Viewpoint 1,1667,3871.413974,0.408855,3872.7659,0.401038,3916.9048,0.3993881,3814.894526561975,0.4088464662246372
Viewpoint 1,1668,4166.159855,0.426546,4174.3999,0.4190963,4219.4077,0.4181922,4133.152988727245,0.4279892687613142
Viewpoint 1,1669,4097.34735,0.423088,4117.8472,0.4162121,4160.0181,0.4152167,4108.191368245793,0.4267684027142108
Viewpoint 1,1670,3583.195534,0.393626,3613.4175,0.3871456,3649.2229,0.385206,3512.202100170688,0.3933056167545676
Viewpoint 1,1671,2718.488665,0.346975,2748.6326,0.3368099,2775.6841,0.3344632,2726.780782665353,0.3485089310751696
Viewpoint 1,1672,1661.757839,0.285921,1684.4847,0.270465,1701.1493,0.2648183,1641.0076218658987,0.2852649642466941
Viewpoint 1,1673,2284.688581,0.341571,2425.3752,0.328079,2448.3938,0.3283964,2416.0754108253523,0.3592443370059131
Viewpoint 1,1686,0.0,0.159,0.0,0.159,0.0,0.0,1.66190847660629e-05,0.1600000009755403
Viewpoint 1,1687,0.0,0.159,0.0,0.159,0.0,0.0,1.6922023831972818e-05,0.1600000009933228
Viewpoint 1,1688,0.0,0.159,0.0,0.159,0.0,0.0,1.7079166142359927e-05,0.160000001002547
Viewpoint 1,1689,0.0,0.159,0.0,0.159,0.0,0.0,1.7329080615344586e-05,0.160000001017217
Viewpoint 1,1690,0.0,0.159,0.0,0.159,0.0,0.0,1.7274867496190853e-05,0.1600000010140347
Viewpoint 1,1691,0.0,0.159,0.0,0.159,0.0,0.0,1.737400257678272e-05,0.1600000010198539
Viewpoint 1,1692,0.0,0.159,0.0,0.159,0.0,0.0,1.7307528281875336e-05,0.1600000010159519
Viewpoint 1,1693,0.0,0.159,0.0,0.159,0.0,0.0,1.7049993493103983e-05,0.1600000010008346
Viewpoint 1,1694,0.0,0.159,0.0,0.159,0.0,0.0,1.672849760619497e-05,0.1600000009819628
Viewpoint 1,1695,0.0,0.159,0.0,0.159,0.0,0.0,1.6816657979440958e-05,0.1600000009871378
Viewpoint 1,1696,0.0,0.159,0.0,0.159,0.0,0.0,1.6303752852973477e-05,0.1600000009570303
Viewpoint 1,1697,0.0,0.159,0.0,0.159,0.0,0.0,1.6254265854835173e-05,0.1600000009541254
Viewpoint 1,1710,0.0,0.159,0.0,0.159,0.0,0.0,1.6625618933302e-05,0.1600000009759238
Viewpoint 1,1711,1419.652026,0.268518,1543.0801,0.2586991,1474.2753,0.2496344,1293.6151243679606,0.2551529153901041
Viewpoint 1,1712,2635.777053,0.339553,2720.0188,0.3421749,2845.3047,0.3311006,2350.8060118108406,0.3211254234573441
Viewpoint 1,1713,3998.338222,0.4119,4059.9692,0.4061385,4089.7515,0.4039764,3624.689832614391,0.3919121454024874
Viewpoint 1,1714,3317.447225,0.376267,3321.043,0.3683155,3360.2627,0.366412,3276.7016939558707,0.3769184176100546
Viewpoint 1,1715,6699.883443,0.577472,6650.2988,0.5589352,6810.9438,0.5648267,6201.895093850924,0.5410488020174342
Viewpoint 1,1716,9109.55033,0.746138,11660.455,0.9006565,9760.0342,0.7436147,7621.81912028555,0.6257891820269428
Viewpoint 1,1717,4143.05442,0.425681,4170.6211,0.4193306,4213.2964,0.418363,4105.547843835223,0.4271096986303879
Viewpoint 1,1718,3643.534116,0.397309,3671.8696,0.3906145,3708.2332,0.3886968,3569.7717811043563,0.3967773109526396
Viewpoint 1,1719,8575.438036,0.729819,9558.0205,0.9481721,13199.077,0.9845814,8396.690097202376,0.7227740312970935
Viewpoint 1,1720,6027.239378,0.56118,6753.4438,0.6230314,8253.4072,0.6969859,4801.45817874081,0.4896120357912198
Viewpoint 1,1721,699.76628,0.208802,733.83893,0.2020763,741.0553,0.2034999097356417,699.7978264043022,0.2010781324099325
Viewpoint 1,1734,0.0,0.159,0.0,0.159,0.0,0.0,1.6632272658252966e-05,0.1600000009763144
Viewpoint 1,1735,113.853876,0.165683,114.64288,0.1657295,115.96824,0.1668071161744589,114.55487137466696,0.1667243709496929
Viewpoint 1,1736,244.727583,0.173366,246.28983,0.1734572,249.11403,0.174622870840952,243.5287442293816,0.1742951372862647
Viewpoint 1,1737,390.298067,0.18191,393.23004,0.1820826,397.74081,0.183347386281234,390.6675135038801,0.1829321830426777
Viewpoint 1,1738,503.54837,0.188558,506.67743,0.188742,512.51453,0.1900846110253801,500.44807543374736,0.1893763020279609
Viewpoint 1,1739,581.776062,0.19315,585.51324,0.1933696,592.28979,0.1947674318444574,582.2755932676445,0.1941795773248107
Viewpoint 1,1740,594.533646,0.193899,599.02496,0.1941628,605.99231,0.1955717543490052,595.8344859655548,0.194975484326178
Viewpoint 1,1741,558.275829,0.191771,562.08478,0.1919944,568.67181,0.1933809812751582,557.4747463164761,0.1927237676087771
Viewpoint 1,1742,473.996729,0.186824,475.92651,0.1869369,481.56226,0.1882676586865857,468.33366875482267,0.187491186355908
Viewpoint 1,1743,342.80651,0.179123,344.39062,0.1792157,348.51254,0.1804577150832209,346.81776427331874,0.1803582027628438
Viewpoint 1,1744,214.346494,0.171582,215.68611,0.1716608,218.27953,0.1728128868949711,213.9740061420624,0.172560274160539
Viewpoint 1,1745,75.907538,0.163456,76.006653,0.1634616,76.916222,0.1645148878401761,76.07633791331399,0.1644656810355115
Viewpoint 1,1758,0.0,0.159,0.0,0.159,0.0,0.0,1.6639038643037034e-05,0.1600000009767115
Viewpoint 1,1759,33.762117,0.160982,33.971382,0.1609941,34.364037,0.1620170840651503,33.88750405071475,0.1619891964877769
Viewpoint 1,1760,51.579812,0.162028,51.925552,0.162048,52.520477,0.1630828868555187,51.29654869088076,0.1630111074081547
Viewpoint 1,1761,86.874198,0.1641,87.355698,0.1641278,88.35743,0.1651864257082981,86.72872251230777,0.1650909760114724
Viewpoint 1,1762,122.002423,0.166162,122.59624,0.1661964,124.01,0.1672792600111864,121.02245055729584,0.1671040178477132
Viewpoint 1,1763,138.812368,0.167148,139.93349,0.1672141,141.55693,0.1683091751449334,139.104698296309,0.1681654457899933
Viewpoint 1,1764,138.568801,0.167134,139.38124,0.1671817,141.00803,0.1682770345701532,138.59744384434683,0.1681356699536631
Viewpoint 1,1765,137.470383,0.16707,138.18497,0.1671115,139.81245,0.1682068168399323,137.0182912211993,0.1680429736946844
Viewpoint 1,1766,101.334927,0.164948,102.14973,0.1649962,103.36824,0.1660675100435164,100.50538748234716,0.1658996662452138
Viewpoint 1,1767,83.082473,0.163877,83.620834,0.1639085,84.63092,0.1649677115360615,84.19727450715457,0.1649423800135699
Viewpoint 1,1768,49.172186,0.161886,49.371223,0.1618981,49.971256,0.1629332460327387,48.9726213467132,0.162874692873052
Viewpoint 1,1769,16.28003,0.159956,16.301538,0.1599569,16.498655,0.1609684607666711,16.27086347261132,0.1609550996858423
Viewpoint 1,1782,0.0,0.159,0.0,0.159,0.0,0.0,1.664590978454718e-05,0.1600000009771149
Viewpoint 1,1783,173.998419,0.169214,175.35124,0.1692931,177.38033,0.170412136414256,175.1436852928233,0.1702809343266887
Viewpoint 1,1784,394.108063,0.182134,397.14255,0.1823123,401.7052,0.1835801282832921,392.5383120691022,0.1830419989184563
Viewpoint 1,1785,597.680468,0.194084,604.15765,0.1944641,611.09637,0.1958713670945431,600.0687189722796,0.1952240338036728
Viewpoint 1,1786,787.207368,0.205209,792.26532,0.205506,801.39038,0.2070415501521153,782.380652903424,0.2059257443254309
Viewpoint 1,1787,910.28375,0.214788,915.31409,0.2127289,925.88556,0.2143494026165705,910.0293838066884,0.2134187248294526
Viewpoint 1,1788,937.876593,0.219061,943.35822,0.2143751,954.28754,0.216016701333711,938.011793273782,0.215061292265171
Viewpoint 1,1789,869.988709,0.21013,875.85999,0.210413,886.06488,0.2120120067301425,868.2836932310298,0.2109682527926614
Viewpoint 1,1790,738.267368,0.202336,743.60815,0.2026498,752.34204,0.2041624604876293,731.2593908142321,0.2029249262407954
Viewpoint 1,1791,548.243836,0.191182,551.09021,0.191349,557.61719,0.1927321186173686,554.4674150023254,0.1925472372606365
Viewpoint 1,1792,330.946841,0.178427,332.70999,0.1785301,336.66849,0.1797624661649052,329.6151114320309,0.1793484070410602
Viewpoint 1,1793,133.045663,0.16681,133.97862,0.1668645,135.561,0.1679572369567814,133.66980325287207,0.1678464174509435
Viewpoint 1,1806,0.0,0.159,0.0,0.159,0.0,0.0,1.6652879145320178e-05,0.160000000977524
Viewpoint 1,1807,50.788275,0.161981,51.002632,0.1619939,51.592384,0.1630283951342344,50.87507324452028,0.1629863667994533
Viewpoint 1,1808,103.063115,0.16505,103.93554,0.165101,105.12693,0.1661708224260906,102.6709273355482,0.1660267834345966
Viewpoint 1,1809,156.232884,0.168171,157.34473,0.1682361,159.1499,0.1693418673553293,156.20852113164415,0.1691694401904275
Viewpoint 1,1810,207.042842,0.171153,208.67628,0.1712493,211.08345,0.1723904156867274,206.1244718323128,0.1720995064965567
Viewpoint 1,1811,224.395589,0.172172,225.72978,0.1722503,228.34857,0.1734039749018865,224.5192948387017,0.1731792826070318
Viewpoint 1,1812,239.157779,0.173039,241.13695,0.1731547,243.95003,0.17431974317925,239.90749938510007,0.1740825702139053
Viewpoint 1,1813,220.339543,0.171934,222.12198,0.1720386,224.7361,0.173191834264902,220.36331525724307,0.1729353266056001
Viewpoint 1,1814,183.577604,0.169776,185.46812,0.169887,187.67831,0.171016476784058,182.58896373719904,0.1707179721713735
Viewpoint 1,1815,132.075634,0.166753,132.93924,0.1668035,134.54327,0.1678975794091939,133.95899131161335,0.1678633927899917
Viewpoint 1,1816,81.351435,0.163775,81.777695,0.1638003,82.770256,0.1648585550039936,81.22295599042053,0.1647677875166376
Viewpoint 1,1817,32.111273,0.160885,32.132076,0.1608862,32.519814,0.1619088569480455,32.21077677500021,0.1618907725966925
Viewpoint 1,1830,217.240742,0.171752,228.76512,0.1724285,226.01077,0.173266636170725,215.94003170965115,0.1726756798613565
Viewpoint 1,1831,1133.357947,0.237167,1145.0172,0.2274244,1158.7458,0.2297424,1134.7161976419054,0.2376968331265872
Viewpoint 1,1832,2325.156246,0.317104,2351.9861,0.3082187,2381.1777,0.3059999,2307.717969293837,0.3186038880208197
Viewpoint 1,1833,3579.967599,0.390818,3598.1167,0.3838895,3643.4067,0.3822951,3555.918715900724,0.3917569351316567
Viewpoint 1,1834,8338.72142,0.672068,8500.6279,0.6666195,9039.7871,0.6941953,7583.129569111953,0.6227530403672421
Viewpoint 1,1835,5814.137707,0.521735,5770.1543,0.5127031,5835.917,0.5122343,5734.01995956003,0.5201258760260788
Viewpoint 1,1836,6495.031665,0.562081,6477.6079,0.5548666,6541.9199,0.5543724,6401.472297263221,0.5601022675479754
Viewpoint 1,1837,6693.180631,0.575167,6715.1494,0.5698439,6774.4775,0.5691352,6561.672173383594,0.5710880139054743
Viewpoint 1,1838,6149.91982,0.545216,6217.9849,0.5423629,6269.1108,0.5411953,6061.956928085927,0.5447592662490917
Viewpoint 1,1839,4794.847309,0.467688,4887.2095,0.4662184,4926.7402,0.4642858,4793.03579290756,0.4741748283901302
Viewpoint 1,1840,3063.622962,0.375596,3136.6904,0.3644185,3162.5876,0.3625353,2987.762507816178,0.3718532170606275
Viewpoint 1,1841,1378.418286,0.282715,1445.5063,0.2563289,1458.8889,0.2627537,1358.38002541656,0.2804682433849422
Viewpoint 1,1854,118.798097,0.165973,126.97815,0.1664536,125.0219,0.1673383930588194,119.17833681997476,0.1669957683713325
Viewpoint 1,1855,1114.467917,0.235489,1124.8083,0.2259158,1138.2665,0.2282423,1115.2248451600856,0.2357682983613951
Viewpoint 1,1856,3212.203208,0.368837,3384.0579,0.3694656,3615.3511,0.3755938,2824.342072794862,0.347949735769003
Viewpoint 1,1857,3498.652398,0.386087,3518.1731,0.3792627,3562.1008,0.3775983,3478.816996873022,0.3873871158699354
Viewpoint 1,1858,6458.874715,0.561853,6451.5166,0.5458577,6877.0215,0.5669546,5507.136509867005,0.5005828685848837
Viewpoint 1,1859,8202.571286,0.671332,8018.3452,0.6380633,8212.1709,0.6460346,7384.733564755583,0.6106289041098805
Viewpoint 1,1860,6265.797231,0.548919,6248.6758,0.5414827,6311.2402,0.5408842,6181.282859576876,0.5473772393626434
Viewpoint 1,1861,18625.796398,1.0,16109.719,1.0,19705.229,1.0,9895.069345926204,0.7646703228149242
Viewpoint 1,1862,5874.959478,0.528868,5932.6221,0.5254718,5982.6768,0.5242369,5795.992245223344,0.5290787362594818
Viewpoint 1,1863,4601.95574,0.456111,4683.3594,0.4539802,4722.1084,0.452035,4516.894873299498,0.4575910251798987
Viewpoint 1,1864,8871.108352,0.766121,9161.3018,0.7687688,12306.207,0.9693127,5168.585932570403,0.5129747979225223
Viewpoint 1,1865,1151.439642,0.264508,1194.4009,0.2308863,1205.6505,0.2405031,1129.5895142662905,0.2593621779528849
Viewpoint 1,1878,171.172552,0.169048,183.72798,0.1697848,180.33803,0.1705855713605993,171.83986375792736,0.1700870000025903
Viewpoint 1,1879,1961.27608,0.303486,2209.2595,0.3044805,2058.0125,0.2829816,1712.7012004023952,0.2833215661911553
Viewpoint 1,1880,3501.934517,0.386299,3708.4175,0.3893107,3953.9604,0.3951211,3015.30541466496,0.3586014964444358
Viewpoint 1,1881,3778.192783,0.402188,3795.5386,0.3954026,3843.8191,0.3939627,3749.4494771751006,0.4029457430211893
Viewpoint 1,1882,5056.702443,0.476862,5019.6445,0.4681046,5082.7935,0.4674664,4983.152801366101,0.4753191534826305
Viewpoint 1,1883,8918.075529,0.712901,8903.5713,0.6893312,9126.9756,0.6993423,8124.44422000966,0.6542282791633562
Viewpoint 1,1884,13270.26354,1.0,10366.565,0.8933586,14121.504,1.0,9674.096011969146,0.7459434116545455
Viewpoint 1,1885,7177.084989,0.603277,7195.5132,0.5980774,7257.3364,0.597524,7021.804802539892,0.5980970943008677
Viewpoint 1,1886,6609.765621,0.572157,6707.8716,0.5713735,6761.3281,0.5703242,6529.168165435554,0.5725249690017367
Viewpoint 1,1887,5226.570496,0.493522,5338.2119,0.493316,5379.7803,0.4914268,5125.2838178583,0.4943745858331817
Viewpoint 1,1888,8879.63126,0.764249,9212.8643,0.770229,12999.45,1.0,5345.797565625431,0.5236531037621841
Viewpoint 1,1889,1563.667242,0.296756,1631.7054,0.27163,1646.8802,0.2756681,1534.9031437431372,0.2939605341416047
Viewpoint 1,1902,292.812485,0.176188,313.74423,0.1774168,311.97772,0.1783130245788874,291.8432957145558,0.1771312014584444
Viewpoint 1,1903,971.511175,0.219118,979.63641,0.2169276,991.25208,0.2181865005547769,973.140526159243,0.2172708910368617
Viewpoint 1,1904,4797.073705,0.460499,4858.0664,0.4566752,5176.2178,0.4685562,4352.449314909691,0.4377043716454928
Viewpoint 1,1905,7272.867279,0.603781,7440.7827,0.6073074,7401.4238,0.5998953,6774.351644025664,0.5779559217694228
Viewpoint 1,1906,3960.494288,0.413631,3956.8501,0.4056313,4004.0249,0.4041174,3930.051790156962,0.4148268233939736
Viewpoint 1,1907,4701.053276,0.457322,4685.8716,0.4494508,4738.7412,0.4482632,4660.155117428342,0.4582629252108304
Viewpoint 1,1908,5110.689085,0.481768,5113.0142,0.4749682,5166.4204,0.4738435,5069.757233714204,0.4829026414938254
Viewpoint 1,1909,5088.969526,0.481309,5117.1377,0.475851,5167.2378,0.4745899,5032.5448800545055,0.4817699866886499
Viewpoint 1,1910,4572.899575,0.452142,4609.8701,0.4470737,4653.1387,0.4454613,4537.978675568534,0.454576377138439
Viewpoint 1,1911,3549.592605,0.393381,3594.0198,0.3884309,3627.25,0.3863702,3495.8990278490105,0.3954494274242627
Viewpoint 1,1912,2273.68077,0.325674,2313.7512,0.3125042,2335.3713,0.3099541,2231.719729638949,0.3235301315104789
Viewpoint 1,1913,2900.759398,0.382782,3079.363,0.3689023,3111.2483,0.3735259,3063.766923951456,0.4023484892601489
Viewpoint 1,1926,215.883878,0.171672,234.64633,0.1727737,230.72452,0.173543364967242,219.98574929536505,0.1729131634836379
Viewpoint 1,1927,2004.383462,0.307308,2197.7715,0.3008334,2089.5396,0.2851788,1798.6128881645657,0.2897201631030821
Viewpoint 1,1928,2378.318568,0.320233,2400.7822,0.3111745,2430.4641,0.3089234,2356.9274993299123,0.3216113294271965
Viewpoint 1,1929,3612.345558,0.392773,3630.3481,0.3858569,3675.7351,0.3842576,3591.2185921771284,0.3939818538917304
Viewpoint 1,1930,4784.864055,0.461497,4775.9082,0.4539967,4834.8242,0.4531207,4744.771083722365,0.4617620901548716
Viewpoint 1,1931,8793.408511,0.703548,8657.7256,0.6755742,8856.3057,0.6839302,8018.620070816512,0.6480368581401998
Viewpoint 1,1932,6449.657109,0.559464,6415.1797,0.5512697,6478.9092,0.5507395,6353.487300412363,0.5575235390690066
Viewpoint 1,1933,6605.020092,0.569976,6637.6294,0.5653103,6696.9404,0.5645925,6496.398068741889,0.5674786563706913
Viewpoint 1,1934,25310.351698,1.0,26260.637,1.0,25121.1,1.0,29350.788989461445,1.0
Viewpoint 1,1935,9566.244695,0.750649,9765.4189,0.969804,17607.162,1.0,8478.099367524082,0.696287824629884
Viewpoint 1,1936,11508.448687,0.960038,9527.1709,0.9015936,14345.589,1.0,5600.985850201216,0.5392778969098591
Viewpoint 1,1937,1448.167868,0.287978,1503.9084,0.2601094,1517.9458,0.2663924,1419.782361725756,0.2845882336987215
Viewpoint 1,1950,179.86921,0.169558,192.55492,0.170303,191.93851,0.1712665124319777,180.2413999775513,0.1705801701786822
Viewpoint 1,1951,1539.483404,0.278014,1640.9227,0.2623371,1615.2219,0.2579873,1455.3336225023284,0.2685790259736206
Viewpoint 1,1952,2726.003534,0.340865,2819.5652,0.3355124,2922.3142,0.3364374,2560.5647293127254,0.3339592638821499
Viewpoint 1,1953,2278.765526,0.315145,2292.3516,0.3051948,2319.2781,0.302795,2273.64658617055,0.3178368594269136
Viewpoint 1,1954,2963.116639,0.355586,2968.7622,0.3467514,3003.2991,0.3451082,2948.056879358541,0.3579078245790645
Viewpoint 1,1955,6681.38533,0.571269,6554.5698,0.5545759,6661.7046,0.5570773,6289.739697724475,0.5475068328111448
Viewpoint 1,1956,3662.225302,0.397026,3672.853,0.3896428,3713.0652,0.3877934,3646.564410674168,0.3998581525245513
Viewpoint 1,1957,11731.897055,0.890178,11589.833,0.8859987,12404.768,0.8997802,8664.591831708312,0.6915434980231419
Viewpoint 1,1958,3107.407499,0.365296,3129.053,0.3583204,3161.7324,0.3561626,3100.7311858752487,0.3690918350562844
Viewpoint 1,1959,2396.781274,0.327728,2417.0422,0.3154376,2442.0586,0.3123263,2371.736309028825,0.3269134926276081
Viewpoint 1,1960,8305.353565,0.755272,7369.6553,0.7387635,10032.995,0.8337768,5279.402641669797,0.5232355514969593
Viewpoint 1,1961,690.060144,0.201518,703.66211,0.200305,710.97333,0.201734127989708,682.2963743095946,0.2000507971719732
Viewpoint 1,1974,311.967155,0.177312,336.48523,0.1787517,333.73669,0.1795902841911415,314.5072429403669,0.1784615751605995
Viewpoint 1,1975,1068.891867,0.23149,1077.9991,0.2231524,1090.8112,0.2245385,1070.1591614847216,0.2277320433540431
Viewpoint 1,1976,2116.48284,0.304996,2133.3142,0.2955037,2159.1431,0.2913114,2098.477902735702,0.3067711099748998
Viewpoint 1,1977,5703.642424,0.510942,5752.3564,0.5073873,5759.7124,0.5024828,5188.876374498131,0.4838563911929803
Viewpoint 1,1978,4202.539667,0.42768,4202.2368,0.4200131,4252.5571,0.41866,4176.163302067276,0.4291564480923188
Viewpoint 1,1979,4992.051636,0.47425,4973.7573,0.466335,5029.6519,0.4653095,4951.379866361004,0.4752472809563968
Viewpoint 1,1980,5440.184945,0.501119,5436.3125,0.493964,5492.417,0.4929884,5394.154383239036,0.5018929090602899
Viewpoint 1,1981,18803.94875,1.0,26974.957,1.0,20648.783,1.0,11571.318512542037,0.8634341049550464
Viewpoint 1,1982,4939.10821,0.473863,4986.4321,0.4694272,5032.2715,0.4679409,4905.876266741101,0.4765583314980076
Viewpoint 1,1983,3870.152241,0.412481,3928.4983,0.408557,3963.9128,0.4065914,3817.62438723058,0.4152072148682986
Viewpoint 1,1984,17175.200214,1.0,10300.566,0.941491,16208.139,1.0,6458.826421923513,0.5892295097272862
Viewpoint 1,1985,2143.080538,0.336553,2227.6375,0.3166163,2253.3713,0.3195983,2142.111414088586,0.338315198383022
Viewpoint 1,1998,363.846288,0.180358,397.15762,0.1823132,391.52722,0.1829825853369227,377.61513265039935,0.1821660082865784
Viewpoint 1,1999,2294.657152,0.323943,2458.0613,0.3159225,2356.665,0.3012905,2053.9690641503253,0.3044333648144178
Viewpoint 1,2000,2403.210954,0.321643,2417.1475,0.3127373,2446.9087,0.3099178,2376.2788300161,0.322883363938039
Viewpoint 1,2001,3608.719404,0.392536,3622.8433,0.3854888,3667.8279,0.383861,3586.645185528127,0.393865816328375
Viewpoint 1,2002,4761.577593,0.460217,4748.686,0.452485,4806.8281,0.4515633,4721.293336115178,0.4605721977752699
Viewpoint 1,2003,5726.07703,0.516653,5684.4746,0.5078545,5748.2886,0.5072711,5665.080974161378,0.5165315438958056
Viewpoint 1,2004,6322.373922,0.552077,6312.6694,0.5453143,6375.5903,0.5447338,6261.731806607433,0.5523493499024483
Viewpoint 1,2005,21305.049463,1.0,37845.746,1.0,23298.873,1.0,12140.836761105224,0.8972404268919587
Viewpoint 1,2006,26459.920022,1.0,29888.857,1.0,25279.521,1.0,31226.69189390807,1.0
Viewpoint 1,2007,4717.674262,0.463049,4800.8545,0.4610881,4840.7817,0.4592052,4640.96877317776,0.4654458916079631
Viewpoint 1,2008,3122.947349,0.38011,3189.0676,0.3675877,3216.2261,0.3664288,3045.8672461453743,0.3760379719902228
Viewpoint 1,2009,1494.023221,0.290977,1547.8995,0.2632801,1562.4551,0.2690798,1465.9128481963712,0.2876513990728143
Viewpoint 1,2022,284.389348,0.175694,313.41144,0.1773973,306.75964,0.1780067766302554,297.38818455419573,0.1774566864333313
Viewpoint 1,2023,1923.011601,0.315775,2067.8274,0.2894436,1981.6312,0.2786221,1707.9233580888235,0.2835515033266329
Viewpoint 1,2024,2567.568768,0.331117,2588.0806,0.322735,2620.2927,0.3200398,2541.5794876816885,0.3324691179012125
Viewpoint 1,2025,3849.137844,0.406511,3864.9497,0.3995813,3913.6606,0.3981484,3824.20715657535,0.4075428626129783
Viewpoint 1,2026,5086.574322,0.47886,5062.4961,0.4707465,5125.4639,0.4700914,5034.969049827906,0.4786238289135385
Viewpoint 1,2027,8124.286709,0.663459,8232.5312,0.6500686,8378.0488,0.6553909,7594.7793565644415,0.6231458332753071
Viewpoint 1,2028,12484.932573,0.962649,9558.6133,0.8408222,12848.418,0.9290468,9022.035715702696,0.7076971932819361
Viewpoint 1,2029,18756.388734,1.0,26676.871,1.0,21004.934,1.0,9868.670972106653,0.764301255662796
Viewpoint 1,2030,6566.736401,0.569755,6651.5044,0.5681009,6705.9165,0.5670622,6498.4450960030135,0.5711407969178843
Viewpoint 1,2031,5249.387947,0.494936,5356.5625,0.4945055,5398.9434,0.4926754,5163.32197735346,0.4973728305719834
Viewpoint 1,2032,25355.072197,1.0,17700.555,1.0,17295.709,1.0,5317.29236108193,0.524886374629325
Viewpoint 1,2033,1680.313237,0.304855,1748.8611,0.2843894,1765.2798,0.2843252,1654.493195304964,0.3020276883063933
Viewpoint 1,2046,472.434752,0.186745,525.24689,0.189832,513.88586,0.1901651022227613,499.8062847489404,0.1908179998609626
Viewpoint 1,2047,1397.543283,0.263095,1413.8044,0.2467553,1430.8281,0.2477338,1398.6444511547895,0.2619006765659335
Viewpoint 1,2048,2682.968541,0.337897,2705.5754,0.3296054,2739.4993,0.3269982,2654.9344439840493,0.339063334994593
Viewpoint 1,2049,4008.027007,0.415707,4023.4214,0.4088041,4074.6467,0.4075045,3979.608479555706,0.4164955696690994
Viewpoint 1,2050,7794.985028,0.642524,7704.188,0.6196814,8336.1172,0.6522934,6672.864286522095,0.5692799524856889
Viewpoint 1,2051,6400.886286,0.555669,6359.4468,0.5472367,6430.7988,0.5470892,6348.277008016901,0.5560335865134743
Viewpoint 1,2052,7232.819006,0.604932,7175.1084,0.595794,7243.9937,0.5955755,7117.322533841846,0.6020796587433093
Viewpoint 1,2053,7494.764435,0.621655,7537.0146,0.6181728,7601.144,0.6177485,7363.181305640233,0.6184296537836246
Viewpoint 1,2054,7009.78153,0.59588,7108.1831,0.5951423,7164.6709,0.5942066,6932.777273202542,0.5969648253107052
Viewpoint 1,2055,10167.305568,0.783228,10483.894,0.9824296,16829.576,1.0,9276.949198291271,0.7447581960538882
Viewpoint 1,2056,3796.53492,0.412779,3890.5667,0.410829,3921.5435,0.410551,3687.4420898623193,0.4175627134248794
Viewpoint 1,2057,1850.51239,0.316786,1925.4386,0.2961895,1943.5669,0.2965682,1821.7750673544283,0.3146676885335329
Viewpoint 1,2070,381.040511,0.181367,422.31519,0.1837899,415.80997,0.1844080197801682,403.5571796855129,0.1836888064475396
Viewpoint 1,2071,1295.573272,0.255875,1309.4954,0.2402765,1325.1746,0.2395296,1297.460850305685,0.2540058307942625
Viewpoint 1,2072,2484.613778,0.326539,2503.7222,0.3178391,2534.5774,0.3150661,2461.36670530571,0.3279105961110944
Viewpoint 1,2073,5398.831522,0.493168,5572.6699,0.4963142,5517.5723,0.4878104,4921.247841699512,0.467643643643353
Viewpoint 1,2074,4881.575968,0.46707,4856.2788,0.4588127,4915.7065,0.4579584,4833.428887709691,0.4671689716063173
Viewpoint 1,2075,8880.423691,0.709099,8926.2295,0.6914807,9068.9814,0.6965361,8365.698946915441,0.6686303005387283
Viewpoint 1,2076,12987.24738,0.985706,14686.355,1.0,13458.095,0.9625946,9919.261897467435,0.7607817428438534
Viewpoint 1,2077,6621.229239,0.570923,6649.8232,0.5660756,6709.8159,0.5653833,6523.063010127749,0.5693498006974165
Viewpoint 1,2078,6096.918546,0.542016,6166.8477,0.5394286,6219.4795,0.5382838,6045.938198996743,0.5444604357161956
Viewpoint 1,2079,4870.782352,0.4724,4956.2139,0.470469,4997.1821,0.4686301,4795.240061565638,0.4751471114959783
Viewpoint 1,2080,3266.177024,0.380469,3331.9639,0.3763884,3360.3008,0.3755131,3180.8164624882693,0.384953795939673
Viewpoint 1,2081,1592.84849,0.298126,1652.554,0.2723233,1668.1838,0.2759696,1568.356291335782,0.2950783639302329
Viewpoint 1,2094,333.770449,0.178592,382.10278,0.1814294,373.56357,0.1819281305495189,358.35203704673665,0.1810352645746434
Viewpoint 1,2095,1579.344416,0.301145,1753.0878,0.2713394,1663.8108,0.2587231,1386.1443524262077,0.2641644220848493
Viewpoint 1,2096,2839.500517,0.359133,2962.5249,0.3621266,3225.6841,0.3510076,2281.906605134797,0.3165635119454165
Viewpoint 1,2097,4130.378881,0.418589,4389.8096,0.4266405,4259.7627,0.4124963,3617.528080857999,0.3916516524784179
Viewpoint 1,2098,5172.556608,0.484884,5244.6021,0.4739865,5905.5029,0.5085763,4449.131742416539,0.4391042716076848
Viewpoint 1,2099,6596.799893,0.576403,6587.9585,0.5530628,6693.4487,0.5561838,6105.603403376674,0.5362005173524322
Viewpoint 1,2100,6833.291635,0.581788,6790.1343,0.573315,6856.4136,0.5729329,6745.662472535631,0.580636614328282
Viewpoint 1,2101,15138.709815,1.0,25255.605,1.0,17388.805,1.0,7768.08329481804,0.6413050693347307
Viewpoint 1,2102,21530.185071,1.0,22392.346,1.0,20365.441,1.0,27285.35088603516,1.0
Viewpoint 1,2103,7520.456683,0.626328,7812.7222,0.8466711,13917.505,1.0,6614.765195743374,0.5885338998078539
Viewpoint 1,2104,3543.829789,0.407706,3620.3098,0.3941723,3650.313,0.3936805,3445.324361266799,0.4021153405309655
Viewpoint 1,2105,2223.158921,0.336846,2295.1907,0.318522,3186.1843,0.4066986,2033.729015608012,0.3391295358774726
Viewpoint 1,2118,277.08248,0.175265,311.0217,0.177257,304.98438,0.1779025155292564,270.7399189027241,0.1758924332395899
Viewpoint 1,2119,1474.567251,0.283023,1591.1569,0.2582589,1540.4835,0.2514721,1342.0864437817515,0.2566352796604945
Viewpoint 1,2120,2616.998944,0.33557,2767.8557,0.3405942,2930.4783,0.3340232,2267.8159414335364,0.3147213955591371
Viewpoint 1,2121,3893.74816,0.404038,4009.3032,0.4036182,3982.0557,0.3969004,3495.40670725569,0.3838782663077074
Viewpoint 1,2122,5036.301467,0.470486,4988.6348,0.4596697,5446.4419,0.4824101,4423.551474748121,0.4370872644352472
Viewpoint 1,2123,6062.903802,0.546609,5986.23,0.5166131,6079.0801,0.519438,5498.4752613683295,0.5012187644881608
Viewpoint 1,2124,9582.836477,0.794269,7574.9175,0.6560878,9806.9355,0.7475278,7094.644304324727,0.5944514182883103
Viewpoint 1,2125,14309.586567,1.0,20519.238,1.0,16271.088,1.0,7604.192168427696,0.6310340456675295
Viewpoint 1,2126,20134.685591,1.0,16147.531,1.0,19245.818,1.0,25988.328954053,1.0
Viewpoint 1,2127,7405.162092,0.6171,7638.8799,0.8270023,12918.089,0.9607499,6572.560806233943,0.586897447945815
Viewpoint 1,2128,45970.424084,1.0,30698.867,1.0,18644.412,1.0,3915.662989463014,0.4446459301462031
Viewpoint 1,2129,2295.564138,0.340696,2336.3252,0.3204225,3311.5847,0.4159326,2072.8902046487847,0.3417462083930926
Viewpoint 1,2142,190.546319,0.170185,191.62468,0.1702484,193.8847,0.1713808503751411,189.06403585537257,0.1710980589047103
Viewpoint 1,2143,940.859438,0.215897,947.75818,0.2149446,958.91577,0.2162883011949977,942.2539967518312,0.2153103096093325
Viewpoint 1,2144,1796.508227,0.286105,1811.2181,0.2737347,1832.66,0.2719246,1786.582107623677,0.2884081642923331
Viewpoint 1,2145,2678.827555,0.338571,2692.6194,0.3302746,2724.4167,0.3267314,2671.0819695806904,0.3411852308958658
Viewpoint 1,2146,3450.939758,0.384128,3458.0503,0.3765631,3498.3508,0.3746824,3437.457515972864,0.3866228504789833
Viewpoint 1,2147,4030.122658,0.418266,4022.3752,0.4100256,4067.5493,0.409114,4004.500782712922,0.4205233133319265
Viewpoint 1,2148,4273.638449,0.433077,4292.8447,0.426827,4339.0171,0.4253775,4267.303984655247,0.436421889997261
Viewpoint 1,2149,4200.762661,0.429064,4215.0044,0.422655,4258.8271,0.4211109,4163.650425749269,0.4310342946568896
Viewpoint 1,2150,3724.555366,0.40195,3751.3633,0.3953338,3789.448,0.3942223,3716.7342907434745,0.4060290651090329
Viewpoint 1,2151,2911.729709,0.355098,2944.9631,0.3484963,2974.4177,0.3462314,2887.023230240343,0.3586140331323094
Viewpoint 1,2152,1921.317097,0.303229,1948.4869,0.2863674,1968.0994,0.283768,1895.6291760255624,0.3019863879586777
Viewpoint 1,2153,944.242806,0.242355,963.61102,0.215564,973.43835,0.217140700846653,932.764209057975,0.2376412403925936
Viewpoint 1,2166,63.915799,0.162752,64.092026,0.1627622,64.849007,0.1638065626992756,63.33340515180501,0.1637176708824109
Viewpoint 1,2167,324.993974,0.178077,326.90369,0.1781892,330.69855,0.1794119546313861,326.01931892287,0.1791373340207724
Viewpoint 1,2168,633.453423,0.196184,637.23608,0.1964058,644.58551,0.1978371650137694,629.9717701958189,0.1969793429104945
Viewpoint 1,2169,939.811445,0.218719,946.50238,0.2145597,957.40259,0.2161995012386845,939.4682143447668,0.2151467841820378
Viewpoint 1,2170,1199.81111,0.248668,1206.6777,0.232703,1220.5764,0.2333656,1197.9437293193798,0.2466677852692099
Viewpoint 1,2171,1363.222389,0.262064,1372.8269,0.2442088,1388.627,0.2454027,1364.515906059687,0.2620027861117144
Viewpoint 1,2172,1409.323181,0.265234,1416.2823,0.2475354,1432.5814,0.2479931,1407.7031223118242,0.2648575951549126
Viewpoint 1,2173,1327.731809,0.259819,1335.816,0.2420311,1351.2317,0.2431578,1323.4074673269552,0.2592532636537355
Viewpoint 1,2174,1138.637739,0.240668,1145.4237,0.2273648,1158.7047,0.2294401,1135.0412510327983,0.2407640853773856
Viewpoint 1,2175,854.71232,0.209195,863.58069,0.2096922,873.64502,0.2112829090361036,854.9211683576297,0.2101838725825928
Viewpoint 1,2176,551.53972,0.191375,554.93512,0.1915747,561.4176,0.1929552220244322,548.567663524937,0.1922009218489138
Viewpoint 1,2177,264.158888,0.174506,266.76376,0.174659,269.85577,0.1758404409279248,265.1080151800631,0.1755618404910697
Viewpoint 1,2190,244.871313,0.173374,246.47003,0.1734678,249.37885,0.1746384084939151,242.96371088172955,0.1742619698287575
Viewpoint 1,2191,1155.359614,0.239354,1163.6068,0.2302005,1177.4026,0.2308467,1155.1755379212743,0.240497785087304
Viewpoint 1,2192,2151.278894,0.307226,2172.8423,0.2979151,2198.9214,0.2936692,2141.0691078066734,0.3095711090849304
Viewpoint 1,2193,3198.718982,0.368878,3203.0364,0.3611643,3241.4624,0.3589123,3177.094357577602,0.3705927807733056
Viewpoint 1,2194,4130.140807,0.423564,4121.1421,0.4154253,4169.7344,0.4143701,4101.719487401454,0.4252254012895089
Viewpoint 1,2195,4850.690973,0.466172,4832.6348,0.458227,4886.4731,0.4570828,4819.859020679069,0.4679963985437241
Viewpoint 1,2196,5248.554428,0.489631,5223.5674,0.4815976,5277.9746,0.4805172,5186.160025448258,0.490130890217342
Viewpoint 1,2197,5207.227903,0.488152,5230.8887,0.4826515,5282.6738,0.4814618,5162.012324192098,0.4898183691802293
Viewpoint 1,2198,4698.517503,0.459631,4739.2886,0.4548288,4784.5972,0.4532863,4648.7258244721,0.4615952690760497
Viewpoint 1,2199,3724.16199,0.403792,3773.7327,0.3992743,3808.9695,0.3973299,3685.512936682137,0.4076265779011383
Viewpoint 1,2200,2509.626983,0.341497,2551.5249,0.3269201,2575.646,0.3253402,2465.2545050048748,0.3388586849463472
Viewpoint 1,2201,1272.068192,0.272232,1306.4885,0.2448623,1319.3695,0.2473187,1255.1769840622785,0.2682951333720702
Viewpoint 1,2214,108.066356,0.165343,108.59846,0.1653747,109.88006,0.1664497428251185,107.22313275236029,0.1662939978925635
Viewpoint 1,2215,466.307469,0.186372,469.41309,0.1865546,474.87177,0.1878749224431895,467.8261249583868,0.1874613935350573
Viewpoint 1,2216,898.949365,0.212399,904.70111,0.212106,915.16687,0.2137203033742525,893.976372218926,0.2124764130492509
Viewpoint 1,2217,1319.917224,0.258966,1325.4215,0.2414773,1340.7147,0.2425761,1315.327004158211,0.2578624989261054
Viewpoint 1,2218,1674.926146,0.28213,1684.4852,0.2662306,1703.8728,0.2643516,1672.3264876794103,0.2822154035405566
Viewpoint 1,2219,1914.177995,0.296615,1923.4738,0.2835726,1945.5022,0.278636,1911.8348743506945,0.2973718037219383
Viewpoint 1,2220,1990.347937,0.301321,2000.4368,0.2881575,2023.2448,0.2832539,1982.32648760634,0.3016631549280307
Viewpoint 1,2221,1888.207892,0.295269,1899.4199,0.2820089,1921.0466,0.2772326,1881.021462841928,0.295727281782471
Viewpoint 1,2222,1618.109681,0.279066,1629.6041,0.2630387,1648.1729,0.2611298,1613.3999934909923,0.2791344115925254
Viewpoint 1,2223,1240.290958,0.253814,1249.1434,0.2360081,1263.3911,0.2359146,1234.8996714019536,0.2519209073677136
Viewpoint 1,2224,801.886947,0.206071,808.33331,0.2064492,817.57092,0.2079913341685192,797.2055969229608,0.2067959685393778
Viewpoint 1,2225,383.866015,0.181533,387.37317,0.1817388,391.77466,0.1829971850647992,383.5282911319656,0.1825131106894464
Viewpoint 1,2238,0.0,0.159,0.0,0.159,0.0,0.0,1.6429237367602687e-05,0.1600000009643962
Viewpoint 1,2239,0.0,0.159,0.0,0.159,0.0,0.0,1.7087492340055234e-05,0.1600000010030358
Viewpoint 1,2240,17.358555,0.160019,17.43943,0.1600237,17.6401,0.1610354221205389,17.239970930713763,0.1610119862936329
Viewpoint 1,2241,17.497314,0.160027,17.570196,0.1600314,17.772524,0.1610431969048174,17.437566758937926,0.1610235851687496
Viewpoint 1,2242,17.468461,0.160025,17.584797,0.1600322,17.788189,0.1610441253487289,17.607763016165958,0.1610335756890489
Viewpoint 1,2243,17.443789,0.160024,17.556837,0.1600306,17.760656,0.1610425224025118,17.45384030601312,0.1610245404259629
Viewpoint 1,2244,17.386053,0.160021,17.512707,0.160028,17.716719,0.161039911705411,17.360822145729284,0.1610190802599543
Viewpoint 1,2245,17.275923,0.160014,17.397348,0.1600212,17.6015,0.1610331741884112,17.24444051387975,0.1610122486581647
Viewpoint 1,2246,17.043236,0.16,17.172832,0.160008,17.37668,0.1610199788672029,17.033966860466588,0.1609998938547094
Viewpoint 1,2247,16.814581,0.159987,16.881676,0.159991,17.084299,0.1610028428719907,16.73931560444552,0.1609825978259809
Viewpoint 1,2248,0.0,0.159,0.0,0.159,0.0,0.0,1.6461630400484954e-05,0.1600000009662977
Viewpoint 1,2249,0.0,0.159,0.0,0.159,0.0,0.0,1.6443148571704552e-05,0.1600000009652128
Viewpoint 1,2262,164.920837,0.168681,166.10681,0.1687505,168.06609,0.1698653457769215,163.85298112415924,0.1696181699919881
Viewpoint 1,2263,682.316528,0.199052,687.43616,0.1993525,695.45966,0.2008234182554027,684.4219365967742,0.2001755676782306
Viewpoint 1,2264,1269.536444,0.254888,1279.0664,0.2382796,1293.9497,0.2377171,1263.1379437309306,0.2530672478098873
Viewpoint 1,2265,1859.281712,0.293016,1871.3546,0.2802043,1893.048,0.2755472,1856.8709821021107,0.2934601302908005
Viewpoint 1,2266,2372.059086,0.320857,2381.4807,0.3112611,2408.9016,0.3082252,2384.701529147592,0.3252043116722348
Viewpoint 1,2267,2717.900878,0.341272,2726.1235,0.3326441,2757.0906,0.329777,2710.817824866277,0.3447701110489535
Viewpoint 1,2268,2838.822555,0.348627,2850.343,0.3400713,2882.2852,0.3383527,2825.368826754671,0.351743386160161
Viewpoint 1,2269,2728.366489,0.342128,2735.3994,0.3333889,2765.7722,0.3305029,2703.2100909813057,0.344760890899696
Viewpoint 1,2270,2360.624062,0.320903,2376.396,0.311346,2402.6143,0.3083972,2349.484925760718,0.3241999036028139
Viewpoint 1,2271,1835.897672,0.293469,1848.5957,0.2793923,1868.8855,0.2743437,1823.547955951032,0.2933576250498582
Viewpoint 1,2272,1205.243362,0.25334,1216.0394,0.2332075,1229.4111,0.233915,1194.653421911094,0.2509302735125402
Viewpoint 1,2273,589.312525,0.193593,597.59247,0.1940787,604.15314,0.1954637839779024,589.6863985052769,0.1946145915922597
Viewpoint 1,2286,432.534415,0.184393,509.18845,0.1888894,498.4296,0.1892578044998936,436.42448504989136,0.1856181172724286
Viewpoint 1,2287,1672.711288,0.356919,1810.9242,0.274861,1767.3271,0.2647623,1478.5834719001443,0.2693949186889343
Viewpoint 1,2288,2838.764121,0.350667,3001.8352,0.3458496,3297.2729,0.3551635,2345.579913697558,0.3198463596453602
Viewpoint 1,2289,3797.009447,0.399165,4290.8936,0.4223355,4187.0342,0.4069862,3512.825153625403,0.3852300758947706
Viewpoint 1,2290,5299.845891,0.501006,4998.2734,0.4589998,5579.9546,0.4887109,4019.257472584157,0.414047986721888
Viewpoint 1,2291,5984.216604,0.535229,6450.8423,0.5446983,6498.6548,0.5445225,6049.8870000459165,0.5334164930484582
Viewpoint 1,2292,7258.91301,0.606235,7162.562,0.5952287,7231.417,0.5949912,7134.727053427632,0.6035946974244613
Viewpoint 1,2293,14418.531968,1.0,22156.242,1.0,15704.408,1.0,7075.292173034751,0.6003748207109711
Viewpoint 1,2294,6964.937483,0.593235,7052.7158,0.5920634,7111.6309,0.5911742,6862.499553465477,0.5936147373421933
Viewpoint 1,2295,6977.99179,0.595185,7411.9814,0.670532,13038.613,0.9753807,6256.4111092738685,0.5701439918595402
Viewpoint 1,2296,48704.196904,1.0,26686.582,1.0,20511.164,1.0,4060.687795278068,0.4554845598040121
Viewpoint 1,2297,2375.003728,0.382034,2389.7466,0.3205215,4019.1589,0.4717958,2006.446580339426,0.3426903341649194
Viewpoint 1,2310,516.86775,0.189368,566.58203,0.1922584,563.95203,0.1931039581415326,508.1792207364414,0.1898301202572291
Viewpoint 1,2311,1219.147479,0.247426,1229.7375,0.2349241,1244.3138,0.2347811,1220.6183379047263,0.247012384358785
Viewpoint 1,2312,2224.764054,0.311471,2236.0068,0.3016669,2262.7849,0.299276,2203.6431279316994,0.3133520221487401
Viewpoint 1,2313,3254.73476,0.372365,3262.0364,0.3646857,3301.051,0.3627101,3236.9972071259663,0.3742552068434937
Viewpoint 1,2314,5714.775608,0.51075,5516.8364,0.4923766,5818.2334,0.5056807,5087.307495144838,0.4768081623494992
Viewpoint 1,2315,6918.285731,0.582674,7062.9805,0.5831236,7122.8579,0.5829141,6789.003511076689,0.575998229842472
Viewpoint 1,2316,9789.776658,0.784156,9189.4561,0.7623497,10056.828,0.7591189,7905.980393019357,0.6453789710915991
Viewpoint 1,2317,5226.660313,0.489252,5241.2939,0.483318,5293.585,0.4821441,5168.587274009798,0.490378891008705
Viewpoint 1,2318,15526.051833,1.0,14409.865,1.0,14847.525,1.0,19638.14482692461,1.0
Viewpoint 1,2319,3777.136715,0.406915,3822.1926,0.4022093,3858.1719,0.4003227,3739.6318107507855,0.4112083485406579
Viewpoint 1,2320,2578.756869,0.346248,2620.2839,0.3311232,2645.2419,0.329615,2535.135425902956,0.3434844588481034
Viewpoint 1,2321,1348.949537,0.277662,1384.7054,0.2500125,1398.5278,0.2529736,1336.8256724324074,0.2748517545029311
Viewpoint 1,2334,165.825768,0.168734,167.13567,0.1688109,169.10738,0.1699264029575261,164.822656577858,0.1696750899411202
Viewpoint 1,2335,671.095911,0.198393,676.71332,0.1987231,684.60681,0.2001863996643316,673.7436666321155,0.1995487532313052
Viewpoint 1,2336,1235.672663,0.251722,1243.2489,0.2358049,1257.6971,0.2355812,1227.794126761478,0.2496619337693109
Viewpoint 1,2337,1796.817504,0.289339,1809.666,0.2736638,1830.6161,0.2718652,1795.660489236158,0.2896800550368261
Viewpoint 1,2338,2263.872337,0.314599,2278.9966,0.3045915,2305.2126,0.3021204,2282.1117575313224,0.3191811534944563
Viewpoint 1,2339,2599.43267,0.334331,2606.5259,0.325582,2636.1609,0.322653,2591.865520646754,0.3377764805230233
Viewpoint 1,2340,2698.611126,0.340243,2711.209,0.3318374,2741.6995,0.3289483,2687.597404603679,0.3436214848075188
Viewpoint 1,2341,2584.326489,0.333797,2602.8296,0.3255329,2631.8945,0.3225856,2572.94438741799,0.337044450802778
Viewpoint 1,2342,2249.744594,0.317419,2267.0791,0.3042018,2292.2668,0.3016899,2242.482542723564,0.3177893201664292
Viewpoint 1,2343,1737.836202,0.287401,1751.1465,0.2735511,1770.5371,0.2684645,1728.6073059588289,0.2873485583697204
Viewpoint 1,2344,1156.74924,0.248755,1164.6689,0.2301797,1177.576,0.2308597,1145.2866778469715,0.2469896027692214
Viewpoint 1,2345,586.602303,0.193434,593.83508,0.1938581,600.39349,0.1952430857062886,586.8693627160833,0.1944492315914341
Viewpoint 1,2358,538.448882,0.190662,593.34839,0.1938296,589.53424,0.1946056130921092,538.9230933489489,0.1916347855795833
Viewpoint 1,2359,1325.244157,0.258348,1334.4911,0.2420639,1350.3545,0.2430275,1323.7345143686389,0.2570448445801809
Viewpoint 1,2360,2995.065343,0.356127,3063.5562,0.349395,3191.3784,0.351497,2710.4248072662413,0.3418399480518982
Viewpoint 1,2361,3469.979661,0.384905,3480.011,0.3774465,3521.9143,0.3756335,3453.8396635416148,0.3868457366802629
Viewpoint 1,2362,4465.57571,0.443172,4441.6104,0.4343393,4493.9351,0.4336575,4460.667290604307,0.4463901919176554
Viewpoint 1,2363,6791.405348,0.582312,7028.1074,0.5807688,7076.7363,0.5800074,6017.234758541808,0.5313809857516324
Viewpoint 1,2364,10048.419706,0.806186,8241.416,0.7051944,10166.083,0.7661327,7745.829278067545,0.6365732769341064
Viewpoint 1,2365,13309.855361,1.0,18532.023,1.0,14224.376,1.0,8559.585008175987,0.6867295850183274
Viewpoint 1,2366,5145.997434,0.485956,5182.793,0.4812298,5231.8223,0.4798527,5089.829529782631,0.4882379084400938
Viewpoint 1,2367,8103.556445,0.661787,8554.0439,0.7141794,12009.909,0.9087222,7740.531633706092,0.6604277799930406
Viewpoint 1,2368,2875.913173,0.356568,2921.9111,0.351031,2949.0828,0.3499365,2819.8026296133107,0.3620425933928515
Viewpoint 1,2369,3185.684135,0.406336,3394.0618,0.3859232,5114.6987,0.532329,2965.4344515169687,0.3971624896928927
Viewpoint 1,2382,575.596099,0.192879,633.39636,0.1961804,629.3606,0.1969434624082385,575.5635850164971,0.1937855824404684
Viewpoint 1,2383,1821.177341,0.295243,1924.1661,0.2799303,1939.1801,0.2768822,1764.7964454054136,0.2882597368361794
Viewpoint 1,2384,3031.461821,0.358063,3150.1162,0.3544514,3235.5015,0.354014,2885.2116999403675,0.351946714297317
Viewpoint 1,2385,4376.599351,0.433208,4498.1533,0.4333381,4521.0698,0.4296764,4173.616221610367,0.4241576963170558
Viewpoint 1,2386,4705.313895,0.457126,4688.7031,0.4493408,4744.2578,0.4482607,4712.485847336442,0.4609654758207455
Viewpoint 1,2387,5540.657005,0.506199,5505.8413,0.4977305,5566.4556,0.4969513,5509.816416093767,0.5082263582811251
Viewpoint 1,2388,10411.863631,0.82748,8223.9336,0.7071428,10271.476,0.7728244,7533.533327401955,0.6234497752283681
Viewpoint 1,2389,13574.662562,1.0,23291.76,1.0,14484.502,1.0,8620.939738797477,0.6904413385409848
Viewpoint 1,2390,5553.875635,0.510061,5598.1421,0.5058993,5649.9399,0.5046545,5492.308567970598,0.5123027782833289
Viewpoint 1,2391,8383.218694,0.678337,8659.1143,0.7211275,12356.919,0.9305422,7805.932946612615,0.6644328221820556
Viewpoint 1,2392,3169.547511,0.374674,3223.9011,0.3696967,3253.1348,0.368995,3102.2042675340545,0.3804972898119559
Viewpoint 1,2393,1672.264342,0.302205,1724.6412,0.2774788,1741.7311,0.2806278,1658.1962838784737,0.2993257618414128
Viewpoint 1,2406,486.20801,0.18755,543.00946,0.1908747,537.29364,0.1915391499238546,488.3647979543944,0.1886670136399229
Viewpoint 1,2407,2534.540405,0.333414,2660.1985,0.326308,2685.0815,0.3214147,2425.310538692338,0.326862317473215
Viewpoint 1,2408,2861.139096,0.347743,2967.8572,0.3436808,3030.2666,0.3416842,2529.010404562235,0.3304784676822218
Viewpoint 1,2409,4079.139571,0.420051,4077.0959,0.4122644,4127.6523,0.4108895,4046.3142925546126,0.4210160101135882
Viewpoint 1,2410,5261.467143,0.48918,5223.7036,0.4805127,5286.7808,0.4798421,5259.2823442721465,0.4924999002314096
Viewpoint 1,2411,6255.903485,0.547386,6186.6396,0.5374964,6254.3521,0.5371207,6212.172384009417,0.5488840976220677
Viewpoint 1,2412,9830.910745,0.802557,7417.6577,0.670738,9672.0586,0.7386731,6719.04666767746,0.5761050754856685
Viewpoint 1,2413,12982.898871,1.0,19321.221,1.0,13922.419,0.9904093,7679.84221349193,0.6353818688826175
Viewpoint 1,2414,6543.914432,0.568283,6613.0332,0.5661226,6670.9351,0.5651611,6466.898920723895,0.570485504881194
Viewpoint 1,2415,5416.868448,0.504998,5506.3877,0.503839,5552.1206,0.5023393,5359.784209848247,0.5113841545541827
Viewpoint 1,2416,3877.777154,0.418134,3944.4851,0.4142798,3978.1968,0.4146516,3767.459701503215,0.4239696493435249
Viewpoint 1,2417,2090.06872,0.332394,2161.9272,0.3106723,2183.2341,0.3124843,2067.5546421191348,0.3298380561810054
Viewpoint 1,2430,688.031366,0.19962,754.60089,0.2032951,751.02747,0.2040852655690521,678.2090865066319,0.1998108733779393
Viewpoint 1,2431,2153.705525,0.310517,2262.9688,0.3025659,2286.3813,0.2994387,2103.704997634597,0.3083742276911466
Viewpoint 1,2432,2444.393622,0.324497,2464.0146,0.31569,2493.6851,0.312817,2427.3853014699093,0.3264711839022589
Viewpoint 1,2433,3528.415241,0.38827,3543.1597,0.3811775,3585.7937,0.3793957,3517.539755966269,0.3906232734194965
Viewpoint 1,2434,4543.433823,0.447797,4523.2319,0.4397234,4576.4258,0.4385158,4545.908978905162,0.4514249720000145
Viewpoint 1,2435,7794.277768,0.640872,8039.5127,0.6406087,8103.6719,0.6407317,7060.491417079652,0.5931298601752797
Viewpoint 1,2436,5753.615418,0.519127,5716.7368,0.5106542,5775.3999,0.5097999,5683.007378426506,0.5194184177591196
Viewpoint 1,2437,5742.294138,0.519514,5750.7573,0.5133917,5807.1646,0.5124336,5677.058458044035,0.5204521167458966
Viewpoint 1,2438,17789.807785,1.0,16167.061,1.0,16529.906,1.0,24379.33034856649,1.0
Viewpoint 1,2439,9575.430768,0.747113,9775.6836,0.8419855,13943.651,1.0,8926.024546726088,0.7301146813868096
Viewpoint 1,2440,2992.011646,0.372922,3030.2827,0.3577148,3058.4377,0.3567673,2925.3156320952035,0.3690114175457591
Viewpoint 1,2441,1602.205159,0.296342,1643.7625,0.2702476,1660.2435,0.2733945,1585.7755778941157,0.2935613466511337
Viewpoint 1,2454,888.623374,0.217537,975.91626,0.218,970.03424,0.2172700009192746,888.500725960326,0.2207524751552769
Viewpoint 1,2455,1521.600375,0.271383,1536.5438,0.257354,1554.9111,0.2552533,1522.1498264092293,0.2707400047953673
Viewpoint 1,2456,2690.51797,0.338511,2702.2729,0.3296453,2735.1785,0.3269317,2659.808957162161,0.3399613041440619
Viewpoint 1,2457,6042.142924,0.530869,6260.3691,0.5376126,6247.0757,0.5312622,5819.612566961267,0.5206855157166653
Viewpoint 1,2458,8000.385039,0.654154,7428.645,0.6050346,7873.4233,0.6263893,6844.176391072148,0.5807688742723277
Viewpoint 1,2459,5864.744797,0.524694,5804.4932,0.515232,5868.0908,0.5146176,5823.64858913875,0.5265176293901157
Viewpoint 1,2460,6408.1151,0.556987,6353.3242,0.5479826,6416.896,0.5474105,6326.729503725857,0.5569515773797753
Viewpoint 1,2461,6472.626001,0.561953,6465.7935,0.5555012,6527.1245,0.5548193,6379.612997098355,0.5617616150054027
Viewpoint 1,2462,5955.675622,0.533896,6017.0566,0.5308087,6071.9072,0.5296991,5903.077539748292,0.5370037322795104
Viewpoint 1,2463,4877.380963,0.472996,4966.397,0.4713027,5009.8027,0.4697414,4849.2018285497015,0.4800217506967523
Viewpoint 1,2464,3478.561851,0.393567,3535.4058,0.3889679,3566.9285,0.3887319,3396.050787310685,0.3997849416531184
Viewpoint 1,2465,4944.033343,0.571549,4778.6123,0.469804,6898.5508,0.6375368,4257.657345595868,0.4744410939175941
Viewpoint 1,2478,433.619576,0.184453,464.44348,0.1862628,465.94931,0.187351194733212,427.4658733850455,0.1850922467677021
Viewpoint 1,2479,868.310193,0.210038,877.34711,0.2105003,887.61407,0.2121029064872869,872.6918503005306,0.2112270116126411
Viewpoint 1,2480,2304.243283,0.318103,2385.7615,0.3100937,2428.0994,0.3083896,2201.085642102284,0.3141584848984391
Viewpoint 1,2481,2252.681801,0.313598,2257.5945,0.3032367,2283.8308,0.3007759,2240.321759437095,0.3162861581924804
Viewpoint 1,2482,4039.442796,0.414281,3953.5808,0.4018404,4077.1445,0.4051145,3795.791628050301,0.4036055589745174
Viewpoint 1,2483,3229.189023,0.37159,3237.2012,0.3639037,3273.72,0.3618239,3219.870053799144,0.3747816266354072
Viewpoint 1,2484,6273.535262,0.557423,5801.5889,0.5254919,6425.5615,0.5453735,5461.536449634919,0.501473686456365
Viewpoint 1,2485,7691.262153,0.642,8209.2793,0.6741315,8033.3218,0.6413809,6292.552952845567,0.5538539395208744
Viewpoint 1,2486,8438.006262,0.708714,9353.666,0.781014,8215.3467,0.660624,10236.043732226764,0.8640512228189429
Viewpoint 1,2487,6038.49183,0.544429,6172.6953,0.5756074,7325.0088,0.6218123,5859.138511111844,0.553008725839255
Viewpoint 1,2488,1521.956155,0.276728,1537.0704,0.2575203,1553.6071,0.2555386,1507.7851779005612,0.2761391657194489
Viewpoint 1,2489,799.703965,0.218986,811.15942,0.2066151,819.94214,0.2081305322999113,799.0088578553886,0.2069018199561113
Viewpoint 1,2502,609.536835,0.194919,662.25946,0.1978746,661.67657,0.1988403771457373,601.385398510486,0.1953013228925655
Viewpoint 1,2503,1266.816794,0.253958,1277.3245,0.2378231,1292.4327,0.2376096,1267.9771902927075,0.251955415240306
Viewpoint 1,2504,2238.061691,0.312308,2249.9089,0.3025444,2276.6824,0.3001379,2218.227158557837,0.3144091763753853
Viewpoint 1,2505,3215.043238,0.370115,3218.4932,0.3622394,3256.6548,0.3602103,3195.49512290345,0.3720586080728647
Viewpoint 1,2506,5128.958684,0.474981,4888.8809,0.4557306,5112.6938,0.4642512,4614.901991055492,0.4490711239020423
Viewpoint 1,2507,4731.353524,0.459295,4704.3643,0.450888,4756.4756,0.4496408,4699.582725657901,0.4613721453155531
Viewpoint 1,2508,8813.04897,0.723517,7361.1362,0.6407244,8884.7979,0.6910719,6882.6686331587225,0.5848453116706142
Viewpoint 1,2509,11104.454229,0.853641,12327.641,0.9381431,11690.621,0.8570824,7890.57352989537,0.6477394859255278
Viewpoint 1,2510,12857.462343,0.99163,12953.371,0.985929,12009.342,0.8888175,17608.526485206065,1.0
Viewpoint 1,2511,7736.544702,0.641343,7945.8853,0.7126744,10819.125,0.838186,7366.384558186731,0.6411601582411172
Viewpoint 1,2512,2522.694923,0.342633,2555.9119,0.3271118,2580.9272,0.3251218,2483.204958514929,0.340172787239777
Viewpoint 1,2513,1357.31409,0.276886,1386.611,0.2501204,1400.8677,0.2526738,1348.1961784835703,0.2746211470720803
Viewpoint 1,2526,728.019977,0.203147,794.33124,0.2063677,792.08398,0.2064952625378645,729.2755348695191,0.2028084738968407
Viewpoint 1,2527,2017.358328,0.304006,2120.313,0.2922818,2150.5894,0.2894074,1992.452481615984,0.3019542444100277
Viewpoint 1,2528,2582.371644,0.332523,2601.1174,0.3237566,2632.5132,0.3209597,2562.012737162201,0.3343973776109435
Viewpoint 1,2529,3702.779193,0.398375,3703.0115,0.3905677,3747.6838,0.3888769,3665.587835119528,0.3995697738854061
Viewpoint 1,2530,6000.740365,0.531173,5811.6382,0.5098891,6091.5342,0.5219333,5397.015863582742,0.4955445587559517
Viewpoint 1,2531,7151.672879,0.604464,7331.396,0.5989009,7383.9888,0.598304,6436.780424519996,0.5563321463509654
Viewpoint 1,2532,5987.509155,0.532668,5945.3115,0.5241114,6005.9277,0.523362,5923.26563144628,0.5335719869652739
Viewpoint 1,2533,6005.859913,0.534798,6009.6113,0.5286881,6068.2495,0.5278426,5940.000449310832,0.5360667323121516
Viewpoint 1,2534,15901.414597,1.0,18060.758,1.0,14512.479,1.0,22929.34029809999,1.0
Viewpoint 1,2535,4518.663651,0.451406,4575.644,0.4477565,4617.292,0.4461438,4479.904735726968,0.4573854687200335
Viewpoint 1,2536,3196.976383,0.376303,3245.4446,0.3710147,3275.4194,0.3703562,3132.2285631561044,0.3826112211329976
Viewpoint 1,2537,3877.270827,0.467434,3993.8984,0.4219711,6407.9277,0.6188267,3490.377539659655,0.429086697756577
Viewpoint 1,2549,0.0,0.159,0.0,0.159,0.0,0.0,1.6020410026129388e-05,0.160000000940398
Viewpoint 1,2550,774.694413,0.208006,838.01331,0.2089347,838.32666,0.2092097208845116,763.7334730266307,0.2048311548666632
Viewpoint 1,2551,1293.823008,0.256244,1303.2152,0.2402037,1318.6295,0.2391495,1293.585419752852,0.2548811253686055
Viewpoint 1,2552,3384.838772,0.378723,3440.322,0.371819,3489.3447,0.3695477,3140.6091277990186,0.3671525453572249
Viewpoint 1,2553,4646.230885,0.449182,4729.1045,0.447366,4782.3018,0.4456156,4344.732035145771,0.436323103004542
Viewpoint 1,2554,4087.413592,0.421356,4086.0723,0.4135686,4133.4653,0.41273,4104.404036742304,0.4259976810819831
Viewpoint 1,2555,4727.130336,0.459112,4711.9307,0.4513549,4764.0923,0.4501087,4709.195870582456,0.4619860224235013
Viewpoint 1,2556,5052.989966,0.478416,5040.9971,0.4710371,5094.1841,0.4698715,5011.9118180984615,0.4804023194083885
Viewpoint 1,2557,4995.321739,0.475722,4997.6226,0.4690443,5048.7837,0.4677867,4943.362103721239,0.4774437194226878
Viewpoint 1,2558,13997.131571,1.0,12095.703,0.928936,13514.904,0.9753473,20330.49414118535,1.0
Viewpoint 1,2559,9063.787206,0.718341,9163.0566,0.7795719,12562.378,0.9423774,8584.402355557795,0.7125615598364635
Viewpoint 1,2560,2545.578728,0.344196,2583.3801,0.3287844,2608.7263,0.3268097,2511.1741859466483,0.3419987032686963
Viewpoint 1,2561,1381.009153,0.278813,1417.4663,0.2538207,1432.1195,0.2545865,1379.504159997658,0.2768817880975284
Viewpoint 1,2573,0.0,0.159,0.0,0.159,0.0,0.0,1.6026570064493097e-05,0.1600000009407596
Viewpoint 1,2574,803.158496,0.211038,868.04364,0.2107043,869.16779,0.2110201100486368,793.0022385682648,0.2065492314039571
Viewpoint 1,2575,1284.283382,0.25554,1293.2928,0.2387603,1308.5793,0.2385584,1283.8629612426455,0.2537278972443646
Viewpoint 1,2576,2231.953116,0.312088,2243.7649,0.3022026,2270.4045,0.2997852,2212.4550746049963,0.3141412133849205
Viewpoint 1,2577,3167.469327,0.367399,3179.042,0.3599609,3216.6084,0.3578995,3146.167882013682,0.369522701999823
Viewpoint 1,2578,6100.119479,0.533938,5850.5591,0.5131947,6068.9902,0.5214512,5585.725943421207,0.5070760527071738
Viewpoint 1,2579,4648.450162,0.454561,4627.6704,0.4464241,4678.9414,0.4451302,4624.220440600724,0.4570637444562747
Viewpoint 1,2580,4939.640893,0.471994,4931.8931,0.4646337,4984.1519,0.4634167,4903.268714164044,0.4740726826389898
Viewpoint 1,2581,12676.829901,0.943433,13722.279,1.0,13022.175,0.9351034,9191.071114084354,0.7248619391076466
Viewpoint 1,2582,13147.174462,0.987727,13825.664,1.0,13149.285,0.9526995,19820.014768806926,1.0
Viewpoint 1,2583,3542.130902,0.393093,3588.1973,0.3881123,3623.5093,0.3862439,3526.865569882726,0.39852064186809
Viewpoint 1,2584,2481.323426,0.33998,2513.8811,0.3244753,2538.7603,0.322434,2446.161760680476,0.3377528227520683
Viewpoint 1,2585,1357.052001,0.276468,1386.3539,0.2500635,1400.7601,0.2524846,1351.1027444258891,0.2744617133003993
Viewpoint 1,2597,0.0,0.159,0.0,0.159,0.0,0.0,1.6032775188922064e-05,0.1600000009411239
Viewpoint 1,2598,584.790722,0.19379,663.2323,0.1979317,656.85321,0.1985572439559235,594.4583720056105,0.1948947064367293
Viewpoint 1,2599,1207.304865,0.24808,1284.2161,0.2379146,1317.8839,0.2375668,1101.949014507769,0.2459973080155831
Viewpoint 1,2600,2129.816466,0.308713,2185.78,0.2992975,2226.248,0.2915017,1818.0249575896023,0.2854972730400771
Viewpoint 1,2601,3576.778204,0.386611,3866.0874,0.3959621,3877.2092,0.3907059,3265.6919043583607,0.3755932434398195
Viewpoint 1,2602,4780.607146,0.458062,4528.9512,0.4329202,4801.4346,0.4447071,4057.47031065073,0.4175765859523003
Viewpoint 1,2603,4345.855194,0.431188,4913.0283,0.4526111,4939.4287,0.4513511,3757.688042966797,0.3973504807516504
Viewpoint 1,2604,7233.536295,0.671767,5413.0728,0.5879307,8091.3452,0.6553573,4799.496333009062,0.4695276118036089
Viewpoint 1,2605,10992.206304,0.878166,17283.842,1.0,11700.481,0.8635675,5220.935280994433,0.4949746573937847
Viewpoint 1,2606,11328.001345,0.919459,13249.119,1.0,11210.349,0.8521031,23230.099161115668,1.0
Viewpoint 1,2607,6444.228698,0.561619,6610.6636,0.6699456,11693.992,0.9097884,5869.17033786906,0.5509328846291089
Viewpoint 1,2608,54236.762691,1.0,27985.623,1.0,23885.617,1.0,3455.7443217497503,0.4207667333409915
Viewpoint 1,2609,3491.995113,0.505959,3772.2373,0.3983721,6265.5166,0.6248165,2536.312009262629,0.3774175544355062
Viewpoint 1,2621,0.0,0.159,0.0,0.159,0.0,0.0,1.6039009095881454e-05,0.1600000009414898
Viewpoint 1,2622,184.205995,0.169813,184.90623,0.169854,187.08846,0.1709818486321892,184.5077172170989,0.1708306030006437
Viewpoint 1,2623,544.650313,0.190971,548.09161,0.191173,554.47021,0.1925473741335621,542.3442931044391,0.1918356100052305
Viewpoint 1,2624,950.535562,0.219708,957.17651,0.215486,968.24884,0.2168362009576055,945.401758699307,0.2154950832356493
Viewpoint 1,2625,1339.728392,0.260517,1349.9019,0.2428996,1365.4689,0.2440219,1334.782825790508,0.2598688458569815
Viewpoint 1,2626,1666.131478,0.281696,1679.0483,0.2658823,1698.3522,0.2640094,1681.1520970458223,0.2828258522760259
Viewpoint 1,2627,1889.578636,0.295206,1900.6918,0.2820126,1922.4463,0.2772578,1887.750159994241,0.2958821617422035
Viewpoint 1,2628,1952.230074,0.299099,1960.8469,0.2857989,1983.2283,0.2808499,1940.707935036388,0.2991674583706923
Viewpoint 1,2629,1859.607455,0.293546,1871.7085,0.2803522,1893.0822,0.2755566,1851.3372348604312,0.2938817552278988
Viewpoint 1,2630,1621.294978,0.27923,1629.3157,0.2629836,1647.9478,0.2610852,1613.7710440557066,0.2791647147718032
Viewpoint 1,2631,1254.841743,0.254903,1263.4672,0.2369464,1277.9331,0.2367614,1249.6800539812446,0.2530764140221647
Viewpoint 1,2632,846.103982,0.208698,852.38043,0.2090347,862.1452,0.2106079118701146,841.1420009466732,0.2093750354555697
Viewpoint 1,2633,455.598339,0.185744,460.08246,0.1860068,465.33176,0.1873149883998865,451.2321117144471,0.186487324957638
Viewpoint 1,2645,0.0,0.159,0.0,0.159,0.0,0.0,1.6045256316192317e-05,0.1600000009418565
Viewpoint 1,2646,155.489121,0.168127,156.26761,0.1681729,158.11258,0.1692810413450983,155.9640103615707,0.1691550874082242
Viewpoint 1,2647,474.625678,0.186861,478.19354,0.18707,483.75577,0.188396486017319,473.272639614793,0.1877811039453883
Viewpoint 1,2648,840.10182,0.208323,846.22968,0.2086737,856.01074,0.2102478137294016,835.8939051048571,0.2090669722296551
Viewpoint 1,2649,1189.304789,0.247077,1197.3884,0.2321673,1211.1921,0.2328215,1183.9711389578413,0.2455839018251172
Viewpoint 1,2650,1486.235518,0.270493,1498.2881,0.2551619,1515.5243,0.2530841,1500.1264830033067,0.2712135780465297
Viewpoint 1,2651,1670.807063,0.281889,1677.0542,0.2657376,1696.2908,0.2638725,1665.4865966254026,0.2819556940975061
Viewpoint 1,2652,1729.058138,0.28543,1735.4777,0.2692006,1755.3545,0.2673614,1717.5740402010333,0.2854090923030776
Viewpoint 1,2653,1646.413541,0.280616,1657.6833,0.2646141,1676.7002,0.2627382,1639.7055933582942,0.2804722505105792
Viewpoint 1,2654,1414.895855,0.265946,1426.3839,0.2481655,1442.8007,0.2486355,1413.0189283141517,0.2654953565364844
Viewpoint 1,2655,1107.161741,0.237471,1116.5925,0.2253552,1129.4686,0.2277329,1104.7527081371124,0.2385711717965784
Viewpoint 1,2656,744.065293,0.202677,748.70679,0.2029491,757.34949,0.2044564425192472,739.3388176516551,0.2033991885961521
Viewpoint 1,2657,396.713706,0.182287,400.11725,0.1824869,404.71661,0.1837568853454425,393.00864851695496,0.1830696076679452
Viewpoint 1,2669,0.0,0.159,0.0,0.159,0.0,0.0,1.605150236333547e-05,0.1600000009422232
Viewpoint 1,2670,318.154984,0.177676,346.92703,0.1793646,339.45349,0.179925885650961,334.7087292590658,0.1796474024075071
Viewpoint 1,2671,978.627087,0.230235,1053.5717,0.2208447,1092.9781,0.2241579,898.5585257529854,0.2206267128029516
Viewpoint 1,2672,1973.007304,0.300371,2008.5568,0.2839956,2006.0199,0.2778369,1586.2367529309213,0.2685566639839343
Viewpoint 1,2673,2644.450331,0.32741,2968.4905,0.3397047,3008.1956,0.3366585,2289.6245843121715,0.3209240367203749
Viewpoint 1,2674,3651.800094,0.390043,3359.2234,0.3608546,3645.9453,0.3743621,2813.5038694118325,0.3413352002849096
Viewpoint 1,2675,3587.058679,0.38409,4018.575,0.3986467,4035.3535,0.3975922,3083.43238270461,0.3567966414307093
Viewpoint 1,2676,5992.755862,0.604777,4334.6211,0.53721,6876.728,0.588006,3809.366451596278,0.4158601069247197
Viewpoint 1,2677,9473.212222,0.796355,13200.674,1.0,9812.9844,0.754376,3983.828673802837,0.4259895429607362
Viewpoint 1,2678,9365.846615,0.815083,10200.6,0.8502472,9062.7871,0.7268457,21941.144668904675,1.0
Viewpoint 1,2679,3788.607154,0.398429,3726.0403,0.5340729,9241.916,0.7838653,3160.270443522982,0.3846711606013314
Viewpoint 1,2680,53501.0548,1.0,114085.68,1.0,23108.318,1.0,2287.34855070328,0.3454727669420673
Viewpoint 1,2681,2902.854469,0.526609,2335.3091,0.3057027,7520.2622,0.7094429,1518.0966334909613,0.3137383622283601
Viewpoint 1,2693,0.0,0.159,0.0,0.159,0.0,0.0,1.6057733810664457e-05,0.1600000009425889
Viewpoint 1,2694,524.384652,0.189788,564.53644,0.1921383,564.58087,0.1931408517064292,530.0586837017764,0.1911144447332942
Viewpoint 1,2695,1361.268083,0.262754,1496.3055,0.2513708,1530.9531,0.2515831,1313.9488476576748,0.2613047702791288
Viewpoint 1,2696,2393.956675,0.32482,2506.4768,0.3180006,2536.2646,0.3115738,2274.715486388876,0.3211232195055425
Viewpoint 1,2697,3510.767524,0.383581,3722.4004,0.3865933,3767.7158,0.3847209,3267.903587203548,0.3752988152514628
Viewpoint 1,2698,4296.378807,0.424971,4080.5139,0.4067376,4298.0796,0.4152273,3685.957336555727,0.3963594083853522
Viewpoint 1,2699,4379.357,0.429369,4584.7412,0.4346206,4617.4707,0.4329913,3836.603452337136,0.402604539657162
Viewpoint 1,2700,7149.316174,0.642026,6137.416,0.5943701,7921.4858,0.6385926,5665.76672280807,0.5158602119429143
Viewpoint 1,2701,10363.452115,0.827097,13248.529,1.0,10696.791,0.8004086,6325.726550898684,0.5569494317483078
Viewpoint 1,2702,10763.42007,0.871294,10901.9,0.8711277,10707.268,0.8118138,21072.77643410035,1.0
Viewpoint 1,2703,5570.562605,0.511479,5886.6357,0.6334695,11287.066,0.8936811,5213.9730571610535,0.5120652377920688
Viewpoint 1,2704,52529.061811,1.0,96076.625,1.0,25303.205,1.0,5879.545698300514,0.6170180627853129
Viewpoint 1,2705,3997.010819,0.557605,3466.1255,0.3859891,7889.3911,0.721157,2768.6033878988,0.3901532591654677
Viewpoint 1,2717,0.0,0.159,0.0,0.159,0.0,0.0,1.6063938284029837e-05,0.1600000009429532
Viewpoint 1,2718,650.930198,0.19975,717.35028,0.2011085,717.18335,0.2020986693942015,661.7353114668072,0.1988438627831016
Viewpoint 1,2719,1371.341938,0.262375,1519.1818,0.2525675,1557.9198,0.2530541,1325.313550546022,0.2614310848371057
Viewpoint 1,2720,2676.01848,0.338005,2784.4268,0.3348123,2806.002,0.3287287,2545.830327553317,0.3360720302907001
Viewpoint 1,2721,2995.618379,0.350846,3274.3396,0.3579475,3329.1096,0.3567736,2729.7783792191303,0.345042483710046
Viewpoint 1,2722,4093.262763,0.413372,3869.1606,0.392967,4102.6567,0.4022374,3425.878375219196,0.378976254708522
Viewpoint 1,2723,4643.986118,0.446176,4851.5322,0.4497508,4881.1665,0.4481634,3986.879391331716,0.4111771564111462
Viewpoint 1,2724,6769.621896,0.635156,5547.3325,0.5878561,7978.6162,0.6472523,5018.485856237846,0.481994091170154
Viewpoint 1,2725,10861.636161,0.869622,14072.72,1.0,10859.039,0.8124633,5450.190609592149,0.5082855791104476
Viewpoint 1,2726,11062.842682,0.889947,10223.558,0.8432919,11135.219,0.8378506,23386.43908689815,1.0
Viewpoint 1,2727,5368.257596,0.502422,5463.2271,0.5014756,5511.5049,0.5002773,5352.73614660606,0.5121977702068935
Viewpoint 1,2728,4013.278714,0.426273,4060.4304,0.4215847,4096.8555,0.4221315,3864.6040680253177,0.4311079030941492
Viewpoint 1,2729,3929.706489,0.562724,3434.9431,0.3837069,8115.5928,0.7357051,2739.727205686386,0.3891591652022825
Viewpoint 1,2741,0.0,0.159,0.0,0.159,0.0,0.0,1.6070104398620334e-05,0.1600000009433151
Viewpoint 1,2742,375.531352,0.181044,400.28006,0.1824964,395.42297,0.1832113455013587,394.9508544352999,0.1831836151553521
Viewpoint 1,2743,1001.745109,0.227241,1094.3781,0.2236362,1134.3119,0.2265842,976.2951576769784,0.2307179553329252
Viewpoint 1,2744,1953.374592,0.297393,2009.7809,0.2834886,2003.1786,0.2776861,1805.6398051159936,0.2947341350275703
Viewpoint 1,2745,2631.950615,0.32721,2907.8213,0.3361267,2962.1768,0.3340951,2327.434557748377,0.3227605616170957
Viewpoint 1,2746,3660.360853,0.387536,3417.4236,0.3645177,3652.5115,0.3748111,2932.460933767668,0.3488107265916774
Viewpoint 1,2747,3926.220143,0.418746,4059.7227,0.4013669,4093.1331,0.4010723,3217.765473877926,0.3649275300391211
Viewpoint 1,2748,5711.352969,0.585482,4473.7222,0.5389699,6824.7007,0.5829198,3977.78925665212,0.4248598029545615
Viewpoint 1,2749,9372.942635,0.791234,12906.537,1.0,9326.9434,0.7243187,4148.157879921449,0.435041521769044
Viewpoint 1,2750,8366.613427,0.754475,8068.5669,0.7350963,8581.2305,0.6942121,3357.05151485379,0.3834767419393696
Viewpoint 1,2751,3831.388984,0.403881,3875.8662,0.5396177,9542.1348,0.8038325,3388.794909827436,0.3997073867933222
Viewpoint 1,2752,52717.353746,1.0,46664.977,1.0,24170.906,1.0,3605.463276081093,0.5185621435345543
Viewpoint 1,2753,3732.034393,0.589953,5128.6724,0.4851068,8543.4395,0.7706416,1677.6163787936566,0.3233465680705493
Viewpoint 1,2765,0.0,0.159,0.0,0.159,0.0,0.0,1.6076221684703875e-05,0.1600000009436742
Viewpoint 1,2766,1074.988735,0.237209,1147.3878,0.2313132,1151.3813,0.228915,1083.9574494175138,0.2413818086375146
Viewpoint 1,2767,1718.442685,0.281122,1735.9625,0.2691233,1756.7245,0.2672691,1708.0697038642925,0.2833083940384748
Viewpoint 1,2768,2877.814743,0.349895,2900.5232,0.3422121,2935.7078,0.3395729,2857.726623488584,0.3517630999754909
Viewpoint 1,2769,4029.941165,0.417522,4048.5227,0.4108495,4097.6343,0.4093668,4012.226365467287,0.4198618644330794
Viewpoint 1,2770,5132.190328,0.481961,5095.1431,0.4733068,5154.9868,0.4724415,5145.393304062814,0.4865116654127396
Viewpoint 1,2771,6032.60558,0.534404,5935.2837,0.5230938,5999.9155,0.5225218,5990.43917541689,0.5366525979752835
Viewpoint 1,2772,6513.763341,0.563224,6446.9785,0.5536628,6512.0381,0.5531479,6463.363174715593,0.5653984709875249
Viewpoint 1,2773,14646.142408,1.0,14266.337,1.0,14584.916,1.0,9814.56613122577,0.7622170819440147
Viewpoint 1,2774,6063.251052,0.540252,6115.4053,0.5368683,6173.0879,0.5358554,5985.569308531999,0.5429776241661243
Viewpoint 1,2775,9648.572223,0.750815,9803.9932,0.8161689,15019.024,1.0,9288.801620128394,0.7542543022009023
Viewpoint 1,2776,3737.941053,0.409503,3795.938,0.4051594,3830.9023,0.4052615,3625.820971092692,0.4153898616727418
Viewpoint 1,2777,5866.638667,0.65223,7139.4102,0.6022418,9894.0215,0.8322814,4341.439392609717,0.4812346900583466
Viewpoint 1,2789,0.0,0.159,0.0,0.159,0.0,0.0,1.6082280494741166e-05,0.1600000009440298
Viewpoint 1,2790,404.184281,0.182726,407.21976,0.1829038,412.02469,0.1841858455084825,405.4459325498363,0.1837996762406754
Viewpoint 1,2791,1082.432475,0.233478,1090.0538,0.223828,1102.8378,0.2261627,1076.498771881737,0.2336084421953222
Viewpoint 1,2792,1830.550015,0.291169,1847.0526,0.2786763,1868.6616,0.2740508,1824.185054955261,0.2913283736313385
Viewpoint 1,2793,2568.319051,0.33225,2581.1047,0.3238805,2611.1152,0.320174,2553.5692974347658,0.3351078345977996
Viewpoint 1,2794,3215.181225,0.370587,3217.4766,0.3626219,3254.3604,0.360543,3227.148341444088,0.3749762837127926
Viewpoint 1,2795,3648.701718,0.396113,3650.042,0.3882993,3690.957,0.3864107,3637.6595505490936,0.399486489698312
Viewpoint 1,2796,3819.96704,0.4064,3824.72,0.3987581,3866.7544,0.3977368,3796.5982128198384,0.4092442336642552
Viewpoint 1,2797,3706.189444,0.39994,3711.8298,0.39236,3752.1326,0.3912924,3675.5181084931137,0.4026710702471029
Viewpoint 1,2798,3283.14854,0.375794,3304.8159,0.3687955,3340.3208,0.3666901,3249.95446665597,0.3786599129580901
Viewpoint 1,2799,2638.651981,0.338398,2658.9895,0.3311734,2687.2422,0.3282913,2624.093327171139,0.342840533080443
Viewpoint 1,2800,1850.272915,0.298337,1869.5574,0.2813483,1889.4327,0.2788011,1817.6367959894287,0.2967079078611414
Viewpoint 1,2801,1038.034532,0.246281,1052.5901,0.220787,1064.027,0.2224583,1020.5764712369788,0.2426194148127432
Viewpoint 1,2813,0.0,0.159,0.0,0.159,0.0,0.0,1.6088271918302256e-05,0.1600000009443815
Viewpoint 1,2814,644.53011,0.198694,708.9422,0.2006149,709.09845,0.2016240474435349,655.053338811023,0.198451630988207
Viewpoint 1,2815,1094.227585,0.232225,1239.901,0.2346803,1279.9884,0.2353364,1112.417953039513,0.2438956253785992
Viewpoint 1,2816,2586.345781,0.333429,2704.2161,0.329303,2721.4021,0.3223752,2490.3165865809874,0.3334352807770628
Viewpoint 1,2817,2922.22352,0.345698,3087.9712,0.3470177,3181.27,0.3476547,2645.690259613143,0.3414987208980883
Viewpoint 1,2818,3945.729821,0.404004,3711.6433,0.3826759,3909.2542,0.3906291,3333.1231273503668,0.3734685948211023
Viewpoint 1,2819,4412.210868,0.438252,4553.0874,0.4320867,4610.5884,0.4321227,3829.720104549777,0.4017979831121439
Viewpoint 1,2820,6526.187281,0.604761,5844.9941,0.5931906,7901.5366,0.6392368,5406.278479995087,0.5035867152359044
Viewpoint 1,2821,7246.620502,0.606964,7216.5435,0.5999072,7285.0303,0.5995632,7149.520894078101,0.6078146507871951
Viewpoint 1,2822,8784.335127,0.749125,7801.3398,0.7136276,10041.885,0.77117,5480.164017072602,0.5138378277058537
Viewpoint 1,2823,4850.195749,0.46738,4806.8081,0.5656552,10461.959,0.8548279,4273.87179445088,0.455318338384202
Viewpoint 1,2824,53016.621985,1.0,78775.742,1.0,24851.613,1.0,4403.902703730161,0.5519851270804997
Viewpoint 1,2825,5212.504469,0.679477,4123.4082,0.5902202,9268.4814,0.8098851,2251.5964833396374,0.3606848139142414
Viewpoint 1,2837,0.0,0.159,0.0,0.159,0.0,0.0,1.6094187707539452e-05,0.1600000009447288
Viewpoint 1,2838,660.491676,0.200527,724.29163,0.2015159,725.38507,0.2025801041140395,670.4635037321495,0.1993562076690772
Viewpoint 1,2839,1810.137273,0.286624,1830.265,0.2746779,1852.2003,0.2728732,1799.90767820091,0.2889502731723177
Viewpoint 1,2840,2552.007958,0.331283,2676.5935,0.3274196,2698.9521,0.3211992,2486.7200749417207,0.3328984556915859
Viewpoint 1,2841,2689.946002,0.332321,2883.5024,0.3350747,2972.4456,0.3355055,2489.009106507102,0.3309843622032641
Viewpoint 1,2842,4400.49288,0.432326,4240.5649,0.4164652,4414.1699,0.4222556,3936.413154725083,0.4107527777150406
Viewpoint 1,2843,4171.778321,0.417436,4304.2681,0.4175483,4363.8101,0.4176535,3612.732558459775,0.3888484910101408
Viewpoint 1,2844,5584.790322,0.549731,5015.7271,0.5562917,7063.4399,0.5919847,4659.034367712268,0.4616692291420238
Viewpoint 1,2845,7480.475248,0.662087,12464.344,0.9708269,9320.9209,0.7204419,4443.791095278917,0.4413893719347791
Viewpoint 1,2846,7120.184999,0.660396,6726.3525,0.6602595,8746.9717,0.6966572,4312.47428781129,0.4435448522438698
Viewpoint 1,2847,4914.221863,0.469554,4883.4116,0.5643026,10513.701,0.8577723,4381.090643850419,0.4621319319612927
Viewpoint 1,2848,52618.327274,1.0,45889.691,1.0,24936.248,1.0,4511.0081334588185,0.5567909921975797
Viewpoint 1,2849,6516.811803,0.76513,5226.0889,0.7335616,9943.4844,0.8464418,2861.81209196039,0.3972747722797878
Viewpoint 1,2861,0.0,0.159,0.0,0.159,0.0,0.0,1.6100020175067656e-05,0.1600000009450712
Viewpoint 1,2862,908.491939,0.223771,962.90179,0.216226,969.80627,0.2170533009233961,906.6432803908556,0.2212197657342601
Viewpoint 1,2863,2044.834991,0.303583,2152.0679,0.2970145,2175.7473,0.2938651,2029.173842750748,0.3048840587920971
Viewpoint 1,2864,2079.343126,0.303321,2092.6206,0.293363,2117.2166,0.2888924,2066.133387377555,0.305775441482789
Viewpoint 1,2865,2905.418366,0.352111,2915.458,0.3435757,2949.4983,0.3418826,2885.491273771172,0.3545766818872647
Viewpoint 1,2866,5586.01149,0.50375,5455.8901,0.4903197,5583.1235,0.4935834,5330.745473219958,0.4926533233760923
Viewpoint 1,2867,4127.421547,0.424151,4124.0029,0.416224,4169.9331,0.4153605,4118.411898636686,0.4277392199673497
Viewpoint 1,2868,4350.433582,0.437428,4336.9028,0.4296317,4383.9614,0.4282,4312.9357162666265,0.4396850665723504
Viewpoint 1,2869,8884.856672,0.70039,9192.9531,0.7246593,10576.292,0.7904855,8343.680173659788,0.6762964299248138
Viewpoint 1,2870,3787.204532,0.405695,3812.6968,0.3997985,3852.8591,0.3980345,3749.3284760255615,0.4087244405300884
Viewpoint 1,2871,3078.975743,0.364994,3112.3428,0.3584738,3144.6482,0.3563309,3070.2682633869968,0.3704447694242695
Viewpoint 1,2872,2192.636963,0.320748,2217.051,0.3040169,2240.1179,0.3034741,2151.02831995659,0.318422237770725
Viewpoint 1,2873,7729.793907,0.815158,5935.1675,0.7546362,10607.525,0.87655,4230.572201379774,0.4747371321684915
Viewpoint 1,2885,0.0,0.159,0.0,0.159,0.0,0.0,1.6105762116869205e-05,0.1600000009454082
Viewpoint 1,2886,680.397577,0.202644,748.39838,0.202931,749.96844,0.2040230697794497,693.439568851584,0.2012765240772203
Viewpoint 1,2887,1854.841368,0.289373,1872.3241,0.2771547,1894.7775,0.2754075,1840.9221888757504,0.291718650662188
Viewpoint 1,2888,3032.947324,0.358939,3048.5352,0.3509029,3085.6338,0.3483518,3002.715849621193,0.3603113566583485
Viewpoint 1,2889,3353.740227,0.374218,3496.4055,0.3737425,3595.9163,0.3745527,3195.3535132138186,0.3717894547952594
Viewpoint 1,2890,4374.317061,0.430571,4213.3003,0.41492,4371.7505,0.419796,3931.219138401292,0.4104711930598456
Viewpoint 1,2891,4315.941597,0.426635,4418.9521,0.4243623,4490.4531,0.4250783,3827.789125095516,0.4013672010740896
Viewpoint 1,2892,6025.97159,0.548947,5622.3447,0.57194,7466.1001,0.610985,5491.484816477596,0.5075461248891551
Viewpoint 1,2893,5341.052431,0.492049,5545.3877,0.5653462,9030.2695,0.7021898,4481.642693370565,0.444096304649178
Viewpoint 1,2894,5951.30428,0.574491,6453.1885,0.6425759,8422.8223,0.6756765,4389.1860115740665,0.448479765182577
Viewpoint 1,2895,6081.145171,0.540676,6140.5786,0.6113671,11480.066,0.9082392,5662.774003003845,0.5404529548615389
Viewpoint 1,2896,52948.810685,1.0,28059.479,1.0,24980.357,1.0,4612.532886081624,0.5614557515792737
Viewpoint 1,2897,6862.297324,0.784245,3569.4626,0.6674268,10404.24,0.8732626,2908.449947676096,0.400035281770025
Viewpoint 1,2909,0.0,0.159,0.0,0.159,0.0,0.0,1.6111406742233568e-05,0.1600000009457395
Viewpoint 1,2910,1155.052567,0.250144,1219.4648,0.2359318,1231.5277,0.2358981,1150.0569355062498,0.2480999462035073
Viewpoint 1,2911,2356.998771,0.320523,2495.0249,0.3170469,2523.1909,0.314189,2341.3603941242604,0.322615435457519
Viewpoint 1,2912,2414.823962,0.322917,2430.429,0.3138502,2459.2393,0.3109042,2398.488619076613,0.3252252110747323
Viewpoint 1,2913,3353.279917,0.378247,3365.8843,0.3710252,3405.5281,0.3690702,3333.6157407266865,0.3807629945105029
Viewpoint 1,2914,4211.122481,0.428689,4198.4531,0.4202898,4246.7407,0.4194986,4224.614846951537,0.4333283803928908
Viewpoint 1,2915,4843.018848,0.465804,4797.6489,0.4565325,4850.5884,0.4553171,4809.140977952165,0.4681471756432732
Viewpoint 1,2916,9357.126844,0.730379,9261.5273,0.7445263,10646.158,0.7941061,9024.789106158009,0.7136929542252461
Viewpoint 1,2917,5036.768631,0.478171,5035.7607,0.4714077,5088.0532,0.4701831,4982.638348609139,0.4802553760755068
Viewpoint 1,2918,4570.788027,0.451885,4596.126,0.4465333,4643.0093,0.4450145,4518.273227836599,0.4550096934079036
Viewpoint 1,2919,9700.605572,0.753938,9667.9453,0.7818882,14074.492,1.0,9349.088441125916,0.7588854192803838
Viewpoint 1,2920,2710.773153,0.346054,2744.4827,0.3385773,2772.1321,0.3382675,2652.9774893860667,0.3512347909039843
Viewpoint 1,2921,1569.280291,0.29051,1598.0641,0.2671122,1615.3096,0.2653916,1536.353746026321,0.2877632969198389
Viewpoint 1,2933,0.0,0.159,0.0,0.159,0.0,0.0,1.6116947616154944e-05,0.1600000009460648
Viewpoint 1,2934,546.803544,0.191097,552.4906,0.1914312,559.01819,0.1928143890867376,549.365146824292,0.1922477341185859
Viewpoint 1,2935,1382.459794,0.262637,1391.6439,0.2453968,1408.0621,0.246487,1372.7072295236212,0.26186008387865
Viewpoint 1,2936,2271.144347,0.314453,2282.887,0.3045744,2309.8208,0.3021507,2253.497712480183,0.3167809936783347
Viewpoint 1,2937,3161.593991,0.36698,3167.6667,0.3594114,3204.7883,0.3573131,3136.5199606026777,0.3692584338261968
Viewpoint 1,2938,3948.842383,0.413344,3939.7539,0.40512,3984.9543,0.4041845,3960.6586466022127,0.4179668160788432
Viewpoint 1,2939,4521.564419,0.447179,4497.7798,0.4389301,4547.6094,0.4375517,4501.314829891132,0.4501939762563092
Viewpoint 1,2940,4767.432025,0.461936,4747.1812,0.4538832,4798.1499,0.4525817,4714.186082277898,0.4634132417118867
Viewpoint 1,2941,4660.818415,0.456255,4667.9478,0.4496854,4717.127,0.4482979,4616.590861952417,0.4586400098614727
Viewpoint 1,2942,4205.113311,0.430248,4229.6509,0.4246451,4273.5425,0.4230511,4160.075074023388,0.4334704524120563
Viewpoint 1,2943,3431.102652,0.386254,3472.8706,0.3811307,3508.3401,0.3792805,3425.484076381674,0.3924892445918898
Viewpoint 1,2944,2472.904171,0.339084,2503.011,0.3236742,2528.696,0.3213941,2424.9661015342367,0.3362604894053993
Viewpoint 1,2945,1435.518744,0.280149,1461.6652,0.2577105,1477.4902,0.2564505,1409.6741782732772,0.277974191708358
Viewpoint 1,2957,0.0,0.159,0.0,0.159,0.0,0.0,1.612237861396705e-05,0.1600000009463836
Viewpoint 1,2958,638.515604,0.196521,672.3147,0.1984649,679.53064,0.1998884019236815,645.4588587795164,0.1978884350103576
Viewpoint 1,2959,1417.341249,0.266691,1546.1721,0.2564491,1575.7107,0.2556025,1437.1339123674604,0.2687578535461562
Viewpoint 1,2960,2354.256406,0.321041,2425.7654,0.3113646,2467.7996,0.3079473,2378.247154229831,0.326954718860687
Viewpoint 1,2961,3113.151405,0.359984,3190.4661,0.3557223,3296.9355,0.3571472,3002.326871871209,0.3582222854446436
Viewpoint 1,2962,4178.809721,0.420515,4085.2373,0.4082081,4176.8682,0.4091138,3941.3257576074457,0.4114638437705792
Viewpoint 1,2963,4820.637509,0.4577,4935.894,0.4583531,5015.3208,0.4587941,4525.9634932038425,0.444537582182961
Viewpoint 1,2964,5511.148719,0.499566,5531.2231,0.547923,6791.2354,0.5681677,5074.375674532688,0.4781904710822399
Viewpoint 1,2965,5494.448182,0.499257,5810.2612,0.5683594,7483.8799,0.6104705,4974.276793414316,0.474771797344295
Viewpoint 1,2966,5609.989475,0.510901,5794.6191,0.6018745,7426.1533,0.6079955,5040.610888567766,0.4886083024903273
Viewpoint 1,2967,6426.366979,0.561868,6351.3662,0.6038376,10675.878,0.8547802,6007.033053060853,0.5626782737328753
Viewpoint 1,2968,3472.202045,0.392922,3519.6516,0.3879468,3553.77,0.3875031,3382.928748299647,0.3992923878709138
Viewpoint 1,2969,2060.652408,0.327242,2110.7988,0.3058629,2133.998,0.3056093,2014.4244503050088,0.3229167140586311
Viewpoint 1,2970,662.086665,0.233625,812.72009,0.2067067,829.06696,0.2256031281256164,823.5796620040621,0.2672352085804877
Viewpoint 1,2981,0.0,0.159,0.0,0.159,0.0,0.0,1.612769388682085e-05,0.1600000009466956
Viewpoint 1,2982,737.85093,0.203198,776.42621,0.2053164,784.78278,0.2060667743604147,744.6265928629098,0.2037095810010528
Viewpoint 1,2983,2348.595515,0.318189,2511.3345,0.3173107,2561.8115,0.3153431,2367.7041985638098,0.3238011453518081
Viewpoint 1,2984,2545.812458,0.329461,2609.719,0.3235241,2651.9885,0.3203154,2545.8004566884883,0.3337386579232445
Viewpoint 1,2985,4152.00587,0.42459,4151.4175,0.4169497,4201.6201,0.416197,4118.878441150553,0.4262602172414503
Viewpoint 1,2986,4346.001134,0.430323,4319.5635,0.4221041,4411.5918,0.4232148,4170.215110248041,0.423600183270721
Viewpoint 1,2987,6128.745194,0.540232,6018.3579,0.5280774,6083.8018,0.5275404,6097.300580064264,0.5431053028680815
Viewpoint 1,2988,6621.54852,0.56934,6508.2607,0.5573743,6574.3818,0.5569003,6532.081766143349,0.5697647426743299
Viewpoint 1,2989,6605.272209,0.569675,6586.0225,0.5628805,6650.7568,0.5623081,6539.755419233145,0.5722096177685351
Viewpoint 1,2990,6132.26785,0.544299,6167.8052,0.5401109,6227.2407,0.5391619,6056.23089464002,0.5476775933996318
Viewpoint 1,2991,5169.149828,0.490405,5255.0723,0.4890271,5304.2539,0.4878897,5170.832054232937,0.5014005217394992
Viewpoint 1,2992,3903.952694,0.419543,3955.0935,0.4150451,3992.8206,0.4152062,3789.350456534216,0.4261415483213444
Viewpoint 1,2993,2343.956303,0.347633,2397.4731,0.3246601,2424.3208,0.3258794,2301.41201494215,0.3438826899673198
Viewpoint 1,2994,422.244416,0.183786,576.69769,0.1928522,588.36249,0.1945368274498804,536.9250159666885,0.2388677023226367
Viewpoint 1,3005,0.0,0.159,0.0,0.159,0.0,0.0,1.6132887840636338e-05,0.1600000009470005
Viewpoint 1,3006,495.617871,0.188093,538.00787,0.1905811,543.58105,0.1919082171719848,503.7778546677032,0.1895717600689941
Viewpoint 1,3007,1251.662873,0.247434,1352.9265,0.2423815,1384.019,0.2419745,1288.143955057052,0.2577320178039958
Viewpoint 1,3008,1843.919001,0.294723,1928.7986,0.2822193,1962.4572,0.2791725,1881.4601132274347,0.297773923150102
Viewpoint 1,3009,2882.865207,0.344074,2937.543,0.33877,3097.6904,0.343306,2768.559038625822,0.3475919791134958
Viewpoint 1,3010,3678.780742,0.388126,3621.4075,0.3788386,3719.4746,0.3798532,3437.351660985332,0.379542128391736
Viewpoint 1,3011,4428.334153,0.432355,4473.3745,0.4279686,4569.9473,0.4298416,3924.128911469498,0.4074593754468739
Viewpoint 1,3012,4945.850513,0.472962,4792.5176,0.5370587,6506.5332,0.5538041,4272.38418031994,0.428553936102186
Viewpoint 1,3013,5091.468385,0.474169,5503.8008,0.5558921,7171.2563,0.591889,4634.998058621716,0.4537890271914333
Viewpoint 1,3014,4268.695807,0.434917,4403.5288,0.5148665,5353.5107,0.4859055,4085.39767998746,0.434565569992154
Viewpoint 1,3015,4309.926892,0.440992,4449.7588,0.4856323,7630.6045,0.6752977,4007.863126137214,0.4450689207819464
Viewpoint 1,3016,58810.942687,1.0,40108.977,1.0,24670.105,1.0,5027.314035839382,0.5790055942620929
Viewpoint 1,3017,21404.478493,1.0,19057.385,1.0,10845.589,0.9001982,1990.6867098370544,0.3472449123453109
Viewpoint 1,3018,219.406451,0.171879,249.02103,0.1736175,252.12527,0.1747995329054417,230.1114643200484,0.1735075429555868
Viewpoint 1,3029,0.0,0.159,0.0,0.159,0.0,0.0,1.6137955147377835e-05,0.1600000009472979
Viewpoint 1,3030,432.951949,0.184414,469.07584,0.1865347,474.02982,0.1878255400153548,439.9994181010902,0.185827965842534
Viewpoint 1,3031,1034.048686,0.227387,1095.9492,0.2246814,1123.8502,0.22597,1075.0106656432931,0.2419284491223315
Viewpoint 1,3032,1765.462055,0.284365,1755.7756,0.2695493,1788.6722,0.2654384,1844.153464889623,0.2960368638845896
Viewpoint 1,3033,2450.323174,0.317673,2469.4893,0.3110186,2623.7078,0.3146085,2345.9266014020145,0.323617453025169
Viewpoint 1,3034,3165.003731,0.356872,3078.3071,0.3453353,3165.1409,0.3467197,2920.5240473475133,0.3486227291744243
Viewpoint 1,3035,3779.334441,0.392289,3847.4966,0.3896874,3939.6887,0.3924762,3370.9748827237354,0.374290827534992
Viewpoint 1,3036,4113.843474,0.414543,4070.9478,0.4479897,5660.333,0.5050356,3573.412689801904,0.3861994086380366
Viewpoint 1,3037,4161.028526,0.417696,4340.0171,0.5010772,6143.6309,0.5319785,3710.8890065127503,0.3973636163285886
Viewpoint 1,3038,3768.035169,0.40074,4006.3516,0.490799,5438.5103,0.4905955,3516.4919053621843,0.3946382678875804
Viewpoint 1,3039,3904.64629,0.409409,3869.4106,0.4802209,8729.8418,0.7560005,3369.4050784591923,0.4019944047142988
Viewpoint 1,3040,55246.107627,1.0,84426.57,1.0,24324.75,1.0,4025.172712015043,0.537139933452415
Viewpoint 1,3041,19741.886175,1.0,22119.012,1.0,11283.962,0.9274541,1782.9200551315323,0.3340767643144477
Viewpoint 1,3042,145.244932,0.167526,151.24236,0.1678779,152.98344,0.1689798111073914,145.09664613390098,0.16851717312806
Viewpoint 1,3053,0.0,0.159,0.0,0.159,0.0,0.0,1.6142890781639764e-05,0.1600000009475877
Viewpoint 1,3054,793.499142,0.214982,855.21143,0.2100026,864.21997,0.2107297113000545,805.6854448800611,0.2207853845002398
Viewpoint 1,3055,1578.719677,0.277276,1719.4515,0.2676987,1753.9348,0.2658337,1597.69276179041,0.2778032399181918
Viewpoint 1,3056,2581.151315,0.331676,2640.0908,0.325242,2686.0537,0.3204519,2656.965716051116,0.3435398418334756
Viewpoint 1,3057,3311.23979,0.372116,3373.7844,0.367154,3512.678,0.3700705,3240.077930411847,0.3740982859566782
Viewpoint 1,3058,5213.653878,0.486635,5163.5928,0.4774493,5223.6973,0.4765873,5229.386337711962,0.4916821668445793
Viewpoint 1,3059,4736.828875,0.45244,4890.3989,0.4554358,4984.7627,0.4566403,4491.008939172595,0.4426811021839989
Viewpoint 1,3060,5373.500304,0.491134,5302.2173,0.5078787,6822.5015,0.5704547,4798.956820620419,0.460616248825353
Viewpoint 1,3061,5804.453637,0.518032,6055.7261,0.5696392,7540.5938,0.6120237,5503.340280981012,0.5067154502654411
Viewpoint 1,3062,6051.121499,0.539451,6089.293,0.5354711,6148.5298,0.5345103,5985.7855719289055,0.5435533627508194
Viewpoint 1,3063,5111.610778,0.48698,5191.0728,0.4851738,5240.3579,0.4840274,5108.103163147216,0.4979774152879253
Viewpoint 1,3064,50537.12024,1.0,50806.086,1.0,25131.008,1.0,5868.313700412731,0.6186121454797459
Viewpoint 1,3065,12652.446602,1.0,9877.793,0.9865736,11580.031,0.9395921,2782.324089687977,0.3958317934468918
Viewpoint 1,3066,280.072199,0.17544,330.35431,0.1783918,334.80844,0.1796532389781657,302.01945920449066,0.1777285422553036
Viewpoint 1,3077,0.0,0.159,0.0,0.159,0.0,0.0,1.6147690019994173e-05,0.1600000009478694
Viewpoint 1,3078,891.29103,0.22164,939.39703,0.2148534,949.17114,0.2157163015058647,889.4409050946352,0.2188650180208148
Viewpoint 1,3079,1889.049772,0.295976,1991.0291,0.2878925,2017.9008,0.2849505,1875.6596868390247,0.2964366174676225
Viewpoint 1,3080,1999.079782,0.301139,2007.8384,0.2883873,2031.3397,0.2838192,1982.9133115534817,0.3009871828238505
Viewpoint 1,3081,2758.561841,0.343564,2772.0454,0.3351701,2804.2607,0.3323449,2743.808162124661,0.3463831931100583
Viewpoint 1,3082,4567.690289,0.444087,4492.9702,0.4337579,4572.686,0.4338965,4462.890694102549,0.4413887686742981
Viewpoint 1,3083,3866.53227,0.408948,3862.8596,0.4008846,3906.0156,0.3998893,3855.9307051764886,0.4124493418033418
Viewpoint 1,3084,4047.388203,0.419707,4038.0967,0.411386,4082.3723,0.4104731,4001.415080646388,0.4215758576385536
Viewpoint 1,3085,7254.704328,0.605153,7347.5464,0.6135925,8000.3696,0.6394759,7040.195326493738,0.6002537444636098
Viewpoint 1,3086,7396.056375,0.617871,7496.0444,0.6372235,8071.1294,0.64802,7271.796977016222,0.6243694889267829
Viewpoint 1,3087,2840.291334,0.350501,2867.4839,0.3436814,2898.0127,0.3412022,2829.607064008829,0.3558612979158487
Viewpoint 1,3088,2045.038666,0.310711,2062.1633,0.2945284,2084.1865,0.2917419,2006.812666051484,0.3088003795484816
Viewpoint 1,3089,1184.331238,0.258912,1201.4291,0.2317624,1214.6497,0.2325499,1170.8968137487138,0.2564269789093459
Viewpoint 1,3090,416.092919,0.183425,545.90173,0.1910444,555.94324,0.1926337747894749,483.6065128244833,0.2133293826187902
Viewpoint 1,3101,0.0,0.159,0.0,0.159,0.0,0.0,1.6152348452152017e-05,0.1600000009481428
Viewpoint 1,3102,746.092957,0.203806,786.5849,0.2059136,795.25696,0.2066815580046093,753.0095728106991,0.204201661923988
Viewpoint 1,3103,1780.218012,0.284962,1794.8258,0.2725971,1816.2147,0.2707807,1766.757047905061,0.2871215786023343
Viewpoint 1,3104,2847.295185,0.348261,2867.5916,0.3404007,2901.9856,0.337703,2828.342655115025,0.3503551215504875
Viewpoint 1,3105,3915.162291,0.411075,3931.9768,0.4041944,3978.9175,0.4025804,3901.333991633112,0.4138002833089458
Viewpoint 1,3106,4940.778243,0.470991,4886.917,0.4613181,4943.3984,0.4602621,4940.9810999204665,0.4750512355054962
Viewpoint 1,3107,5713.988443,0.516029,5622.7847,0.5049836,5684.1724,0.5042171,5681.089637696912,0.5190666228875155
Viewpoint 1,3108,5637.534984,0.506694,5645.3633,0.5125996,6516.9561,0.5501142,5280.182471383839,0.4904257271275714
Viewpoint 1,3109,6227.484834,0.543687,6392.4717,0.5744608,7514.7383,0.61031,5926.799018955605,0.5331988624592555
Viewpoint 1,3110,7044.493183,0.594937,7168.3403,0.6423358,8525.502,0.6721784,6822.658116228556,0.5950529015996375
Viewpoint 1,3111,6482.085001,0.567387,6427.1831,0.5812151,9486.1748,0.778089,6047.900838360105,0.5681463501300238
Viewpoint 1,3112,3495.492925,0.394218,3540.1558,0.3891539,3575.2927,0.3885989,3410.853480980067,0.4009867929865538
Viewpoint 1,3113,20924.306903,1.0,29190.824,1.0,11471.062,0.9296464,3148.3254229809886,0.4143522939345094
Viewpoint 1,3114,431.965353,0.184356,562.4071,0.1920133,572.67175,0.1936157526384656,500.695289303361,0.2177204814525957
Viewpoint 1,3125,0.0,0.159,0.0,0.159,0.0,0.0,1.6156862046462082e-05,0.1600000009484078
Viewpoint 1,3126,747.151709,0.209021,808.24359,0.2072413,816.99103,0.2079573346417156,761.0663219527054,0.2139643598637961
Viewpoint 1,3127,1112.974126,0.233806,1203.9379,0.2329412,1231.0466,0.2325062,1149.534716549754,0.2480129522263717
Viewpoint 1,3128,2371.65801,0.320883,2449.6377,0.3139811,2490.8674,0.3094195,2463.635468599185,0.3317263723843712
Viewpoint 1,3129,2523.195284,0.323099,2514.7234,0.3139959,2671.4106,0.3179842,2483.8086829823555,0.3307642794010402
Viewpoint 1,3130,3351.369299,0.368371,3149.7043,0.3500386,3224.0081,0.3504225,3129.6119034317617,0.3609851234974921
Viewpoint 1,3131,3973.254414,0.404963,4024.4951,0.401916,4129.8584,0.404073,3678.623274795439,0.3931588025894428
Viewpoint 1,3132,4529.022209,0.439629,4422.4888,0.4612738,5758.1548,0.5073758,4056.762268069783,0.4158527684296909
Viewpoint 1,3133,5535.945706,0.501799,5803.8643,0.557767,7260.4761,0.5951589,5203.37763657376,0.4887867490590283
Viewpoint 1,3134,6121.88986,0.543776,6174.707,0.5405861,6235.0049,0.5396674,6074.741871440341,0.5490241378464104
Viewpoint 1,3135,5585.436219,0.512807,5657.2876,0.5422451,9464.5947,0.7855956,5193.139023763996,0.5144063132861185
Viewpoint 1,3136,50535.289078,1.0,51043.824,1.0,24440.984,1.0,4508.517677654996,0.5580194551753558
Viewpoint 1,3137,28503.226524,1.0,22571.797,1.0,11990.723,0.9624426,2818.770772067717,0.3978642849881824
Viewpoint 1,3138,203.810533,0.170964,215.94495,0.171676,218.47063,0.1728239862196252,205.96426420220087,0.1720901023086692
Viewpoint 1,3149,0.0,0.159,0.0,0.159,0.0,0.0,1.6161227122064974e-05,0.160000000948664
Viewpoint 1,3150,665.270689,0.200416,719.71387,0.2012472,727.66144,0.2027136881350105,678.9494771154486,0.1998543343066768
Viewpoint 1,3151,2024.685892,0.299634,2046.5439,0.2903523,2071.1316,0.2859584,2010.6360538894776,0.3018878000904545
Viewpoint 1,3152,1992.673965,0.298929,2043.485,0.2873058,2078.9834,0.283866,2128.53222209281,0.3124444215734652
Viewpoint 1,3153,2330.846182,0.310548,2306.1799,0.3015464,2472.2683,0.3056511,2309.488871363837,0.3211421458916614
Viewpoint 1,3154,3059.010619,0.350325,2930.6387,0.3367088,3001.8008,0.3367678,2875.00502796582,0.3456743703276757
Viewpoint 1,3155,3452.911926,0.374233,3630.988,0.3770203,3736.6006,0.3802631,3253.5086117247333,0.3672096679785213
Viewpoint 1,3156,3842.880556,0.397389,3763.5894,0.428587,5042.6919,0.4656046,3205.6371896098767,0.3659743666836029
Viewpoint 1,3157,3863.547797,0.40015,4066.4485,0.4811117,5712.6909,0.5050101,3550.15405139622,0.387698650268467
Viewpoint 1,3158,3428.694725,0.378359,3497.7556,0.4682844,4921.5615,0.4590637,3338.1503433455155,0.3838460733996383
Viewpoint 1,3159,3682.964413,0.395346,3551.8923,0.4304422,7339.248,0.672495,3197.1032754578905,0.3909657849653667
Viewpoint 1,3160,50793.419162,1.0,47779.422,1.0,23080.295,1.0,3848.391566644659,0.5303027310020187
Viewpoint 1,3161,29120.967049,1.0,28381.049,1.0,11884.335,0.9606059,1743.5807875404896,0.3309456003035582
Viewpoint 1,3162,145.537018,0.167543,147.84113,0.1676783,149.53693,0.1687774615338328,143.70250253082162,0.1684353368985592
Viewpoint 1,3173,0.0,0.159,0.0,0.159,0.0,0.0,1.6165440361054647e-05,0.1600000009489113
Viewpoint 1,3174,436.870422,0.184644,475.63199,0.1869196,480.88449,0.1882278481069957,445.5472655657186,0.1861536244887076
Viewpoint 1,3175,999.820359,0.223521,1062.2725,0.2226854,1087.9896,0.223865,1039.9294169479083,0.2370322038741743
Viewpoint 1,3176,1637.457256,0.2741,1660.5688,0.2611363,1689.6422,0.2593324,1807.203030739828,0.2938211391463274
Viewpoint 1,3177,2278.941333,0.307846,2271.2617,0.2994843,2435.1133,0.303471,2284.2598675764275,0.3195836820723049
Viewpoint 1,3178,3016.760773,0.347585,2883.0813,0.3338967,2953.3071,0.3339143,2832.6013293138103,0.3431441042518174
Viewpoint 1,3179,3329.304618,0.366995,3578.7703,0.3739402,3685.8982,0.3772708,3216.899627582668,0.3650046470081375
Viewpoint 1,3180,3715.559399,0.390043,3701.582,0.424745,4923.0117,0.458055,3164.9416680278296,0.3635014337261431
Viewpoint 1,3181,3750.141594,0.393456,4052.0134,0.4788818,5604.5513,0.4985178,3480.276587432164,0.3834043145341189
Viewpoint 1,3182,3316.180259,0.371914,3386.8147,0.4613042,4816.4834,0.4527914,3279.977147417301,0.3802513010144934
Viewpoint 1,3183,3523.696415,0.385825,3502.5376,0.4165428,7152.8521,0.6603323,3156.765873825841,0.3883548368011325
Viewpoint 1,3184,48456.736546,1.0,60975.574,1.0,22955.609,1.0,3805.990437993796,0.5287060632068515
Viewpoint 1,3185,22939.417441,1.0,12593.963,1.0,11972.688,0.9657425,1700.844782932786,0.3280644654641647
Viewpoint 1,3186,145.910652,0.167565,147.43617,0.1676545,149.12721,0.1687534905782001,143.5546189033622,0.1684266561296273
Viewpoint 1,3197,0.0,0.159,0.0,0.159,0.0,0.0,1.6169498818203892e-05,0.1600000009491496
Viewpoint 1,3198,835.103855,0.219253,902.41699,0.2138891,912.30786,0.2139114036171406,849.597297518782,0.2261639614435773
Viewpoint 1,3199,1953.280769,0.295304,1973.8563,0.2860965,1997.4926,0.281448,1940.747605199921,0.297833920019636
Viewpoint 1,3200,3089.325194,0.362424,3107.6377,0.3544531,3145.2334,0.3528917,3063.690609786386,0.3640887448811182
Viewpoint 1,3201,4261.731488,0.430853,4237.0752,0.4220184,4288.2158,0.4213106,4209.34474975837,0.4316567935604393
Viewpoint 1,3202,4060.042075,0.413707,3991.938,0.4026143,4072.8425,0.4027688,3931.437551340624,0.410795068840338
Viewpoint 1,3203,4500.213431,0.439635,4769.6772,0.448444,4877.8936,0.4503184,4430.405901162856,0.4392981576382222
Viewpoint 1,3204,6682.974862,0.573052,6549.8223,0.5599071,6616.7905,0.5594641,6658.850608517793,0.5773146001182772
Viewpoint 1,3205,5617.487836,0.50698,5831.7485,0.5535552,7251.1177,0.5942006,5367.3367864907095,0.4987648606197428
Viewpoint 1,3206,6171.726968,0.546449,6212.0156,0.5428337,6272.981,0.5419402,6116.426274342735,0.5516329776244673
Viewpoint 1,3207,5953.056175,0.534383,5884.0518,0.535217,9282.6631,0.7693874,5471.056329378299,0.5313816394832395
Viewpoint 1,3208,46833.633746,1.0,51065.766,1.0,24245.934,1.0,6283.909772128049,0.6392526554084621
Viewpoint 1,3209,19913.628106,1.0,14300.213,1.0,12449.836,0.9879804,3050.470352221386,0.4111679510153851
Viewpoint 1,3210,577.568073,0.208831,756.93195,0.2034319,772.69824,0.2223806072478677,684.2254818130461,0.2471096225146246
Viewpoint 1,3221,0.0,0.159,0.0,0.159,0.0,0.0,1.617339989320744e-05,0.1600000009493785
Viewpoint 1,3222,656.063242,0.197521,691.95947,0.199618,699.83301,0.2010801573643568,663.887567487682,0.1989702002115269
Viewpoint 1,3223,1425.298303,0.266867,1556.4347,0.2571205,1584.761,0.2561741,1448.5519753646354,0.2693690119366653
Viewpoint 1,3224,2221.888569,0.313675,2325.4248,0.3048701,2362.1375,0.3019575,2376.8684168414657,0.3272534450876011
Viewpoint 1,3225,3149.871968,0.363389,3169.1248,0.3555595,3305.4163,0.3582539,3134.440834864904,0.3680520185211192
Viewpoint 1,3226,3392.21043,0.372485,3301.9963,0.3606743,3376.0361,0.360074,3256.4546266340444,0.3696097659249105
Viewpoint 1,3227,4347.446239,0.430896,4570.1348,0.4371265,4671.0889,0.4385112,4276.454491372208,0.4300090416840446
Viewpoint 1,3228,6104.006621,0.539389,6019.3096,0.5287723,6081.8784,0.5280839,6093.156559525586,0.5442804336316681
Viewpoint 1,3229,5390.234226,0.494327,5619.5972,0.5350107,6838.9038,0.5699837,5210.278111461889,0.4901145601967555
Viewpoint 1,3230,5418.878846,0.499972,5378.6357,0.5437893,6033.0054,0.5259011,5339.860600171975,0.5079893488899456
Viewpoint 1,3231,4981.573106,0.476063,4973.7666,0.4781748,8359.6035,0.7187533,4578.414726899916,0.4776174451090008
Viewpoint 1,3232,46512.176881,1.0,60708.609,1.0,23881.936,1.0,5812.148225682368,0.6166235121921444
Viewpoint 1,3233,19985.747101,1.0,17017.717,1.0,12288.636,0.9802799,2603.835935205838,0.3850623175008653
Viewpoint 1,3234,373.893477,0.180948,427.09827,0.1840707,432.85715,0.185408685232001,397.55666095928063,0.1833365759983097
Viewpoint 1,3245,0.0,0.159,0.0,0.159,0.0,0.0,1.6177141290261376e-05,0.1600000009495982
Viewpoint 1,3246,398.99496,0.182421,400.92935,0.1825345,405.65729,0.1838121056351864,399.1598649839365,0.183430684074557
Viewpoint 1,3247,904.130393,0.212787,910.35315,0.2124377,920.98096,0.214061602939476,899.5736274520699,0.2128049719314365
Viewpoint 1,3248,1464.522613,0.268658,1474.7598,0.252005,1491.8792,0.2516772,1453.7604912650231,0.2679273002424885
Viewpoint 1,3249,1999.026722,0.301607,2010.4889,0.2886755,2033.6929,0.2838293,1988.5312901715645,0.3019291733517781
Viewpoint 1,3250,2450.820009,0.328589,2459.5505,0.3159043,2487.6934,0.3128754,2464.9049102900253,0.330178298902133
Viewpoint 1,3251,2749.628327,0.34315,2750.5195,0.3341392,2781.6765,0.3312488,2736.568709922096,0.3464312344599736
Viewpoint 1,3252,2838.960357,0.348559,2846.5024,0.3398754,2878.5442,0.3381476,2836.086698559925,0.3525986268851674
Viewpoint 1,3253,2723.660513,0.341985,2733.676,0.3333079,2764.3677,0.3303939,2697.4095709991925,0.3447681229878512
Viewpoint 1,3254,2414.831505,0.327433,2428.1331,0.3153906,2455.3374,0.3112688,2391.299368834991,0.3270050870423722
Viewpoint 1,3255,1933.731729,0.299629,1951.5104,0.2856534,1973.3308,0.2827854,1927.733186109792,0.3000113874639069
Viewpoint 1,3256,1378.47978,0.266277,1389.1259,0.2450535,1404.6788,0.2464037,1357.6699425571908,0.2647236428974218
Viewpoint 1,3257,809.956315,0.214076,819.97339,0.2071324,829.21802,0.2086750259210685,803.9219695770281,0.2071902196141715
Viewpoint 1,3258,307.795239,0.177068,336.24619,0.1787377,340.36722,0.1799794719766936,318.3744624405437,0.1786885809452599
Viewpoint 1,3269,0.0,0.159,0.0,0.159,0.0,0.0,1.6180721029541968e-05,0.1600000009498083
Viewpoint 1,3270,202.905583,0.170911,204.27307,0.1709908,206.68497,0.1721322208387085,203.64747642767733,0.1719541068663046
Viewpoint 1,3271,482.558989,0.187326,485.04425,0.1874721,490.69083,0.1888035593657757,479.81939367378095,0.1881653984086509
Viewpoint 1,3272,778.527055,0.2047,782.53729,0.2049349,791.58569,0.2064660632812924,771.7422416560756,0.2053012695852116
Viewpoint 1,3273,1058.012208,0.231516,1061.6497,0.2221216,1073.8936,0.2235426,1049.7042531838451,0.2323753214692767
Viewpoint 1,3274,1294.253408,0.256982,1303.4944,0.2396161,1318.5004,0.2398435,1305.361902927474,0.256857426277508
Viewpoint 1,3275,1441.226721,0.26725,1450.6854,0.2505068,1467.3489,0.250208,1441.3255723663383,0.2669755626107005
Viewpoint 1,3276,1487.407892,0.270359,1494.5885,0.2548952,1511.7479,0.2528343,1486.8290806171933,0.2705254213095555
Viewpoint 1,3277,1408.04604,0.265123,1416.8408,0.2475615,1433.1586,0.248024,1396.764829395306,0.2642733439568667
Viewpoint 1,3278,1233.484564,0.252451,1242.1927,0.2356724,1256.5609,0.2354847,1223.2918493482157,0.2509059279157956
Viewpoint 1,3279,980.502251,0.225436,989.54138,0.2174889,1001.0232,0.21876,978.0008803292994,0.2201911704759733
Viewpoint 1,3280,688.679534,0.199425,693.69635,0.19972,701.75061,0.2011927325924982,679.8043194303038,0.1999045135505588
Viewpoint 1,3281,400.01823,0.182481,401.97452,0.1825959,406.62537,0.1838688421750633,395.7815803197098,0.1832323787647669
Viewpoint 1,3282,145.603333,0.167547,146.42419,0.1675951,148.10431,0.1686934337708769,143.26256950463855,0.1684095128299222
Viewpoint 1,3293,0.0,0.159,0.0,0.159,0.0,0.0,1.6184137419911655e-05,0.1600000009500088
Viewpoint 1,3294,359.181766,0.180084,360.34549,0.1801523,364.59512,0.1814017344140208,358.8530976181281,0.1810646768301841
Viewpoint 1,3295,811.140547,0.206615,818.33319,0.2070362,827.87744,0.2085964267585295,808.8361628988907,0.2074786827621648
Viewpoint 1,3296,1310.521555,0.258294,1319.2362,0.2406013,1334.5291,0.2421762,1300.5693670085222,0.2570416722649332
Viewpoint 1,3297,1781.516249,0.288507,1790.1559,0.2754293,1810.8014,0.2706702,1770.3518874510394,0.2886469828175327
Viewpoint 1,3298,2185.399484,0.309717,2198.1675,0.2998276,2223.3462,0.2972921,2202.296700599242,0.3146132738734476
Viewpoint 1,3299,2436.571499,0.324566,2445.7209,0.3151131,2473.5227,0.3120646,2432.0145266274267,0.3283650049403622
Viewpoint 1,3300,2513.89126,0.329349,2523.3347,0.3207273,2551.8982,0.3177358,2512.676884846318,0.3333858976952029
Viewpoint 1,3301,2418.920504,0.323809,2429.7737,0.3142823,2457.2468,0.3112185,2396.7756477704115,0.3268270816026578
Viewpoint 1,3302,2133.543112,0.310457,2142.5903,0.2967568,2166.8149,0.2941846,2110.039112256409,0.3100291141824343
Viewpoint 1,3303,1700.933949,0.285053,1715.2828,0.271329,1734.6656,0.2662235,1694.635219694277,0.2852427175907062
Viewpoint 1,3304,1213.520247,0.253001,1222.0093,0.2335326,1235.8308,0.2342624,1195.2725055828632,0.2505380672721761
Viewpoint 1,3305,719.516794,0.201236,726.48407,0.2016446,734.7276,0.2031284436872071,713.0904121257323,0.2018584071917805
Viewpoint 1,3306,276.891967,0.175254,293.09109,0.1762044,296.55139,0.1774075280601475,280.83977263651326,0.1764852946537633
Viewpoint 1,3317,0.0,0.159,0.0,0.159,0.0,0.0,1.6187389091576185e-05,0.1600000009501997
Viewpoint 1,3318,561.564227,0.192073,612.61005,0.1949602,619.47217,0.196362944802333,572.0639928589102,0.193580156380818
Viewpoint 1,3319,1452.552744,0.268264,1580.7346,0.2584955,1608.939,0.2575407,1475.1084089106362,0.2708639667113262
Viewpoint 1,3320,1769.384342,0.290141,1886.6882,0.2790549,1916.8754,0.2768741,1770.3081400960727,0.2903894197944647
Viewpoint 1,3321,2683.588987,0.333554,2641.8645,0.3218944,2804.449,0.326475,2711.0944016761305,0.3439818784431712
Viewpoint 1,3322,2850.155913,0.345922,2865.541,0.3377499,2926.2432,0.3366083,2868.5298158591195,0.3518063191321071
Viewpoint 1,3323,3803.928866,0.396567,3838.2383,0.3921792,4015.3264,0.3976465,3768.394155317517,0.3987913526087934
Viewpoint 1,3324,4412.012342,0.433323,4456.647,0.4555168,5368.7803,0.4809925,3992.897908980885,0.4140241509208799
Viewpoint 1,3325,4689.781556,0.451748,5000.937,0.5135031,6513.8652,0.550718,4554.01530804557,0.4496326576032714
Viewpoint 1,3326,3915.159526,0.414586,3931.4814,0.4485091,4355.7607,0.4279314,3898.585606227786,0.4247478980766813
Viewpoint 1,3327,4962.359678,0.474925,4868.8013,0.4638026,7867.7256,0.6852584,4498.5363863461125,0.4726984494717771
Viewpoint 1,3328,42049.660601,1.0,42128.277,1.0,23018.158,1.0,5158.411056974336,0.586385949412005
Viewpoint 1,3329,18474.497138,1.0,4531.375,0.5978922,12725.737,1.0,2637.600006035708,0.386683236999093
Viewpoint 1,3330,217.518074,0.171768,223.45537,0.1721168,226.03194,0.1732677987985131,217.2176003351996,0.1727506731396762
Viewpoint 1,3341,0.0,0.159,0.0,0.159,0.0,0.0,1.6190474866424675e-05,0.1600000009503809
Viewpoint 1,3342,760.59465,0.209934,820.73639,0.2079851,830.09076,0.2087263253900189,773.9996214813361,0.2151836203620961
Viewpoint 1,3343,1976.41155,0.296804,1996.6143,0.2874546,2020.5032,0.2828012,1963.2626968785064,0.299221140394783
Viewpoint 1,3344,2214.88457,0.312401,2344.0854,0.3055693,2379.6184,0.3030369,2185.5894325508125,0.3134609027192765
Viewpoint 1,3345,2287.098126,0.309525,2247.7219,0.2984198,2404.8408,0.3019467,2354.016515407041,0.3238687116632213
Viewpoint 1,3346,2951.497715,0.345944,2897.5811,0.3352177,2968.4509,0.3353843,2900.3421335642647,0.3480057841028764
Viewpoint 1,3347,3390.747681,0.370809,3298.9146,0.3598323,3469.3047,0.3652216,3296.460144086631,0.3702314378103476
Viewpoint 1,3348,3861.446361,0.399334,3803.4856,0.4227828,4679.6675,0.4402758,3401.7270274567395,0.3782315723714864
Viewpoint 1,3349,3905.040366,0.403893,4105.3228,0.4707134,5666.2437,0.5008376,3755.995629073034,0.4007854099405205
Viewpoint 1,3350,3614.975653,0.390085,3511.9028,0.4613601,4295.6987,0.4208972,3588.105421179204,0.3998437789637683
Viewpoint 1,3351,3907.79396,0.409138,3763.8816,0.3947622,6713.4312,0.6231571,3500.0632568580127,0.4100923442929787
Viewpoint 1,3352,39620.358789,1.0,34500.191,1.0,22515.686,1.0,4159.145487052893,0.5439684740144959
Viewpoint 1,3353,13343.278874,1.0,3871.644,0.5772247,12924.438,1.0,1991.9754278181072,0.3456566071067377
Viewpoint 1,3354,188.564191,0.170069,191.30678,0.1702297,193.50377,0.1713584717368679,186.89586159519104,0.1709707870756377
Viewpoint 1,3365,0.0,0.159,0.0,0.159,0.0,0.0,1.6193393863012895e-05,0.1600000009505522
Viewpoint 1,3366,729.853575,0.202215,767.80548,0.2047915,776.67651,0.2055908901218013,736.5595909610547,0.2032360479894139
Viewpoint 1,3367,1796.52783,0.285857,1812.4835,0.2736342,1834.038,0.2718323,1784.5968256734225,0.2885879451443118
Viewpoint 1,3368,2137.053713,0.304981,2228.6099,0.2981527,2260.3662,0.2956403,2093.9954392507493,0.3054098114508773
Viewpoint 1,3369,3857.152689,0.407479,3853.7515,0.3996855,3899.4207,0.3979975,3825.4065521008015,0.4095663008214322
Viewpoint 1,3370,3853.34332,0.40286,3832.2524,0.3938152,3907.5159,0.3936207,3808.4601878923386,0.4042574644158522
Viewpoint 1,3371,4356.976202,0.430839,4402.2061,0.4268771,4572.5864,0.4324022,4311.096015505633,0.4321711173448529
Viewpoint 1,3372,4947.451351,0.465703,5012.1226,0.4810643,5761.3047,0.5041589,4558.785401246289,0.4486606242613005
Viewpoint 1,3373,5289.568163,0.488876,5503.9551,0.518968,6552.3804,0.5530441,5202.626962600984,0.4903212820220307
Viewpoint 1,3374,5282.476732,0.4941,5313.3418,0.4893115,5367.3638,0.4881081,5240.409602022813,0.4988490217203749
Viewpoint 1,3375,5766.621752,0.52541,5761.0425,0.5204755,7981.8042,0.6795504,5489.649372593446,0.5340262554262593
Viewpoint 1,3376,37896.493187,1.0,39562.137,1.0,22578.045,1.0,5965.112039949877,0.6218403140584517
Viewpoint 1,3377,13381.502061,1.0,13842.753,1.0,13122.944,1.0,2939.575833930807,0.4042142309650469
Viewpoint 1,3378,436.193683,0.184605,481.97675,0.187292,488.29758,0.1886629747321848,458.0417677791964,0.1868870517686388
Viewpoint 1,3389,0.0,0.159,0.0,0.159,0.0,0.0,1.6196145468818268e-05,0.1600000009507137
Viewpoint 1,3390,83.426675,0.163897,83.84716,0.1639218,84.839355,0.1649799573283724,83.64769962207224,0.1649101199678156
Viewpoint 1,3391,184.389346,0.169824,185.3642,0.1698809,187.52315,0.1710074346619513,183.48295675323303,0.1707704495614148
Viewpoint 1,3392,285.682382,0.17577,287.76608,0.1758919,291.09454,0.1770872540342082,283.8980532235719,0.1766648157242236
Viewpoint 1,3393,385.202748,0.181611,387.97931,0.1817744,392.46417,0.183037653866337,383.68584973353154,0.1825223593793583
Viewpoint 1,3394,465.751469,0.18634,468.62546,0.1865083,474.05078,0.1878267817661251,469.4738107980316,0.1875581126938444
Viewpoint 1,3395,512.987489,0.189112,515.1665,0.1892403,521.13086,0.1905903954186222,512.1163293453513,0.1900612285325721
Viewpoint 1,3396,528.321906,0.190012,530.91711,0.1901648,537.06433,0.1915256929126067,528.384885241,0.1910161927636467
Viewpoint 1,3397,509.522569,0.188909,512.83929,0.1891037,518.8045,0.1904537762018984,505.7107419711625,0.1896852205537072
Viewpoint 1,3398,440.955146,0.184884,443.50522,0.1850338,448.70328,0.1863388543230884,436.8954246337537,0.1856457614260013
Viewpoint 1,3399,354.631021,0.179817,356.62506,0.1799339,360.8309,0.181180755045956,352.646475980637,0.1807003481400634
Viewpoint 1,3400,254.051755,0.173913,255.41954,0.1739931,258.43344,0.1751699294349583,250.653840116352,0.1747133804148298
Viewpoint 1,3401,141.442048,0.167303,141.85625,0.167327,143.51779,0.1684244107185752,139.99011129303074,0.1682174195329009
Viewpoint 1,3402,61.028213,0.162582,60.167381,0.1625318,60.861538,0.1635724146901921,59.56686342090524,0.1634965748828071
Viewpoint 1,3413,0.0,0.159,0.0,0.159,0.0,0.0,1.6198729316675055e-05,0.1600000009508654
Viewpoint 1,3414,159.24493,0.168348,160.37944,0.1684143,162.27467,0.1695253540380568,159.91796665401915,0.1693871846425909
Viewpoint 1,3415,365.915868,0.180479,368.58603,0.180636,372.87756,0.1818879173483512,364.68973324557953,0.1814072873415155
Viewpoint 1,3416,589.6117,0.19361,593.39697,0.1938324,600.25854,0.195235204560888,585.2708709289998,0.1943554001235323
Viewpoint 1,3417,808.431956,0.206455,814.52008,0.2068123,823.92041,0.2083641293915655,805.3791212531149,0.2072757544175578
Viewpoint 1,3418,976.857124,0.22438,984.07861,0.2171651,995.43103,0.2184318005023992,985.5833414677696,0.2205940156379899
Viewpoint 1,3419,1097.871225,0.235205,1102.8657,0.2245304,1115.5726,0.2268801,1095.9179132699055,0.2373064716869889
Viewpoint 1,3420,1126.361934,0.238756,1132.636,0.226599,1145.686,0.2286542,1126.8667557968809,0.240663926999756
Viewpoint 1,3421,1063.555545,0.232156,1068.9872,0.222547,1081.3523,0.2239781,1062.5814394631398,0.2332848504490005
Viewpoint 1,3422,931.480135,0.217024,937.70135,0.2140431,948.60919,0.2156833015260781,923.49984952773,0.2142094411672777
Viewpoint 1,3423,738.63563,0.202358,743.28253,0.2026307,751.96777,0.2041404619182503,734.7257501896635,0.2031284015361332
Viewpoint 1,3424,531.100811,0.190176,535.13733,0.1904126,541.3916,0.1917796212863758,524.6904615965635,0.1907993300957182
Viewpoint 1,3425,314.988585,0.17749,316.42719,0.1775743,320.10602,0.1787901685410139,311.808889559222,0.1783031818171263
Viewpoint 1,3426,117.631046,0.165905,117.19144,0.1658791,118.53957,0.1669580171077819,115.51359408441024,0.1667806479727548
Viewpoint 1,3437,0.0,0.159,0.0,0.159,0.0,0.0,1.6201145266146212e-05,0.1600000009510072
Viewpoint 1,3438,1265.918984,0.259437,1338.3817,0.2428326,1353.0757,0.2434276,1266.0205356432073,0.2565913244960269
Viewpoint 1,3439,2303.520846,0.317084,2420.9846,0.3127884,2454.5369,0.3101831,2289.3197569504728,0.3194517897465423
Viewpoint 1,3440,2728.108294,0.341127,2738.7432,0.332912,2771.2886,0.3301154,2697.226661555728,0.3429897079712782
Viewpoint 1,3441,3704.591082,0.398673,3704.666,0.3909764,3748.3384,0.3891898,3675.972258396934,0.4009350026110801
Viewpoint 1,3442,5708.986348,0.510748,5638.6284,0.5013847,5742.3896,0.5024922,5427.911369357307,0.4984574426157651
Viewpoint 1,3443,5259.514458,0.490005,5191.9307,0.4798166,5248.9185,0.4788048,5235.521468428006,0.49331249999837
Viewpoint 1,3444,5554.432679,0.507395,5484.2251,0.4973663,5542.3359,0.4964279,5537.434588476843,0.5118617063234177
Viewpoint 1,3445,5438.782751,0.501807,5434.9556,0.4950873,5491.3955,0.4940488,5450.227463964287,0.5081277157990287
Viewpoint 1,3446,8335.57504,0.670535,8335.4619,0.6884043,9052.1777,0.7045789,8333.264496096965,0.6858383177373195
Viewpoint 1,3447,4170.739482,0.43044,4219.8662,0.4262236,4263.0928,0.4247189,4168.218283796037,0.4390655388724729
Viewpoint 1,3448,3124.044488,0.370983,3171.0972,0.3659442,3204.3169,0.3646515,3075.585834144031,0.3782881468518319
Viewpoint 1,3449,1930.386066,0.314305,1969.788,0.2921936,1992.0391,0.2936279,1912.178741107318,0.312388533580033
Viewpoint 1,3450,780.074235,0.243287,930.57086,0.2272819,948.25891,0.2358433016828088,880.4477340167898,0.2615942000786205
Viewpoint 1,3461,0.223691,0.159013,0.21937329,0.1590129,0.22285482,0.1600130685926961,0.2402804306290758,0.1600141044612779
Viewpoint 1,3462,924.015805,0.214086,931.43542,0.2136753,942.49634,0.2153245017642833,923.016058631365,0.2141810426416611
Viewpoint 1,3463,1391.694962,0.262594,1472.5178,0.2496864,1495.0348,0.2490348,1393.6666714225994,0.260962417074626
Viewpoint 1,3464,3012.281288,0.357822,3029.4045,0.3499286,3065.7773,0.3483054,2981.9461308582745,0.3595338049099502
Viewpoint 1,3465,3128.046721,0.362137,3137.9539,0.3538953,3276.2419,0.3566321,3173.1368648993425,0.3704227538296466
Viewpoint 1,3466,5101.485303,0.480208,5043.0083,0.4705322,5101.1333,0.4695547,5077.356500647354,0.4829427612524017
Viewpoint 1,3467,4276.350334,0.426913,4327.0254,0.4236438,4473.4106,0.4271429,4263.573361647776,0.4292771834751513
Viewpoint 1,3468,6274.698395,0.549319,6169.7588,0.5376707,6233.938,0.53706,6269.591974842181,0.5547228197462031
Viewpoint 1,3469,6201.234561,0.546058,6172.9155,0.5386664,6235.5571,0.5379435,6208.947062397845,0.5530016075047622
Viewpoint 1,3470,5203.259822,0.487504,5266.313,0.5197715,5919.1943,0.5190778,5247.202874167745,0.5025941213716243
Viewpoint 1,3471,6238.783954,0.551281,6220.8359,0.5464475,8798.5059,0.7286397,5904.263788701257,0.5575959420643404
Viewpoint 1,3472,39760.656995,1.0,34101.617,1.0,22781.078,1.0,5833.663206099496,0.6184346274392982
Viewpoint 1,3473,13267.6178,1.0,5954.0703,0.6588265,13143.653,1.0,3314.753034621205,0.423725458826094
Viewpoint 1,3474,518.421195,0.189431,570.58057,0.1924931,578.2702,0.1939444422261284,543.7954866502329,0.2000035075113366
Viewpoint 1,3485,0.0,0.159,0.0,0.159,0.0,0.0,1.620547391107955e-05,0.1600000009512613
Viewpoint 1,3486,303.37384,0.176808,305.62512,0.1769402,309.23083,0.1781518706291835,304.44369094145753,0.1778708446582635
Viewpoint 1,3487,665.525468,0.198066,669.86682,0.1983212,677.67218,0.1997793425481355,662.2953202759934,0.1988767353002008
Viewpoint 1,3488,1070.63761,0.232824,1078.2612,0.2231099,1090.7428,0.224535,1063.1174634727051,0.2331494129164159
Viewpoint 1,3489,1445.102906,0.267589,1454.8934,0.2508069,1471.6654,0.2504928,1438.5858396330193,0.2673148324552858
Viewpoint 1,3490,1761.897692,0.287305,1766.5049,0.2710313,1786.7817,0.2692063,1754.5826152865857,0.2874188883008186
Viewpoint 1,3491,1948.093693,0.298733,1955.6174,0.2854518,1977.9622,0.2805101,1943.763235968658,0.2992044126975
Viewpoint 1,3492,2020.326163,0.303173,2029.056,0.2898308,2052.1936,0.2849195,2019.4490940003427,0.3039751474380145
Viewpoint 1,3493,1933.500439,0.298083,1941.963,0.2847126,1964.1372,0.2797273,1930.9577173796724,0.2987669215334367
Viewpoint 1,3494,1689.804795,0.283431,1701.3765,0.2672201,1720.851,0.265364,1675.5153566913298,0.2829732142870591
Viewpoint 1,3495,1357.979777,0.262499,1366.3707,0.2438474,1382.035,0.2450331,1350.212289111419,0.2619336257060606
Viewpoint 1,3496,964.240594,0.225033,970.69073,0.2162704,981.83197,0.2176335006937495,950.4962180852737,0.2185629795862769
Viewpoint 1,3497,571.896925,0.19257,576.81305,0.1928589,583.43079,0.1942473978169711,567.2102802902511,0.1932952434530377
Viewpoint 1,3498,231.397371,0.172583,235.45268,0.1728211,238.15988,0.1739798457929428,230.1112104222173,0.1735075280517841
Viewpoint 1,3509,0.687929,0.15904,0.676404,0.1590397,0.68713862,0.1600403730122202,0.7391974131884337,0.1600433908881541
Viewpoint 1,3510,506.527715,0.188733,511.13428,0.1890036,518.40289,0.1904302650057429,531.2082030994939,0.1911819215219403
Viewpoint 1,3511,967.143868,0.219704,1012.324,0.2189239,1032.4235,0.2206033,1004.8429953105108,0.2323267164296968
Viewpoint 1,3512,1384.110238,0.25075,1514.9528,0.2504267,1536.7726,0.250357,1432.8493617134516,0.2624757756890424
Viewpoint 1,3513,2046.637278,0.294592,2023.0811,0.2834536,2179.4771,0.2880684,2155.4710369010954,0.3114750142115057
Viewpoint 1,3514,2644.847096,0.326238,2635.0322,0.3192723,2705.7012,0.3193453,2413.3894074581376,0.3178720310062505
Viewpoint 1,3515,3043.512919,0.349472,2955.9978,0.3380373,3124.9033,0.3443307,3004.105318895043,0.3521838771780298
Viewpoint 1,3516,3289.929602,0.364563,3247.0469,0.3910954,3885.1812,0.3920414,2895.4843334155503,0.3470883441695823
Viewpoint 1,3517,3152.170792,0.35888,3267.1736,0.4293945,3917.0483,0.3929086,2962.9472617926767,0.3542661141226872
Viewpoint 1,3518,3031.753519,0.353848,2929.9778,0.4138172,3682.4404,0.3837008,2980.253245032966,0.3617079432187895
Viewpoint 1,3519,3300.433717,0.372392,3153.3245,0.3557974,5779.9346,0.5672156,2864.741679724549,0.3688055250087302
Viewpoint 1,3520,39245.724178,1.0,46152.977,1.0,21090.965,1.0,3604.081305145493,0.5216358430668203
Viewpoint 1,3521,13556.254244,1.0,3829.2578,0.581211,13362.801,1.0,1592.9084035572412,0.3168692926983115
Viewpoint 1,3522,160.10088,0.168398,160.61116,0.1684279,162.45622,0.1695359429730129,157.93324567735408,0.1692706815212606
Viewpoint 1,3533,28.365722,0.160665,29.9704,0.1607593,30.357557,0.1617818982355877,28.66035364383756,0.1616823627588932
Viewpoint 1,3534,953.572658,0.228274,1011.3472,0.2225929,1022.5331,0.2212312,956.9815045992412,0.2278896793657188
Viewpoint 1,3535,1583.983958,0.275812,1594.9287,0.2607991,1613.7659,0.2588718,1572.2679872625206,0.2754592436020732
Viewpoint 1,3536,2478.635591,0.32583,2600.1931,0.3225053,2630.96,0.3197909,2474.339036004015,0.3289222183390785
Viewpoint 1,3537,3484.450269,0.383152,3499.2517,0.3750561,3613.3042,0.3776135,3501.231257241697,0.3879132735228725
Viewpoint 1,3538,4143.971236,0.424776,4126.2373,0.4161649,4173.3374,0.4153219,4125.969352451855,0.4276704534617819
Viewpoint 1,3539,4876.927206,0.462532,4939.2598,0.4602864,5061.5635,0.4628564,4859.884678677749,0.4646259649978159
Viewpoint 1,3540,4938.96952,0.471939,4900.4775,0.4630134,4953.2671,0.4617914,4928.931788155915,0.4761928855961163
Viewpoint 1,3541,6234.819935,0.545439,6378.1836,0.5602849,6760.7227,0.5659655,6146.784954731253,0.5483645331223144
Viewpoint 1,3542,6424.384605,0.560493,6505.6377,0.5714855,6980.9497,0.5836475,6447.330868029519,0.5763095150101804
Viewpoint 1,3543,3633.645008,0.398163,3672.4622,0.3930621,3710.9895,0.3913061,3629.07126520422,0.4053507554017673
Viewpoint 1,3544,2686.391624,0.3519,2721.2693,0.3368305,2750.3079,0.3357449,2647.2523246723754,0.3499852612792661
Viewpoint 1,3545,1654.26172,0.293613,1683.8173,0.272238,1702.6691,0.2693528,1639.9780195808678,0.2922269454268249
Viewpoint 1,3546,724.855835,0.23339,817.64215,0.2069956,830.66241,0.2087598250480762,777.6154888907872,0.2472572452032236
Viewpoint 1,3557,41.040703,0.161409,44.188671,0.1615939,44.675663,0.1626221786984553,40.98229996432758,0.162405661007906
Viewpoint 1,3558,932.960372,0.215499,943.74585,0.2147017,954.95337,0.2160558013128053,935.1032967161703,0.2148905635172392
Viewpoint 1,3559,1939.391965,0.294534,1961.0372,0.2851939,1984.4368,0.2806889,1929.0641348959944,0.2972955831657245
Viewpoint 1,3560,2159.177461,0.308796,2321.9604,0.3061106,2347.1299,0.3013126,2192.6743228195883,0.3140725843936159
Viewpoint 1,3561,2180.77267,0.303373,2192.5588,0.2950755,2334.6787,0.2978678,2294.6150625157507,0.3193108668939103
Viewpoint 1,3562,2775.607526,0.335949,2786.22,0.3287398,2856.8535,0.3288697,2637.354487161715,0.3319734696019932
Viewpoint 1,3563,3979.515856,0.409297,4038.3599,0.4058475,4188.3413,0.4095617,4010.235583355096,0.4144542872306475
Viewpoint 1,3564,3687.403963,0.390319,3724.3206,0.4099394,4275.2837,0.415195,3430.793121347224,0.3805714480588299
Viewpoint 1,3565,3793.502072,0.39844,3933.8962,0.4547493,4542.3604,0.4312457,3636.657064444522,0.3961573643308507
Viewpoint 1,3566,4773.430695,0.461816,4792.0312,0.4883482,5382.0674,0.4873548,4817.412199012613,0.4765461223009571
Viewpoint 1,3567,4091.48587,0.42232,3981.6658,0.4085529,6565.394,0.6067225,3631.914807510638,0.4182795163945945
Viewpoint 1,3568,45790.794842,1.0,60654.352,1.0,22041.438,1.0,5381.612313715407,0.5973651396031772
Viewpoint 1,3569,15171.169699,1.0,12161.022,0.8743094,13736.585,1.0,2141.623286100153,0.3536919251136339
Viewpoint 1,3570,231.479482,0.172588,234.55029,0.1727681,237.24493,0.1739260929141417,229.6251965628208,0.1734789990382375
Viewpoint 1,3581,55.437483,0.162254,58.508419,0.1624344,59.265362,0.1634786284427619,56.00362867390914,0.1632874130031584
Viewpoint 1,3582,770.442098,0.205567,809.50574,0.2072488,819.05408,0.2080784329874626,777.9379652788128,0.2056649585618663
Viewpoint 1,3583,1538.341574,0.275846,1652.3385,0.2642896,1677.8387,0.2626148,1557.0791345512682,0.2765685623771935
Viewpoint 1,3584,2174.867085,0.309329,2334.0933,0.3068536,2359.647,0.3020591,2206.4557229826705,0.3148765257056935
Viewpoint 1,3585,2788.878051,0.342084,2811.8647,0.3342479,2918.9712,0.3355698,2830.599664103291,0.3484243119933974
Viewpoint 1,3586,3463.679522,0.379777,3489.6819,0.3732324,3557.9187,0.3728305,3344.803882970405,0.3758197271118105
Viewpoint 1,3587,5262.869158,0.49009,5180.9551,0.479194,5237.8452,0.478175,5227.994163810324,0.4929164563226972
Viewpoint 1,3588,4626.465802,0.44815,4685.5947,0.4545651,5038.2344,0.4619438,4423.478113440102,0.4413419469209576
Viewpoint 1,3589,4747.253672,0.456792,4887.7881,0.4909495,5418.7754,0.4848149,4619.538921867316,0.4564638335811165
Viewpoint 1,3590,5197.27361,0.487481,5160.9546,0.4963066,5599.9736,0.5013044,5158.679711326789,0.4985367357145848
Viewpoint 1,3591,5463.03157,0.504027,5252.3452,0.4875402,7670.6938,0.6633592,4897.809504204801,0.4964838266295155
Viewpoint 1,3592,42998.258396,1.0,44971.695,1.0,19738.58,1.0,5752.2941550399255,0.6052187931417552
Viewpoint 1,3593,1939.701213,0.314154,1978.1003,0.2925261,2000.5167,0.2936832,1922.2237161619576,0.3123448608825404
Viewpoint 1,3594,825.15485,0.247066,933.62067,0.2272613,949.48053,0.2260464015663031,890.2651794584758,0.2593241335232966
Viewpoint 1,3605,124.20661,0.166291,131.1846,0.1667005,132.88274,0.1677998218459874,125.53733279448184,0.1673690414350361
Viewpoint 1,3606,1578.686565,0.280169,1658.0793,0.2641249,1676.0709,0.2624345,1578.6480414158746,0.2786353766322995
Viewpoint 1,3607,2805.289645,0.345931,2908.7415,0.3414159,2947.4688,0.3390008,2787.306209331854,0.3481531650671206
Viewpoint 1,3608,4077.240502,0.417874,4187.7085,0.4174011,4235.0464,0.4150612,4070.3089153382543,0.4219713575893291
Viewpoint 1,3609,3494.96855,0.386648,3498.9199,0.3789369,3539.9165,0.3770242,3469.9479674069376,0.3890024420506487
Viewpoint 1,3610,4317.049094,0.434768,4287.4331,0.4262546,4336.4014,0.4248757,4291.715376975271,0.4373611687658673
Viewpoint 1,3611,4923.784918,0.470505,4860.375,0.4603675,4913.9556,0.459174,4890.1969107185705,0.4732024188248021
Viewpoint 1,3612,5159.388915,0.484559,5105.7778,0.4751112,5160.522,0.4739904,5144.465735221757,0.488860918914265
Viewpoint 1,3613,5041.797569,0.478446,5034.6416,0.4714391,5087.7285,0.4702253,5044.869381597647,0.484169850855111
Viewpoint 1,3614,4579.353254,0.452438,4602.752,0.4469436,4650.9409,0.445467,4542.345624880449,0.4567289419938346
Viewpoint 1,3615,3824.852686,0.409593,3871.4956,0.4050762,3911.9399,0.403408,3826.535757220057,0.4176105233467367
Viewpoint 1,3616,50868.457518,1.0,36413.891,1.0,24703.83,1.0,9166.130717142942,0.7888265825941919
Viewpoint 1,3617,1756.374335,0.300812,1790.1987,0.2788888,1810.329,0.2759722,1742.7514774909469,0.2993568346217911
Viewpoint 1,3618,738.290018,0.234563,815.43701,0.2068662,827.8559,0.2085951267721993,778.6040979057769,0.2458879394507066
Viewpoint 1,3629,79.414423,0.163662,85.907089,0.1640427,86.858002,0.1650979558136611,79.72853496838715,0.1646800650026443
Viewpoint 1,3630,1090.60452,0.24074,1162.4502,0.2321896,1176.3754,0.2309714,1114.259635870474,0.2481258817821973
Viewpoint 1,3631,2004.392259,0.300575,2139.2139,0.2932995,2174.0449,0.2909054,2034.051075967912,0.3042266774146699
Viewpoint 1,3632,2277.117703,0.314596,2434.8035,0.3127422,2461.5642,0.3096104,2307.128386288594,0.320485775987481
Viewpoint 1,3633,4152.694178,0.424774,4158.5469,0.4175137,4208.2466,0.4167389,4133.600951437338,0.4274792624662065
Viewpoint 1,3634,5195.511939,0.485688,5132.9106,0.4758037,5192.1172,0.4748801,5174.993521793003,0.4886403318998603
Viewpoint 1,3635,4144.14177,0.419237,4203.6416,0.4163449,4351.5693,0.4198617,4187.339745517989,0.4250963290367127
Viewpoint 1,3636,6393.18086,0.556059,6269.6733,0.5435674,6334.9053,0.5430086,6387.446521693634,0.5616598808716209
Viewpoint 1,3637,6320.62621,0.552938,6278.396,0.5449088,6342.1221,0.5442332,6326.124930558955,0.5599811981122575
Viewpoint 1,3638,5045.397604,0.477573,5047.8398,0.496419,5616.9507,0.5012505,5063.721166460069,0.4913127576820734
Viewpoint 1,3639,5792.718602,0.525302,5895.6494,0.5264946,8324.5977,0.6994305,5559.130346795121,0.536414894718436
Viewpoint 1,3640,50135.524791,1.0,59995.023,1.0,21955.166,1.0,5675.689481834279,0.6112878244341835
Viewpoint 1,3641,2403.313801,0.331395,2458.9924,0.3270674,2487.7795,0.3265483,2381.092510164291,0.3450917904865976
Viewpoint 1,3642,412.43608,0.18321,428.63629,0.1841609,433.72729,0.1854597505676725,415.39351294426086,0.1843835992098281
Viewpoint 1,3653,4.477513,0.159263,4.421536,0.1592595,4.4917064,0.1602637748247668,4.807299176436216,0.1602821884616568
Viewpoint 1,3654,272.003724,0.174967,272.24359,0.1749807,276.33481,0.17622099506326,286.88985631371315,0.1768404345656149
Viewpoint 1,3655,607.823587,0.194679,643.3371,0.1967639,657.96191,0.198622503909311,632.8736736425676,0.1971496846428187
Viewpoint 1,3656,961.325817,0.215436,1086.0092,0.2227487,1084.1467,0.2236397,998.7529706463748,0.2186267993769422
Viewpoint 1,3657,1527.880209,0.256253,1545.3054,0.2505656,1709.7391,0.2603623,1719.9331384305128,0.2892675658520017
Viewpoint 1,3658,1903.909751,0.276691,1952.7303,0.2751347,2014.6224,0.2782595,1725.8022596780854,0.2672362877214235
Viewpoint 1,3659,1962.813988,0.278964,2012.1423,0.278092,2163.8384,0.2870187,2074.7169474740613,0.2907081432220334
Viewpoint 1,3660,2080.001903,0.285866,2107.5088,0.3389165,2624.4438,0.3178008,1783.7204710410535,0.2688913027454805
Viewpoint 1,3661,1876.297177,0.276496,2019.8274,0.3738595,2570.2908,0.3134963,1751.4189931928754,0.2693539055849864
Viewpoint 1,3662,1731.058102,0.266199,1597.2858,0.3571258,2198.5906,0.2979161,1685.1335675498565,0.273191335428262
Viewpoint 1,3663,1872.275208,0.285347,1838.7565,0.2674262,4340.1855,0.4931592,1487.4461323192215,0.2691873822027186
Viewpoint 1,3664,47392.27529,1.0,78902.875,1.0,19262.197,1.0,2321.052727089,0.4783294636138234
Viewpoint 1,3665,13637.829698,1.0,9920.292,0.7413211,12768.117,1.0,674.7405680548844,0.2377829263529117
Viewpoint 1,3666,46.70928,0.161742,46.644089,0.161738,47.181828,0.1627694338190088,46.16054613547452,0.1627096240581523
Viewpoint 1,3677,4.770245,0.15928,4.6909986,0.1592754,4.7654462,0.1602798071792969,5.096771697209807,0.1602991804986262
Viewpoint 1,3678,325.7241,0.17812,326.0415,0.1781386,330.87671,0.1794224845150514,342.0191286376398,0.1800765228510294
Viewpoint 1,3679,663.206311,0.197931,699.0238,0.2000327,714.09271,0.2019172974788577,690.4617964879686,0.2005301074538437
Viewpoint 1,3680,1010.226866,0.21832,1093.0789,0.2231637,1108.937,0.2250948,1051.929801127285,0.2217482793261716
Viewpoint 1,3681,1607.846399,0.261057,1634.8031,0.2561269,1798.6433,0.265581,1809.9837729965457,0.2933384232253163
Viewpoint 1,3682,2020.351282,0.2843,2052.022,0.2812099,2115.624,0.2841883,1831.398475913243,0.2745712091329747
Viewpoint 1,3683,2133.890354,0.290833,2127.251,0.285587,2280.0227,0.2938386,2201.610483789724,0.2995890231182214
Viewpoint 1,3684,2230.134585,0.29722,2138.5601,0.3394642,2295.8818,0.2948985,2259.37427412681,0.3037507348043726
Viewpoint 1,3685,2051.420995,0.288595,2196.0989,0.37746,2740.7388,0.3231348,1929.904027672462,0.2867024868109414
Viewpoint 1,3686,1839.376971,0.278761,1769.0272,0.3575794,2364.7761,0.3064757,1849.006993933781,0.2862655805423266
Viewpoint 1,3687,1922.043997,0.292706,1970.4346,0.2749185,4389.2222,0.4953077,1673.8991971157104,0.2848057247776895
Viewpoint 1,3688,36728.428231,1.0,50754.484,1.0,19365.605,1.0,2524.1449012160047,0.4841389071507703
Viewpoint 1,3689,12958.991727,1.0,14856.104,1.0,12948.127,1.0,822.6518183131668,0.2545527192950647
Viewpoint 1,3690,76.053334,0.163464,75.584801,0.1634368,76.456017,0.1644878764264155,74.71046436680024,0.1643855042583311
Viewpoint 1,3701,79.812416,0.163685,86.318428,0.1640669,87.280434,0.1651228306051239,80.14547428828106,0.1647045393407221
Viewpoint 1,3702,922.353251,0.214319,933.60962,0.2138029,944.69153,0.2154534016747409,925.1283763618712,0.2143050356924418
Viewpoint 1,3703,1375.230589,0.261473,1447.5353,0.2482614,1468.2693,0.2474936,1377.093204794323,0.259922904325455
Viewpoint 1,3704,2280.115654,0.313949,2422.6895,0.3118661,2459.7546,0.3076815,2316.166735679967,0.32052942596576
Viewpoint 1,3705,2973.08224,0.353661,3037.3345,0.3480883,3160.1956,0.3500068,3080.286163767527,0.3651507633699798
Viewpoint 1,3706,3432.633979,0.376186,3519.791,0.373917,3605.2883,0.3735922,3332.9394504573247,0.3746189243478182
Viewpoint 1,3707,3907.132478,0.403499,3955.0632,0.3995293,4127.0732,0.4050165,4009.710015051935,0.4135073671289337
Viewpoint 1,3708,4525.567594,0.442292,4533.1646,0.4454026,4678.6807,0.440453,4551.275067075248,0.4474834884108548
Viewpoint 1,3709,5863.050148,0.526302,5841.4541,0.5191135,5901.5889,0.5182543,5876.88975999758,0.5334185408325203
Viewpoint 1,3710,5394.095658,0.500499,5417.7383,0.4955146,5473.207,0.4943672,5351.25783607715,0.5055628772423989
Viewpoint 1,3711,4565.975393,0.453911,4628.7998,0.4509172,4676.3237,0.4495802,4576.352319969431,0.4644310180792353
Viewpoint 1,3712,26223.001885,1.0,22204.441,1.0,21783.523,1.0,5742.435828642384,0.6146873137551923
Viewpoint 1,3713,14296.288246,1.0,18221.201,1.0,14254.394,1.0,3168.522302444041,0.4162814172652931
Viewpoint 1,3714,364.229508,0.18038,373.88641,0.1809471,378.23669,0.1822024766446137,364.1444863950979,0.1813752813513922
Viewpoint 1,3725,37.576159,0.161206,35.960278,0.1611109,36.504639,0.1621426680785911,38.384478867372366,0.1622531689095147
Viewpoint 1,3726,608.639417,0.195142,630.16052,0.1959904,638.92639,0.1975049614448772,637.7324610552843,0.1974348954639452
Viewpoint 1,3727,1113.869385,0.233512,1180.5649,0.2317101,1200.6252,0.23074,1152.9031417332444,0.2477033457702946
Viewpoint 1,3728,1562.214265,0.268161,1663.1041,0.2603183,1688.9796,0.2602091,1609.6841147035736,0.2737455772355509
Viewpoint 1,3729,2148.296213,0.301409,2203.363,0.2956727,2338.8516,0.2981341,2317.3465818404497,0.3208460212229972
Viewpoint 1,3730,2758.372856,0.335183,2782.9631,0.3286327,2853.6602,0.3287176,2664.9954535674947,0.3337399693374649
Viewpoint 1,3731,3136.704128,0.356891,3116.7026,0.3493787,3267.4031,0.353189,3255.0159326842568,0.3673139376651873
Viewpoint 1,3732,3650.647765,0.388172,3562.9578,0.3986854,3721.311,0.3814748,3717.422583967645,0.3966822778302588
Viewpoint 1,3733,3424.447647,0.382131,3573.3772,0.4117473,3862.2507,0.3938925,3437.0616554319668,0.389998297795572
Viewpoint 1,3734,3656.106258,0.392786,3613.5593,0.4227287,4219.356,0.4161402,3698.049728784065,0.4068616075960281
Viewpoint 1,3735,3898.174869,0.411097,3964.0415,0.4074153,6359.6162,0.5934125,3655.7524571658014,0.4194625196001397
Viewpoint 1,3736,17645.536717,1.0,25252.016,1.0,21009.438,1.0,4365.767532813459,0.5538419927714914
Viewpoint 1,3737,14360.334519,1.0,22891.598,1.0,14151.011,1.0,2173.3931030214003,0.3547032093498845
Viewpoint 1,3738,216.823283,0.171728,218.87689,0.1718481,221.39008,0.1729954234664354,214.9484271041528,0.1726174726710137
Viewpoint 1,3749,80.5295,0.163727,86.782562,0.1640941,87.754631,0.1651506821949746,80.63380070287857,0.1647332041012589
Viewpoint 1,3750,758.144573,0.209185,814.87354,0.207645,824.69843,0.2084097288541575,773.6210542352104,0.2146135045988275
Viewpoint 1,3751,1592.251001,0.280077,1704.7932,0.2674132,1729.8967,0.2657588,1613.3341042554162,0.2804841975002536
Viewpoint 1,3752,2219.711608,0.311659,2343.0923,0.3076417,2378.9766,0.3032922,2244.816629020472,0.3171857133058608
Viewpoint 1,3753,3955.713899,0.413396,3951.4321,0.4054259,3998.2773,0.404232,3924.657410861305,0.4154100630126602
Viewpoint 1,3754,3544.409277,0.385069,3602.9639,0.3802771,3679.4871,0.380056,3449.143011571612,0.3835423954580805
Viewpoint 1,3755,5641.164218,0.511867,5544.9585,0.5005677,5605.644,0.4997497,5622.82041395232,0.5159605938429614
Viewpoint 1,3756,4376.813812,0.433561,4422.0933,0.4393096,4567.7036,0.4336473,4447.668696862182,0.4412543834776059
Viewpoint 1,3757,4062.500828,0.415331,4271.5586,0.4774824,4795.9253,0.446672,4005.589946215195,0.4188337872696275
Viewpoint 1,3758,4122.693201,0.421941,4131.6704,0.4464467,4732.7437,0.447899,4170.957958736039,0.436804971120678
Viewpoint 1,3759,4513.385905,0.447966,4462.1543,0.4384735,6829.0059,0.6178007,4151.003659532233,0.4504979631023189
Viewpoint 1,3760,16804.837481,1.0,19383.322,1.0,21306.193,1.0,4837.201597022654,0.574449702328091
Viewpoint 1,3761,14160.820052,1.0,14341.433,1.0,14005.369,1.0,2617.967667601006,0.38354165481093
Viewpoint 1,3762,303.506875,0.176816,308.96674,0.1771363,312.52463,0.1783450937630543,302.1695359034129,0.1777373517575303
Viewpoint 1,3773,62.009217,0.16264,62.275558,0.1626556,63.026886,0.1636995908047714,61.5466454585133,0.1636127880884147
Viewpoint 1,3774,682.684004,0.199074,688.5426,0.1994175,696.67981,0.2008951006275423,683.8700799204508,0.2001431736913304
Viewpoint 1,3775,1403.946556,0.264325,1416.303,0.2468147,1432.9602,0.2479458,1397.0747411908312,0.2635677524294676
Viewpoint 1,3776,2186.09523,0.312385,2201.9458,0.2998593,2227.74,0.2973696,2169.467900429356,0.3121921091333663
Viewpoint 1,3777,2962.502214,0.355429,2967.9392,0.346736,3002.4023,0.345062,2939.4784441087327,0.3580034238754155
Viewpoint 1,3778,3616.92673,0.394097,3622.4067,0.3865522,3663.7014,0.3846552,3613.408704386885,0.3977287206852876
Viewpoint 1,3779,4095.085821,0.422336,4078.7749,0.4136628,4124.2026,0.4127772,4081.9023846962073,0.4258560894679095
Viewpoint 1,3780,4268.628982,0.432636,4249.8091,0.4245943,4296.3687,0.4231195,4253.252727896606,0.4363510248350605
Viewpoint 1,3781,4131.179932,0.425049,4131.564,0.4179472,4176.3979,0.4163885,4128.232261202594,0.4298185823894537
Viewpoint 1,3782,3717.32042,0.401306,3736.3945,0.3952132,3776.7285,0.3934401,3685.719894406934,0.4050028426873857
Viewpoint 1,3783,3069.670521,0.364205,3100.7144,0.35758,3134.1355,0.3553472,3065.370738600597,0.3701630502383496
Viewpoint 1,3784,2257.1076,0.323593,2285.8115,0.3079578,2310.7568,0.3068673,2229.9859173812683,0.3224178930537377
Viewpoint 1,3785,1383.643659,0.272167,1405.0615,0.251032,1420.792,0.2471333,1373.558780256982,0.2719255911303541
Viewpoint 1,3786,592.686323,0.20027,622.56384,0.1955445,630.42542,0.19700588857747,601.0724587828813,0.1976292333972638
Viewpoint 1,3797,47.237067,0.161773,47.571999,0.1617925,48.146835,0.1628261312317331,47.03018004850689,0.1627606715688473
Viewpoint 1,3798,583.19671,0.193234,588.27393,0.1935317,595.21814,0.1949392537045634,584.7386589870866,0.1943241592825419
Viewpoint 1,3799,1225.856238,0.250997,1239.8997,0.2354498,1254.4366,0.2353573,1223.8059648165406,0.2490658568605959
Viewpoint 1,3800,1919.612783,0.296547,1929.4097,0.283779,1951.9121,0.2789333,1901.23744906816,0.2963987197131497
Viewpoint 1,3801,2583.570695,0.333129,2595.4729,0.3247877,2625.5012,0.3218654,2568.850347950641,0.3362415843095788
Viewpoint 1,3802,3146.376252,0.366564,3149.5444,0.358694,3185.4707,0.3565513,3136.1836142030097,0.3696777540331792
Viewpoint 1,3803,3535.023973,0.38936,3528.8413,0.3812242,3568.4241,0.3792497,3521.66451239234,0.3928627981220922
Viewpoint 1,3804,3667.507982,0.397429,3666.1348,0.3894556,3706.8066,0.3883641,3658.9928712723568,0.4012487122991716
Viewpoint 1,3805,3526.485274,0.389455,3541.553,0.3823034,3580.616,0.3803171,3532.350569616857,0.394393200167329
Viewpoint 1,3806,3172.036749,0.369164,3189.0703,0.3618452,3224.1111,0.359672,3144.118541256178,0.3723564329328434
Viewpoint 1,3807,2596.743649,0.335557,2617.9099,0.3272466,2646.6479,0.3255686,2587.7458459121817,0.3406075569161423
Viewpoint 1,3808,1892.356378,0.29997,1915.3571,0.2839468,1936.5461,0.2812115,1871.036874824361,0.299204364843607
Viewpoint 1,3809,1153.062959,0.252877,1170.2295,0.2283624,1183.3751,0.2307995,1146.2528211663862,0.2510059967394992
Viewpoint 1,3810,488.746609,0.187689,507.05319,0.188764,513.12463,0.1901203336904835,491.9311847541699,0.1888763605450698
Viewpoint 1,3821,0.0,0.159,0.0,0.159,0.0,0.0,1.6217339178362944e-05,0.1600000009519578
Viewpoint 1,3822,33.699742,0.160978,33.902721,0.1609901,34.304298,0.1620136125788089,33.815063953419205,0.1619849442540657
Viewpoint 1,3823,69.095838,0.163056,69.476746,0.1630783,70.286964,0.1641257883191752,68.77198588882912,0.1640369155716742
Viewpoint 1,3824,122.578979,0.166195,123.22313,0.1662332,124.64999,0.1673167377991993,121.57285124423429,0.1671363263680365
Viewpoint 1,3825,157.978763,0.168273,158.92122,0.1683287,160.76068,0.1694364910701788,157.18084075347434,0.1692265153522289
Viewpoint 1,3826,191.898524,0.170264,193.49709,0.1703583,195.74135,0.1714899197935485,192.2677318113375,0.1712861158573255
Viewpoint 1,3827,226.265168,0.172282,227.46083,0.172352,230.09953,0.1735068115248571,226.25402063388225,0.1732811110112088
Viewpoint 1,3828,227.136394,0.172333,227.82211,0.1723732,230.46346,0.1735281040063523,226.55304121355664,0.1732986635192357
Viewpoint 1,3829,225.952137,0.172263,227.2318,0.1723385,229.87726,0.1734937876179895,225.98118629078536,0.1732650956352691
Viewpoint 1,3830,190.439522,0.170179,191.51712,0.1702421,193.7639,0.1713737054162808,188.68304196116688,0.1710756945631205
Viewpoint 1,3831,153.933666,0.168036,154.75563,0.1680842,156.58313,0.1691911918913349,153.03158064612822,0.1689829537839277
Viewpoint 1,3832,117.537743,0.165899,118.1986,0.1659383,119.59504,0.1670200503187266,116.00407161431669,0.1668094390037603
Viewpoint 1,3833,66.699911,0.162915,66.838463,0.1629234,67.621521,0.1639692350483488,65.97043242587529,0.1638724643833989
Viewpoint 1,3834,32.239956,0.160892,32.137074,0.1608865,32.507332,0.1619081131334843,31.80007976680813,0.1618666646823116
Viewpoint 1,3845,76.505679,0.163491,80.700989,0.1637371,81.629738,0.1647913049486339,75.75949319964342,0.164447082250819
Viewpoint 1,3846,701.488944,0.200194,738.85388,0.2023707,747.0744,0.2038531818394407,702.0690666510981,0.2012114542124194
Viewpoint 1,3847,1303.963198,0.261822,1364.7351,0.2440593,1381.6246,0.2448825,1292.302445107212,0.2584541660064345
Viewpoint 1,3848,1503.975782,0.271359,1513.9984,0.2560854,1531.5759,0.2540076,1492.1973258335568,0.2706201413450442
Viewpoint 1,3849,2472.884272,0.326876,2528.9302,0.3191949,2582.906,0.3179167,2477.9370248268315,0.3300382873591166
Viewpoint 1,3850,3003.517823,0.356781,3014.282,0.3474227,3061.2939,0.3458927,2970.3230737793338,0.3576272335106411
Viewpoint 1,3851,2740.716003,0.342646,2745.0076,0.3338155,2776.0942,0.3309183,2732.3367052599274,0.3461990296339645
Viewpoint 1,3852,3806.502301,0.403353,3858.5955,0.4003264,3916.7742,0.3979918,3830.2621762455415,0.4079822403615271
Viewpoint 1,3853,4225.508626,0.430303,4340.5562,0.432166,4456.0967,0.4321063,4240.884248577938,0.4372842302677139
Viewpoint 1,3854,4428.87574,0.446859,4555.3774,0.4494417,4680.6499,0.4501011,4467.667618910638,0.4613008631246895
Viewpoint 1,3855,1950.901025,0.300639,1972.204,0.2868492,1994.382,0.2839785,1949.1631209866605,0.3011613412900108
Viewpoint 1,3856,1414.886916,0.268447,1426.1991,0.2489936,1442.2992,0.2486026,1395.2467842266446,0.2677555773121093
Viewpoint 1,3857,6567.308281,0.726306,6522.7412,0.5550636,6592.6919,0.6370295,3003.1118701275627,0.4056288996978859
Viewpoint 1,3858,554.977905,0.191577,577.23016,0.1928834,584.28607,0.1942975212994845,559.1673715306532,0.1928231247088493
Viewpoint 1,3869,109.556039,0.165431,115.977,0.1658078,117.37453,0.1668893908499464,108.58222553990458,0.1663737766391924
Viewpoint 1,3870,670.107944,0.198335,676.03516,0.1986833,684.02399,0.2001522107898355,671.4598878149783,0.1994146954147392
Viewpoint 1,3871,1393.371766,0.26357,1404.1003,0.2460928,1420.6116,0.2472174,1385.0015881336217,0.2628283744437729
Viewpoint 1,3872,2144.980188,0.307375,2167.4412,0.2978249,2192.8174,0.2953178,2135.400396393626,0.3101931307201224
Viewpoint 1,3873,3021.607425,0.355889,3048.9468,0.3483577,3133.6067,0.3486645,3071.2364798500444,0.3621645144218822
Viewpoint 1,3874,3649.01125,0.390667,3621.0444,0.3818412,3678.4434,0.3802516,3602.1785859083034,0.3907985977321243
Viewpoint 1,3875,4011.023062,0.417346,3994.5991,0.4087027,4039.1436,0.4077742,3996.056212251566,0.4208160258991278
Viewpoint 1,3876,4865.64551,0.462979,4943.7876,0.4680205,5038.8687,0.4626668,4931.09530806647,0.4707813372315026
Viewpoint 1,3877,4047.736074,0.420125,4049.8044,0.4131037,4093.8748,0.4115071,4046.084607458906,0.4249200934462805
Viewpoint 1,3878,3625.287786,0.396047,3647.969,0.3891701,3687.4907,0.3881195,3598.7083304034945,0.3997312989548018
Viewpoint 1,3879,5979.694146,0.540958,6086.2065,0.5433328,7105.4448,0.612205,5956.938194717965,0.5636039967894628
Viewpoint 1,3880,11922.505839,1.0,7550.5947,0.8919485,13917.196,1.0,5849.276039422187,0.5872894955340225
Viewpoint 1,3881,13175.810192,1.0,13454.819,0.9542962,13092.381,1.0,3803.682198824658,0.4499139605050428
Viewpoint 1,3882,776.863796,0.237712,821.04846,0.2071956,832.38196,0.208860724047019,791.0591040987259,0.2424407729967989
Viewpoint 1,3893,0.0,0.159,0.0,0.159,0.0,0.0,1.621581867759038e-05,0.1600000009518685
Viewpoint 1,3894,50.567829,0.161968,50.849194,0.1619848,51.451611,0.1630201445542197,50.717225986487854,0.1629771011654068
Viewpoint 1,3895,103.69826,0.165087,104.20852,0.165117,105.424,0.1661882401872526,103.15080028746664,0.1660549519768743
Viewpoint 1,3896,157.276914,0.168232,158.42831,0.1682997,160.26299,0.1694071608406605,156.30587962686707,0.1691751551340971
Viewpoint 1,3897,226.295782,0.172284,227.40247,0.1723485,230.03416,0.1735028431151038,224.89849013472784,0.1732015413709085
Viewpoint 1,3898,258.70115,0.174186,260.8996,0.1743148,263.92468,0.1754923209620465,259.22672794249127,0.1752166089302242
Viewpoint 1,3899,291.024175,0.176083,292.77185,0.1761857,296.16675,0.1773849412034882,291.2010742123146,0.1770935030562628
Viewpoint 1,3900,306.487014,0.176991,309.29559,0.1771557,312.87976,0.1783660494474116,307.55413106782186,0.1780534274936811
Viewpoint 1,3901,290.63598,0.17606,292.38141,0.1761628,295.78366,0.1773624342987206,290.7630808449382,0.1770677928455978
Viewpoint 1,3902,254.624469,0.173946,256.37463,0.1740492,259.37982,0.1752255886414843,252.5693739009297,0.1748258222479845
Viewpoint 1,3903,201.61986,0.170835,202.89058,0.1709097,205.28423,0.172050166334669,200.61791732750447,0.1717762717471245
Viewpoint 1,3904,148.917111,0.167741,149.78841,0.1677926,151.55649,0.1688962127214303,146.99148250861924,0.1686284000232559
Viewpoint 1,3905,82.133505,0.163821,82.510361,0.1638434,83.47657,0.1648999341647945,81.42769719843825,0.1647798058255483
Viewpoint 1,3906,32.307696,0.160896,32.226364,0.1608917,32.597633,0.1619134533108686,31.88214413168204,0.1618714818605297
Viewpoint 1,3917,47.439271,0.161785,47.563675,0.161792,48.138512,0.1628257016196427,47.015752896471454,0.1627598246950228
Viewpoint 1,3918,544.719417,0.190975,549.42395,0.1912512,555.90875,0.1926317885881723,546.2263451630342,0.1920634864610701
Viewpoint 1,3919,1131.993459,0.238579,1141.5183,0.2271591,1154.8838,0.2292126,1126.9590532303423,0.2393013908627713
Viewpoint 1,3920,1757.461143,0.286985,1773.6232,0.2714443,1794.2699,0.2696164,1747.7680552866696,0.2869717854827839
Viewpoint 1,3921,2388.067947,0.321506,2392.5608,0.3113077,2420.2058,0.3088299,2367.257391729555,0.3243646825941226
Viewpoint 1,3922,2895.702948,0.351768,2906.8792,0.3433134,2940.0618,0.3416062,2892.4946748798566,0.3553189452602092
Viewpoint 1,3923,3235.176001,0.371975,3242.5017,0.3643127,3279.0059,0.3621961,3232.4244013338,0.3758013738565711
Viewpoint 1,3924,3359.549507,0.379298,3358.9658,0.3712922,3396.4587,0.3692275,3348.898171459739,0.3829136290180407
Viewpoint 1,3925,3231.943663,0.372269,3247.9517,0.3649014,3284.0525,0.3627802,3237.3665241491613,0.3768434356917273
Viewpoint 1,3926,2893.998664,0.352463,2907.4907,0.3450598,2939.7346,0.3425414,2866.026860441002,0.3555671998522625
Viewpoint 1,3927,2353.807435,0.32532,2379.3271,0.3129271,2405.7048,0.3096489,2351.929174773294,0.3260056789555775
Viewpoint 1,3928,1725.201546,0.288861,1742.4965,0.2734792,1761.9304,0.2677774,1703.3906887331143,0.2882713116669563
Viewpoint 1,3929,1059.782647,0.243963,1072.2596,0.222284,1084.3468,0.2236511,1051.3693412412176,0.240866374381388
Viewpoint 1,3930,455.013053,0.185709,466.97781,0.1864116,472.45624,0.1877331971660767,454.7477529567997,0.1866936930985641
Viewpoint 1,3941,80.134308,0.163704,86.377541,0.1640704,87.350777,0.1651269355389788,80.15600248677342,0.1647051573459736
Viewpoint 1,3942,547.882778,0.191171,564.85626,0.1921571,572.8598,0.1936269021709766,575.5999865448068,0.1937877192101801
Viewpoint 1,3943,1019.553965,0.224468,1074.3269,0.2235993,1092.2957,0.2241178,1056.1565354876857,0.2380288979830657
Viewpoint 1,3944,1455.802445,0.256409,1519.8724,0.2517448,1543.8066,0.2508141,1501.2356881958017,0.2660036665610177
Viewpoint 1,3945,2008.381542,0.293115,2084.54,0.2885798,2210.4744,0.2905956,2227.7198574024587,0.3160774297775522
Viewpoint 1,3946,2544.365647,0.322845,2536.481,0.3143861,2581.8972,0.3127687,2491.9208737796994,0.3239065026809726
Viewpoint 1,3947,2992.145955,0.34807,2900.3921,0.3356293,3044.7605,0.3399844,3077.6498965306723,0.3570020264297223
Viewpoint 1,3948,3215.509143,0.362433,3209.1238,0.4085071,3350.1458,0.3586014,3375.9590720036567,0.3755803922949586
Viewpoint 1,3949,3322.675644,0.370374,3479.0391,0.4371787,3956.4365,0.395779,3255.322544906511,0.3727880972348115
Viewpoint 1,3950,3251.406605,0.376913,3283.251,0.3952229,3801.3796,0.3908987,3306.2424586377288,0.3821467291276123
Viewpoint 1,3951,3389.655408,0.37987,3454.1235,0.3742542,5712.4658,0.5563873,3196.5282995215853,0.3891448178518866
Viewpoint 1,3952,16864.425575,1.0,14209.982,1.0,20181.688,1.0,3975.546045869652,0.5377834058106087
Viewpoint 1,3953,12074.057858,1.0,18188.387,1.0,14428.882,1.0,1975.8664068587063,0.3410983312749726
Viewpoint 1,3954,202.937176,0.170912,204.57745,0.1710087,206.92795,0.1721464747684455,201.25158619720216,0.1718134681097757
Viewpoint 1,3965,43.064624,0.161528,43.247593,0.1615386,43.893707,0.1625764116159985,44.86640129251323,0.1626336577558705
Viewpoint 1,3966,515.19936,0.189242,516.94147,0.1893445,524.40051,0.1907823264880972,539.9365117361953,0.1916942732389146
Viewpoint 1,3967,953.073178,0.218062,982.7973,0.2171985,999.91632,0.2186951004516704,989.4885175096376,0.2299691128603762
Viewpoint 1,3968,1330.504746,0.245698,1406.7032,0.2441588,1428.6273,0.2438606,1380.7962027608678,0.258718619406167
Viewpoint 1,3969,1828.608081,0.281068,1911.4083,0.2761745,2045.1923,0.2801549,2068.6169478943207,0.3063413463209929
Viewpoint 1,3970,2346.66322,0.309254,2365.1709,0.3030111,2407.2139,0.3014216,2300.3722137781174,0.3107615607745206
Viewpoint 1,3971,2697.855019,0.329569,2696.4111,0.3228876,2850.5203,0.3278263,2865.8419699854408,0.3437370975100136
Viewpoint 1,3972,2899.294736,0.342146,2892.2349,0.3997935,3039.2073,0.3395021,3054.903809542041,0.3558852018723102
Viewpoint 1,3973,2842.689442,0.340944,3024.4961,0.4199571,3502.5049,0.3678401,2790.065713841662,0.3435219344090574
Viewpoint 1,3974,2830.20497,0.351856,2751.5981,0.3700386,3279.2356,0.3584228,2784.791165174652,0.3490271660861893
Viewpoint 1,3975,3062.59172,0.359517,2907.1951,0.3376242,5154.2256,0.5275106,2625.3710727823573,0.3516932117385385
Viewpoint 1,3976,16076.134355,1.0,15044.614,1.0,19657.934,1.0,3451.849083901856,0.516812661227599
Viewpoint 1,3977,12140.892924,1.0,17367.871,1.0,14172.863,1.0,1534.234173034396,0.3093318033327685
Viewpoint 1,3978,161.37873,0.168473,161.81322,0.1684984,163.67482,0.1696074177093788,159.4289517572942,0.1693584794681531
Viewpoint 1,3989,89.215985,0.164237,94.317337,0.1645364,95.456421,0.1656030570688757,88.26424898189144,0.165181111415237
Viewpoint 1,3990,709.764189,0.200679,746.42859,0.2028154,754.80084,0.2043067513980112,710.5420520172738,0.2017088184534139
Viewpoint 1,3991,1320.184706,0.262892,1384.9615,0.2451762,1402.2783,0.246002,1312.9650483110595,0.2595833623740715
Viewpoint 1,3992,1917.393045,0.295628,2000.2936,0.2881491,2028.4043,0.283071,1909.64087808526,0.2972283957261572
Viewpoint 1,3993,2328.356803,0.315622,2360.4861,0.3079318,2419.5964,0.305119,2360.864608624,0.3206162222330465
Viewpoint 1,3994,2761.146494,0.339236,2744.2134,0.3298068,2788.8989,0.3267248,2743.931025123892,0.340455422932103
Viewpoint 1,3995,3151.127903,0.361299,3150.8586,0.3536264,3215.3997,0.3530063,3172.071159787063,0.3647957244787637
Viewpoint 1,3996,3688.42257,0.394235,3732.9109,0.3939071,3796.9773,0.3898224,3736.632550439737,0.4004589299807624
Viewpoint 1,3997,3297.318,0.376033,3313.4756,0.3687827,3350.2529,0.3666913,3303.4106108551337,0.3807676366870915
Viewpoint 1,3998,4620.38456,0.45743,4716.6621,0.4598542,4877.4902,0.4614991,4665.291609622965,0.4728628203167927
Viewpoint 1,3999,4808.35777,0.475006,4918.3169,0.4758277,5506.8589,0.51491,4815.733178386577,0.4976103153619107
Viewpoint 1,4000,8154.391983,0.805848,8881.5449,0.9134635,9349.1709,0.7721847,4669.887019941941,0.5092304333361609
Viewpoint 1,4001,7661.610312,0.799912,11751.297,0.854429,8615.4141,0.7649647,3279.7929366746166,0.4228049841176943
Viewpoint 1,4002,552.795634,0.191449,569.09235,0.1924057,575.92676,0.193806909936704,552.8123408096037,0.1924500844055237
Viewpoint 1,4013,16.332855,0.159959,16.399822,0.1599627,16.598503,0.1609743047492212,16.210324280168916,0.1609515460352459
Viewpoint 1,4014,129.612137,0.166608,130.41423,0.1666553,131.95793,0.1677457402654303,130.0165688468035,0.1676319725913073
Viewpoint 1,4015,261.614852,0.174357,263.14688,0.1744467,266.21487,0.1756267214431306,260.36517477239886,0.1752834357591398
Viewpoint 1,4016,424.469577,0.183916,427.78958,0.1841113,432.74081,0.185401842068278,421.9241672972079,0.1847669486203461
Viewpoint 1,4017,571.982174,0.192575,574.1958,0.1927053,580.83038,0.1940947569972029,567.7550993525962,0.1933272243319974
Viewpoint 1,4018,680.970931,0.198973,684.54706,0.1991829,692.46039,0.2006473638172249,679.923484175529,0.1999115085211035
Viewpoint 1,4019,756.721147,0.20342,759.66571,0.2035924,768.44238,0.2051075095550521,755.2274535806639,0.204331851525185
Viewpoint 1,4020,773.728546,0.204418,775.37592,0.2045146,784.3316,0.2060402751603216,770.6956674330797,0.2052398356783218
Viewpoint 1,4021,739.23967,0.202393,742.99274,0.2026137,751.60718,0.2041192633086363,738.7008608378562,0.2033617405311821
Viewpoint 1,4022,654.020355,0.197391,658.30115,0.1976423,665.98077,0.1990930435657078,648.3886594668711,0.1980604143107053
Viewpoint 1,4023,521.723332,0.189625,524.80322,0.189806,530.95789,0.1911672008574959,518.7831956377556,0.1904525735839362
Viewpoint 1,4024,374.467923,0.180981,376.95969,0.1811275,381.38419,0.1823872767733081,369.708582517863,0.1817018937937985
Viewpoint 1,4025,230.804327,0.172548,232.13304,0.1726262,234.84041,0.1737850951596464,228.86718434472056,0.1734345037210351
Viewpoint 1,4026,90.790239,0.164329,90.863731,0.1643337,91.910866,0.1653949832170187,89.72832078568409,0.1652670524301196
Viewpoint 1,4037,187.823304,0.170025,198.12436,0.1706299,200.72853,0.1717825137102772,189.5982376527037,0.1711294165502137
Viewpoint 1,4038,857.351808,0.209343,864.37488,0.2097388,874.6236,0.2113404088287572,856.7883892845509,0.2102934784510031
Viewpoint 1,4039,1733.396798,0.284894,1747.8688,0.2698053,1768.5919,0.26798,1720.9438716726258,0.2844957349765298
Viewpoint 1,4040,2669.601991,0.337865,2687.1782,0.3298888,2719.0291,0.3270632,2645.668953509702,0.3400505392393274
Viewpoint 1,4041,3599.88142,0.392797,3606.4739,0.3852375,3648.8389,0.3833797,3577.267885383985,0.3952506747350601
Viewpoint 1,4042,4433.562198,0.441721,4415.855,0.433783,4466.3555,0.4324774,4424.890776428812,0.445123978816048
Viewpoint 1,4043,5897.854497,0.521997,5976.355,0.5217137,6133.5977,0.5259519,5963.869736306728,0.529969911302782
Viewpoint 1,4044,5321.754091,0.494048,5262.394,0.4843421,5318.731,0.4833017,5307.9384158614685,0.498345542625936
Viewpoint 1,4045,5208.846319,0.488324,5186.9321,0.4804236,5241.5508,0.4792823,5208.5226235088285,0.4938319177001613
Viewpoint 1,4046,7609.223368,0.630581,7658.0356,0.6321616,8154.3965,0.651818,7667.529771763211,0.6464639800173347
Viewpoint 1,4047,3991.767295,0.419353,4032.5278,0.4146517,4074.8447,0.4130383,3989.347314929792,0.4273817977604797
Viewpoint 1,4048,2986.982375,0.36178,3023.5986,0.3563356,3056.2002,0.3545012,2943.6891038254835,0.3685715018815899
Viewpoint 1,4049,13296.009422,1.0,17988.91,1.0,15358.257,1.0,4414.322674033969,0.4828995197973957
Viewpoint 1,4050,1116.552291,0.271641,1185.8866,0.2427719,1205.4358,0.24519,1146.095115862027,0.2756241666346239
Viewpoint 1,4061,328.742936,0.178297,353.29599,0.1797385,357.35913,0.1809769186954589,329.96056322524186,0.1793686850613217
Viewpoint 1,4062,997.690151,0.225717,1006.8613,0.2185111,1018.835,0.2198056,996.2611560396206,0.2186174652794508
Viewpoint 1,4063,1991.740346,0.297514,2008.5785,0.2881803,2032.5737,0.283498,1973.9125477315188,0.2999645390502208
Viewpoint 1,4064,3615.12905,0.389987,3741.9448,0.3907998,3794.425,0.3881722,3608.827033059669,0.3939177318302315
Viewpoint 1,4065,4084.544358,0.420821,4083.3333,0.4131126,4132.022,0.4122889,4056.8846960652,0.4230479013211067
Viewpoint 1,4066,5080.543658,0.4789,5022.9902,0.4693748,5080.8877,0.4683781,5060.299321865091,0.4819985835423246
Viewpoint 1,4067,5873.91555,0.52547,5756.3013,0.512956,5819.3135,0.512261,5858.910395472111,0.5296851812996658
Viewpoint 1,4068,6245.552557,0.547515,6116.5796,0.5345846,6180.7158,0.5339611,6225.655713421234,0.5520831604733065
Viewpoint 1,4069,6150.758491,0.54295,6092.1357,0.5338912,6154.583,0.5331447,6147.77316198776,0.549385232687398
Viewpoint 1,4070,5643.609535,0.515218,5678.4307,0.5109743,5736.4492,0.5099362,5617.836286170888,0.5214972558352069
Viewpoint 1,4071,4825.600324,0.469243,4888.29,0.4665365,4938.6606,0.4652359,4837.193497514948,0.4803788047929271
Viewpoint 1,4072,3697.67101,0.405532,3754.0718,0.4017008,3794.5242,0.4006346,3643.562433895738,0.414498826298452
Viewpoint 1,4073,13559.783955,1.0,17586.73,1.0,15698.521,1.0,4779.085477410793,0.5026735627043052
Viewpoint 1,4074,1042.349128,0.26504,1102.0028,0.237049,1119.1736,0.2356332,1064.1499384312142,0.2680745480434548
Viewpoint 1,4085,40.05228,0.161351,40.314636,0.1613665,40.914745,0.1624015203055228,41.678919079525954,0.1624465525499681
Viewpoint 1,4086,556.891996,0.191691,560.06104,0.1918756,568.10052,0.1933474513787336,585.0087164745541,0.1943400116570563
Viewpoint 1,4087,1032.535416,0.226608,1060.8732,0.2227501,1078.7831,0.2233246,1071.6058950605736,0.2411371413382473
Viewpoint 1,4088,1423.782123,0.255388,1496.874,0.2503669,1519.9875,0.2494072,1475.5738962233952,0.2660872018971534
Viewpoint 1,4089,1894.322693,0.285954,1983.1406,0.280744,2111.2415,0.284321,2134.358939105594,0.3101748538381579
Viewpoint 1,4090,2412.934975,0.314337,2429.9695,0.307812,2472.1506,0.3057884,2379.114854840522,0.3165727560061987
Viewpoint 1,4091,2814.536523,0.337254,2769.9912,0.3276565,2917.0039,0.3322977,2955.0303170406314,0.3491647429897049
Viewpoint 1,4092,3097.827225,0.35449,3059.9231,0.4043513,3212.3501,0.3499874,3238.6426046363736,0.3672166473011381
Viewpoint 1,4093,3110.440305,0.357239,3270.6655,0.4286285,3745.2146,0.3831065,3042.164187756507,0.3592760527462459
Viewpoint 1,4094,3036.538537,0.364354,3040.342,0.3749889,3528.5005,0.374477,3042.152501520824,0.3652899684124462
Viewpoint 1,4095,3424.132083,0.380244,3167.6638,0.3561863,5353.4595,0.5357069,2903.6624230322536,0.3697249008442338
Viewpoint 1,4096,15578.932821,1.0,12706.325,1.0,18308.477,1.0,3708.512610301637,0.5270501577742533
Viewpoint 1,4097,11485.374828,1.0,13795.991,0.9694135,14515.923,1.0,1716.7086960428026,0.3216667161039762
Viewpoint 1,4098,189.489292,0.170123,190.55414,0.1701855,192.74509,0.1713139658604144,187.5984307196582,0.1710120278832439
Viewpoint 1,4109,16.356136,0.15996,16.392981,0.1599623,16.591633,0.160973929239983,16.20346602025937,0.1609511434553892
Viewpoint 1,4110,174.317739,0.169232,175.40968,0.1692965,177.4847,0.1704182049814703,174.81476129877325,0.170261626488238
Viewpoint 1,4111,366.103958,0.18049,368.5209,0.1806322,372.81696,0.1818843427457159,364.5225679397087,0.1813974747380609
Viewpoint 1,4112,574.513534,0.192724,578.362,0.1929498,585.05505,0.1943427656258857,570.3440644382194,0.1934791965825235
Viewpoint 1,4113,764.470387,0.203874,769.85651,0.2041906,778.74518,0.2057122858073221,761.149687836293,0.2046794866759904
Viewpoint 1,4114,917.920932,0.215483,924.6452,0.2132767,935.31647,0.2149031020919622,918.275271177018,0.2139027584180909
Viewpoint 1,4115,1023.278726,0.228159,1028.2184,0.2197588,1040.0703,0.2211143,1022.02125498927,0.22909173386623
Viewpoint 1,4116,1053.86173,0.231038,1058.4818,0.2215366,1070.6782,0.2232495,1051.9418906088968,0.2324311252810544
Viewpoint 1,4117,1004.401374,0.226809,1011.4426,0.2187732,1023.1379,0.2201191,1005.5435741060612,0.2230854910803426
Viewpoint 1,4118,890.809358,0.211776,896.38184,0.2116176,906.80249,0.213229304114918,882.8206008798943,0.2118215692716498
Viewpoint 1,4119,712.648282,0.200832,717.3927,0.2011109,725.77179,0.2026028013382925,709.0836440661178,0.2016232099066811
Viewpoint 1,4120,504.952883,0.188641,509.34955,0.1888988,515.30536,0.1902483911644981,499.39614651714135,0.1893145538005562
Viewpoint 1,4121,303.689424,0.176827,304.93311,0.1768996,308.48148,0.1781078164540896,300.50692900693696,0.1776397567327072
Viewpoint 1,4122,133.177946,0.166818,133.77188,0.1668524,135.31255,0.167942588606222,131.9278297435577,0.1677441636059468
Viewpoint 1,4133,129.774264,0.166618,136.89597,0.1670358,138.55444,0.1681326863403244,128.1232601039257,0.1675208353681004
Viewpoint 1,4134,996.618569,0.234005,1052.3154,0.2251184,1064.2151,0.2243583,996.9410471850356,0.2344901145992297
Viewpoint 1,4135,1423.241445,0.265628,1434.5276,0.248634,1451.4156,0.2490251,1414.4186599879026,0.2647243511197715
Viewpoint 1,4136,2209.564898,0.310849,2216.8525,0.3007301,2242.8459,0.2982483,2183.508182661159,0.3130044158598889
Viewpoint 1,4137,3012.835497,0.355318,3051.8,0.3485218,3137.6929,0.348878,3078.261344386681,0.3626587254041727
Viewpoint 1,4138,3615.114205,0.388706,3610.1382,0.3811712,3666.6101,0.3795131,3593.650000821549,0.3902798971707181
Viewpoint 1,4139,4086.506111,0.421824,4071.0591,0.4132048,4116.436,0.4123155,4074.68490611089,0.4254244940819811
Viewpoint 1,4140,4834.556786,0.46082,4897.5781,0.4654775,4992.8643,0.4598043,4894.526496963556,0.4683960450837375
Viewpoint 1,4141,4129.169924,0.424954,4134.4961,0.4181021,4179.4136,0.4165461,4133.204852446621,0.4300751680920199
Viewpoint 1,4142,5791.682636,0.523788,5842.8604,0.5250713,6110.7686,0.5327823,5820.246239458837,0.5392227099852815
Viewpoint 1,4143,3070.488761,0.364155,3103.7622,0.3576832,3137.3245,0.355442,3069.6397850376666,0.3702126875421521
Viewpoint 1,4144,11800.990139,1.0,8323.0967,0.9326639,13330.254,1.0,5851.126939459168,0.588618445032697
Viewpoint 1,4145,1407.893654,0.273196,1427.3918,0.2523252,1443.3759,0.2484824,1396.4978171571386,0.2732717603559735
Viewpoint 1,4146,766.816766,0.234317,794.19672,0.2056194,804.50775,0.2072245465779524,768.6623872297955,0.2330801867843066
Viewpoint 1,4157,47.133124,0.161767,47.404156,0.1617826,47.977341,0.1628162049017595,46.847207313345805,0.1627499310692934
Viewpoint 1,4158,467.387182,0.186436,469.50037,0.1865597,475.04248,0.1878849581584381,466.93017898852287,0.1874088015066263
Viewpoint 1,4159,969.526328,0.222333,975.54266,0.2166731,986.94647,0.2179337006144585,963.3978180769248,0.2166598607041111
Viewpoint 1,4160,1514.098099,0.272002,1523.8391,0.2566647,1541.5389,0.2545918,1501.64423814592,0.2713373467909143
Viewpoint 1,4161,2042.847393,0.304296,2057.186,0.2914375,2080.9275,0.2867962,2034.510226409636,0.304681631975077
Viewpoint 1,4162,2480.052849,0.327172,2492.4822,0.3178487,2520.9861,0.3148313,2477.725903363613,0.3307907849708604
Viewpoint 1,4163,2778.094462,0.344873,2782.1609,0.3360121,2813.6594,0.3331324,2769.615885297605,0.3484039593405705
Viewpoint 1,4164,2858.724455,0.34971,2863.593,0.340884,2895.8391,0.3391603,2850.97614486305,0.3533818825950001
Viewpoint 1,4165,2758.415275,0.343846,2764.7146,0.3351348,2795.7937,0.3333785,2752.9952399247763,0.3479631112232143
Viewpoint 1,4166,2440.825895,0.325568,2460.4915,0.3172767,2488.1428,0.3142261,2424.643325611156,0.328933346570967
Viewpoint 1,4167,1985.71413,0.302514,2000.3961,0.2885156,2022.8931,0.2856543,1977.3060588071528,0.3028153448229543
Viewpoint 1,4168,1441.966099,0.270016,1455.2388,0.252556,1471.6713,0.2503703,1423.9227444940038,0.2694769738742203
Viewpoint 1,4169,878.307186,0.220784,887.0708,0.2110711,897.14337,0.2126623051746677,871.1503866393974,0.2111365276957326
Viewpoint 1,4170,376.733913,0.181114,382.9256,0.1814777,387.33725,0.1827366510724093,374.7326217299284,0.1819968048955468
Viewpoint 1,4181,113.206002,0.165645,122.21703,0.1661741,123.59998,0.1672547607597543,113.45576791715496,0.166659853576737
Viewpoint 1,4182,876.598468,0.221237,937.66498,0.21597,949.04504,0.216060501512839,893.1765807426102,0.2299822533251761
Viewpoint 1,4183,1595.140396,0.278769,1703.3895,0.2669896,1728.9438,0.2653414,1617.4480515582698,0.2790733037891084
Viewpoint 1,4184,2268.139458,0.313025,2415.3274,0.3113867,2451.553,0.3071598,2308.0492485954014,0.3199419147913412
Viewpoint 1,4185,2872.599187,0.347667,2969.5833,0.3441102,3088.1484,0.3457799,3025.14998332037,0.3621771695383899
Viewpoint 1,4186,3352.532015,0.371682,3386.9221,0.3663295,3444.8875,0.3642158,3310.2047079872755,0.3731359881232148
Viewpoint 1,4187,3884.673501,0.404694,3964.3513,0.4021098,4096.5571,0.405212,4010.1788162719113,0.4147294449396236
Viewpoint 1,4188,5957.053809,0.530601,5855.8569,0.5192498,5917.6631,0.5185011,5943.346814418972,0.535550623138037
Viewpoint 1,4189,5866.76659,0.526341,5822.0269,0.517925,5882.1914,0.5170646,5867.632465334902,0.5327755134069008
Viewpoint 1,4190,4816.410757,0.467243,4907.4399,0.4725547,5289.9888,0.4818172,4835.67899069102,0.4776103205743753
Viewpoint 1,4191,4550.252929,0.452863,4603.8247,0.4491766,4651.502,0.4478025,4556.529039112892,0.4626458923235198
Viewpoint 1,4192,17068.846595,1.0,23945.793,1.0,19437.73,1.0,5599.393217522721,0.6075413752908335
Viewpoint 1,4193,11904.838338,1.0,14927.541,1.0,15020.645,1.0,2930.012731379084,0.4011900206809039
Viewpoint 1,4194,422.434434,0.183797,430.14795,0.1842497,435.12491,0.1855418443260345,420.3591295109457,0.1846750809022925
Viewpoint 1,4205,143.350214,0.167415,154.63858,0.1680773,156.38664,0.1691792635741695,143.47571535465852,0.1684220244913184
Viewpoint 1,4206,1109.15372,0.244163,1182.6455,0.2337495,1196.8744,0.2322946,1132.1038144837814,0.249985348144191
Viewpoint 1,4207,1958.076647,0.298984,2073.5549,0.2897023,2104.0134,0.2871396,1982.4402718201093,0.3018604230601954
Viewpoint 1,4208,2730.952571,0.338726,2873.6233,0.3382325,2915.1282,0.3356835,2758.0004646145544,0.3451182205375664
Viewpoint 1,4209,3596.177772,0.388072,3719.9121,0.3874035,3901.5962,0.3925399,3861.09909726038,0.4112979884077816
Viewpoint 1,4210,3635.021468,0.390862,3651.2737,0.3835446,3709.4678,0.3821962,3574.9819878947087,0.3909927930336383
Viewpoint 1,4211,5632.433864,0.511222,5519.1929,0.4990418,5579.7661,0.4982151,5598.8677416574565,0.5145313596019975
Viewpoint 1,4212,5951.772956,0.530378,5844.7588,0.518595,5906.4658,0.5178411,5931.44310303186,0.5348485078692723
Viewpoint 1,4213,5844.836239,0.525117,5809.7222,0.5171945,5869.7842,0.5163292,5855.011961352445,0.5320197042274736
Viewpoint 1,4214,5061.075318,0.480806,5106.9238,0.4836389,5500.5127,0.4945472,5070.542563816368,0.4919117349708973
Viewpoint 1,4215,4548.284744,0.452626,4603.4297,0.4491419,4651.0991,0.4477666,4556.315387303604,0.4626056554742955
Viewpoint 1,4216,3463.454475,0.391037,3513.7937,0.3866412,3551.5244,0.3853477,3415.553570523647,0.3992702468328349
Viewpoint 1,4217,2168.381618,0.32807,2212.5955,0.3086779,2237.8057,0.3080064,2151.3473477470534,0.3265572743085753
Viewpoint 1,4218,972.173357,0.257961,1013.3954,0.230608,1028.0336,0.2293831,979.557342118954,0.2589323755007354
Viewpoint 1,4229,102.215765,0.165,107.96408,0.1653375,109.38816,0.1664207718456084,103.30244419049173,0.1660638534739818
Viewpoint 1,4230,819.468242,0.207103,827.20618,0.207557,837.01306,0.2091326215454707,819.9465018075553,0.2081308596561035
Viewpoint 1,4231,1676.559568,0.281595,1691.5706,0.2664804,1711.6115,0.2646283,1665.4725737551785,0.2811095955034752
Viewpoint 1,4232,2161.073448,0.307337,2256.6165,0.3024151,2288.4448,0.297743,2157.0542922259297,0.3103283807042419
Viewpoint 1,4233,2815.6,0.344623,2886.281,0.3390536,2977.6108,0.3395983,2895.978812957663,0.3527239981000613
Viewpoint 1,4234,3452.563888,0.379999,3464.6169,0.3724593,3518.1868,0.3711165,3397.667944883299,0.3797642230787132
Viewpoint 1,4235,5284.816696,0.485559,5339.6514,0.4837469,5519.3911,0.4887953,5425.566102248125,0.4979070233425429
Viewpoint 1,4236,4452.227631,0.438867,4576.4082,0.4504861,4769.9468,0.4466154,4531.743620621897,0.4470490098189178
Viewpoint 1,4237,5025.58868,0.47739,5008.9653,0.4698834,5062.0132,0.4686637,5026.700128301661,0.4830159320114228
Viewpoint 1,4238,4569.001311,0.451801,4586.9561,0.4458924,4635.2588,0.4444177,4532.816428484043,0.4559228222789802
Viewpoint 1,4239,5388.365159,0.505437,5492.811,0.5066879,6657.9072,0.5877953,5314.564419730305,0.5244391364906417
Viewpoint 1,4240,2860.109591,0.353989,2894.2759,0.3471181,2925.5002,0.3462796,2820.441922292546,0.3603150828138329
Viewpoint 1,4241,1769.796821,0.299607,1798.8975,0.2789704,1819.0714,0.2758995,1755.1826932970173,0.2984818792609062
Viewpoint 1,4242,784.766772,0.236837,811.64502,0.2066436,822.17938,0.2082618306306572,785.9829061449399,0.237242903713285
Viewpoint 1,4253,102.439547,0.165013,107.93143,0.1653356,109.35541,0.1664188881383932,103.26596832727115,0.1660617123408108
Viewpoint 1,4254,864.822825,0.214566,909.43719,0.2131505,920.3606,0.2140251029830595,874.0930657538582,0.2126821873814097
Viewpoint 1,4255,1552.577529,0.276643,1631.444,0.2614287,1653.1031,0.2604358,1552.0922211956013,0.275415096070714
Viewpoint 1,4256,2932.099027,0.350986,3057.7429,0.3493262,3100.9895,0.3469354,2949.07254586815,0.3566084309374847
Viewpoint 1,4257,3810.608995,0.401102,3907.0847,0.3992221,4072.8899,0.4037103,4023.524721311313,0.4199407828161147
Viewpoint 1,4258,3491.600872,0.382286,3506.8757,0.374893,3561.0151,0.3735734,3437.3584600273134,0.3820105897199309
Viewpoint 1,4259,5024.406072,0.476257,4961.9038,0.4663283,5016.6602,0.465193,5001.156474482758,0.479670585007159
Viewpoint 1,4260,5283.132666,0.491785,5224.9414,0.4821239,5280.9478,0.4810664,5269.463892734802,0.4960546525790994
Viewpoint 1,4261,5168.511553,0.485824,5146.2202,0.4779924,5200.4941,0.4768348,5168.030178226487,0.4913729841015917
Viewpoint 1,4262,5264.763474,0.493146,5349.373,0.4975986,5647.1035,0.5049312,5281.591009520953,0.5067831473201931
Viewpoint 1,4263,3938.966112,0.416165,3980.1997,0.4114127,4022.0381,0.4097693,3938.7128663370095,0.4240411481517779
Viewpoint 1,4264,13173.724274,1.0,12323.451,1.0,14976.046,1.0,5607.243426429132,0.5857912849962409
Viewpoint 1,4265,1843.079853,0.304817,1874.0242,0.2836879,1895.0691,0.2820264,1827.4735995840228,0.3035453225676255
Viewpoint 1,4266,567.998308,0.192342,581.08063,0.1931094,587.9906,0.1945149967362818,565.5545917657352,0.1931980545366486
Viewpoint 1,4277,243.824871,0.173313,257.51587,0.1741162,260.64078,0.1752994545503117,240.96957971553857,0.1741449143293021
Viewpoint 1,4278,1883.300064,0.294054,1957.481,0.2851909,1978.5575,0.2804185,1878.409065214736,0.2958537728708171
Viewpoint 1,4279,1507.243817,0.271189,1520.3331,0.2563732,1538.274,0.2543052,1498.134894054488,0.2704973852222155
Viewpoint 1,4280,2334.035484,0.31826,2351.2126,0.30868,2378.8738,0.3062228,2315.2061735312063,0.3207027672375118
Viewpoint 1,4281,3150.009171,0.366526,3156.2568,0.3588113,3193.0544,0.3566781,3126.3735316488005,0.3688915850319094
Viewpoint 1,4282,3860.336824,0.408278,3859.9692,0.4005103,3904.0442,0.3995236,3854.190961561327,0.4117869900117544
Viewpoint 1,4283,4357.809232,0.437718,4342.9224,0.4298616,4391.1914,0.4284613,4354.318079013863,0.4418266666730056
Viewpoint 1,4284,4549.190332,0.449171,4540.8682,0.4418197,4590.3359,0.4404222,4555.21376235752,0.4540999884460848
Viewpoint 1,4285,4443.904369,0.443379,4441.6597,0.4362656,4489.4985,0.4348533,4446.033817430344,0.4486095170452595
Viewpoint 1,4286,10464.78332,0.794889,10414.29,0.7923716,10936.622,0.8147853,10456.195609700775,0.8075161435510415
Viewpoint 1,4287,3330.812308,0.379785,3361.1643,0.3731478,3397.1865,0.3721144,3325.076417754656,0.3859501679099718
Viewpoint 1,4288,2458.931959,0.329358,2486.1099,0.3220465,2513.1614,0.3191535,2426.2300874484736,0.3346502572731388
Viewpoint 1,4289,1524.072183,0.281855,1546.8927,0.2631714,1564.1848,0.2599422,1512.4158590474035,0.2813373954780411
Viewpoint 1,4290,654.986441,0.21307,672.36096,0.1984676,680.57922,0.1999499797802075,653.0089350039318,0.2030062352769993
Viewpoint 1,4301,39.881791,0.161341,40.165672,0.1613577,40.763916,0.1623926688251716,41.465340851993,0.1624340155080119
Viewpoint 1,4302,540.250616,0.190713,542.8595,0.1908659,550.67114,0.1923244199469359,566.5112872070741,0.1932542125590552
Viewpoint 1,4303,995.397946,0.222222,1021.5283,0.2203805,1040.7404,0.2210915,1035.0922807958957,0.2356107212242014
Viewpoint 1,4304,1054.005515,0.225516,1135.5427,0.2270514,1145.9545,0.2272676,1087.5651531285628,0.2373264427763515
Viewpoint 1,4305,1898.699587,0.285699,1988.8108,0.2812428,2130.4795,0.2853724,2151.8984959505724,0.3114756748909503
Viewpoint 1,4306,2426.342282,0.314425,2475.6548,0.3103352,2532.4316,0.3092254,2388.2805389070018,0.3164965997286912
Viewpoint 1,4307,2796.865474,0.335834,2780.3621,0.32803,2936.5471,0.3329761,2968.9833667014304,0.3501438712260264
Viewpoint 1,4308,2948.103506,0.34581,3073.2854,0.4079507,3430.8264,0.3639599,3162.8759653276284,0.3624061544807495
Viewpoint 1,4309,2975.526553,0.349095,3154.0613,0.4272604,3659.3325,0.3771459,2917.186693352455,0.3513131378232025
Viewpoint 1,4310,2927.742231,0.357744,2877.6953,0.373608,3402.8003,0.366011,2915.2416400775924,0.3569361385897247
Viewpoint 1,4311,3141.692508,0.363156,3014.5955,0.3454497,5087.877,0.5184258,2760.10535499559,0.3598307778541967
Viewpoint 1,4312,15319.006458,1.0,13921.771,1.0,18267.543,1.0,3599.0243649680365,0.5228765189083076
Viewpoint 1,4313,11465.069871,1.0,13814.61,0.970439,14733.694,1.0,1634.6620205298132,0.3156528313061041
Viewpoint 1,4314,175.607154,0.169308,176.60178,0.1693665,178.63399,0.1704856473829342,173.94533655997594,0.1702105912560706
Viewpoint 1,4325,39.681359,0.161329,40.052658,0.1613511,40.649128,0.1623858783258375,41.33627264554484,0.1624264392042934
Viewpoint 1,4326,563.415437,0.192072,566.48578,0.1922527,574.61328,0.1937298421922691,591.0741281216317,0.1946960513207397
Viewpoint 1,4327,1049.600133,0.227809,1076.9113,0.2236824,1096.8806,0.2243869,1091.7072960877624,0.2425336096760773
Viewpoint 1,4328,1453.177612,0.257491,1565.7512,0.2542514,1576.3629,0.2527058,1510.5631379690385,0.2679201121955147
Viewpoint 1,4329,1416.469853,0.252284,1474.6411,0.2489506,1557.4391,0.2515876,1548.3532359113808,0.2710786466972802
Viewpoint 1,4330,2506.504909,0.319539,2537.4678,0.3140977,2594.9734,0.3129426,2451.514203643836,0.3206545768294815
Viewpoint 1,4331,2854.677245,0.339796,2854.2629,0.3325349,3010.1538,0.3377046,3044.8616582182194,0.3548225301177221
Viewpoint 1,4332,3123.278169,0.35599,3177.1184,0.4125959,3545.0698,0.3708169,3272.16733122298,0.3690645882803089
Viewpoint 1,4333,3127.403036,0.35819,3275.4321,0.4327488,3795.0093,0.3860832,3044.881011297415,0.3592722630303531
Viewpoint 1,4334,3035.525541,0.363792,3008.771,0.3813478,3534.2563,0.3742668,3045.889713140164,0.3651973361044108
Viewpoint 1,4335,3209.267822,0.367603,3146.7209,0.3550237,5208.6084,0.5241262,2901.80636397622,0.3690809855863953
Viewpoint 1,4336,15444.963347,1.0,14084.288,1.0,18398.627,1.0,3710.775006613829,0.5273159831517644
Viewpoint 1,4337,11720.243548,1.0,18875.984,1.0,14836.715,1.0,1726.362843050603,0.3220392954595387
Viewpoint 1,4338,188.894981,0.170088,190.85234,0.170203,193.04764,0.1713317208264598,187.9031447358911,0.1710299145959968
Viewpoint 1,4349,89.22087,0.164237,94.522331,0.1645485,95.668739,0.1656153496102831,88.39394081279629,0.1651887243257111
Viewpoint 1,4350,629.858767,0.195973,634.48907,0.1962445,641.99103,0.1976848959917767,630.012152261863,0.1969817133377713
Viewpoint 1,4351,1559.759045,0.278786,1643.3124,0.263054,1664.2854,0.2615008,1550.261949987368,0.2767568906276517
Viewpoint 1,4352,2030.413386,0.30043,2046.1418,0.2906565,2070.0791,0.2860938,2015.314535594924,0.3030863168853978
Viewpoint 1,4353,2691.415794,0.336986,2737.3611,0.3301419,2812.8728,0.3299684,2745.2159314621445,0.3432737915562793
Viewpoint 1,4354,3352.271725,0.378716,3361.9988,0.3712008,3400.3809,0.3691683,3349.606992378587,0.3821836385825996
Viewpoint 1,4355,3683.705163,0.392109,3672.9854,0.3848914,3753.6262,0.3847896,3693.252539836362,0.3953342346130445
Viewpoint 1,4356,4263.815943,0.427539,4344.626,0.431662,4488.187,0.4301462,4319.875261234813,0.4344396579592681
Viewpoint 1,4357,4887.184519,0.46683,4995.813,0.4749012,5198.2217,0.4746005,4916.576325927001,0.4758094023461905
Viewpoint 1,4358,5215.509592,0.490844,5276.4116,0.4920403,5492.6123,0.4967604,5243.976493857676,0.5054518900438281
Viewpoint 1,4359,2792.905894,0.347429,2820.4265,0.3406042,2851.228,0.3377348,2789.3007380840545,0.3528119090114718
Viewpoint 1,4360,9905.496957,0.91674,10119.66,1.0,11078.504,0.878378,5256.734444552525,0.5485513174790027
Viewpoint 1,4361,1259.815372,0.261496,1277.9921,0.2366038,1292.313,0.2389705,1252.0436781727797,0.2599024265185428
Viewpoint 1,4362,635.844741,0.20881,653.92786,0.1973856,661.85638,0.1988508712879616,635.5581192558922,0.1981890890273456
Viewpoint 1,4373,39.955742,0.161345,36.607224,0.1611488,37.165462,0.1621814572439401,40.67245776630397,0.162387473270882
Viewpoint 1,4374,598.142864,0.194258,599.50897,0.1941912,607.96643,0.1956876187548974,627.4224343928621,0.196829696898861
Viewpoint 1,4375,1085.592983,0.229996,1138.603,0.2291319,1159.2561,0.2282975,1123.2628273624491,0.2437435464520926
Viewpoint 1,4376,1632.046398,0.274701,1745.0087,0.2665088,1758.474,0.2642654,1695.1681480427435,0.2809027032241211
Viewpoint 1,4377,2238.772225,0.316808,2350.4189,0.3074396,2448.2075,0.3080916,2392.434216328696,0.3292361381944966
Viewpoint 1,4378,2758.329893,0.335589,2777.5906,0.328547,2839.1484,0.3278529,2697.2669117823425,0.3360938410233336
Viewpoint 1,4379,3198.060488,0.360383,3126.282,0.3500789,3285.7766,0.3541003,3328.25281625939,0.372094310099006
Viewpoint 1,4380,3491.56132,0.378318,3526.6555,0.4282797,3905.9998,0.3923227,3625.4242384316826,0.3905761282404649
Viewpoint 1,4381,2586.638217,0.329297,2714.1052,0.375542,3015.072,0.3410347,2567.8950748736024,0.3339714963396951
Viewpoint 1,4382,3426.371933,0.386425,3456.7344,0.4050909,3942.6853,0.3994227,3455.573574154444,0.3909095964331831
Viewpoint 1,4383,3552.369562,0.387573,3539.3801,0.3796422,5578.8325,0.5423741,3323.069131294914,0.3962472881281754
Viewpoint 1,4384,16296.53802,1.0,5994.1538,0.8767544,18976.109,1.0,4118.406592587334,0.5442272827513865
Viewpoint 1,4385,11480.241527,1.0,14721.739,1.0,15137.839,1.0,2076.0831126825706,0.3469230414485391
Viewpoint 1,4386,231.22412,0.172573,233.87366,0.1727284,236.56036,0.1738860001487497,229.97041146669207,0.1734992631530948
Viewpoint 1,4397,38.274057,0.161247,36.49818,0.1611424,37.054443,0.1621749386734956,38.965652344662914,0.1622872837926317
Viewpoint 1,4398,613.687657,0.195168,618.47394,0.1953044,627.29877,0.1968224107717542,645.0774251758055,0.1978660448578197
Viewpoint 1,4399,1148.835651,0.237062,1181.7955,0.2317845,1203.4957,0.2308911,1198.213668334196,0.2527082704930718
Viewpoint 1,4400,1589.424087,0.270697,1704.3077,0.2625304,1716.485,0.2613272,1650.1819173552278,0.2775589847428278
Viewpoint 1,4401,1494.048018,0.259138,1555.2554,0.2538345,1640.2651,0.2565112,1624.3374460173684,0.276543381982678
Viewpoint 1,4402,2715.659776,0.332826,2749.1982,0.3267365,2810.4927,0.3260303,2658.6897934797576,0.3334822439619901
Viewpoint 1,4403,2106.605155,0.297785,2117.4082,0.2893161,2208.365,0.2906241,2172.607872927987,0.3025309578128063
Viewpoint 1,4404,3363.833165,0.370713,3423.8066,0.4244886,3814.4731,0.3869697,3519.335985160636,0.3841235202855707
Viewpoint 1,4405,3398.634489,0.374698,3533.8831,0.4463128,4096.7314,0.4040519,3318.4302820988446,0.376179922890078
Viewpoint 1,4406,3291.254147,0.379108,3293.3918,0.3989444,3820.4023,0.3922083,3329.492959677073,0.3829666297562202
Viewpoint 1,4407,3637.714581,0.391565,3433.0076,0.3730509,5457.5063,0.5355606,3213.187869212949,0.3891515160203793
Viewpoint 1,4408,15507.8655,1.0,23681.189,1.0,18804.736,1.0,4011.146609988484,0.5397212986684773
Viewpoint 1,4409,11772.657199,1.0,20027.543,1.0,15103.453,1.0,2032.1653027471657,0.3431062905733167
Viewpoint 1,4410,217.381566,0.17176,219.49184,0.1718842,222.0144,0.1730320474482653,215.9127120089489,0.1726740761949253
Viewpoint 1,4421,79.277923,0.163654,83.833649,0.163921,84.941315,0.1649856791311032,80.21264645595095,0.1647084823469643
Viewpoint 1,4422,849.151784,0.219682,910.96625,0.2144322,921.81689,0.2144732028866307,863.2264835067589,0.2273480692470404
Viewpoint 1,4423,1412.960514,0.26595,1483.3917,0.2505648,1504.481,0.2513525,1413.8183619836332,0.2633116245644047
Viewpoint 1,4424,2205.952658,0.310383,2367.2874,0.3086963,2391.6594,0.3038175,2236.2167478800147,0.3162860920596214
Viewpoint 1,4425,2660.462896,0.334435,2723.7617,0.3290443,2830.2979,0.3300542,2757.357887969424,0.3443416601606415
Viewpoint 1,4426,3576.186682,0.386442,3620.9958,0.3812274,3692.3171,0.3805271,3499.6924438856763,0.3860614181154805
Viewpoint 1,4427,3920.578448,0.407224,3988.6743,0.4045204,4109.6465,0.4063656,4013.925248192127,0.415443672672621
Viewpoint 1,4428,4386.572082,0.434642,4499.5972,0.4540415,4757.4951,0.4453781,4456.450574617971,0.4422654772165192
Viewpoint 1,4429,5465.604311,0.503134,5436.5679,0.4951199,5493.3774,0.4940934,5467.835264479031,0.5090390130167698
Viewpoint 1,4430,4913.343525,0.471897,4946.3638,0.4769579,5344.207,0.4855157,4937.4797841485415,0.4840059221696187
Viewpoint 1,4431,4190.278357,0.431125,4239.6489,0.4270493,4283.8164,0.4255104,4196.555961167686,0.4399567274903683
Viewpoint 1,4432,14712.161275,1.0,15585.859,1.0,17326.797,1.0,5560.873567557902,0.5948782702690014
Viewpoint 1,4433,12719.554369,1.0,23246.158,1.0,15891.138,1.0,3013.622541868346,0.406237322371014
Viewpoint 1,4434,470.981186,0.186647,479.3457,0.1871376,484.91562,0.1884645590947393,468.0109173657729,0.1874722408493708
Viewpoint 1,4445,79.33567,0.163657,83.729256,0.1639149,84.835297,0.1649795817494769,80.0993833610913,0.164701833803296
Viewpoint 1,4446,889.017412,0.21128,900.74286,0.2118736,911.44653,0.2135019036856229,891.6054230975199,0.2123372383358244
Viewpoint 1,4447,1841.93956,0.288655,1853.4391,0.2788406,1875.5247,0.2742741,1822.028821338064,0.2908647631275332
Viewpoint 1,4448,2824.397156,0.34699,2845.1545,0.3391117,2879.1526,0.3363805,2798.6050083033924,0.3488453710160579
Viewpoint 1,4449,3827.583524,0.405868,3831.6379,0.398358,3877.1152,0.3966498,3801.6473892665767,0.4081588493940729
Viewpoint 1,4450,3593.95808,0.387856,3624.8298,0.3815497,3689.1467,0.3807611,3526.221144372586,0.3868493446691882
Viewpoint 1,4451,5484.156513,0.502706,5387.8403,0.4913015,5447.1279,0.4904065,5453.971317350221,0.5060223439640086
Viewpoint 1,4452,4660.613904,0.450384,4778.9844,0.4681312,5036.5215,0.4618217,4718.624667094517,0.4572001998977812
Viewpoint 1,4453,5700.695416,0.51664,5659.8115,0.5082984,5718.543,0.5073704,5699.171660247833,0.5226983504418444
Viewpoint 1,4454,5207.134268,0.489397,5223.874,0.4837781,5277.7856,0.4825644,5167.352553226795,0.4940262679171268
Viewpoint 1,4455,4380.410574,0.442588,4434.3291,0.4388156,4480.27,0.4373586,4389.716098473388,0.4519699504866774
Viewpoint 1,4456,15215.887857,1.0,14618.432,1.0,17474.467,1.0,5876.826585273438,0.6096008219884176
Viewpoint 1,4457,15012.048004,1.0,15993.783,1.0,16223.109,1.0,4246.034150247967,0.4744856752383006
Viewpoint 1,4458,1066.728825,0.266695,1117.2058,0.2377297,1134.1041,0.2364832,1081.932211135094,0.2687136841911568
Viewpoint 1,4469,0.0,0.159,0.0,0.159,0.0,0.0,1.616254513557209e-05,0.1600000009487414
Viewpoint 1,4470,16.819689,0.159987,16.903048,0.1599922,17.10363,0.1610039325652767,16.859781250280808,0.1609896691593914
Viewpoint 1,4471,51.72152,0.162036,52.009541,0.162053,52.616703,0.1630884708368034,51.483197835828165,0.1630220637129631
Viewpoint 1,4472,69.895228,0.163103,70.355263,0.1631299,71.170158,0.164177499537558,69.41197420952335,0.164074482886099
Viewpoint 1,4473,105.168415,0.165173,105.9521,0.1652194,107.17822,0.1662912635691147,104.78358035174978,0.1661507961666477
Viewpoint 1,4474,122.276554,0.166178,123.20011,0.1662318,124.62875,0.1673155480967718,122.4020942586299,0.1671850029329815
Viewpoint 1,4475,139.199391,0.167171,140.039,0.1672203,141.66374,0.1683155247797399,139.28561128037873,0.1681760653821582
Viewpoint 1,4476,139.575994,0.167193,140.16888,0.1672279,141.79387,0.1683231658496298,139.3998357111477,0.1681827703562443
Viewpoint 1,4477,139.461634,0.167186,140.39165,0.167241,142.02541,0.1683367244411742,139.6273094547245,0.1681961230649923
Viewpoint 1,4478,121.097453,0.166108,122.1153,0.1661682,123.5471,0.1672520508504079,120.29932267272976,0.1670615702408892
Viewpoint 1,4479,102.989817,0.165046,103.41554,0.1650705,104.63657,0.1661419564557128,102.24156780589696,0.1660015800302061
Viewpoint 1,4480,67.79117,0.162979,67.965157,0.1629896,68.7687,0.1640365305195191,66.6789369579747,0.1639140535994331
Viewpoint 1,4481,50.097355,0.161941,50.330303,0.1619544,50.92083,0.1629889528946052,49.64351982042028,0.1629140746134586
Viewpoint 1,4482,16.548945,0.159971,16.624477,0.1599759,16.816345,0.1609870781356338,16.40416667460591,0.1609629245837993
Viewpoint 1,4493,31.902358,0.160873,32.060959,0.160882,32.44968,0.1619047613003195,31.699268158468737,0.1618607470409021
Viewpoint 1,4494,589.150004,0.193583,595.01849,0.1939276,602.05402,0.1953405585875994,590.948459758608,0.1946886745878303
Viewpoint 1,4495,1254.201418,0.253457,1265.7385,0.237081,1280.6113,0.2368946,1248.407152730026,0.2513742366045091
Viewpoint 1,4496,1957.98144,0.295988,1974.9756,0.2864501,1998.0679,0.2816387,1945.2146421038965,0.2989309657459972
Viewpoint 1,4497,2658.115333,0.337452,2663.5498,0.3287773,2694.4436,0.3258945,2635.6925600378054,0.3401056352734647
Viewpoint 1,4498,3247.182791,0.372495,3256.5991,0.364982,3293.8013,0.3628968,3243.1880601384905,0.3759120173458073
Viewpoint 1,4499,3654.505691,0.396513,3655.8608,0.3887066,3696.8545,0.3867947,3650.0212060436793,0.4003879945042687
Viewpoint 1,4500,3806.273878,0.405469,3800.2266,0.3973613,3842.2856,0.3963349,3795.8808325749833,0.4093001934529315
Viewpoint 1,4501,3677.624221,0.39837,3683.4629,0.3906763,3723.9644,0.3896066,3676.6795052984967,0.4028826566421039
Viewpoint 1,4502,3294.016681,0.376284,3312.6304,0.369145,3348.9248,0.3670277,3267.609820251003,0.3796356574992159
Viewpoint 1,4503,2700.473189,0.341726,2719.3669,0.3345201,2749.1514,0.3316149,2689.240618948252,0.3466111826455108
Viewpoint 1,4504,1970.91164,0.304548,1990.7456,0.2885906,2012.7017,0.2856909,1945.7363339236745,0.3036492970242291
Viewpoint 1,4505,1200.008341,0.256249,1215.1227,0.2326724,1228.7404,0.2334764,1191.0397211308843,0.2541862913845184
Viewpoint 1,4506,502.173528,0.188478,514.00958,0.1891724,520.01776,0.1905250238827259,501.3542627985171,0.1894294952262729
Viewpoint 1,4517,16.327293,0.159958,16.342886,0.1599593,16.54129,0.1609709470166518,16.1557359829452,0.1609483417021988
Viewpoint 1,4518,301.585755,0.176703,303.52252,0.1768168,307.10989,0.1780273048874409,302.18147065028563,0.1777380523271717
Viewpoint 1,4519,662.323055,0.197878,666.27563,0.1981104,674.05066,0.1995667270421217,658.481825478486,0.1986528831555871
Viewpoint 1,4520,1040.664784,0.229978,1046.5847,0.2212482,1058.7094,0.2226526,1031.605919227122,0.2304082388231981
Viewpoint 1,4521,1402.268095,0.264446,1409.8617,0.2464134,1426.1224,0.2476182,1393.7365672198296,0.2641169526085431
Viewpoint 1,4522,1713.944255,0.284458,1722.3822,0.2684172,1742.1622,0.2665733,1710.4513050109958,0.2844180412528484
Viewpoint 1,4523,1904.992062,0.296107,1912.0515,0.2828633,1933.911,0.2779096,1900.473196869885,0.2966096263860223
Viewpoint 1,4524,1961.762469,0.299662,1971.6686,0.2864173,1994.1637,0.2814914,1959.8528408734628,0.3002196469529669
Viewpoint 1,4525,1879.106156,0.294722,1886.1342,0.281186,1907.6881,0.2763903,1875.7488130079223,0.2954294143215307
Viewpoint 1,4526,1651.795696,0.281028,1660.6973,0.2648009,1679.7324,0.2629286,1635.652670651706,0.2805143042938433
Viewpoint 1,4527,1332.198644,0.260509,1340.188,0.2423052,1355.5892,0.2434628,1324.487758275453,0.2597064797084308
Viewpoint 1,4528,951.56529,0.22341,958.70654,0.2155689,969.74554,0.2169240009241921,939.0597901849318,0.2164565937012832
Viewpoint 1,4529,574.338863,0.192714,578.84296,0.1929781,585.50653,0.194369175533562,569.4967636965582,0.1934294600289879
Viewpoint 1,4530,231.377592,0.172582,233.93945,0.1727322,236.62679,0.173889851712314,229.989912345467,0.1735004078546789
Viewpoint 1,4541,47.308114,0.161777,50.027378,0.1619366,50.633049,0.1629719016220778,46.75778418024467,0.1627446819313803
Viewpoint 1,4542,739.982935,0.203577,779.6499,0.2054762,788.27863,0.2062718684441548,739.8943532840344,0.2034317985377728
Viewpoint 1,4543,1429.223211,0.271527,1503.7549,0.2543886,1522.4357,0.2533564,1420.244111637456,0.269286895827982
Viewpoint 1,4544,2070.531297,0.304922,2164.1387,0.2979654,2191.7769,0.29543,2057.14896717303,0.3067577890289461
Viewpoint 1,4545,2214.064057,0.31148,2226.3228,0.3014301,2252.0598,0.2989242,2201.855222850156,0.3145474643791036
Viewpoint 1,4546,3243.26345,0.37039,3259.9861,0.3616321,3312.6609,0.3613097,3197.7934899807915,0.3704569662514759
Viewpoint 1,4547,3674.626481,0.394621,3684.0132,0.3877346,3752.438,0.3869494,3675.0624139733086,0.3974348220344322
Viewpoint 1,4548,4121.637027,0.421084,4197.708,0.4209258,4310.5815,0.4207121,4149.142739795649,0.4260895397808667
Viewpoint 1,4549,4585.679765,0.450445,4682.7622,0.4534259,4839.8438,0.4540287,4589.687264261735,0.4566962991372373
Viewpoint 1,4550,2687.279301,0.340056,2700.2056,0.3315254,2730.3408,0.3297756,2661.5270228571635,0.3431537924474369
Viewpoint 1,4551,2172.612551,0.313919,2191.3428,0.299904,2215.8096,0.2973119,2166.34670390785,0.3144383344695588
Viewpoint 1,4552,1576.982203,0.278939,1592.0378,0.2643415,1609.881,0.2587088,1557.4483666928213,0.278157964031633
Viewpoint 1,4553,954.523813,0.227314,964.49402,0.2156158,975.39728,0.2172558008081976,946.8392341386748,0.2265978745511816
Viewpoint 1,4554,587.572164,0.19349,603.68744,0.1944364,610.89996,0.1958597884021576,587.4464684781348,0.1944831076996665
Viewpoint 1,4565,0.0,0.159,0.0,0.159,0.0,0.0,1.6148700368495328e-05,0.1600000009479287
Viewpoint 1,4566,0.0,0.159,0.0,0.159,0.0,0.0,1.684839384981833e-05,0.1600000009890007
Viewpoint 1,4567,0.0,0.159,0.0,0.159,0.0,0.0,1.7153371840897957e-05,0.1600000010069029
Viewpoint 1,4568,0.0,0.159,0.0,0.159,0.0,0.0,1.734884235866428e-05,0.160000001018377
Viewpoint 1,4569,0.0,0.159,0.0,0.159,0.0,0.0,1.7462735249118604e-05,0.1600000010250625
Viewpoint 1,4570,0.0,0.159,0.0,0.159,0.0,0.0,1.7487313091394116e-05,0.1600000010265052
Viewpoint 1,4571,0.0,0.159,0.0,0.159,0.0,0.0,1.7414488409561102e-05,0.1600000010222304
Viewpoint 1,4572,0.0,0.159,0.0,0.159,0.0,0.0,1.7426687188539202e-05,0.1600000010229465
Viewpoint 1,4573,0.0,0.159,0.0,0.159,0.0,0.0,1.74523284149105e-05,0.1600000010244517
Viewpoint 1,4574,0.0,0.159,0.0,0.159,0.0,0.0,1.7182623326538977e-05,0.16000000100862
Viewpoint 1,4575,0.0,0.159,0.0,0.159,0.0,0.0,1.7035275275022156e-05,0.1600000009999706
Viewpoint 1,4576,0.0,0.159,0.0,0.159,0.0,0.0,1.6663264552287784e-05,0.1600000009781336
Viewpoint 1,4577,0.0,0.159,0.0,0.159,0.0,0.0,1.6540858726466967e-05,0.1600000009709484
Viewpoint 1,4578,0.0,0.159,0.0,0.159,0.0,0.0,1.639817984161393e-05,0.1600000009625731
Viewpoint 1,4589,16.31007,0.159957,16.331379,0.1599586,16.529722,0.1609702899614983,16.145107190724833,0.1609477177920955
Viewpoint 1,4590,513.628232,0.18915,517.50464,0.1893775,523.6214,0.1907365900923042,514.300193171613,0.1901894213391737
Viewpoint 1,4591,1097.526056,0.235019,1107.5896,0.2248487,1120.5745,0.2271939,1093.0543138396104,0.2356900269355049
Viewpoint 1,4592,1736.559801,0.285666,1751.0105,0.2701058,1771.4237,0.2682663,1724.9389023133251,0.2851749542815232
Viewpoint 1,4593,2360.074668,0.320049,2370.7163,0.3100019,2398.1543,0.3075189,2344.9902845562174,0.3229854631131184
Viewpoint 1,4594,2866.890385,0.350155,2887.5669,0.3421562,2920.5811,0.3404399,2872.480453232968,0.3540839273437396
Viewpoint 1,4595,3239.477357,0.372163,3239.4241,0.3641148,3275.9312,0.3620005,3228.465983661777,0.3755248986429438
Viewpoint 1,4596,3361.50072,0.379399,3358.6602,0.3712588,3396.1526,0.3691959,3348.510711319889,0.3828459213675763
Viewpoint 1,4597,3238.427088,0.372347,3249.6221,0.3649752,3285.7407,0.3628577,3239.414904571084,0.376892429103641
Viewpoint 1,4598,2880.951829,0.351751,2896.5295,0.3443676,2928.6626,0.3415471,2855.6109860937486,0.3548252621133136
Viewpoint 1,4599,2351.328589,0.320838,2367.5344,0.312174,2393.79,0.3088985,2340.751240852476,0.3251551422520189
Viewpoint 1,4600,1700.39324,0.286912,1714.1831,0.2717084,1733.281,0.2660856,1676.4711242431897,0.2862582672362415
Viewpoint 1,4601,1031.534616,0.240389,1042.3248,0.2204449,1054.0637,0.2218735,1022.7494739331122,0.2377912590944961
Viewpoint 1,4602,424.507786,0.183919,432.66339,0.1843973,437.66205,0.1856907752839509,422.8386091164947,0.1848206263551382
Viewpoint 1,4613,16.278532,0.159956,16.327417,0.1599584,16.525747,0.1609700003288312,16.14146911270214,0.1609475042369156
Viewpoint 1,4614,671.900203,0.198441,678.72217,0.198841,686.76038,0.2003127598625707,673.4443922644235,0.1995311858259216
Viewpoint 1,4615,1424.905477,0.265569,1434.2756,0.2486219,1451.1974,0.2490039,1413.419208006704,0.2645810038967826
Viewpoint 1,4616,2231.453862,0.312257,2247.145,0.3024854,2273.5764,0.300027,2212.51805491726,0.3146051950840739
Viewpoint 1,4617,3032.457335,0.359619,3044.1025,0.3521885,3079.6187,0.3495443,3014.0710208657547,0.3622437479507935
Viewpoint 1,4618,3718.184679,0.400084,3726.5227,0.3926335,3769.1465,0.3907967,3717.743852427467,0.4037297744519829
Viewpoint 1,4619,4226.036016,0.430028,4206.915,0.4218231,4253.8042,0.4203547,4212.1011930956565,0.4334137741703582
Viewpoint 1,4620,4423.851472,0.441812,4403.2539,0.4336089,4451.3481,0.4322124,4411.600920734382,0.4455862680135758
Viewpoint 1,4621,4299.991894,0.4348,4298.3384,0.4277537,4344.7812,0.4262764,4299.4455305853535,0.4398272329987852
Viewpoint 1,4622,3877.844051,0.410683,3890.4375,0.4042877,3932.2441,0.4025809,3840.424333274933,0.4140547532695705
Viewpoint 1,4623,3187.812463,0.371295,3221.0225,0.3646834,3255.6008,0.3635539,3186.350271846674,0.3772567156310598
Viewpoint 1,4624,2340.443689,0.32829,2364.9275,0.3131454,2390.553,0.311556,2309.0989205600954,0.3270336884635578
Viewpoint 1,4625,1418.111344,0.27382,1434.7631,0.253583,1450.724,0.2489409,1404.2641270918623,0.2737808053318123
Viewpoint 1,4626,590.923273,0.194211,607.17639,0.1946412,614.4541,0.1960684177382961,590.6381594303226,0.1946704599585599
Viewpoint 1,4637,16.2601,0.159954,16.323412,0.1599582,16.521713,0.1609697802799824,16.13779027229354,0.1609472882889836
Viewpoint 1,4638,670.930813,0.198384,678.22028,0.1988115,686.25311,0.2002830690560004,672.9348316242722,0.1995012746163448
Viewpoint 1,4639,1442.191467,0.266846,1455.7161,0.2498874,1472.9017,0.25028,1434.3649433612368,0.2659539239571963
Viewpoint 1,4640,2272.818552,0.314714,2288.6667,0.3049272,2315.6187,0.3024912,2253.255076118267,0.3169829248910026
Viewpoint 1,4641,3091.025073,0.362881,3095.9023,0.3552278,3132.0627,0.3526134,3065.638395701399,0.365248490614651
Viewpoint 1,4642,3807.22402,0.405081,3801.7087,0.3970498,3845.2129,0.395567,3794.0039287677178,0.4081794511801803
Viewpoint 1,4643,4317.584229,0.435332,4297.9648,0.4271786,4345.8223,0.4257589,4305.565812194508,0.4388896231300581
Viewpoint 1,4644,4531.900611,0.447991,4500.1475,0.4393188,4549.187,0.4379705,4511.1228159056445,0.4514320795861005
Viewpoint 1,4645,4410.958475,0.441464,4402.7725,0.4339275,4450.1914,0.4324989,4405.589391710925,0.4461117834834774
Viewpoint 1,4646,3976.030521,0.416659,3990.3086,0.4102318,4033.0354,0.4085683,3939.490122696309,0.4200031886054955
Viewpoint 1,4647,3272.533568,0.376074,3299.219,0.3693862,3334.519,0.3683056,3263.8409716248534,0.3820381565526689
Viewpoint 1,4648,2409.818452,0.332742,2432.718,0.3187429,2458.988,0.3158831,2374.784519532944,0.3312794633478219
Viewpoint 1,4649,1448.18235,0.276356,1470.4327,0.2574806,1486.7703,0.2552553,1438.8069005805194,0.2762995297150123
Viewpoint 1,4650,589.90036,0.194575,608.61029,0.1947254,615.91602,0.196154274106632,591.9384204849583,0.194746785282467
Viewpoint 1,4661,24.332367,0.160428,25.913752,0.1605211,26.226967,0.1615393877722807,24.210955890643746,0.1614211831107808
Viewpoint 1,4662,611.263307,0.194881,617.01123,0.1952186,624.31335,0.1966471388580564,612.5845438755761,0.1959587127254963
Viewpoint 1,4663,1329.916069,0.25939,1342.9253,0.2424864,1358.7417,0.2435248,1323.9575518108763,0.2579766691047849
Viewpoint 1,4664,2093.7912,0.303983,2105.481,0.2941375,2130.1804,0.289624,2073.36853625782,0.3064295972834412
Viewpoint 1,4665,2846.132378,0.348601,2861.0957,0.3404046,2894.396,0.3376229,2831.911892490703,0.3515803611222584
Viewpoint 1,4666,3905.639501,0.405655,3901.3181,0.3982728,3964.1746,0.3970341,3823.818288912504,0.4039966789887254
Viewpoint 1,4667,4469.991286,0.438426,4503.2656,0.4346454,4602.5166,0.4359232,4480.642844626876,0.4419757497001383
Viewpoint 1,4668,4135.864452,0.424841,4125.1416,0.4172006,4170.4727,0.4156657,4126.077195509,0.4287562113877604
Viewpoint 1,4669,5911.117172,0.526271,6031.4644,0.5394894,6536.5249,0.5528166,5865.066688692514,0.5311023570267225
Viewpoint 1,4670,6183.377137,0.546506,6249.9487,0.5505863,6694.8271,0.5664549,6177.683191442318,0.5591091848814794
Viewpoint 1,4671,2950.371869,0.356961,2980.4495,0.3502188,3012.7119,0.3477259,2947.834950814569,0.3625238343159931
Viewpoint 1,4672,2157.486392,0.316338,2171.542,0.300826,2195.2192,0.2980831,2121.3237649548632,0.3149539352195345
Viewpoint 1,4673,1303.991303,0.265062,1318.2887,0.2396381,1332.9761,0.242039,1291.2243820051065,0.2636718585913356
Viewpoint 1,4674,757.949899,0.233567,791.78046,0.2054775,802.0293,0.2070790493978905,767.5251760767817,0.2362063076542036
Viewpoint 1,4685,24.480533,0.160437,25.992043,0.1605257,26.30619,0.1615440571828768,24.291012296287853,0.1614258824217921
Viewpoint 1,4686,820.484523,0.207163,827.40942,0.2075689,837.23962,0.2091459214299992,819.434211168255,0.2081007881955766
Viewpoint 1,4687,2189.234445,0.310456,2297.2944,0.3054098,2329.2458,0.3028602,2182.1700852678555,0.3131510897365073
Viewpoint 1,4688,2726.755002,0.341071,2746.3457,0.3332878,2779.1421,0.3305056,2701.3993424759847,0.3431011886470914
Viewpoint 1,4689,3716.811112,0.399335,3720.2473,0.3918007,3764.4084,0.3900344,3689.124469988274,0.4015343005656969
Viewpoint 1,4690,5044.989653,0.472181,5086.6685,0.4684042,5168.7803,0.4684268,4871.568428318468,0.465622494687652
Viewpoint 1,4691,5331.375023,0.493987,5251.9785,0.4832823,5309.9175,0.4823174,5303.1562102262,0.4971274104504859
Viewpoint 1,4692,5627.777307,0.511543,5556.7183,0.5015815,5615.7065,0.5006885,5615.110361144834,0.5161696270469459
Viewpoint 1,4693,5535.429661,0.507062,5511.9629,0.4995202,5569.2959,0.4985282,5542.941989855184,0.5133434060012364
Viewpoint 1,4694,7463.145794,0.620693,7502.3452,0.632898,8435.0654,0.6673641,7403.561479421898,0.6295068996548069
Viewpoint 1,4695,4239.28188,0.434051,4285.623,0.4297791,4329.9092,0.4282496,4241.956022917319,0.442632718642725
Viewpoint 1,4696,17260.309071,1.0,11092.739,1.0,21916.756,1.0,7468.093909635572,0.6998089200207493
Viewpoint 1,4697,1918.485581,0.31064,1957.2522,0.2904731,1978.9778,0.2912397,1908.459427012688,0.3094339753108651
Viewpoint 1,4698,860.862512,0.247954,909.13037,0.212366,921.68134,0.2141026028910325,880.4028433237849,0.2514609055567623
Viewpoint 1,4709,0.0,0.159,0.0,0.159,0.0,0.0,1.6126552044906462e-05,0.1600000009466286
Viewpoint 1,4710,924.02269,0.226442,973.23907,0.2192473,983.92633,0.2190180006639373,924.033243259572,0.2247196036366987
Viewpoint 1,4711,1805.51437,0.291982,1899.8459,0.2827808,1923.9287,0.2772851,1793.937892307301,0.2917054913104614
Viewpoint 1,4712,2553.02323,0.331726,2657.1052,0.3267536,2689.6982,0.3242491,2534.906587111868,0.3339407758609803
Viewpoint 1,4713,3201.410353,0.366868,3212.0212,0.3581764,3302.4243,0.3587878,3217.936129731128,0.370970083794592
Viewpoint 1,4714,3926.293924,0.406869,3888.1436,0.3976513,3950.4211,0.3970579,3818.692123578895,0.4038911914326647
Viewpoint 1,4715,3664.149977,0.39711,3668.8923,0.3894607,3710.0488,0.3875597,3662.239768151611,0.4010756671260357
Viewpoint 1,4716,3820.676198,0.406375,3816.6714,0.3983204,3858.8831,0.3973011,3811.53542216823,0.4101893531364733
Viewpoint 1,4717,3705.095291,0.399788,3702.8899,0.3918181,3743.5518,0.3907525,3695.7287220082217,0.4039785560324513
Viewpoint 1,4718,3303.526876,0.376865,3320.2639,0.3695903,3356.5869,0.3674802,3274.801834228004,0.3800256114045336
Viewpoint 1,4719,2708.593201,0.342232,2726.8931,0.3349735,2756.6821,0.3320749,2696.5383804859816,0.3470414220962357
Viewpoint 1,4720,10131.40106,0.926615,11572.336,1.0,12208.302,0.9450974,5992.774478656494,0.588409957790439
Viewpoint 1,4721,13680.82392,1.0,7582.0337,0.9195909,11603.812,0.9361063,3850.3726445547272,0.4541775453696942
Viewpoint 1,4722,761.905474,0.234289,798.90576,0.2058958,809.34888,0.2075087415256249,774.1491695531852,0.2383852484350884
Viewpoint 1,4733,0.0,0.159,0.0,0.159,0.0,0.0,1.6122753524013493e-05,0.1600000009464056
Viewpoint 1,4734,1276.454109,0.262053,1339.4984,0.2426656,1353.8745,0.2430642,1275.9405409220103,0.2583913454503209
Viewpoint 1,4735,1286.493687,0.255962,1295.1737,0.2391705,1310.4177,0.2386488,1277.1331477562412,0.2544482493644444
Viewpoint 1,4736,3468.38898,0.38388,3551.5613,0.3804621,3594.6506,0.3777792,3445.93041055239,0.386227175708539
Viewpoint 1,4737,2785.181934,0.345046,2794.0383,0.3364524,2826.5461,0.3336359,2765.202110273142,0.3476539701030389
Viewpoint 1,4738,3417.713614,0.382488,3426.8835,0.374991,3466.0823,0.3730001,3414.367643363858,0.3859004514804114
Viewpoint 1,4739,6963.934524,0.586889,7113.7534,0.5902309,7256.6919,0.5937454,6941.259846061954,0.5900598155469308
Viewpoint 1,4740,4046.954239,0.419618,4041.1436,0.4115698,4085.6223,0.4106613,4039.850692102677,0.4236619366561637
Viewpoint 1,4741,3916.708382,0.412474,3927.2949,0.4050975,3970.1489,0.4041399,3922.4301763575527,0.4174176057580374
Viewpoint 1,4742,3520.919128,0.389698,3532.3694,0.382212,3570.7363,0.3810944,3484.8650256761102,0.3926464409142646
Viewpoint 1,4743,2873.367805,0.35217,2893.6753,0.3450058,2925.0696,0.3424796,2861.729287549072,0.3572148028889017
Viewpoint 1,4744,2089.397296,0.312095,2110.6946,0.2958254,2133.7148,0.2943644,2062.0442000859325,0.31117318575297
Viewpoint 1,4745,1253.883607,0.26126,1271.3055,0.2362119,1285.4653,0.2385823,1245.4760921016043,0.259551082771486
Viewpoint 1,4746,1320.424814,0.288996,1440.0656,0.2592361,1467.8093,0.2723881,1408.9670005820956,0.3004955246315091
Viewpoint 1,4757,0.0,0.159,0.0,0.159,0.0,0.0,1.611893644031203e-05,0.1600000009461815
Viewpoint 1,4758,584.786237,0.193327,590.54407,0.1936649,597.53284,0.1950751985531511,586.4381409838737,0.1944239188757534
Viewpoint 1,4759,1272.1833,0.254907,1283.0098,0.2381056,1298.1088,0.2379251,1265.2026634787348,0.2533829722189364
Viewpoint 1,4760,2033.133946,0.300425,2047.8929,0.2907359,2071.9048,0.2861988,2016.7688900530925,0.3030765986866429
Viewpoint 1,4761,2773.940365,0.344394,2782.6172,0.3357781,2814.9932,0.332956,2753.840727019968,0.3469679183856197
Viewpoint 1,4762,3413.461748,0.382135,3415.4778,0.3743173,3454.5522,0.372321,3402.813458817411,0.385216917988872
Viewpoint 1,4763,3862.91842,0.408576,3848.3579,0.4000372,3891.4453,0.3990348,3844.468897449952,0.4117969721795592
Viewpoint 1,4764,4028.637041,0.41849,4017.1829,0.4101539,4061.417,0.4092333,4015.285764531982,0.4222097568892294
Viewpoint 1,4765,3897.069949,0.411254,3902.2485,0.4036139,3944.854,0.4026441,3896.961663173487,0.4159020103809505
Viewpoint 1,4766,3489.920147,0.387772,3505.6169,0.3806195,3543.717,0.3794884,3458.262931107324,0.3910429480374235
Viewpoint 1,4767,2856.957622,0.351353,2879.9387,0.3441817,2911.1865,0.3416506,2848.0690638927986,0.3563737005412143
Viewpoint 1,4768,2080.12588,0.311395,2095.8765,0.2949313,2118.7314,0.2933015,2047.5760124182384,0.3102558290855834
Viewpoint 1,4769,1240.1037,0.260052,1255.7522,0.2353023,1269.7374,0.2376596,1230.3138763273712,0.2583948333964567
Viewpoint 1,4770,492.100076,0.187886,506.57574,0.188736,512.5235,0.1900851009870729,493.4739877382079,0.1889669230802328
Viewpoint 1,4781,0.0,0.159,0.0,0.159,0.0,0.0,1.611510556402281e-05,0.1600000009459567
Viewpoint 1,4782,1014.63642,0.236437,1076.4363,0.227552,1088.2284,0.2258121,1016.3981110229688,0.2366050484705356
Viewpoint 1,4783,1908.529245,0.297014,2022.2528,0.2897078,2048.4531,0.2871111,1902.364223843524,0.2980694691300746
Viewpoint 1,4784,2629.298707,0.335084,2745.2964,0.3313464,2778.1504,0.3287668,2618.81844069958,0.3377914464891308
Viewpoint 1,4785,3021.202296,0.35894,3030.7241,0.351381,3066.1333,0.348728,3000.610194765065,0.3614003472793452
Viewpoint 1,4786,3737.646532,0.401053,3726.0024,0.3925824,3768.6763,0.3907513,3745.558605412992,0.4054884452697423
Viewpoint 1,4787,4871.555644,0.46188,4889.4839,0.4572726,5003.2993,0.4593639,4855.402674696174,0.4639347460492764
Viewpoint 1,4788,4433.010655,0.442209,4409.9443,0.4339843,4458.0723,0.4325916,4416.930336977655,0.4458553628988735
Viewpoint 1,4789,4303.897869,0.435086,4308.8687,0.4283588,4355.3521,0.4268868,4309.007944204268,0.4403425461269705
Viewpoint 1,4790,6599.25995,0.570377,6648.0283,0.5781711,7192.3237,0.5953026,6587.556293905792,0.5824990355090455
Viewpoint 1,4791,6565.545321,0.573641,6670.4741,0.576677,7623.0952,0.6373536,6566.347997315139,0.5970215430254531
Viewpoint 1,4792,2313.721244,0.326735,2343.2458,0.311833,2368.4873,0.3102845,2287.5661046575588,0.3257198613332349
Viewpoint 1,4793,1390.008952,0.272058,1409.7186,0.251177,1425.337,0.2474597,1379.6895502996372,0.2721730380186531
Viewpoint 1,4794,541.867288,0.190808,563.2085,0.1920603,569.93512,0.1934551131942744,547.6767442847199,0.192148624889513
Viewpoint 1,4805,0.0,0.159,0.0,0.159,0.0,0.0,1.61112657752932e-05,0.1600000009457313
Viewpoint 1,4806,790.383689,0.214473,852.20197,0.2098371,861.88184,0.2105924119444998,805.4157590099028,0.2200988562404046
Viewpoint 1,4807,1304.695009,0.257125,1413.8802,0.247072,1438.4508,0.2464556,1326.8717775482105,0.2618699864276205
Viewpoint 1,4808,1646.545811,0.276578,1788.682,0.2692522,1803.7166,0.2671298,1692.004554872405,0.2801748869609824
Viewpoint 1,4809,2956.581315,0.352413,2971.073,0.3441795,3123.2629,0.3475588,3021.538163915658,0.3620425753133622
Viewpoint 1,4810,4982.284854,0.473219,4938.7144,0.4642932,4996.1479,0.463277,4999.996362740576,0.478396993711779
Viewpoint 1,4811,4039.823555,0.412915,4078.5723,0.4083775,4229.4512,0.4120952,4062.348336645937,0.4172025050180878
Viewpoint 1,4812,3622.342843,0.386667,3873.0505,0.4120417,4374.7104,0.4211074,3724.2806856480806,0.3966618046963106
Viewpoint 1,4813,4071.351548,0.414024,4209.4888,0.4940661,5498.3198,0.4890904,3780.282230415419,0.404106961035571
Viewpoint 1,4814,3974.668176,0.413157,4061.1973,0.4734296,5133.6733,0.4714465,3957.686600509061,0.4218260938899445
Viewpoint 1,4815,4095.050794,0.422626,4160.854,0.4196193,6057.9224,0.5602056,3868.04700358568,0.4306915951374882
Viewpoint 1,4816,12075.81403,1.0,19804.828,1.0,20786.857,1.0,4575.268381133863,0.5635203352299963
Viewpoint 1,4817,26347.582719,1.0,14453.433,1.0,16318.643,1.0,3060.374432813871,0.4098256471170358
Viewpoint 1,4818,246.465279,0.173468,248.98787,0.1736156,251.84415,0.1747831383888258,244.4022577999804,0.1743464125328588
Viewpoint 1,4829,0.0,0.159,0.0,0.159,0.0,0.0,1.6107422029289245e-05,0.1600000009455056
Viewpoint 1,4830,479.056773,0.187121,518.99384,0.1894649,524.90869,0.190812100187225,487.8807598720249,0.1886386006044878
Viewpoint 1,4831,1114.554666,0.234482,1162.8597,0.2305764,1185.4019,0.2298167,1161.1275926587184,0.2501363520087225
Viewpoint 1,4832,1582.147472,0.270335,1705.8925,0.264003,1717.4658,0.2613578,1641.930156895193,0.2772630922965615
Viewpoint 1,4833,2293.144558,0.309775,2242.3672,0.2982041,2428.8076,0.3032809,2400.744016840999,0.3274407284767986
Viewpoint 1,4834,2948.603221,0.345439,2977.968,0.3398868,3030.4285,0.338834,2942.5780197475888,0.350302109562417
Viewpoint 1,4835,3319.97057,0.366791,3227.5186,0.3545563,3407.188,0.3611334,3307.08566797753,0.3706214913712117
Viewpoint 1,4836,3512.896759,0.379332,3646.0234,0.4037354,4251.3457,0.4144183,3574.9158685332923,0.3872772820657677
Viewpoint 1,4837,3732.598253,0.393243,3820.5488,0.4819405,5180.5942,0.4702907,3398.5275948666613,0.3805171344467583
Viewpoint 1,4838,2838.423848,0.347068,2844.823,0.3946655,3527.489,0.3765396,2790.832318052966,0.3534551691456811
Viewpoint 1,4839,3587.065876,0.388593,3461.8545,0.3757016,5370.9316,0.5235663,3244.851993441303,0.3908535737077327
Viewpoint 1,4840,14325.939605,1.0,23377.625,1.0,20347.658,1.0,4037.6085854486114,0.5405055129173862
Viewpoint 1,4841,28534.309869,1.0,6392.0654,0.9369124,16083.285,1.0,1766.773836993957,0.3265109814199035
Viewpoint 1,4842,189.335852,0.170114,190.43544,0.1701786,192.62508,0.1713068552648506,187.26867260217247,0.1709926710817475
Viewpoint 1,4853,0.0,0.159,0.0,0.159,0.0,0.0,1.6103579339503215e-05,0.1600000009452801
Viewpoint 1,4854,747.97905,0.208603,804.36737,0.2070101,813.49829,0.2077523376336313,760.9586853963799,0.2134271169114358
Viewpoint 1,4855,1103.383302,0.232314,1179.4833,0.2315421,1201.9141,0.2308003,1141.9148690345214,0.2466647207305347
Viewpoint 1,4856,2125.722345,0.306914,2294.6804,0.302485,2317.6533,0.2994088,2152.4796771791434,0.3114359954479074
Viewpoint 1,4857,2401.48875,0.316747,2341.3032,0.3041655,2525.8584,0.3090577,2497.534067003729,0.3331306822634289
Viewpoint 1,4858,3056.223959,0.352191,3093.2197,0.3468806,3148.1943,0.3459207,3061.7713287234747,0.3577562946562447
Viewpoint 1,4859,4162.303523,0.419103,4087.9878,0.4081046,4256.2563,0.4133087,4069.314504129447,0.4180342975357994
Viewpoint 1,4860,6592.982407,0.567588,6444.3271,0.553663,6511.0469,0.5531981,6565.988502035538,0.5716163969386152
Viewpoint 1,4861,4682.878663,0.451186,4801.2314,0.5212744,6076.4985,0.5233354,4561.20651194374,0.449886756478811
Viewpoint 1,4862,3757.926765,0.39882,3692.772,0.4617339,4818.0293,0.4527703,3670.901233349011,0.4034245913797954
Viewpoint 1,4863,4719.308495,0.460891,4871.2568,0.4655782,6782.6357,0.600457,4576.019237035814,0.4746738027523224
Viewpoint 1,4864,21082.97348,1.0,18334.676,1.0,20727.531,1.0,4288.162917741928,0.5510601474160021
Viewpoint 1,4865,28292.569955,1.0,6711.8613,0.9505562,15683.103,1.0,2122.256291909975,0.3512402066294506
Viewpoint 1,4866,304.711553,0.176887,310.28955,0.177214,313.84814,0.1784227904855257,303.81827604292425,0.1778341328037196
Viewpoint 1,4877,0.0,0.159,0.0,0.159,0.0,0.0,1.6099742725471965e-05,0.1600000009450549
Viewpoint 1,4878,395.355943,0.182207,407.62836,0.1829278,413.24246,0.1842573172501669,416.1680757737056,0.1844290660479165
Viewpoint 1,4879,976.493756,0.221165,1023.6566,0.2195986,1044.7919,0.2213293,1016.3924452536828,0.234221678026093
Viewpoint 1,4880,1428.398825,0.255305,1538.3268,0.2518857,1547.2225,0.2509784,1465.9673187373476,0.2650514557436897
Viewpoint 1,4881,2107.070667,0.2988,2045.3311,0.2851334,2230.8281,0.2912717,2197.904183070118,0.3146213710381111
Viewpoint 1,4882,2739.113304,0.331554,2769.1375,0.3273311,2817.179,0.3258779,2710.9517221202245,0.3358253190195149
Viewpoint 1,4883,3005.979904,0.34761,2971.8049,0.3390968,3150.9333,0.3458866,3020.5245344605046,0.3532245139549118
Viewpoint 1,4884,3241.613214,0.361884,3392.8101,0.3924358,3988.1533,0.3995793,3236.137642282899,0.3666446092396266
Viewpoint 1,4885,3405.693756,0.372947,3447.1719,0.4703093,4830.561,0.4495206,3222.495607303212,0.3670245343879815
Viewpoint 1,4886,3083.548944,0.358446,3073.7371,0.4392709,4174.041,0.4147624,3005.025035443361,0.3617378236493513
Viewpoint 1,4887,3237.416892,0.367025,3094.104,0.3645533,5040.5278,0.5073428,2847.485183482884,0.365179176093611
Viewpoint 1,4888,27982.761113,1.0,31324.688,1.0,20133.133,1.0,3621.818362267551,0.5234141887405727
Viewpoint 1,4889,32631.569075,1.0,11970.45,1.0,15358.665,1.0,1627.4416082680784,0.3172344775311811
Viewpoint 1,4890,146.706979,0.167612,147.21587,0.1676416,148.9124,0.1687409113137149,144.951004779141,0.1685086239805355
Viewpoint 1,4901,0.0,0.159,0.0,0.159,0.0,0.0,1.6095917136027013e-05,0.1600000009448303
Viewpoint 1,4902,430.376676,0.184263,432.99078,0.1844166,439.14789,0.1857779877008289,451.8567769604047,0.1865239928075757
Viewpoint 1,4903,893.021331,0.212755,938.8786,0.2141122,959.54913,0.2163256011771734,927.2793859305148,0.2237747935884836
Viewpoint 1,4904,1327.486382,0.245248,1430.8413,0.245425,1437.0758,0.2443566,1347.5794887649088,0.2553372849968219
Viewpoint 1,4905,2013.990839,0.292426,1938.8245,0.2787014,2132.1062,0.2852354,2097.0387289563614,0.3092120684117493
Viewpoint 1,4906,2638.976495,0.324695,2662.9993,0.3202344,2708.4595,0.3190725,2588.360808868681,0.3276584790518958
Viewpoint 1,4907,2848.376506,0.336861,2776.1855,0.3272474,2954.1958,0.3338676,2807.078547835017,0.3401066388128529
Viewpoint 1,4908,2989.83586,0.346343,3146.04,0.381063,3773.0903,0.3875538,2979.631621758704,0.3510165747655703
Viewpoint 1,4909,3102.039338,0.354029,3174.1926,0.4616862,4541.2021,0.4327659,2922.6204421844227,0.3480784278364009
Viewpoint 1,4910,2818.773883,0.345393,2762.2471,0.4334005,3875.9065,0.3972341,2689.910102307916,0.3417299533694916
Viewpoint 1,4911,2743.172265,0.346332,2766.5217,0.3562445,4740.1528,0.4929368,2497.7042397480163,0.3421156745409041
Viewpoint 1,4912,29155.908749,1.0,24510.125,1.0,19940.938,1.0,3312.3456322704174,0.5114817806165812
Viewpoint 1,4913,36540.981444,1.0,31624.375,1.0,15157.051,1.0,1387.5851405135882,0.3002583393049958
Viewpoint 1,4914,118.693016,0.165967,118.60366,0.165962,119.97282,0.1670421695172529,116.88698850894228,0.1668612662254749
Viewpoint 1,4925,0.0,0.159,0.0,0.159,0.0,0.0,1.6092107385053325e-05,0.1600000009446067
Viewpoint 1,4926,404.857363,0.182765,407.11685,0.1828978,412.92197,0.1842384743367319,425.0475280028051,0.1849502898937646
Viewpoint 1,4927,857.37148,0.210143,905.12762,0.212131,925.83197,0.2143464026199013,891.4060158319061,0.2173009921032702
Viewpoint 1,4928,1307.601355,0.243503,1400.5436,0.2425448,1405.9772,0.2425311,1311.304352774187,0.251061421238377
Viewpoint 1,4929,2013.106564,0.291834,1945.2672,0.2790574,2145.3923,0.2859351,2071.095013637427,0.3081484380120638
Viewpoint 1,4930,2595.788146,0.321777,2602.1904,0.3165935,2646.9702,0.3154556,2520.338070923556,0.3226534296738916
Viewpoint 1,4931,2749.176905,0.330805,2766.6624,0.3259598,2937.8708,0.332755,2721.637893626672,0.3348562052444895
Viewpoint 1,4932,2885.606206,0.3401,3059.3218,0.3780142,3722.0962,0.3851057,2886.4366350847013,0.3453197828798781
Viewpoint 1,4933,2970.566829,0.34622,3059.9951,0.459249,4458.8979,0.4280131,2829.586973150512,0.3421539353658198
Viewpoint 1,4934,2706.379441,0.340877,2671.2263,0.4325269,3784.2466,0.3923541,2578.135178363248,0.3345622805385579
Viewpoint 1,4935,2591.598982,0.336754,2661.509,0.3656803,4674.0532,0.4909285,2382.9735619466387,0.3344437964229613
Viewpoint 1,4936,29733.701321,1.0,29393.746,1.0,19907.248,1.0,3193.9603940537463,0.5069773119180533
Viewpoint 1,4937,36728.21232,1.0,31832.322,1.0,15084.704,1.0,1290.571306548046,0.2929397329374846
Viewpoint 1,4938,118.61359,0.165963,118.50045,0.165956,119.86833,0.1670361257350543,116.777393636047,0.1668548330064359
Viewpoint 1,4949,0.0,0.159,0.0,0.159,0.0,0.0,1.6088318112876053e-05,0.1600000009443842
Viewpoint 1,4950,395.376628,0.182209,407.29532,0.1829082,412.85678,0.1842346420329921,415.6548930974053,0.1843989422248177
Viewpoint 1,4951,977.637483,0.221403,1026.0525,0.2197366,1048.0533,0.2215208,1017.2893496504676,0.2351759175698572
Viewpoint 1,4952,1469.702016,0.258985,1551.379,0.253594,1560.8794,0.2517793,1471.2758069840393,0.2654330990900209
Viewpoint 1,4953,2167.326982,0.302073,2104.8994,0.2906426,2293.731,0.2949565,2217.5077164919007,0.3160480475443564
Viewpoint 1,4954,2865.710106,0.338683,2811.3047,0.3298367,2857.7014,0.328257,2733.333175704887,0.3372392714152258
Viewpoint 1,4955,3241.672458,0.360719,3105.5554,0.3468687,3283.835,0.3536719,3062.456117603578,0.3557538637479526
Viewpoint 1,4956,3257.421878,0.363411,3514.3291,0.4005435,4321.02,0.4196513,3287.691032182323,0.3697394526628756
Viewpoint 1,4957,3491.450832,0.377489,3501.4565,0.4773684,4897.6665,0.4533724,3253.675005496597,0.3688772396252232
Viewpoint 1,4958,3174.002338,0.368487,3157.0386,0.4518949,4398.939,0.4279006,3042.271524659033,0.3639651259754388
Viewpoint 1,4959,3081.213602,0.358917,3130.115,0.3961895,5194.7075,0.5190423,2868.3298224228374,0.3665857837686903
Viewpoint 1,4960,31044.47681,1.0,22338.93,1.0,20468.885,1.0,3670.892870384277,0.5251899403467477
Viewpoint 1,4961,36393.585666,1.0,34284.672,1.0,15405.274,1.0,1631.033782434811,0.3179778058594626
Viewpoint 1,4962,146.586578,0.167605,146.96799,0.167627,148.66106,0.1687261854294613,144.51382637282313,0.1684829616080847
Viewpoint 1,4973,0.0,0.159,0.0,0.159,0.0,0.0,1.6084553755767783e-05,0.1600000009441633
Viewpoint 1,4974,511.838811,0.189045,555.13965,0.1915867,561.22736,0.1929439889809064,520.6005813323748,0.1905592541242104
Viewpoint 1,4975,1115.112171,0.235348,1194.8663,0.2326198,1217.5795,0.2317422,1152.6900542976855,0.2495182869428298
Viewpoint 1,4976,1658.704834,0.277214,1749.7377,0.2671975,1764.9944,0.2646895,1643.605698311733,0.2770468191789462
Viewpoint 1,4977,2319.62191,0.312165,2300.8386,0.3022707,2467.2544,0.3061562,2366.042088916515,0.324001785956037
Viewpoint 1,4978,2950.596899,0.346133,2979.0171,0.3403135,3028.6929,0.3390263,2902.5324864179443,0.34817267769175
Viewpoint 1,4979,3390.081297,0.371293,3373.6401,0.3643625,3537.9851,0.3693244,3288.6446376503973,0.3696663005912551
Viewpoint 1,4980,3757.1839,0.39373,3965.9202,0.420605,4733.8804,0.4433753,3702.3348285368825,0.3948602845772802
Viewpoint 1,4981,4212.605433,0.421758,4192.6504,0.5041385,5555.7578,0.4923047,4003.2928766826094,0.4150999630340041
Viewpoint 1,4982,4153.687078,0.426591,4122.5483,0.4931932,5349.6909,0.4842442,3966.725936391666,0.4216540956440053
Viewpoint 1,4983,4078.424503,0.420873,4130.5933,0.4533541,6254.2646,0.5765409,3805.308288692156,0.4266109036401682
Viewpoint 1,4984,32366.547758,1.0,20869.109,1.0,21351.348,1.0,4480.9646262415245,0.5589707678705425
Viewpoint 1,4985,36576.828315,1.0,37539.531,1.0,15680.492,1.0,2048.1608078242093,0.3470863660048585
Viewpoint 1,4986,217.574139,0.171772,220.02467,0.1719154,222.54762,0.1730633754420218,215.5453418286561,0.1726525115653421
Viewpoint 1,4997,0.0,0.159,0.0,0.159,0.0,0.0,1.608081851304706e-05,0.160000000943944
Viewpoint 1,4998,710.37515,0.204815,762.00323,0.2045073,770.4411,0.2052248044835491,720.9703054054124,0.2037126951793999
Viewpoint 1,4999,1934.69715,0.29407,1960.0258,0.2850165,1983.5874,0.2805754,1922.7490663603069,0.2966480418929893
Viewpoint 1,5000,2179.573836,0.310404,2307.812,0.3034064,2331.3318,0.3001196,2392.2471361706966,0.3282399239126256
Viewpoint 1,5001,4223.967746,0.428694,4227.4937,0.4212897,4279.2798,0.4206021,4195.4576818455225,0.4305516314791942
Viewpoint 1,5002,3491.372992,0.378447,3440.9714,0.3691686,3499.8218,0.3673538,3361.6075560664626,0.3761132049006167
Viewpoint 1,5003,3604.389258,0.383452,3527.5229,0.3731236,3715.5085,0.3795788,3480.8519183006088,0.381076681289329
Viewpoint 1,5004,4406.569734,0.433052,4821.5791,0.4665172,5463.1558,0.4864971,4332.636662235896,0.4331565842976369
Viewpoint 1,5005,4042.909428,0.411325,4161.1123,0.5070249,5477.0498,0.4875261,3811.113788870511,0.403335752967467
Viewpoint 1,5006,3826.751202,0.407216,3814.6213,0.4821454,5069.856,0.4677618,3647.556262769913,0.4016728937068311
Viewpoint 1,5007,3639.658074,0.393919,3754.4834,0.4441579,5944.7593,0.5619532,3509.6362176423154,0.4077670111990811
Viewpoint 1,5008,32546.214561,1.0,20152.785,1.0,21779.516,1.0,5306.423913984319,0.5944865277825272
Viewpoint 1,5009,36610.353787,1.0,30420.711,1.0,15666.774,1.0,2048.872434023079,0.3472625067653923
Viewpoint 1,5010,189.197506,0.170106,190.43881,0.1701788,192.62509,0.171306840912119,186.78867902638848,0.170964495458849
Viewpoint 1,5021,0.0,0.159,0.0,0.159,0.0,0.0,1.607711634579701e-05,0.1600000009437267
Viewpoint 1,5022,656.331941,0.197541,691.56903,0.1995951,698.91974,0.2010265695639402,655.5120358431052,0.1984785565039902
Viewpoint 1,5023,1067.378321,0.232053,1074.6947,0.2229197,1087.3059,0.2243311,1060.8077120236285,0.232102906126444
Viewpoint 1,5024,1744.063658,0.285947,1755.1274,0.2703608,1775.6282,0.2685171,1733.0197224916758,0.2856354840760066
Viewpoint 1,5025,2808.270279,0.346049,2855.7815,0.3381742,2930.5879,0.3379756,2786.392190145816,0.3477155754789987
Viewpoint 1,5026,3416.195145,0.379746,3432.0322,0.3712904,3485.8118,0.3710347,3385.78920825478,0.3807849113963316
Viewpoint 1,5027,3757.456867,0.396751,3735.8838,0.3885674,3811.3562,0.3884245,3704.839476891214,0.3959604309927518
Viewpoint 1,5028,4402.057222,0.435846,4540.9087,0.4396372,4721.0083,0.4439963,4393.952258503387,0.4384170641120966
Viewpoint 1,5029,5097.035442,0.479133,5188.4897,0.4880943,5504.6079,0.4924985,5034.765117942987,0.4814024900352353
Viewpoint 1,5030,2982.788934,0.357689,2996.4646,0.3503202,3029.4766,0.3478781,2953.095027189076,0.3606446674888881
Viewpoint 1,5031,5405.564598,0.508287,5502.4985,0.5130232,6077.2295,0.5460528,5401.9709576097375,0.530112836415736
Viewpoint 1,5032,1712.396154,0.288029,1727.6141,0.2725459,1746.6349,0.2669015,1688.4596655624805,0.2873524855479986
Viewpoint 1,5033,17732.886723,1.0,13421.683,1.0,8861.7783,0.7752717,3193.2059430915065,0.4168055791778308
Viewpoint 1,5034,485.162917,0.187479,515.38666,0.1892532,521.62823,0.1906195445439935,496.47833802212045,0.1891432784418985
Viewpoint 1,5045,0.0,0.159,0.0,0.159,0.0,0.0,1.6073450998427748e-05,0.1600000009435115
Viewpoint 1,5046,686.147169,0.199311,722.87476,0.2014327,730.5296,0.2028820691916828,684.9849109650474,0.2002086142736482
Viewpoint 1,5047,1448.500154,0.272517,1525.9359,0.2556199,1544.941,0.2545858,1438.5952035263783,0.2702799745636919
Viewpoint 1,5048,1717.307764,0.284297,1730.9114,0.2689305,1751.1241,0.2670752,1709.1724929769462,0.2841347921723508
Viewpoint 1,5049,2891.844688,0.350761,2935.594,0.3428187,3010.8481,0.3426389,2865.306997180258,0.3521810936105564
Viewpoint 1,5050,3541.039678,0.386755,3532.3794,0.3777162,3588.0459,0.3769943,3490.624282270672,0.3868213420784698
Viewpoint 1,5051,4126.612625,0.419893,4140.0088,0.4139026,4207.3086,0.4135949,4043.020258755617,0.4182699947223599
Viewpoint 1,5052,3458.427764,0.385063,3457.9868,0.3771087,3496.4651,0.3751016,3446.8250428587244,0.3885905189740156
Viewpoint 1,5053,3314.115798,0.377081,3343.676,0.3705318,3380.6619,0.368466,3303.939525444376,0.380763130523067
Viewpoint 1,5054,5571.516231,0.51215,5654.5312,0.5200593,5994.75,0.5258474,5521.623042640592,0.5204187370989273
Viewpoint 1,5055,5485.32114,0.513503,5669.5312,0.5231165,6266.6865,0.557361,5567.386229035369,0.5397718391861691
Viewpoint 1,5056,12691.187605,1.0,6722.9136,0.8599431,10004.625,0.8196713,5195.222929184945,0.5371709552241339
Viewpoint 1,5057,978.163644,0.233783,990.90015,0.2171658,1001.978,0.2188161,971.7208810410228,0.2323598627960067
Viewpoint 1,5058,484.879677,0.187462,519.763,0.1895101,526.10309,0.1908822182257465,500.068071461716,0.1893539957948027
Viewpoint 1,5069,0.0,0.159,0.0,0.159,0.0,0.0,1.6069825991133213e-05,0.1600000009432987
Viewpoint 1,5070,752.360654,0.209512,807.02655,0.2071627,815.74481,0.2078841356809106,762.7537487317982,0.2137500658520597
Viewpoint 1,5071,1186.35647,0.242095,1308.1304,0.2391268,1317.2069,0.2380943,1222.326746066221,0.2542850714882952
Viewpoint 1,5072,1824.503486,0.289438,1897.897,0.278185,1915.6664,0.2736502,2029.205251843952,0.306153107278116
Viewpoint 1,5073,2552.284555,0.325827,2518.1458,0.3152043,2692.2463,0.3193653,2559.3382468792274,0.3355874355176038
Viewpoint 1,5074,3887.450041,0.403549,3850.0344,0.3942728,3912.0334,0.3932607,3757.6052922581903,0.400656659170351
Viewpoint 1,5075,6006.77212,0.532788,5873.5649,0.5195559,5938.2588,0.5189673,5960.973124311264,0.535084277614222
Viewpoint 1,5076,4833.454056,0.459284,5276.7822,0.4900713,5895.0801,0.5126548,4745.372329704682,0.4583207373053936
Viewpoint 1,5077,4617.875074,0.445378,4646.0161,0.5326806,5978.147,0.5173683,4245.354514941729,0.4296679346827072
Viewpoint 1,5078,5352.369394,0.49828,5465.2358,0.5610346,6622.2539,0.5598456,5142.438695972455,0.4934710642017856
Viewpoint 1,5079,4307.081371,0.435314,4457.6333,0.499653,6892.6016,0.6185582,4089.5494557810543,0.4443109060082152
Viewpoint 1,5080,32384.199702,1.0,35491.586,1.0,21876.539,1.0,4704.475738646355,0.5683940910839287
Viewpoint 1,5081,40869.377834,1.0,44500.961,1.0,15656.429,1.0,3005.523453880768,0.4072799368313413
Viewpoint 1,5082,764.038224,0.238619,875.76727,0.2232845,889.57861,0.2230076065066828,833.037016851464,0.2551833938127544
Viewpoint 1,5093,0.0,0.159,0.0,0.159,0.0,0.0,1.6066244645099536e-05,0.1600000009430885
Viewpoint 1,5094,199.676998,0.170721,200.77628,0.1707856,203.15297,0.1719249252910315,200.1570728235449,0.1717492201747421
Viewpoint 1,5095,504.521543,0.188615,507.94589,0.1888164,513.86963,0.1901641197876781,502.4065921796991,0.1894912669609483
Viewpoint 1,5096,829.131068,0.207673,833.39923,0.2079205,843.04498,0.2094867186732364,823.657962483843,0.2083487223978015
Viewpoint 1,5097,1147.300882,0.241619,1156.1248,0.2279976,1169.4597,0.2300762,1142.900885027959,0.2420702441612722
Viewpoint 1,5098,1414.834624,0.26564,1428.2109,0.248239,1444.6433,0.2487033,1429.9085933349909,0.2659020752007758
Viewpoint 1,5099,1582.499209,0.276456,1591.5016,0.2606466,1609.7629,0.2586469,1580.9558939210915,0.2767019538412762
Viewpoint 1,5100,1627.04636,0.27923,1636.1018,0.2632895,1654.8525,0.2613097,1625.3334476783389,0.2794537134157133
Viewpoint 1,5101,1547.270767,0.274532,1560.4778,0.2588294,1578.4058,0.2567878,1538.403266275197,0.2744889595181226
Viewpoint 1,5102,1364.839921,0.262264,1373.7114,0.2442774,1389.5557,0.2454736,1352.6528626432173,0.261490684792751
Viewpoint 1,5103,1083.948233,0.234388,1093.214,0.223983,1105.8674,0.2263403,1080.2298812282822,0.2359993842734291
Viewpoint 1,5104,748.376971,0.20293,753.79309,0.2032477,762.53552,0.20476082602749,738.4392548682998,0.2033463842607692
Viewpoint 1,5105,429.392093,0.184205,432.52832,0.1843894,437.53854,0.1856834874346696,425.67302624860207,0.1849870066407929
Viewpoint 1,5106,146.649287,0.167608,146.5818,0.1676044,148.26765,0.1687031314093152,143.96305965778234,0.1684506316019118
Viewpoint 1,5117,0.0,0.159,0.0,0.159,0.0,0.0,1.6062710118237538e-05,0.160000000942881
Viewpoint 1,5118,893.075792,0.221521,945.68701,0.2152836,955.62512,0.2162291012928462,893.3904431538806,0.2187979118066559
Viewpoint 1,5119,1510.868684,0.271137,1527.2402,0.2567805,1545.3704,0.254702,1504.038323128097,0.270258644076946
Viewpoint 1,5120,2462.242501,0.325671,2480.2437,0.3167333,2509.7681,0.3138221,2446.24152095628,0.3279453268894008
Viewpoint 1,5121,3801.75261,0.401227,3793.5876,0.3929049,3926.9619,0.3957412,3746.408566093841,0.4021643629486577
Viewpoint 1,5122,4267.169511,0.431933,4251.8813,0.4233783,4300.9795,0.4226177,4282.749794672902,0.4366419993138039
Viewpoint 1,5123,5559.050678,0.502135,5638.6108,0.500485,5747.1416,0.5026138,5361.693411115992,0.4934771222713027
Viewpoint 1,5124,6342.03944,0.548752,6672.3721,0.5834698,7186.1426,0.588958,6229.279264382021,0.5461267988594113
Viewpoint 1,5125,7136.652451,0.596845,7213.8945,0.6304188,8053.417,0.6410977,6878.674739611398,0.588772852761258
Viewpoint 1,5126,4632.601972,0.455386,4656.3066,0.4499015,4704.4126,0.4484373,4593.044379861565,0.4591361236439566
Viewpoint 1,5127,3810.771933,0.40852,3851.9331,0.4036339,3891.3784,0.4019106,3807.1743104876127,0.4156741400073318
Viewpoint 1,5128,2768.834891,0.356364,2798.5532,0.3413085,2827.292,0.3406108,2723.2829487370605,0.3543705464320711
Viewpoint 1,5129,1610.918891,0.289919,1637.3075,0.2690478,1655.0551,0.2666059,1597.0594406913592,0.2888947774008961
Viewpoint 1,5130,602.102008,0.207895,680.75238,0.1989602,690.2348,0.2005166997823807,648.2522892741741,0.2282220603636405
Viewpoint 1,5141,0.0,0.159,0.0,0.159,0.0,0.0,1.6059225414327933e-05,0.1600000009426765
Viewpoint 1,5142,447.248921,0.185254,484.07471,0.1874152,489.21078,0.1887165827098388,454.869454484479,0.1867008369782389
Viewpoint 1,5143,1037.00192,0.226538,1153.9866,0.2281301,1160.5228,0.2281227,1070.2682560888964,0.2405073983367003
Viewpoint 1,5144,1669.449961,0.282856,1757.2682,0.2710072,1779.4873,0.2685766,1762.6359532303422,0.2913311950840794
Viewpoint 1,5145,2441.016712,0.318788,2392.0242,0.3078723,2565.8154,0.3113338,2433.9919877203943,0.3294223226265394
Viewpoint 1,5146,3207.350481,0.36,3141.0742,0.3494928,3205.3093,0.3491647,3003.248360786304,0.3540850954151746
Viewpoint 1,5147,3664.461811,0.386885,3848.6135,0.3909663,3971.7937,0.3944823,3469.691038997873,0.3804045747684647
Viewpoint 1,5148,4029.091595,0.409449,4370.5098,0.4986782,5301.96,0.4795207,3791.029034631773,0.4001344538018825
Viewpoint 1,5149,4202.402046,0.420399,4281.6416,0.5219627,5916.7671,0.5135064,3842.409169890441,0.4049976206998598
Viewpoint 1,5150,3962.413213,0.417378,3990.9773,0.510788,5475.9224,0.4933018,3651.64279863643,0.4016049451873475
Viewpoint 1,5151,3809.089864,0.403226,3760.1025,0.4881675,6558.2944,0.6083809,3487.82643490596,0.4065161499720975
Viewpoint 1,5152,31718.515641,1.0,21445.459,1.0,23641.041,1.0,4248.28167024398,0.5484698652062767
Viewpoint 1,5153,42374.411183,1.0,41326.16,1.0,15406.599,1.0,1965.5294927781988,0.3427316929103643
Viewpoint 1,5154,160.323354,0.168411,161.28346,0.1684673,163.13405,0.1695757087777938,158.1358883941822,0.1692825766487385
Viewpoint 1,5165,0.0,0.159,0.0,0.159,0.0,0.0,1.6055793437466975e-05,0.160000000942475
Viewpoint 1,5166,768.302253,0.207129,808.10016,0.2071482,816.52362,0.2079299350278928,765.6775373971517,0.2049452714452128
Viewpoint 1,5167,1690.776083,0.286168,1789.0945,0.2723765,1807.0997,0.2699746,1677.1152046021243,0.2847185871253797
Viewpoint 1,5168,1842.321176,0.291878,1858.2434,0.2793243,1880.0079,0.2746978,1834.757370785066,0.2919980049043636
Viewpoint 1,5169,2551.224387,0.331202,2563.8357,0.3219264,2593.6631,0.3191308,2536.5150969699807,0.3341024407427446
Viewpoint 1,5170,4145.473888,0.421175,4113.644,0.4123595,4181.3633,0.4117706,4068.182643027913,0.4200946009607899
Viewpoint 1,5171,4716.31811,0.452671,4739.4521,0.4481479,4816.5068,0.4485382,4605.916563279365,0.4492269496565872
Viewpoint 1,5172,3761.497523,0.402793,3757.8521,0.3948129,3799.3669,0.393761,3748.785129296104,0.4063789235774799
Viewpoint 1,5173,6303.013672,0.549314,6379.2236,0.5616043,6871.5596,0.5725605,6165.678159808486,0.5476692895550326
Viewpoint 1,5174,3230.060894,0.37249,3250.8564,0.3654709,3286.2434,0.3633406,3203.3487371381148,0.3756826303554218
Viewpoint 1,5175,2616.064773,0.336664,2635.3115,0.329535,2663.8555,0.3266162,2604.0186249809294,0.3414467390235531
Viewpoint 1,5176,16930.877357,1.0,21133.807,1.0,12856.851,0.9914094,5892.722383978929,0.5801614217950346
Viewpoint 1,5177,1066.439099,0.245577,1079.3784,0.2226079,1091.3218,0.2240605,1057.196217635286,0.2431100790321097
Viewpoint 1,5178,549.375833,0.191732,625.97638,0.1957448,634.58087,0.1972498176374214,595.2122692751366,0.2195219917655098
Viewpoint 1,5189,0.0,0.159,0.0,0.159,0.0,0.0,1.6052417033679076e-05,0.1600000009422768
Viewpoint 1,5190,1019.054483,0.237388,1072.4436,0.2262427,1083.5793,0.2255014,1016.0205079899538,0.2372351899119535
Viewpoint 1,5191,1135.388105,0.238283,1143.6522,0.227296,1157.1001,0.2293471,1128.7111379961232,0.2392361304976356
Viewpoint 1,5192,1882.008568,0.294142,1892.4659,0.2813421,1914.6505,0.2767358,1868.4926682019743,0.2940567102475108
Viewpoint 1,5193,4350.113548,0.433937,4344.3691,0.4265135,4455.2041,0.4280162,4302.231995212936,0.4352455084912191
Viewpoint 1,5194,3249.626177,0.372621,3255.897,0.3648751,3293.2449,0.3628094,3267.169072543108,0.3773164789878575
Viewpoint 1,5195,3690.49649,0.398526,3689.5298,0.3906294,3730.9514,0.3887545,3680.723062285917,0.4020333637807004
Viewpoint 1,5196,3836.787195,0.407272,3848.4204,0.4001559,3890.8403,0.3991479,3840.211410447616,0.4117662509279853
Viewpoint 1,5197,8333.848016,0.668165,8400.1797,0.6817008,9070.1113,0.701821,8113.38228094381,0.6627800355455407
Viewpoint 1,5198,3323.147008,0.377951,3340.3254,0.370797,3376.542,0.3687055,3291.455041812507,0.3809716156590561
Viewpoint 1,5199,2674.253459,0.340345,2699.613,0.3334065,2728.7329,0.3305134,2667.40676728184,0.3453589840054419
Viewpoint 1,5200,1895.264335,0.300214,1915.6063,0.2839167,1936.2866,0.2812978,1869.8392966892848,0.2992546532324392
Viewpoint 1,5201,18278.973652,1.0,7221.5649,0.9106168,14777.221,1.0,4352.188497826859,0.4792381781273482
Viewpoint 1,5202,356.890694,0.179949,384.24103,0.1815549,388.79163,0.1828220577260166,369.474289368795,0.1816881407859482
Viewpoint 1,5213,0.0,0.159,0.0,0.159,0.0,0.0,1.6049098996087523e-05,0.1600000009420821
Viewpoint 1,5214,212.302315,0.171462,214.33118,0.1715812,216.86717,0.1727299234003888,213.697716337028,0.1725440559489835
Viewpoint 1,5215,545.683489,0.191032,549.00488,0.1912266,555.40753,0.1926023903458079,543.0336404843335,0.1918760746964304
Viewpoint 1,5216,907.413557,0.213865,916.19385,0.2127806,926.80127,0.2144032025603358,905.5040255863684,0.2131530863019198
Viewpoint 1,5217,1276.432145,0.255481,1280.9011,0.2383221,1295.676,0.2385162,1266.30592715196,0.2544448919398784
Viewpoint 1,5218,1570.242597,0.275769,1581.5686,0.2600899,1599.7538,0.2580492,1583.4731598891678,0.2768291453255518
Viewpoint 1,5219,1759.968929,0.287406,1773.9719,0.2714663,1794.2941,0.2696846,1762.2079051966705,0.288104155725984
Viewpoint 1,5220,1810.648792,0.290441,1819.4745,0.2771906,1840.2795,0.2724005,1807.4779098643685,0.2909904271578437
Viewpoint 1,5221,1730.719448,0.285794,1744.8687,0.2697662,1764.8541,0.2679316,1720.202508388426,0.2859605912641194
Viewpoint 1,5222,1508.410765,0.272112,1516.6538,0.2562703,1534.0862,0.2542018,1493.3347978341098,0.271253972452621
Viewpoint 1,5223,1198.864441,0.249781,1208.3295,0.2328182,1222.2539,0.2334778,1193.8901492998216,0.2477783501272317
Viewpoint 1,5224,834.343755,0.207977,840.34595,0.2083283,850.04242,0.2098975158174188,822.9594507074631,0.2083077197565281
Viewpoint 1,5225,471.358333,0.186669,475.43579,0.1869081,480.92136,0.1882300610121176,467.6686782253969,0.1874521514118308
Viewpoint 1,5226,146.023197,0.167572,146.72516,0.1676128,148.4077,0.1687111930779012,143.8010546895355,0.1684411219102757
Viewpoint 1,5237,0.0,0.159,0.0,0.159,0.0,0.0,1.6045842122279668e-05,0.1600000009418909
Viewpoint 1,5238,617.037739,0.195238,650.47406,0.1971828,657.16431,0.1985755326123008,615.8498724042628,0.1961503875101302
Viewpoint 1,5239,1403.202767,0.269305,1478.8451,0.2527295,1493.7502,0.2513734,1387.4409803030635,0.2669403637881655
Viewpoint 1,5240,2189.54982,0.311991,2273.7988,0.3041513,2312.5757,0.3021913,2180.741464296568,0.3137338151662655
Viewpoint 1,5241,2899.416587,0.35105,2959.8555,0.3440479,3027.7161,0.3435652,2848.62333117415,0.3511003935359861
Viewpoint 1,5242,3559.310329,0.387791,3549.6646,0.3786407,3608.9634,0.3781976,3499.741513238666,0.3872128410340927
Viewpoint 1,5243,3187.904645,0.369052,3182.5354,0.3607169,3218.4683,0.3585897,3169.050193280139,0.3719108303932743
Viewpoint 1,5244,4830.758009,0.46153,4928.2539,0.4693899,5176.6938,0.4713147,4739.025622927516,0.4596672101879706
Viewpoint 1,5245,3193.381515,0.369882,3203.3203,0.3622152,3238.8132,0.3600885,3163.3609541127003,0.3723866021973963
Viewpoint 1,5246,2817.542651,0.347948,2836.385,0.3408038,2867.6804,0.3379622,2793.7983222484563,0.3510694552160396
Viewpoint 1,5247,5391.783841,0.506968,5490.7222,0.520892,6287.0342,0.5604544,5394.416426726115,0.5276648016417952
Viewpoint 1,5248,16395.391872,1.0,9693.0,1.0,9765.2334,0.8069721,4743.425909774413,0.5084028074458656
Viewpoint 1,5249,9579.606144,0.949379,10334.789,1.0,8583.1562,0.7666067,3125.488529922373,0.4126557582494357
Viewpoint 1,5250,426.099998,0.184012,483.2431,0.1873664,489.43701,0.1887299447544629,459.4383862411536,0.1869690332723557
Viewpoint 1,5261,0.0,0.159,0.0,0.159,0.0,0.0,1.604264921584029e-05,0.1600000009417035
Viewpoint 1,5262,375.164048,0.181022,378.08099,0.1811934,382.55096,0.1824556737367392,376.4241009373381,0.1820960947250217
Viewpoint 1,5263,963.575462,0.220591,971.23328,0.2164232,982.61743,0.2176796006809383,959.3146820192484,0.2164207296513552
Viewpoint 1,5264,1607.961748,0.277601,1618.8888,0.262316,1637.7775,0.2604058,1598.9723813895575,0.277419720691806
Viewpoint 1,5265,2240.947127,0.312988,2255.1746,0.3031084,2281.3274,0.3006306,2230.504113784846,0.3160921644156192
Viewpoint 1,5266,2784.760875,0.345252,2800.3921,0.3369773,2832.5054,0.3341404,2807.157029723003,0.3502685934160555
Viewpoint 1,5267,3165.85611,0.367847,3170.2383,0.359989,3206.0371,0.3578565,3156.585037144459,0.3711708031134694
Viewpoint 1,5268,3295.523116,0.375565,3296.0439,0.3675262,3332.7969,0.3654461,3282.3933022092588,0.3788386277832191
Viewpoint 1,5269,3162.434306,0.368095,3177.1157,0.3606627,3212.3323,0.3585244,3137.176538691109,0.3708279831795667
Viewpoint 1,5270,2813.357192,0.347593,2823.3223,0.3400282,2854.4724,0.3371814,2780.7623062658654,0.3502865760812004
Viewpoint 1,5271,2242.638246,0.318326,2258.6616,0.3039626,2283.4963,0.3014098,2234.0483555542905,0.3184428468383071
Viewpoint 1,5272,1565.86011,0.278729,1581.5052,0.2637786,1598.908,0.2581123,1545.0621747371708,0.2778232079074271
Viewpoint 1,5273,877.303746,0.222135,887.48297,0.2110952,897.38873,0.2126767051446338,870.0782129293924,0.213996753182632
Viewpoint 1,5274,279.124958,0.175385,298.42877,0.1765178,301.89243,0.1777209928968774,287.278694433959,0.1768632593632734
Viewpoint 1,5285,0.0,0.159,0.0,0.159,0.0,0.0,1.603952308976035e-05,0.16000000094152
Viewpoint 1,5286,254.135206,0.173918,255.9604,0.1740249,258.987,0.1752024524492714,255.1469865135146,0.1749771281083433
Viewpoint 1,5287,653.242075,0.197345,658.26428,0.1976401,665.94666,0.1990910445716546,650.9379059198056,0.1982100550774926
Viewpoint 1,5288,1111.32739,0.236578,1119.8304,0.2255605,1132.8143,0.2279293,1106.6235335505887,0.2381220288999311
Viewpoint 1,5289,1557.136533,0.274797,1566.0387,0.2591995,1584.1155,0.257138,1548.3221807302784,0.2747721770611577
Viewpoint 1,5290,1909.833628,0.296383,1923.1559,0.2835305,1945.2405,0.2786026,1925.761344668012,0.298054290667564
Viewpoint 1,5291,2160.884977,0.311481,2173.1321,0.2983579,2197.9326,0.2958081,2159.379927961372,0.3121247902539477
Viewpoint 1,5292,2225.771377,0.312265,2236.3232,0.3021254,2261.7422,0.299601,2222.2837982967435,0.3159606275653506
Viewpoint 1,5293,2126.209576,0.309659,2139.1743,0.2964185,2163.4888,0.2938582,2109.371024303749,0.3095939280153444
Viewpoint 1,5294,1858.53451,0.293903,1874.8895,0.2806184,1896.225,0.2757698,1846.039516297417,0.2939487944128879
Viewpoint 1,5295,1471.67082,0.27034,1484.8436,0.2544234,1501.7576,0.2523431,1468.7415840683625,0.2699594803316285
Viewpoint 1,5296,1020.911443,0.230525,1031.4523,0.219938,1043.212,0.2212365,1009.4461580874143,0.2294067135027823
Viewpoint 1,5297,574.383181,0.192716,578.50098,0.192958,585.1142,0.1943461537645107,567.8217448758487,0.1933311364242123
Viewpoint 1,5298,174.900845,0.169267,178.67754,0.1694884,180.71651,0.1706077704753469,174.01029938092827,0.1702144045736605
Viewpoint 1,5309,0.0,0.159,0.0,0.159,0.0,0.0,1.603646658854999e-05,0.1600000009413406
Viewpoint 1,5310,81.32721,0.163774,81.80574,0.163802,82.776062,0.1648588325527786,81.68136288162259,0.1647946960011512
Viewpoint 1,5311,227.102394,0.172331,228.72987,0.1724264,231.39493,0.1735828716152451,226.49943805160964,0.1732955170136295
Viewpoint 1,5312,390.720819,0.181935,393.29495,0.1820864,397.84018,0.1833532171300093,388.9417024186734,0.1828308779319761
Viewpoint 1,5313,551.408717,0.191368,555.93018,0.1916331,562.34515,0.1930095998235293,549.6779417834742,0.1922660951826899
Viewpoint 1,5314,678.899314,0.198851,683.21979,0.199105,691.11328,0.2005682853592717,684.1050638536543,0.2001569672482095
Viewpoint 1,5315,772.248689,0.204331,775.55792,0.2045252,784.52155,0.2060513748224912,770.3537037556574,0.205219762410457
Viewpoint 1,5316,787.284623,0.205214,790.32434,0.205392,799.46387,0.2069285524967362,785.0158264281632,0.2060804290113332
Viewpoint 1,5317,752.287178,0.203159,755.75092,0.2033626,764.52881,0.2048778202090528,745.0201643699595,0.2037326836485166
Viewpoint 1,5318,650.441329,0.197181,654.6983,0.1974308,662.35944,0.1988804550330177,644.7580010972451,0.1978472946644082
Viewpoint 1,5319,502.587585,0.188502,505.74692,0.1886873,511.70782,0.1900372217520796,500.5348736416181,0.1893813970827629
Viewpoint 1,5320,356.317892,0.179916,358.21973,0.1800275,362.45047,0.1812758189539621,351.3021173643046,0.1806214342892846
Viewpoint 1,5321,198.669298,0.170662,199.62343,0.1707179,201.96902,0.1718554191650784,196.6388549135741,0.1715427007834268
Viewpoint 1,5322,60.642985,0.16256,59.438118,0.162489,60.126312,0.1635293860449018,58.668883611829536,0.1634438634680144
Viewpoint 1,5333,0.0,0.159,0.0,0.159,0.0,0.0,1.603348255655698e-05,0.1600000009411654
Viewpoint 1,5334,111.332751,0.165535,111.98501,0.1655735,113.31207,0.1666513320197317,111.79141080377592,0.1665621558141816
Viewpoint 1,5335,316.065909,0.177553,318.60413,0.1777021,322.31577,0.1789199359477793,315.42284864011583,0.1785153212151748
Viewpoint 1,5336,539.601391,0.190675,543.21393,0.1908867,549.49207,0.1922551615859807,537.132014756297,0.1915296492661946
Viewpoint 1,5337,760.226474,0.203625,765.54474,0.2039375,774.37476,0.2054557951778033,756.8924747492961,0.2044295882677836
Viewpoint 1,5338,931.704734,0.217418,937.2937,0.2140191,948.10602,0.2156538015444076,938.4118287984124,0.2150847743504668
Viewpoint 1,5339,1035.979048,0.229594,1043.6687,0.220666,1055.7046,0.2223681,1036.527302864245,0.2305899136283526
Viewpoint 1,5340,1081.803341,0.233791,1087.6854,0.2236408,1100.2311,0.225088,1080.2294571795817,0.2357046093485328
Viewpoint 1,5341,1015.448184,0.227887,1023.1934,0.2194631,1035.0424,0.2208175,1008.568161839538,0.2243076978147654
Viewpoint 1,5342,885.84135,0.211292,891.78741,0.2113479,902.18079,0.2129580045917745,878.1524385983257,0.2115475481457217
Viewpoint 1,5343,692.935903,0.199675,697.42938,0.1999391,705.6062,0.2014190860672979,690.1315819041047,0.2005107238577709
Viewpoint 1,5344,472.098018,0.186712,475.15494,0.1868916,480.73865,0.1882192934634875,465.8095469889643,0.1873430204082522
Viewpoint 1,5345,255.461585,0.173996,257.38739,0.1741086,260.40082,0.1752854224693001,253.39588609868423,0.1748743385139927
Viewpoint 1,5346,75.083373,0.163407,73.598747,0.1633202,74.448456,0.1643699478711091,72.51311332414284,0.1642565197521271
Viewpoint 1,5357,0.0,0.159,0.0,0.159,0.0,0.0,1.6030573843634537e-05,0.1600000009409946
Viewpoint 1,5358,745.434549,0.204495,783.16956,0.2056855,791.05524,0.2064348640823786,741.2171868480806,0.2035094488679823
Viewpoint 1,5359,1755.066874,0.289229,1848.6869,0.2769765,1866.2314,0.2737552,1737.0984922979976,0.2884589416065075
Viewpoint 1,5360,2689.251302,0.339705,2757.1309,0.3323772,2808.1545,0.3308543,2653.803428575696,0.3406466279045258
Viewpoint 1,5361,3594.567186,0.39063,3646.4043,0.3844574,3716.7949,0.3844099,3507.099038964216,0.3887843485880959
Viewpoint 1,5362,4517.916553,0.442517,4475.2134,0.4334569,4564.0513,0.4341924,4397.032237390913,0.4391766079317126
Viewpoint 1,5363,3356.744391,0.379074,3360.8884,0.371231,3398.7634,0.369198,3347.8312454228494,0.3824026830579626
Viewpoint 1,5364,3504.325301,0.387773,3509.1445,0.3801092,3548.0608,0.3781353,3495.937794124168,0.391417088383201
Viewpoint 1,5365,3375.160879,0.380494,3389.3259,0.37323,3426.6057,0.3711928,3347.135653147399,0.3832689623381269
Viewpoint 1,5366,2990.124453,0.358325,3005.123,0.3508645,3037.9724,0.3486259,2959.20849911121,0.361007883581845
Viewpoint 1,5367,2386.991184,0.327223,2403.6226,0.3144136,2429.7593,0.3113219,2376.77115568303,0.3272650761771233
Viewpoint 1,5368,21070.644731,1.0,18142.363,1.0,12751.938,0.9842777,6155.649108119794,0.5927681349327544
Viewpoint 1,5369,931.195434,0.227244,942.37286,0.2143173,952.79315,0.2159289013818513,920.937653446224,0.2279334300390674
Viewpoint 1,5370,264.565374,0.17453,295.13342,0.1763243,298.6348,0.1775298128247245,280.4942685855144,0.1764650135659697
Viewpoint 1,5381,0.0,0.159,0.0,0.159,0.0,0.0,1.6027743313493775e-05,0.1600000009408285
Viewpoint 1,5382,623.270763,0.195613,654.94427,0.1974452,661.86835,0.1988516708995899,629.531511646671,0.1969534997336596
Viewpoint 1,5383,1665.255795,0.283255,1849.7378,0.2761652,1857.6914,0.2718761,1683.0487186052849,0.2848053656854715
Viewpoint 1,5384,2441.772722,0.323491,2513.3865,0.3176619,2578.4407,0.3140277,2406.411077194005,0.3257624354748015
Viewpoint 1,5385,3951.723229,0.41276,3947.9722,0.4048881,3996.0027,0.4033469,3912.878616935393,0.4139655721952611
Viewpoint 1,5386,5017.504422,0.475237,4973.1519,0.4660912,5031.8364,0.4651598,5024.722929325318,0.4793674132049789
Viewpoint 1,5387,5892.741595,0.526347,5792.3105,0.5146646,5856.1055,0.514041,5853.947688117113,0.5285967254409588
Viewpoint 1,5388,5996.6967,0.544463,6023.2969,0.579276,7078.8896,0.5846795,5364.71076603183,0.4945558731573494
Viewpoint 1,5389,9317.419698,0.755875,8967.3789,0.7901681,9904.5771,0.7499925,5986.2862500611,0.5333724000311488
Viewpoint 1,5390,9865.977355,0.802179,9997.0547,0.8197445,10535.591,0.7983904,6001.437226842426,0.5433595038274177
Viewpoint 1,5391,6265.977192,0.554059,6554.3447,0.6439568,9929.585,0.7966316,6186.159541349998,0.570747158648142
Viewpoint 1,5392,3558.622013,0.397621,3610.4058,0.3929268,3644.3604,0.3922899,3485.386370464256,0.4047357620088401
Viewpoint 1,5393,6765.773627,0.762221,4091.96,0.6031517,13724.554,1.0,3407.861323812364,0.4280010511288009
Viewpoint 1,5394,557.145603,0.202398,748.05902,0.2029111,762.46204,0.221173336369444,750.1057657744744,0.2632524188907251
Viewpoint 1,5405,0.0,0.159,0.0,0.159,0.0,0.0,1.602499382911981e-05,0.1600000009406671
Viewpoint 1,5406,646.900556,0.19918,695.10181,0.1998025,701.90363,0.2012017306638873,657.3508275117294,0.1985864935749385
Viewpoint 1,5407,1775.041758,0.284561,1798.1954,0.272743,1819.8115,0.2709252,1766.6007064858131,0.2867564436104499
Viewpoint 1,5408,2958.16694,0.354277,2979.7161,0.3467422,3016.2522,0.3441772,2932.445833250863,0.3559835786797443
Viewpoint 1,5409,3408.662512,0.37734,3551.1528,0.3771906,3628.4084,0.3763784,3206.488531157049,0.3724232704458635
Viewpoint 1,5410,4011.042994,0.410777,3879.8445,0.3936293,4030.3579,0.397929,3465.130652469653,0.3812478389744613
Viewpoint 1,5411,4358.380168,0.42868,4628.4448,0.4368039,4752.439,0.4404843,3938.755721410756,0.4082222958408239
Viewpoint 1,5412,6211.33944,0.573704,5935.4985,0.5908729,7340.2402,0.6019371,5127.503298235245,0.4803815231594931
Viewpoint 1,5413,8558.136157,0.722713,10410.357,0.8684893,8897.2754,0.6918603,5218.26566631548,0.4947432220561037
Viewpoint 1,5414,10043.320048,0.820495,10951.226,0.8707223,10284.126,0.78478,5592.674983075824,0.5191317840233098
Viewpoint 1,5415,5350.503979,0.500821,5440.875,0.4996977,5490.5625,0.4984601,5366.352980562872,0.5121510593148625
Viewpoint 1,5416,49932.388176,1.0,42436.727,1.0,24518.02,1.0,5649.338126242682,0.6081679236488517
Viewpoint 1,5417,5677.295456,0.708732,3274.3142,0.5727909,12888.062,1.0,2586.695759056245,0.3794184593724866
Viewpoint 1,5418,174.808992,0.169261,185.52359,0.1698902,187.64275,0.1710143378243236,178.1707002973963,0.1704586201074571
Viewpoint 1,5429,0.0,0.159,0.0,0.159,0.0,0.0,1.6022328291205012e-05,0.1600000009405106
Viewpoint 1,5430,371.776286,0.180823,400.14343,0.1824884,404.02042,0.1837160044221323,376.8322579464308,0.1821200535414555
Viewpoint 1,5431,1052.711776,0.226997,1176.4261,0.2293388,1173.1613,0.2288646,1089.869654856813,0.2408028074380999
Viewpoint 1,5432,2124.793687,0.30908,2146.9922,0.2947448,2200.9753,0.2898637,2072.3544682851184,0.3107284035506935
Viewpoint 1,5433,2870.573766,0.342586,3085.8535,0.3480268,3124.9001,0.3439829,2635.8981382888715,0.3417338851713455
Viewpoint 1,5434,3826.740791,0.396743,3696.4802,0.3815168,3866.1667,0.3879574,3265.4234889571007,0.369408959190089
Viewpoint 1,5435,4121.556198,0.414545,4289.5664,0.4165381,4408.2559,0.4200761,3621.62537012827,0.3893572735343131
Viewpoint 1,5436,3751.166109,0.444663,3602.7068,0.4640689,4639.2656,0.4442838,3017.8791943862607,0.3536835680799097
Viewpoint 1,5437,8447.7638,0.722248,7945.3721,0.7446023,8573.7832,0.673911,4680.118496188839,0.4643276286864626
Viewpoint 1,5438,9134.375183,0.782307,9857.2051,0.7999962,9005.8115,0.7148352,3934.395277525743,0.4182887577870234
Viewpoint 1,5439,4244.017948,0.432978,4502.833,0.5724294,8834.3799,0.7470195,4011.359911794112,0.4368437316658418
Viewpoint 1,5440,44538.716951,1.0,53596.594,1.0,20887.99,1.0,3747.911708466617,0.5154731537302868
Viewpoint 1,5441,4676.867489,0.649432,2790.9722,0.3377943,12795.514,1.0,2123.7179001028526,0.3495001587777587
Viewpoint 1,5442,131.264895,0.166705,135.27423,0.1669406,136.81287,0.1680305644294382,130.9662217266303,0.1676877172153532
Viewpoint 1,5453,0.0,0.159,0.0,0.159,0.0,0.0,1.6019749631489377e-05,0.1600000009403593
Viewpoint 1,5454,894.045268,0.222051,945.72443,0.2152995,954.88831,0.2161891013156681,892.178653786784,0.2188829218703842
Viewpoint 1,5455,1417.704722,0.264824,1432.3878,0.2485483,1449.3955,0.2488893,1411.7272630281218,0.2640914462159504
Viewpoint 1,5456,3363.329337,0.377513,3445.165,0.371937,3490.2302,0.3704509,3268.022959179641,0.3759523904215363
Viewpoint 1,5457,3385.434551,0.37997,3399.1604,0.3728376,3439.6013,0.370928,3366.248037588374,0.3823588913095143
Viewpoint 1,5458,5950.297767,0.525226,5823.8018,0.511131,5963.2993,0.5151169,5577.237906845681,0.5066834826026545
Viewpoint 1,5459,6950.12303,0.584266,7087.3291,0.5856811,7207.9458,0.5886204,6603.652123621454,0.5668514404339335
Viewpoint 1,5460,5305.810856,0.493126,5272.5771,0.4846732,5328.1528,0.4836262,5287.728123580861,0.4965533755688184
Viewpoint 1,5461,5236.444324,0.489786,5230.2119,0.4827498,5283.873,0.4816096,5196.408804443012,0.4924055241597779
Viewpoint 1,5462,4751.676389,0.462428,4774.5151,0.4569491,4822.5703,0.4554969,4697.149480947194,0.4652665924602095
Viewpoint 1,5463,3875.264718,0.412631,3913.8318,0.4075163,3952.5168,0.4057882,3864.256185967428,0.4190378048302088
Viewpoint 1,5464,2753.953267,0.348351,2787.3337,0.3409171,2814.9214,0.3399933,2702.4369143499885,0.3537481752887393
Viewpoint 1,5465,5646.552758,0.655402,4706.9492,0.4623385,12668.088,1.0,4028.162998453079,0.4575747225750246
Viewpoint 1,5466,388.413031,0.1818,540.75635,0.1907424,550.52509,0.1923157862157347,492.928016244588,0.2300063244433233
Viewpoint 1,5477,0.0,0.159,0.0,0.159,0.0,0.0,1.6017260793927567e-05,0.1600000009402132
Viewpoint 1,5478,368.241807,0.180616,397.48798,0.1823325,401.25165,0.1835534140299503,374.0716187152745,0.1819580040185866
Viewpoint 1,5479,983.809832,0.222067,1131.3718,0.226622,1159.316,0.2280519,1006.6541953216972,0.2315138921413223
Viewpoint 1,5480,2015.070209,0.302485,2041.8267,0.2887849,2067.6655,0.2817523,1915.353993033034,0.3010773207349478
Viewpoint 1,5481,2699.183532,0.332699,2912.8896,0.3378584,2947.7893,0.3335915,2452.7539215636702,0.3304140303100517
Viewpoint 1,5482,3597.143792,0.381709,3538.2278,0.3720974,3705.3779,0.3783371,3070.8839116220493,0.3578332885944525
Viewpoint 1,5483,4083.713632,0.418472,4221.6763,0.4122975,4333.6694,0.4156082,3498.2118823403785,0.3819083819786676
Viewpoint 1,5484,5388.534927,0.560281,4792.96,0.5531014,6641.125,0.5666474,3856.172948507175,0.4037654466321565
Viewpoint 1,5485,9072.684727,0.763063,8998.6094,0.8006049,8920.9131,0.6956633,4526.476122453307,0.4556578214386941
Viewpoint 1,5486,9449.668295,0.805552,10364.744,0.8298945,9289.3037,0.7339671,3766.486286029024,0.4078444470962117
Viewpoint 1,5487,4145.617536,0.425986,4216.1616,0.5672647,8647.9482,0.7378674,3777.3894135609617,0.4225545812944941
Viewpoint 1,5488,53876.880363,1.0,84044.188,1.0,23907.303,1.0,4086.208385688101,0.5392566730124143
Viewpoint 1,5489,3589.878216,0.575929,2628.1423,0.3270363,11921.164,0.9826423,1978.027029536688,0.3404757702141446
Viewpoint 1,5490,117.226457,0.165881,120.67962,0.1660839,122.05045,0.1671640495145327,116.51697479855824,0.1668395464206753
Viewpoint 1,5501,0.0,0.159,0.0,0.159,0.0,0.0,1.6014864748099512e-05,0.1600000009400725
Viewpoint 1,5502,1331.869695,0.264873,1394.6576,0.2459347,1407.4545,0.2461804,1332.344822094605,0.2625325039192748
Viewpoint 1,5503,1515.373157,0.27105,1526.7203,0.2567578,1544.9163,0.2546656,1503.6600494588554,0.2700383998657523
Viewpoint 1,5504,2572.959623,0.33181,2593.0815,0.3232832,2624.3164,0.3204727,2556.502852199971,0.3340989776817507
Viewpoint 1,5505,3658.456932,0.39573,3659.668,0.3880422,3703.6987,0.3863074,3625.136302866964,0.3972792861205645
Viewpoint 1,5506,4649.742223,0.453991,4623.6318,0.4456613,4677.812,0.4444954,4659.523858443256,0.4581799523055556
Viewpoint 1,5507,5434.627096,0.4998,5358.3149,0.489233,5417.4487,0.4883572,5388.475026608818,0.5014977616374093
Viewpoint 1,5508,5838.883922,0.523917,5780.6934,0.5144854,5840.4712,0.5136746,5809.115508450976,0.5269489737814647
Viewpoint 1,5509,5808.926903,0.52321,5794.2583,0.5159902,5852.1558,0.5150834,5758.214167429133,0.5254420276050139
Viewpoint 1,5510,5301.4669,0.495179,5342.9927,0.4907362,5395.1299,0.4894823,5288.571140019772,0.5004585649252019
Viewpoint 1,5511,4358.841229,0.441524,4405.0215,0.4371737,4446.9966,0.4356166,4344.483862831662,0.4487748832359224
Viewpoint 1,5512,52737.541372,1.0,94551.227,1.0,26906.5,1.0,9681.734319617157,0.8141545270028165
Viewpoint 1,5513,7454.528849,0.733719,6719.4521,0.5858362,13570.176,1.0,5917.8754750001945,0.573992971847694
Viewpoint 1,5514,411.833699,0.183175,570.23651,0.1924729,580.66583,0.1940849935485845,586.6019770473677,0.2527807025544243
Viewpoint 1,5525,0.0,0.159,0.0,0.159,0.0,0.0,1.6012564472949548e-05,0.1600000009399375
Viewpoint 1,5526,599.95707,0.194918,660.34857,0.1977625,659.99847,0.1987418330305241,609.2750830493877,0.195764447374999
Viewpoint 1,5527,1690.83956,0.279466,1708.2083,0.2674492,1728.7103,0.2655824,1679.5904306611355,0.2813829408527274
Viewpoint 1,5528,2587.632071,0.333199,2675.8086,0.3273346,2737.2888,0.3233536,2486.7067322801813,0.3327496785500229
Viewpoint 1,5529,2892.838593,0.344979,3140.0837,0.3511478,3183.1377,0.3482565,2654.4075667719103,0.3408061628530019
Viewpoint 1,5530,4502.885379,0.437728,4405.5273,0.4258963,4572.96,0.431504,3992.020478334626,0.4138495873245744
Viewpoint 1,5531,4387.486768,0.43086,4605.6489,0.4354779,4702.7949,0.4376686,3848.490963046839,0.4029916924992783
Viewpoint 1,5532,6250.989077,0.614517,5435.8135,0.5834981,7398.3691,0.6103494,4431.036278001157,0.4380380415289706
Viewpoint 1,5533,10354.194603,0.831504,12950.82,1.0,10240.306,0.7734956,5305.881746602954,0.4996189601335005
Viewpoint 1,5534,10567.553898,0.863921,11292.822,0.8822653,10677.683,0.8146644,23145.131036620045,1.0
Viewpoint 1,5535,6066.360475,0.541176,6474.7979,0.665068,10809.857,0.8534903,5877.5055025974825,0.5507358666238652
Viewpoint 1,5536,3790.053878,0.412187,3839.6062,0.4073445,3874.2871,0.4071693,3726.274666865726,0.4207320554520435
Viewpoint 1,5537,4239.227822,0.576248,3864.0715,0.4084275,11210.029,0.932614,2939.3036348354312,0.4005307300739736
Viewpoint 1,5538,496.516156,0.189894,658.61346,0.1976606,670.54236,0.199360716109378,677.3033794243637,0.2598230358055266
Viewpoint 1,5549,0.0,0.159,0.0,0.159,0.0,0.0,1.6010362898241846e-05,0.1600000009398083
Viewpoint 1,5550,562.806732,0.192052,624.48773,0.1956574,622.65253,0.1965496729072839,573.5471092185579,0.1936672153111293
Viewpoint 1,5551,1459.350384,0.270346,1635.1692,0.2610215,1663.0648,0.2602804,1424.7170459143133,0.2679401305004402
Viewpoint 1,5552,3010.760307,0.357474,3033.0408,0.3498003,3070.5447,0.3472958,2981.509139771283,0.3587013470705088
Viewpoint 1,5553,4264.890969,0.430827,4267.0117,0.4233726,4320.27,0.4225121,4227.502731826428,0.4318917076738641
Viewpoint 1,5554,4514.925213,0.438531,4480.0889,0.4299377,4694.3467,0.4382741,4003.475177999555,0.4143485369095744
Viewpoint 1,5555,4394.455416,0.43091,4657.1929,0.4380491,4752.1572,0.4403469,3878.022764103867,0.40416027927135
Viewpoint 1,5556,7033.526816,0.651934,9291.666,0.7727315,8167.2686,0.6538901,5216.916164541002,0.4852733986855423
Viewpoint 1,5557,10193.590083,0.824648,13886.222,1.0,10315.942,0.7787386,5110.374705477046,0.4884686618760971
Viewpoint 1,5558,11587.860225,0.916258,11013.418,0.8676338,11678.862,0.872081,23577.605815797204,1.0
Viewpoint 1,5559,4901.551501,0.469563,5086.5854,0.6063513,9604.8691,0.7890103,4468.738370817935,0.4651975535576855
Viewpoint 1,5560,51135.730233,1.0,26339.371,1.0,23700.701,1.0,4403.327289024591,0.4780455055792622
Viewpoint 1,5561,3922.435176,0.547574,3427.719,0.3902376,10639.962,0.8986278,2731.9580897270207,0.388306749152804
Viewpoint 1,5573,0.0,0.159,0.0,0.159,0.0,0.0,1.600826278988205e-05,0.160000000939685
Viewpoint 1,5574,1299.818779,0.26178,1379.2015,0.2447555,1382.7667,0.2445141,1297.3205470097537,0.2584973725215361
Viewpoint 1,5575,1455.571167,0.267334,1472.2269,0.2509062,1489.7545,0.2512581,1450.5712055138229,0.2668458669688943
Viewpoint 1,5576,2508.278641,0.328069,2525.2295,0.3192959,2555.6035,0.3164474,2488.3347482244712,0.3301144705158015
Viewpoint 1,5577,3568.394422,0.390676,3578.0659,0.3832568,3621.0359,0.3814739,3543.5641358900634,0.3925131033296656
Viewpoint 1,5578,7990.038,0.64905,7842.0508,0.6308118,8102.5439,0.6413466,7453.131817853754,0.6186014443739771
Viewpoint 1,5579,5304.58793,0.492462,5252.8159,0.4830288,5310.8076,0.482094,5274.502267847336,0.4948161768115811
Viewpoint 1,5580,5719.415897,0.516926,5657.1821,0.507212,5715.7632,0.5063396,5652.164418018047,0.5177700804571843
Viewpoint 1,5581,5666.349875,0.515038,5658.9146,0.5080032,5715.5024,0.5070324,5616.808591047958,0.5170653915920177
Viewpoint 1,5582,5153.191183,0.486369,5202.6562,0.48241,5253.3838,0.4810926,5145.40972474743,0.4918563574757498
Viewpoint 1,5583,4217.991141,0.433234,4274.9565,0.4293811,4315.5981,0.4277596,4212.92852727936,0.4406804461414262
Viewpoint 1,5584,2994.261871,0.372569,3033.2585,0.357535,3062.2537,0.3563918,2957.5665349572564,0.3706347112679516
Viewpoint 1,5585,1637.654604,0.295566,1671.5087,0.2718506,1688.8104,0.2733255,1609.3669798589733,0.293454491634151
Viewpoint 1,5597,0.0,0.159,0.0,0.159,0.0,0.0,1.600626671417125e-05,0.1600000009395678
Viewpoint 1,5598,517.057688,0.189351,558.05511,0.1917578,558.49139,0.1927833861350359,524.461656629062,0.1907858992441259
Viewpoint 1,5599,1434.961213,0.268948,1589.7926,0.2583673,1614.6914,0.2574798,1379.020842459165,0.2651099159195569
Viewpoint 1,5600,2517.336018,0.330408,2630.3379,0.3235987,2671.467,0.3193662,2266.7956187289547,0.3164234138388822
Viewpoint 1,5601,3400.826951,0.376694,3583.2488,0.3785152,3621.4634,0.3760589,3160.292787066632,0.3675546946115763
Viewpoint 1,5602,4433.297598,0.433448,4356.9302,0.4227934,4577.6729,0.4315335,3882.5807917745583,0.4074189308715513
Viewpoint 1,5603,5019.682197,0.469074,5204.917,0.4721544,5280.2686,0.4728955,4449.487801126984,0.4396624439492871
Viewpoint 1,5604,6984.071806,0.633975,6261.2178,0.5995758,7729.0308,0.6252472,5772.035459987759,0.5213047406764765
Viewpoint 1,5605,10923.551006,0.870282,11112.08,0.9051412,11308.826,0.8363607,6047.146784800723,0.5413417876644774
Viewpoint 1,5606,11014.183737,0.874835,12294.508,0.9250389,11227.213,0.8430189,19959.85206287309,1.0
Viewpoint 1,5607,4742.716253,0.464624,4810.7891,0.461787,4854.7393,0.4602694,4734.798938629292,0.4730063964641373
Viewpoint 1,5608,3413.036175,0.389151,3461.3833,0.3840601,3493.2173,0.3834817,3362.793270463921,0.3971909817538461
Viewpoint 1,5609,3761.418085,0.505763,3567.0935,0.3976243,9228.6611,0.8089329,2895.359327558688,0.3960883213747308
Viewpoint 1,5621,0.0,0.159,0.0,0.159,0.0,0.0,1.6004376932835325e-05,0.1600000009394569
Viewpoint 1,5622,637.662287,0.196558,686.99622,0.1993267,688.37439,0.2004075313370971,634.1937310577888,0.1972271720130922
Viewpoint 1,5623,1760.607669,0.290376,1879.9309,0.2783104,1902.3445,0.2751391,1701.5530194536066,0.2856941369172391
Viewpoint 1,5624,2162.179726,0.307958,2175.5767,0.2981657,2201.4043,0.293819,2145.6742339002167,0.3101774301158185
Viewpoint 1,5625,3778.629635,0.399024,3877.7996,0.3960737,3931.6416,0.3948449,3582.074398249741,0.391563890483769
Viewpoint 1,5626,4875.955124,0.460832,4782.4307,0.4496678,4938.144,0.4542041,4551.261200498627,0.4455946434168644
Viewpoint 1,5627,5801.375683,0.516328,5869.0796,0.5135437,5944.1597,0.514114,5464.333249406558,0.4987422672174957
Viewpoint 1,5628,7647.201426,0.651785,7090.2305,0.6202548,8106.2178,0.6448874,6710.079393607875,0.5747811633015945
Viewpoint 1,5629,4743.032042,0.460892,4745.3784,0.4541273,4794.6001,0.4527641,4703.2980276330645,0.4632404861747816
Viewpoint 1,5630,4265.783246,0.433914,4292.0244,0.4282277,4335.6567,0.4266379,4246.103028997487,0.4380043396111834
Viewpoint 1,5631,3439.10224,0.386552,3473.5073,0.3810853,3508.1714,0.3791625,3425.355668170329,0.392059837040123
Viewpoint 1,5632,2398.824644,0.334032,2428.5444,0.3190815,2452.8604,0.3168228,2375.757610090779,0.3328460226073109
Viewpoint 1,5633,3999.683262,0.518578,4092.7517,0.4274591,8686.2559,0.7746518,3412.6280621680803,0.4212541591376629
Viewpoint 1,5645,0.0,0.159,0.0,0.159,0.0,0.0,1.6002595324192697e-05,0.1600000009393523
Viewpoint 1,5646,606.189119,0.194663,655.26508,0.1974641,655.86426,0.1984991805771234,598.0972478986206,0.195108308451649
Viewpoint 1,5647,1718.138879,0.288136,1829.2648,0.2742375,1850.9377,0.2720319,1727.1879694594209,0.286535129853822
Viewpoint 1,5648,2787.830745,0.344304,2859.885,0.3377531,2914.6655,0.3358681,2600.8108202340272,0.335839744465623
Viewpoint 1,5649,3742.847499,0.396668,3856.0784,0.3948443,3891.1125,0.3923191,3516.53674368182,0.3876815354044287
Viewpoint 1,5650,4828.571653,0.458052,4738.3774,0.4468467,4907.563,0.4522145,4476.681568599379,0.4409857401821713
Viewpoint 1,5651,4712.78784,0.458209,4689.9116,0.4500306,4741.9517,0.4487783,4691.328903381142,0.460867394196812
Viewpoint 1,5652,5025.034601,0.476698,5005.0869,0.4689,5057.9766,0.4677184,4983.234990497976,0.4786584104267907
Viewpoint 1,5653,10484.041429,0.818522,13523.531,0.9999809,10850.221,0.8070408,7583.6926910053635,0.6296327346629963
Viewpoint 1,5654,4472.420858,0.446029,4500.1816,0.440679,4545.3452,0.4390961,4449.935940477395,0.4502048338944522
Viewpoint 1,5655,7501.388935,0.627223,7639.1313,0.6990346,10275.033,0.8057147,7366.026635373172,0.6413023755582029
Viewpoint 1,5656,40359.210877,1.0,47512.18,1.0,19715.592,1.0,5780.756978791335,0.5596389891346208
Viewpoint 1,5657,1355.500994,0.275111,1383.6792,0.2497463,1398.0686,0.2519669,1360.8718475843912,0.2745793378785787
Viewpoint 1,5669,0.0,0.159,0.0,0.159,0.0,0.0,1.6000923326544748e-05,0.1600000009392542
Viewpoint 1,5670,49.965085,0.161933,50.162239,0.1619445,50.756359,0.1629792915967339,49.50705456683444,0.1629060641030731
Viewpoint 1,5671,165.040284,0.168688,166.06076,0.1687478,167.99127,0.1698609074771499,165.6139201132342,0.1697215371106468
Viewpoint 1,5672,297.301879,0.176452,299.50854,0.1765811,302.96313,0.177783938882842,296.06751449277544,0.1773791631007259
Viewpoint 1,5673,428.014921,0.184124,431.56796,0.184333,436.54388,0.18562511543551,426.8213484530287,0.1850544131541928
Viewpoint 1,5674,525.322785,0.189836,528.94312,0.190049,535.05658,0.1914077785809133,529.6581975689403,0.1910909361972968
Viewpoint 1,5675,588.215781,0.193528,592.00293,0.1937506,598.85681,0.1951529039978077,587.9150050592049,0.1945106107969753
Viewpoint 1,5676,618.647438,0.195315,621.78979,0.1954991,629.00037,0.196922287809168,615.4293762401601,0.1961257043852974
Viewpoint 1,5677,580.979343,0.193103,586.11334,0.1934049,592.94806,0.1948060214524385,579.8486146545528,0.1940371136802222
Viewpoint 1,5678,496.674338,0.188155,499.98209,0.1883489,505.86484,0.1896942639824199,495.4772379688876,0.1890845138687737
Viewpoint 1,5679,379.389255,0.18127,382.02762,0.181425,386.56067,0.1826910736981068,378.296340427032,0.1822059951830668
Viewpoint 1,5680,250.085652,0.17368,251.16791,0.1737436,254.15715,0.1749189890980152,248.5150462634864,0.1745878332156666
Viewpoint 1,5681,137.964708,0.167099,138.44341,0.1671266,140.07922,0.1682224506352763,138.3200109820426,0.1681193846446459
Viewpoint 1,5694,573.65931,0.19287,649.63098,0.1971333,643.46692,0.1977714204967957,578.6161903489774,0.1939647703734849
Viewpoint 1,5695,2220.682606,0.315164,2378.7695,0.3074747,2413.5608,0.3039991,2227.150625838927,0.3150126614970493
Viewpoint 1,5696,2809.911474,0.345421,2887.2507,0.3393448,2960.0544,0.3376666,2515.424410255255,0.3307586815494358
Viewpoint 1,5697,3788.88218,0.399095,4043.3481,0.4063929,4051.668,0.4010114,3449.95293007744,0.3858966149434938
Viewpoint 1,5698,5496.126135,0.502371,5419.0762,0.4918807,5484.9868,0.4913644,5473.039505201908,0.5048238823186538
Viewpoint 1,5699,5564.462405,0.501963,5982.6514,0.5179889,6051.5947,0.5185789,4978.925302322028,0.4704824892289843
Viewpoint 1,5700,7234.270046,0.60474,7122.0547,0.5929591,7191.1211,0.5927138,7135.981792778309,0.6039742205867197
Viewpoint 1,5701,7405.094677,0.616067,7386.0879,0.6095948,7453.5132,0.6092565,7310.328347811281,0.6163826731656633
Viewpoint 1,5702,6904.17022,0.589408,6984.1128,0.588154,7045.4023,0.5873269,6865.28487279967,0.5945252183373454
Viewpoint 1,5703,6969.656458,0.592284,7102.9146,0.7024601,11540.481,0.8924253,6326.359311673236,0.5770984581593439
Viewpoint 1,5704,4197.217548,0.437588,4260.0269,0.4337173,4296.2021,0.4344417,4099.993046063305,0.4457990238270926
Viewpoint 1,5705,3215.589939,0.443269,3344.1243,0.3794581,7141.1694,0.6773237,2707.646310046941,0.3837513572836349
Viewpoint 1,5718,571.291494,0.192734,647.37738,0.1970011,641.21887,0.197639536553202,576.3826715228921,0.1938336628183937
Viewpoint 1,5719,1664.068552,0.277869,1684.1942,0.2660359,1704.4508,0.2641508,1666.5373959937726,0.2804613469556331
Viewpoint 1,5720,2904.983629,0.35114,2926.2427,0.3435187,2962.405,0.3409576,2877.6128274392,0.3525551708050286
Viewpoint 1,5721,4150.728382,0.424206,4163.1377,0.4172648,4215.0259,0.4159541,4121.994840181435,0.4256604562881256
Viewpoint 1,5722,4939.818236,0.463938,4816.1045,0.4500554,5092.4707,0.4617965,4274.29296188601,0.4300152638496373
Viewpoint 1,5723,6424.026578,0.557002,6317.0322,0.5451071,6386.1719,0.5448127,6372.741989406922,0.5581918506849
Viewpoint 1,5724,7084.788716,0.5961,6988.481,0.5851371,7056.5322,0.5848334,6993.389553424801,0.5956673815852035
Viewpoint 1,5725,12336.357906,0.946413,14494.906,1.0,13064.971,0.9404522,6838.50642559986,0.58665153206561
Viewpoint 1,5726,15434.502458,1.0,16324.941,1.0,13783.783,1.0,24139.629692958875,1.0
Viewpoint 1,5727,6893.803975,0.590175,7034.0806,0.7015913,11505.651,0.8903402,6235.839595892156,0.5715167190532103
Viewpoint 1,5728,51809.788773,1.0,60766.16,1.0,23720.496,1.0,4806.766132986752,0.5017546507447491
Viewpoint 1,5729,3178.120886,0.454437,3286.0244,0.3760543,6703.0376,0.6482165,2668.4964458886384,0.3812421950395045
Viewpoint 1,5742,593.336881,0.193919,643.58105,0.1967782,643.19037,0.1977552344429128,584.632526249718,0.1943179292908584
Viewpoint 1,5743,1842.497428,0.295011,1940.2179,0.281704,1960.9266,0.2784683,1813.23014249579,0.2917947039478855
Viewpoint 1,5744,2955.101635,0.353818,3015.9236,0.3466729,3083.4817,0.3456694,2741.677039247893,0.3439510028866217
Viewpoint 1,5745,3182.250782,0.368118,3193.6228,0.3607354,3231.564,0.358698,3171.499967691449,0.3705612064817112
Viewpoint 1,5746,5315.773997,0.48611,5144.7637,0.4707411,5352.5981,0.4785898,4834.668442407156,0.4620942067485253
Viewpoint 1,5747,6375.508996,0.549673,6455.4438,0.5475825,6523.3682,0.5479187,5833.562921410842,0.5203725817403002
Viewpoint 1,5748,5057.465136,0.478652,5031.3262,0.4704145,5084.271,0.4692419,5003.565648658381,0.4797647074996307
Viewpoint 1,5749,11567.784017,0.881575,13917.059,1.0,12145.628,0.8836228,8220.97938329078,0.6670569632374314
Viewpoint 1,5750,4501.573525,0.447938,4529.8286,0.4424683,4574.791,0.440881,4473.427270741545,0.4515861774638277
Viewpoint 1,5751,3614.893074,0.397247,3655.1143,0.3921427,3690.575,0.3902616,3597.0674941943653,0.4027462533602777
Viewpoint 1,5752,2506.458407,0.341484,2538.2703,0.3259918,2563.0776,0.3239906,2475.2423622430533,0.3397096338740609
Viewpoint 1,5753,3734.983133,0.455969,3898.3059,0.4152674,6762.9839,0.6427646,3292.5926687231454,0.4166218186395799
Viewpoint 1,5766,95.357753,0.164598,95.704208,0.1646178,96.835167,0.1656841812879372,94.45915117336013,0.1655447521738762
Viewpoint 1,5767,358.205784,0.180027,359.90091,0.1801262,364.08371,0.1813717171479717,358.7717278066371,0.1810599004222496
Viewpoint 1,5768,649.782184,0.197142,656.63763,0.1975446,664.21741,0.1989894966486386,648.9262417666539,0.1980919703917026
Viewpoint 1,5769,929.634115,0.217167,936.96765,0.214,947.76385,0.2156337015569975,929.7765202384604,0.2145778817379976
Viewpoint 1,5770,1172.342693,0.245327,1181.7771,0.2312245,1195.3905,0.2318773,1183.1589147620102,0.2446662603544958
Viewpoint 1,5771,1325.019987,0.259363,1332.3812,0.2413239,1347.7142,0.2429374,1322.8525617679866,0.2587461257692515
Viewpoint 1,5772,1365.168074,0.262084,1375.5182,0.2443527,1391.3475,0.2455501,1361.017023696623,0.2617776306625664
Viewpoint 1,5773,1300.137255,0.257762,1309.6274,0.239991,1324.7444,0.2415875,1295.2500188299382,0.2565910815020212
Viewpoint 1,5774,1110.442704,0.237112,1119.1279,0.2255042,1132.1147,0.2278738,1108.6063362246769,0.2385674109921993
Viewpoint 1,5775,860.577122,0.209548,866.28503,0.2098509,876.38037,0.2114435084683823,857.2018872241894,0.2103177507800599
Viewpoint 1,5776,569.248922,0.192415,571.65558,0.1925562,578.32977,0.1939479282012568,564.7800299150314,0.1931525877560123
Viewpoint 1,5777,281.05083,0.175498,282.302,0.1755711,285.58398,0.1767637498385678,281.4761333456565,0.17652264902739
Viewpoint 1,5790,482.09595,0.187301,519.93274,0.18952,521.11182,0.1905892127709729,477.1314914425621,0.1880076185476784
Viewpoint 1,5791,1631.334073,0.283583,1710.843,0.2673442,1728.7507,0.2650335,1611.0075729314644,0.2800955971379167
Viewpoint 1,5792,1686.897594,0.282171,1695.6868,0.2668909,1715.568,0.265001,1673.7919823947566,0.2816680458039437
Viewpoint 1,5793,2434.196733,0.324225,2444.3984,0.3148474,2472.9233,0.3118745,2426.223859500248,0.3271234505951237
Viewpoint 1,5794,3082.099082,0.362719,3085.6433,0.3547688,3121.1958,0.3526187,3092.97118927066,0.3668629344788217
Viewpoint 1,5795,3542.312928,0.389817,3538.9189,0.3816651,3578.689,0.3797444,3522.623589120551,0.3924848399183496
Viewpoint 1,5796,7757.110913,0.646529,6946.8296,0.5969236,7784.6904,0.6252709,6558.379769752035,0.5658748977805587
Viewpoint 1,5797,9402.655111,0.744232,10686.867,0.8220168,9837.3203,0.7473516,7513.045922748487,0.6253798938449946
Viewpoint 1,5798,3187.673146,0.37018,3213.3291,0.3633509,3247.468,0.3612147,3177.341945444156,0.3739743086891695
Viewpoint 1,5799,7080.072409,0.60424,7192.7524,0.6446651,8710.1211,0.703827,6845.124387118861,0.6097332790173641
Viewpoint 1,5800,27340.032316,1.0,28595.178,1.0,13588.729,1.0,5541.296874642139,0.5460224750339288
Viewpoint 1,5801,876.572277,0.226245,891.17822,0.2113122,900.68793,0.2128703047573144,879.3384339441773,0.2288340096674647
Viewpoint 1,5814,489.968961,0.187785,530.27594,0.1901272,530.11505,0.1911177159580267,481.5278191234112,0.1882656829825442
Viewpoint 1,5815,1624.618031,0.283029,1709.7816,0.2671458,1726.9602,0.264761,1591.0532132175415,0.2783168174108572
Viewpoint 1,5816,2656.695249,0.336854,2755.4817,0.3312784,2815.5352,0.3301481,2490.9598389707435,0.3298425891758831
Viewpoint 1,5817,2859.09798,0.34911,2870.7478,0.3408178,2904.5701,0.3380989,2850.0299647741995,0.3518426215639693
Viewpoint 1,5818,4739.952157,0.452503,4559.1465,0.4360447,4762.0376,0.4438481,4323.255825257502,0.431973248823323
Viewpoint 1,5819,5616.351988,0.505174,5754.6646,0.5066518,5803.7231,0.5059379,5239.795083250593,0.485322909351
Viewpoint 1,5820,8025.147394,0.671515,6926.2651,0.6079082,8087.9741,0.6433262,6507.015669380177,0.5623495897462134
Viewpoint 1,5821,4403.628861,0.440892,4409.4126,0.4342846,4455.3096,0.4327606,4360.729660401276,0.4429255145771549
Viewpoint 1,5822,11692.861864,0.917585,11327.051,0.8865239,11155.964,0.8397194,14932.268063771942,1.0
Viewpoint 1,5823,3129.541207,0.368258,3161.4441,0.3615415,3193.0229,0.3594061,3111.8013209627966,0.3728677561380972
Viewpoint 1,5824,2130.553677,0.317159,2157.3284,0.3004308,2179.0164,0.3001859,2107.068517339904,0.3159606173737639
Viewpoint 1,5825,3425.541894,0.476754,3400.3015,0.3855699,5417.4229,0.5549998,2897.147652477653,0.3930915320953247
Viewpoint 1,5838,675.472432,0.201765,777.75012,0.2046539,764.73926,0.2048901196106121,681.0581154465239,0.2005013376548348
Viewpoint 1,5839,1645.897752,0.276549,1662.0262,0.2647311,1682.0414,0.2628311,1644.5885815977715,0.2790895488437018
Viewpoint 1,5840,3677.916056,0.395684,3808.4158,0.3937061,3920.8723,0.3933011,3160.708877282207,0.3664294318079307
Viewpoint 1,5841,4249.87683,0.429816,4254.6475,0.4225208,4308.3047,0.4213178,4223.356570283373,0.431072901089757
Viewpoint 1,5842,5533.009161,0.504595,5475.918,0.4951002,5543.1694,0.49467,5521.34662672101,0.507409367853943
Viewpoint 1,5843,6639.766761,0.569317,6532.998,0.5576227,6604.2427,0.5574629,6576.002488332133,0.5697430375305764
Viewpoint 1,5844,11556.951839,0.910448,8361.2559,0.7374744,12132.05,0.8838259,7477.47075163112,0.6214640671735867
Viewpoint 1,5845,7617.884178,0.628878,7640.7085,0.6245257,7708.1426,0.6242239,7523.760798978313,0.6286931496537809
Viewpoint 1,5846,18423.413821,1.0,18115.484,1.0,16946.834,1.0,25707.89721286223,1.0
Viewpoint 1,5847,5926.280123,0.535736,6044.562,0.5364773,6092.043,0.5351514,5893.230759629501,0.5447226381185267
Viewpoint 1,5848,4270.103949,0.442361,4353.1245,0.4398494,4388.8652,0.4410881,4157.383476043708,0.4501223566855621
Viewpoint 1,5849,3371.486963,0.466115,3442.408,0.3885349,5221.7017,0.5395616,2969.924511633417,0.3974397581946363
Viewpoint 1,5862,251.326073,0.173753,296.83728,0.1764244,290.21881,0.1770358041725858,253.33261301247973,0.1748706243838325
Viewpoint 1,5863,1252.399961,0.283011,1397.8492,0.2468033,1384.0164,0.2412418,1167.357957634855,0.2458818977941994
Viewpoint 1,5864,2226.652082,0.315274,2321.3911,0.306737,2410.1868,0.3018168,1772.5773909086,0.2817854699650303
Viewpoint 1,5865,3119.157191,0.358312,3351.7207,0.3673802,3356.9006,0.3578747,2933.5126780284563,0.3503640409030262
Viewpoint 1,5866,4592.258623,0.452382,4189.4556,0.4103741,4690.4946,0.4362865,3430.9143503699224,0.3792322687963723
Viewpoint 1,5867,4931.122368,0.471608,5569.7876,0.4904984,5548.2148,0.4869717,3910.19609509256,0.4063404849196199
Viewpoint 1,5868,9039.223349,0.781658,5632.0913,0.6098921,9721.7129,0.745596,4842.335129343507,0.4716274468532297
Viewpoint 1,5869,12757.182727,0.998171,19775.156,1.0,13597.153,0.9766007,5242.259949550409,0.4957063089741157
Viewpoint 1,5870,15192.943128,1.0,13708.983,1.0,13801.351,1.0,23046.267774183663,1.0
Viewpoint 1,5871,4580.233421,0.454829,4998.6079,0.5257677,8384.2783,0.7069056,4237.94240768044,0.4522482710251156
Viewpoint 1,5872,52597.838165,1.0,64516.828,1.0,22979.988,1.0,3170.793647562293,0.4019669738395252
Viewpoint 1,5873,2323.848864,0.439572,2301.8076,0.3134096,4308.6851,0.4959105,1801.895548541489,0.3314928690851156
Viewpoint 1,5886,591.272275,0.193872,654.31805,0.1974085,649.53326,0.19812753649473,592.8700433470065,0.1948014715444692
Viewpoint 1,5887,1333.838016,0.259028,1345.9604,0.2427407,1361.9698,0.24371,1335.688458232856,0.257740572385342
Viewpoint 1,5888,2414.122284,0.322578,2436.4658,0.3140358,2465.8806,0.3111599,2400.865712051374,0.3248086375134813
Viewpoint 1,5889,3523.077915,0.387959,3536.25,0.3807034,3578.9817,0.3789348,3511.151975213251,0.3900895567245248
Viewpoint 1,5890,4536.112446,0.447377,4531.4126,0.4401161,4584.9419,0.4389333,4554.166357915166,0.4517094900350956
Viewpoint 1,5891,7859.395344,0.644928,8191.2007,0.6489324,8217.9395,0.6470731,7805.1542282984765,0.6360011720092481
Viewpoint 1,5892,11794.420488,0.910853,9431.0547,0.7786114,12457.879,0.9008064,8982.192416483796,0.7096669081883049
Viewpoint 1,5893,5840.480862,0.525161,5850.7026,0.5192612,5907.0811,0.5183181,5773.867201529408,0.5260186734500961
Viewpoint 1,5894,5344.856202,0.497889,5391.2729,0.4937006,5441.1704,0.4923632,5299.111177159161,0.5008758592906073
Viewpoint 1,5895,9418.246533,0.73877,9665.0527,0.781903,13905.837,1.0,8707.078322903204,0.7163243783742349
Viewpoint 1,5896,2996.620188,0.364198,3041.0186,0.3586971,3068.7551,0.3579113,2938.087416129088,0.3704872458375104
Viewpoint 1,5897,3643.959877,0.457544,3703.7085,0.4051248,5109.5732,0.525351,3273.0120744857472,0.4154205295281261
Viewpoint 1,5910,444.295483,0.185083,491.5994,0.1878569,487.71838,0.1886290315884581,437.37803659638246,0.1856740907482076
Viewpoint 1,5911,1255.740899,0.252534,1267.2087,0.237238,1282.2394,0.2370117,1258.2352933124796,0.2504138167544774
Viewpoint 1,5912,2305.67905,0.316386,2322.9714,0.3067725,2350.8779,0.3044329,2289.8243513202497,0.3183597708722583
Viewpoint 1,5913,4089.013303,0.416253,4295.1157,0.4204887,4316.3608,0.4168172,3906.893303695383,0.4080075434697637
Viewpoint 1,5914,5855.453502,0.524519,5458.9429,0.4890749,5796.5386,0.5044441,5013.139940911399,0.4727010003832134
Viewpoint 1,5915,5096.830187,0.480518,5065.8198,0.4719417,5121.6621,0.4709067,5064.177598203246,0.4823167551571046
Viewpoint 1,5916,5522.128601,0.505674,5493.7959,0.4975154,5550.2417,0.4965493,5468.250954911813,0.5067251071361183
Viewpoint 1,5917,13985.942756,1.0,14304.223,1.0,14232.744,1.0,8625.979978960679,0.6906931141987221
Viewpoint 1,5918,15837.196267,1.0,13199.182,1.0,15028.307,1.0,20418.99569375876,1.0
Viewpoint 1,5919,8270.294073,0.670825,8626.8428,0.7174822,12860.897,0.957855,7691.99855826273,0.6575478932954604
Viewpoint 1,5920,2751.224151,0.357926,2793.6409,0.3434383,2819.6379,0.3417425,2703.772299266024,0.3552585828054374
Viewpoint 1,5921,3110.539984,0.411107,3195.4639,0.374205,4465.1353,0.4873201,2799.045377402175,0.3870794857882725
Viewpoint 1,5934,275.473337,0.17517,277.35303,0.1752806,280.62289,0.1764725431811795,273.37509633971075,0.176047118155141
Viewpoint 1,5935,1165.129725,0.240797,1174.9692,0.2308629,1188.8611,0.2315213,1167.3477074601662,0.2419537411497359
Viewpoint 1,5936,2148.642006,0.307138,2162.7466,0.2973651,2188.5562,0.2930724,2132.8160026807227,0.3092300722199269
Viewpoint 1,5937,3158.917395,0.366733,3167.7949,0.3591673,3205.5457,0.3568728,3144.7307528205224,0.3688462055909607
Viewpoint 1,5938,4052.900497,0.419256,4054.6677,0.4115962,4102.0684,0.4100622,4069.42659017947,0.4236243185807962
Viewpoint 1,5939,4743.614342,0.459953,4725.792,0.452026,4778.0864,0.4507999,4718.250992406693,0.4622164124633007
Viewpoint 1,5940,5100.992483,0.48125,5094.3105,0.4740621,5147.4346,0.4729119,5065.48343639702,0.4832179479679841
Viewpoint 1,5941,5053.204687,0.47922,5077.9941,0.4737282,5128.7124,0.4724742,5011.513376199442,0.4811748730648755
Viewpoint 1,5942,4574.330598,0.452223,4605.8232,0.4470554,4650.312,0.4454577,4532.8639114725465,0.455085871231578
Viewpoint 1,5943,3636.107116,0.398694,3682.0652,0.3939773,3716.6882,0.392041,3609.793601222857,0.4036650745907097
Viewpoint 1,5944,2468.36734,0.339787,2508.8164,0.3245218,2532.7539,0.3227525,2433.6176839773693,0.3376943645785326
Viewpoint 1,5945,1275.578594,0.27379,1310.7642,0.2456578,1323.8523,0.248136,1275.369046762736,0.2715673916725633
Viewpoint 1,5958,410.426391,0.183095,484.97867,0.1874682,473.81281,0.1878127448392143,413.50836544891774,0.1842729410518515
Viewpoint 1,5959,1560.415695,0.271435,1578.7993,0.2598335,1597.79,0.2578662,1563.239341001471,0.2736561994293907
Viewpoint 1,5960,2808.620674,0.346196,2942.7739,0.3428395,3166.397,0.3478966,2436.2066758528345,0.3258973634236236
Viewpoint 1,5961,4197.056569,0.4267,4195.2549,0.4190147,4248.1924,0.417785,4161.721322818809,0.4273962581102409
Viewpoint 1,5962,5480.377489,0.501602,5429.9707,0.4923619,5496.8628,0.4919202,5465.008601170462,0.5040127798351358
Viewpoint 1,5963,6263.496709,0.556708,6584.8394,0.5523295,6578.0376,0.5491124,6098.368611447922,0.5362369194073785
Viewpoint 1,5964,10904.357233,0.880747,7170.8521,0.7116665,11459.354,0.8452544,6653.541611943511,0.5784580556885267
Viewpoint 1,5965,15856.036752,1.0,17363.604,1.0,16022.927,1.0,7133.429100987017,0.6040494595479456
Viewpoint 1,5966,7169.451621,0.605388,7276.7568,0.6055697,7335.7344,0.6046538,7083.705402735958,0.6071702592441399
Viewpoint 1,5967,6925.345787,0.590498,7343.3589,0.741707,12831.367,0.9658118,6168.400679801308,0.565736392721167
Viewpoint 1,5968,49440.009848,1.0,56209.484,1.0,22683.826,1.0,4312.130144498545,0.4710201260364771
Viewpoint 1,5969,2255.269909,0.361107,2309.2197,0.3170849,3493.8679,0.4323124,2018.839746501846,0.3425508563462198
Viewpoint 1,5982,355.268552,0.179854,401.83566,0.1825878,394.71033,0.1831695066490576,353.3582146114132,0.1807421271976899
Viewpoint 1,5983,1647.823018,0.347864,1679.5916,0.2648781,1676.0028,0.2597502,1458.3217737287034,0.2646569584882726
Viewpoint 1,5984,2703.367487,0.339287,2723.5962,0.3308046,2757.1519,0.3281469,2679.661316543936,0.3408327193796441
Viewpoint 1,5985,3967.211427,0.413485,3983.6045,0.4067114,4033.1511,0.4053011,3952.629994852464,0.4153668279900208
Viewpoint 1,5986,5182.535949,0.48467,5151.9316,0.4761964,5214.5088,0.4755131,5180.588492305765,0.4876451586058419
Viewpoint 1,5987,6206.496725,0.544409,6140.2837,0.5346606,6207.2109,0.5342585,6154.287306705543,0.5452710971980973
Viewpoint 1,5988,10636.794672,0.852377,10661.138,0.8686601,10943.317,0.8127887,7182.827480701117,0.6047769592124659
Viewpoint 1,5989,7078.044365,0.597401,7117.4507,0.5937766,7180.5977,0.5932509,6985.417185995828,0.5969903487043046
Viewpoint 1,5990,18062.995027,1.0,22418.605,1.0,18110.453,1.0,22555.26993258009,1.0
Viewpoint 1,5991,8047.191725,0.66153,8476.3818,0.7973071,13742.755,1.0,7270.388541853775,0.6312909350896976
Viewpoint 1,5992,44520.43649,1.0,48944.543,1.0,22168.213,1.0,4779.372824608771,0.4978153106639335
Viewpoint 1,5993,2991.47224,0.401473,3109.6089,0.369678,4051.293,0.4561199,2785.735323383687,0.3859257629726538
Viewpoint 1,6006,194.848388,0.170438,233.87514,0.1727285,225.80023,0.1732543501181883,191.8050706781543,0.1712589576488076
Viewpoint 1,6007,1106.348536,0.335915,1143.0684,0.2312661,1134.5907,0.2268421,949.7263612255852,0.2311309237248652
Viewpoint 1,6008,2306.519663,0.331629,2466.7993,0.3292531,2561.7632,0.3106369,1723.6194655434902,0.2775484506165923
Viewpoint 1,6009,3322.773759,0.367925,3646.957,0.3850489,3594.8311,0.3714871,2967.563415604608,0.3531766523957027
Viewpoint 1,6010,4729.108266,0.463038,4417.1528,0.4231809,5131.4854,0.4619573,3361.458813548622,0.3748116493116231
Viewpoint 1,6011,5292.330198,0.502068,5618.0259,0.4929926,5583.8726,0.4889799,5056.94223315128,0.4764411894141954
Viewpoint 1,6012,9650.380725,0.819328,5657.3296,0.6449059,10381.247,0.7847108,5222.237309034258,0.4999135622589774
Viewpoint 1,6013,14449.112059,1.0,9308.584,0.8713352,16375.271,1.0,5598.495803776447,0.521110173557052
Viewpoint 1,6014,17363.507765,1.0,18706.713,1.0,17505.25,1.0,22897.99895423678,1.0
Viewpoint 1,6015,5077.166771,0.490821,5329.8784,0.6540196,11001.032,0.8672929,4160.28650548712,0.4437958616337841
Viewpoint 1,6016,47000.877056,1.0,25919.453,1.0,21961.906,1.0,2868.5923979331524,0.3828306427135457
Viewpoint 1,6017,1517.27469,0.307241,1727.6528,0.2752544,2924.3557,0.4032772,1399.2385500274268,0.3064101918129537
Viewpoint 1,6030,224.776942,0.172194,263.91806,0.174492,256.44498,0.1750532091598666,220.29337014213849,0.1729312208273435
Viewpoint 1,6031,1570.969895,0.396578,1525.0861,0.2601042,1503.0295,0.248228,1208.8862351238422,0.2491596501105085
Viewpoint 1,6032,2579.059569,0.347525,2689.0896,0.3431027,2875.1213,0.3293012,1933.4891686280805,0.2918708054904999
Viewpoint 1,6033,3725.844262,0.393432,3985.6174,0.4049545,3951.0776,0.39287,3223.7335699860546,0.3674194015818749
Viewpoint 1,6034,4983.05155,0.479701,4775.5508,0.4450031,5515.2109,0.4846295,3651.263589306044,0.3916962169374026
Viewpoint 1,6035,4724.090931,0.463502,4711.0024,0.442529,4718.2148,0.4401941,4353.2485179638725,0.4349266295643255
Viewpoint 1,6036,10248.09829,0.851788,6124.1802,0.6670884,10982.406,0.8197489,5660.180103674859,0.5235691904665855
Viewpoint 1,6037,14991.655671,1.0,14145.826,1.0,17097.348,1.0,6185.014575256132,0.5538598041730812
Viewpoint 1,6038,13625.642739,1.0,16568.559,1.0,13922.452,1.0,17351.287550237903,1.0
Viewpoint 1,6039,5203.572208,0.489803,5932.5103,0.6825625,11523.154,0.8958688,4729.063624408927,0.4785800949528639
Viewpoint 1,6040,45045.153722,1.0,40786.172,1.0,21596.314,1.0,3464.8489624104336,0.4200087333880978
Viewpoint 1,6041,1517.132849,0.288292,1546.1401,0.2643117,2461.3674,0.3705939,1340.0001848908278,0.3004302632643381
Viewpoint 1,6054,151.719858,0.167906,152.60689,0.167958,154.40312,0.169063305499573,150.66031231365344,0.1688437603328114
Viewpoint 1,6055,761.545236,0.203703,767.23431,0.2040367,776.19672,0.2055626911530433,763.9234928429569,0.2048423090298815
Viewpoint 1,6056,1461.533684,0.268103,1470.9153,0.2518369,1488.0986,0.2514742,1452.5388095245717,0.2675041640565819
Viewpoint 1,6057,2164.997799,0.30843,2175.1733,0.2983414,2200.499,0.2958561,2158.650877697736,0.3113323628551154
Viewpoint 1,6058,2782.854508,0.344991,2791.4009,0.3363761,2823.5918,0.3335704,2795.9102103875107,0.3493267710661427
Viewpoint 1,6059,3204.8095,0.370131,3215.8567,0.3625914,3252.1089,0.360517,3199.0564023062734,0.373444156392798
Viewpoint 1,6060,3371.36159,0.380029,3381.6223,0.3725241,3418.8721,0.3705148,3352.3798662670583,0.3827742646643165
Viewpoint 1,6061,3258.683564,0.373711,3276.8218,0.3665901,3312.2302,0.364519,3241.3980582032136,0.376692923879048
Viewpoint 1,6062,2855.493835,0.350431,2877.9023,0.3434565,2908.5166,0.3409461,2840.606758839482,0.3537886906934299
Viewpoint 1,6063,2206.812849,0.316645,2228.2417,0.3023935,2251.688,0.2998543,2193.299196085615,0.3164216220132614
Viewpoint 1,6064,1439.711749,0.272098,1457.9517,0.2529401,1473.3386,0.2507041,1426.6695048638005,0.2716333683859192
Viewpoint 1,6065,707.286234,0.214986,721.01831,0.2013238,728.55963,0.2027663820635883,704.13369291491,0.2013326477741052
Viewpoint 1,6078,94.339225,0.164538,94.709457,0.1645594,95.824501,0.1656247766723862,93.56767244543566,0.165492422372547
Viewpoint 1,6079,550.1139,0.191292,553.88196,0.1915129,560.32166,0.1928909119511526,552.0043298172095,0.1924026541602702
Viewpoint 1,6080,1073.691934,0.232986,1082.2986,0.2233616,1094.8423,0.2257073,1069.4140475261652,0.2337143379179177
Viewpoint 1,6081,1598.533232,0.277241,1609.254,0.2618034,1627.8579,0.2598786,1597.0816618135104,0.2773825192751331
Viewpoint 1,6082,2041.147224,0.304134,2050.1287,0.2910478,2073.7168,0.286431,2035.6970363851367,0.3044721124480497
Viewpoint 1,6083,2334.937557,0.318744,2348.0469,0.3087648,2374.7913,0.3062702,2334.029763570728,0.3224793310762203
Viewpoint 1,6084,2436.100172,0.324867,2448.4033,0.3153261,2476.0269,0.3122961,2426.0072474725566,0.3280812729465195
Viewpoint 1,6085,2318.298238,0.317997,2333.1736,0.308015,2359.3145,0.3055067,2309.2806775258905,0.3213599901820536
Viewpoint 1,6086,2005.543744,0.302797,2018.814,0.2894795,2041.3101,0.2846881,1996.4034601681792,0.3029846258257597
Viewpoint 1,6087,1529.733261,0.274534,1542.0604,0.2579707,1559.184,0.2558744,1521.9506561243145,0.2741221790261711
Viewpoint 1,6088,989.176553,0.229011,999.14948,0.2179302,1010.2443,0.2193013,982.419129668443,0.2280212972818052
Viewpoint 1,6089,472.034335,0.186708,478.24625,0.1870731,483.47256,0.1883798136169677,470.3488723451219,0.1876094788066586
Viewpoint 1,6102,196.625625,0.170542,224.5244,0.1721796,218.40839,0.1728203425311509,187.4657050245344,0.1710042368849401
Viewpoint 1,6103,1622.335562,0.392395,1585.4346,0.2624137,1563.2463,0.2519497,1254.265942688433,0.2554533828334966
Viewpoint 1,6104,1983.46329,0.302988,2142.082,0.29872,2204.3225,0.2919561,1718.6098430203454,0.2842700797214093
Viewpoint 1,6105,3594.949093,0.385799,3851.0432,0.3961782,3895.0232,0.389733,3100.530019873353,0.3604782195366885
Viewpoint 1,6106,4767.255402,0.465253,4630.8228,0.43724,5316.6128,0.4731702,3878.109632068881,0.4047211767965014
Viewpoint 1,6107,6337.277715,0.566874,6242.3208,0.5301688,6220.2993,0.5266234,5548.795083332137,0.5045677091835102
Viewpoint 1,6108,10502.249391,0.857739,10876.229,0.9077883,11736.162,0.866336,5924.1056316189415,0.5381056715526371
Viewpoint 1,6109,16080.468702,1.0,20077.688,1.0,17988.551,1.0,6477.1105284428495,0.5702796213025058
Viewpoint 1,6110,19797.9835,1.0,22414.301,1.0,19190.711,1.0,23591.10392887352,1.0
Viewpoint 1,6111,5075.932023,0.482422,5420.165,0.7142328,8605.0537,0.7171875,4460.944653740218,0.4641418424890773
Viewpoint 1,6112,40298.899635,1.0,36735.766,1.0,18544.207,1.0,3511.5776312808425,0.4223974012492243
Viewpoint 1,6113,473.341536,0.186785,481.18445,0.1872455,486.41632,0.1885525907949759,472.5810708225801,0.1877405088572854
Viewpoint 1,6126,270.677561,0.174889,310.81403,0.1772448,299.34219,0.1775713791516979,252.14637815380132,0.1748009923976281
Viewpoint 1,6127,1512.926543,0.405579,1415.3964,0.2549095,1385.1466,0.2413082,1091.0558402431122,0.2388798222458235
Viewpoint 1,6128,2364.992373,0.3361,2537.385,0.3354932,2676.4773,0.317401,1773.4072277177468,0.2818665858909838
Viewpoint 1,6129,3535.565032,0.381754,3839.1575,0.3962818,3835.1245,0.3858651,2984.4880244416245,0.3532140660944
Viewpoint 1,6130,4802.86357,0.469692,4566.3921,0.4324974,5271.3257,0.4702941,3769.115575475813,0.3978459465229738
Viewpoint 1,6131,6681.099691,0.58473,6773.5288,0.5628574,6773.4033,0.5602778,6102.429024379287,0.5366255322413045
Viewpoint 1,6132,10082.418692,0.833458,5965.1816,0.6648455,11538.811,0.856819,5535.558801853145,0.5167700135669057
Viewpoint 1,6133,16421.173572,1.0,22220.879,1.0,17909.16,1.0,6015.854065369297,0.5443441481487366
Viewpoint 1,6134,21205.451892,1.0,24293.055,1.0,19955.514,1.0,24030.00806483508,1.0
Viewpoint 1,6135,5982.035653,0.539252,6129.7959,0.5420657,6173.1318,0.540298,5898.345582318834,0.5445732782459138
Viewpoint 1,6136,40304.775913,1.0,46366.125,1.0,18491.678,1.0,3982.825194853278,0.4502462149876818
Viewpoint 1,6137,390.052266,0.181896,396.55899,0.182278,400.93939,0.1835350672035213,390.4220679758782,0.182917775390184
Viewpoint 1,6150,170.515315,0.169009,193.5815,0.1703632,186.55574,0.1709504894122696,164.4503129835909,0.1696532333721367
Viewpoint 1,6151,1671.622461,0.424812,1485.4185,0.2612047,1442.1453,0.244654,1108.098161829972,0.2399420622171786
Viewpoint 1,6152,2541.977392,0.350026,2718.0605,0.3559338,2862.6404,0.3284504,1842.560456334292,0.2855402395940112
Viewpoint 1,6153,3855.878649,0.403049,4139.8013,0.4146836,4119.7764,0.4024885,3249.2956778290045,0.3698011239881542
Viewpoint 1,6154,3822.603384,0.397831,3779.4536,0.3890837,4207.7354,0.4092298,3310.544909741653,0.3744406069070728
Viewpoint 1,6155,5789.512645,0.534788,6040.9829,0.5179031,6033.0728,0.5154337,5350.955813907081,0.4930727944869253
Viewpoint 1,6156,10720.580984,0.872756,5990.8691,0.666989,11755.253,0.8708728,5579.651845890335,0.5191713929744883
Viewpoint 1,6157,12171.337281,0.964035,13459.199,0.9975913,13398.999,0.9660767,4868.885824184725,0.4739967788213017
Viewpoint 1,6158,20816.615683,1.0,19614.096,1.0,19075.688,1.0,23239.65976542966,1.0
Viewpoint 1,6159,5252.638324,0.491789,5776.9673,0.7630609,10498.069,0.8369783,4478.227208401733,0.462303911096564
Viewpoint 1,6160,30632.044166,1.0,17390.48,1.0,17489.891,1.0,2976.753864317538,0.3890986876604881
Viewpoint 1,6161,391.86383,0.182002,398.69855,0.1824036,403.08112,0.1836607845166825,391.97226556779,0.1830087719888292
Viewpoint 1,6174,242.632365,0.173243,271.78827,0.174954,262.04865,0.1753821837648957,230.9541893216232,0.1735570109131793
Viewpoint 1,6175,1404.487412,0.263581,1416.4894,0.2469286,1433.479,0.2479395,1404.0904954477992,0.2625419756020962
Viewpoint 1,6176,2844.464615,0.360159,3027.5999,0.3598123,3103.5393,0.3440496,2289.281697797084,0.317122418797212
Viewpoint 1,6177,3501.716078,0.380897,3703.7361,0.3884653,3751.2625,0.3810027,2920.516134252361,0.3494700528391284
Viewpoint 1,6178,4632.749393,0.460857,4429.4277,0.4246411,5122.1401,0.4616237,3648.12703979427,0.3908358948681301
Viewpoint 1,6179,6593.93905,0.578796,6757.4429,0.5620774,6774.2241,0.5604663,6074.993614029997,0.5348394159698201
Viewpoint 1,6180,10569.414522,0.866159,5997.2451,0.6682554,11952.144,0.8839251,5605.341235141974,0.5205706443541644
Viewpoint 1,6181,16885.097325,1.0,17419.975,1.0,18567.416,1.0,6138.983427736854,0.5512303996560654
Viewpoint 1,6182,20689.026688,1.0,19763.938,1.0,19216.316,1.0,23254.2897859857,1.0
Viewpoint 1,6183,5481.179969,0.516458,5834.0908,0.6745017,10623.729,0.8433562,4519.713278111157,0.4646601323171873
Viewpoint 1,6184,12269.822024,1.0,7276.4165,0.6536019,17564.977,1.0,3971.665990738189,0.4491404376309176
Viewpoint 1,6185,391.841795,0.182001,401.19302,0.18255,405.57941,0.1838074938278976,393.7703995540914,0.1831143224538251
Viewpoint 1,6198,137.734884,0.167085,153.58163,0.1680152,147.50667,0.1686583099140658,129.04399275235852,0.1675748823745634
Viewpoint 1,6199,1582.277938,0.398793,1490.67,0.2600309,1432.2317,0.2440721,1093.6518394049288,0.2390814240513487
Viewpoint 1,6200,2530.634857,0.354376,2740.8506,0.3572308,2846.7183,0.3275254,1827.787627121936,0.2847420181573113
Viewpoint 1,6201,3032.089739,0.355219,3129.1494,0.3527286,3194.1389,0.3498147,2652.980205968784,0.3368570428554122
Viewpoint 1,6202,5052.433115,0.486886,4939.8799,0.4547979,5754.5674,0.498628,3945.386683412982,0.4088093071276202
Viewpoint 1,6203,4879.332491,0.460256,4891.6104,0.4530136,4929.665,0.4525436,4436.517316711344,0.4397588743371062
Viewpoint 1,6204,11510.220534,0.916985,6132.7153,0.6801079,10978.652,0.8309611,5631.036547705222,0.5219718839204343
Viewpoint 1,6205,17603.998493,1.0,9511.5664,0.8390513,18716.617,1.0,6153.58368040451,0.5520497548306557
Viewpoint 1,6206,21279.842514,1.0,22335.932,1.0,19856.811,1.0,23271.966892904868,1.0
Viewpoint 1,6207,5515.027778,0.504295,5827.0454,0.6755599,10696.026,0.8468157,4493.594585575491,0.4628835851270878
Viewpoint 1,6208,6364.126756,0.649582,6495.5293,0.6158674,16426.924,1.0,3144.359686640661,0.3996952034846672
Viewpoint 1,6209,376.919697,0.181125,386.28421,0.1816749,390.5032,0.1829225517267106,378.81383492913017,0.1822363721103399
Viewpoint 1,6222,137.36228,0.167063,152.47314,0.1679502,146.65591,0.1686082925825566,128.27062813359197,0.1675294858714418
Viewpoint 1,6223,1451.60957,0.397051,1333.1584,0.2522946,1274.6063,0.2348195,978.1227427634794,0.2303106208633206
Viewpoint 1,6224,2316.383207,0.344984,2456.1467,0.3436616,2578.3689,0.3114301,1643.3082868518245,0.2749926322745148
Viewpoint 1,6225,3545.002194,0.384988,3706.3074,0.3904041,3730.0076,0.3793299,2816.633909026086,0.3436628699829562
Viewpoint 1,6226,4800.110057,0.471815,4538.4546,0.4303797,5336.4897,0.4738659,4530.341838459185,0.4481568918666934
Viewpoint 1,6227,5796.97036,0.531912,5676.6885,0.4956481,5705.8647,0.4960192,4918.699664413835,0.4684642498967553
Viewpoint 1,6228,10494.301778,0.867743,5517.5747,0.6531079,10596.548,0.812317,5089.070034630289,0.4926713933359478
Viewpoint 1,6229,17631.525224,1.0,8755.1357,0.8019466,18174.123,1.0,5451.558609646073,0.5128789120479899
Viewpoint 1,6230,21193.108947,1.0,22473.324,1.0,19248.648,1.0,22720.072713259666,1.0
Viewpoint 1,6231,5011.452817,0.488251,5146.5771,0.6467878,10165.544,0.817961,3839.7171293428746,0.4225543037427989
Viewpoint 1,6232,5725.842835,0.619447,10231.281,0.8117441,15803.543,1.0,2481.713205901789,0.3579282004056331
Viewpoint 1,6233,281.331947,0.175514,286.3187,0.1758069,289.52338,0.1769949561093216,282.18306990669834,0.1765641462035232
Viewpoint 1,6246,92.431762,0.164426,94.446877,0.164544,88.500465,0.1651948301459045,83.30754520337575,0.1648901529034381
Viewpoint 1,6247,1462.942018,0.398826,1329.3459,0.2525594,1250.9025,0.2334281,970.7846497183072,0.2298706961807667
Viewpoint 1,6248,2287.662271,0.343705,2404.8103,0.3418075,2569.8804,0.310933,1635.2744562684015,0.27463918798401
Viewpoint 1,6249,3492.04428,0.382732,3724.0566,0.3914035,3757.5684,0.380963,2832.6630117316568,0.3447662928397105
Viewpoint 1,6250,4603.099313,0.454362,4583.9746,0.4330844,5365.6201,0.475611,4546.990127468162,0.4489211906892848
Viewpoint 1,6251,5921.930192,0.543529,5758.6724,0.5005282,5803.0088,0.5017576,4985.531813165066,0.4722918335704056
Viewpoint 1,6252,10815.13245,0.887756,5495.6348,0.6530386,12018.937,0.893892,5153.079190679229,0.4961060235034508
Viewpoint 1,6253,17630.143337,1.0,8104.6025,0.7702629,18475.328,1.0,5572.219953096042,0.519536110453184
Viewpoint 1,6254,21241.498774,1.0,21027.34,1.0,19397.371,1.0,22745.15110088756,1.0
Viewpoint 1,6255,4756.47144,0.473542,5211.7158,0.6508243,10318.575,0.8256837,3880.0948073054665,0.4249070955215792
Viewpoint 1,6256,5821.921842,0.623397,10222.31,0.8123307,15167.506,1.0,2475.827827564752,0.3574603081153727
Viewpoint 1,6257,296.973732,0.176432,304.40277,0.1768684,307.77505,0.1780663697495188,299.1235134795407,0.177558550241249
Viewpoint 1,6270,93.500627,0.164488,94.023575,0.1645192,95.127571,0.1655837686870402,93.28580462903112,0.1654758767317241
Viewpoint 1,6271,946.399293,0.216542,952.67487,0.2152341,963.87933,0.2165797010622244,947.6513690689064,0.2156650625498969
Viewpoint 1,6272,1916.463132,0.293231,1924.5498,0.2831188,1947.4418,0.2786892,1898.315211743001,0.2952993630657976
Viewpoint 1,6273,2896.03206,0.351301,2912.905,0.3431874,2947.5906,0.34054,2889.157350868066,0.3537605575228598
Viewpoint 1,6274,3787.140385,0.40377,3788.0176,0.3958704,3832.3984,0.3942085,3737.945603117149,0.4040904807731179
Viewpoint 1,6275,4468.579783,0.443906,4458.2881,0.4362283,4507.7476,0.4348653,4435.0550880100855,0.4454019019961472
Viewpoint 1,6276,4841.91792,0.466095,4842.3501,0.4591857,4892.7456,0.4579072,4792.147032439196,0.4669220371336751
Viewpoint 1,6277,4805.030956,0.464713,4827.0249,0.4589514,4874.4478,0.4575511,4750.739527037778,0.4655867893496497
Viewpoint 1,6278,4307.386894,0.436629,4343.0767,0.4316125,4383.8423,0.4298573,4247.387918018109,0.4379323947806525
Viewpoint 1,6279,3362.766547,0.383039,3418.3135,0.3784761,3449.5237,0.3760324,3326.7959766042927,0.3864443706739451
Viewpoint 1,6280,2190.97372,0.322752,2233.4397,0.3083222,2254.0498,0.3063359,2148.561929755761,0.3204475092734991
Viewpoint 1,6281,1032.469957,0.257549,1164.0397,0.2366123,1175.3915,0.2458858,1100.736798748119,0.2661866863441349
Viewpoint 1,6294,78.666764,0.163618,79.222466,0.1636504,80.152443,0.1647048437225217,78.62083982794535,0.1646150432979004
Viewpoint 1,6295,896.863208,0.211872,902.66724,0.2119866,913.26508,0.2136086035299863,898.1674692539709,0.2127224304452081
Viewpoint 1,6296,1810.211161,0.289185,1819.2034,0.2742302,1840.7568,0.2724175,1792.9520393877567,0.2886994746804614
Viewpoint 1,6297,2747.489816,0.342587,2763.781,0.3344388,2796.5422,0.3316967,2741.343996859787,0.345176806094171
Viewpoint 1,6298,3596.456772,0.392543,3599.23,0.3848011,3641.2639,0.3830246,3550.528216865511,0.3932043919281864
Viewpoint 1,6299,4218.711999,0.429381,4229.5347,0.4221468,4276.5889,0.4213242,4205.828102845798,0.4320510979761257
Viewpoint 1,6300,4573.402752,0.450456,4570.5522,0.4432118,4618.5942,0.4418065,4522.294777344036,0.45115473386656
Viewpoint 1,6301,4509.029689,0.447366,4530.1494,0.441437,4575.3521,0.4399168,4460.487004236928,0.4484962669317148
Viewpoint 1,6302,4031.782379,0.420251,4062.6858,0.4148694,4101.5459,0.4130966,3977.3491242718273,0.4218080955695532
Viewpoint 1,6303,3133.495727,0.373414,3173.2019,0.3627812,3202.824,0.3606468,3091.843049308731,0.3720009995744449
Viewpoint 1,6304,2018.942396,0.311566,2057.3618,0.2968683,2076.6897,0.2952445,1983.006154388834,0.3096870626834226
Viewpoint 1,6305,937.841474,0.248396,1068.0463,0.2306021,1078.4318,0.2339415,1006.6837483146844,0.2585298498162376
Viewpoint 1,6318,168.06369,0.168865,179.50581,0.169537,178.1339,0.170456152402675,160.314281181363,0.169410448305346
Viewpoint 1,6319,2023.825632,0.355503,2051.5032,0.2875268,2045.1171,0.2828682,1788.0588274108586,0.28953812859116
Viewpoint 1,6320,1780.498132,0.287539,1795.2197,0.272815,1816.478,0.2709539,1769.3730828696678,0.2872774546169384
Viewpoint 1,6321,2721.093872,0.340932,2729.1211,0.3323912,2761.4524,0.3289004,2706.848949593682,0.3431415615854021
Viewpoint 1,6322,7292.216179,0.608333,7034.5312,0.5822503,7402.8262,0.5995613,6884.331178623849,0.5820976584508527
Viewpoint 1,6323,4178.001882,0.426908,4181.522,0.4193226,4228.0698,0.4184752,4157.067238648341,0.4291843343293755
Viewpoint 1,6324,4514.316502,0.447116,4519.7144,0.4402191,4567.2778,0.4387893,4470.696528090555,0.4481101189626731
Viewpoint 1,6325,4464.569265,0.444777,4491.2837,0.4391471,4536.1074,0.4376085,4421.11433382594,0.4461486515677223
Viewpoint 1,6326,3978.440067,0.417334,4018.8313,0.4122758,4057.2888,0.4104846,3933.758465450761,0.4191997640402969
Viewpoint 1,6327,9907.110324,0.767037,10392.565,0.7967166,14022.374,1.0,9254.056085970447,0.7452721247601602
Viewpoint 1,6328,8101.487114,0.706912,10061.135,0.7912123,15330.824,1.0,6275.160978394951,0.5821441905926575
Viewpoint 1,6329,922.793971,0.247131,1066.1372,0.2305826,1076.5599,0.2342891,1002.3405512664804,0.2593539666495973
Viewpoint 1,6342,134.076319,0.16687,146.51149,0.1676002,142.49733,0.1683642933050737,123.9573221241516,0.1672762948086877
Viewpoint 1,6343,1657.379532,0.403154,1636.8962,0.26661,1570.2189,0.2523263,1139.8654566605728,0.2460694871475576
Viewpoint 1,6344,2732.015416,0.349947,2941.4211,0.3586679,3041.9536,0.3400656,2102.252379542384,0.3045802187803059
Viewpoint 1,6345,4382.029752,0.434466,4552.6455,0.4384044,4463.7041,0.4244766,3589.3309581899725,0.3895443750804278
Viewpoint 1,6346,5200.401646,0.485494,5178.6841,0.4775435,5242.6821,0.4769609,5109.09435256459,0.4829252457639886
Viewpoint 1,6347,7278.405963,0.622442,6968.6519,0.5746562,7054.4209,0.5770413,6202.024156648405,0.5419516802958898
Viewpoint 1,6348,12115.735889,0.95763,6489.7651,0.7020458,13355.38,0.9750391,6122.200189904521,0.549063689587592
Viewpoint 1,6349,19698.023711,1.0,11939.423,0.9704959,20620.262,1.0,6246.814773914416,0.5471699997584039
Viewpoint 1,6350,24784.143002,1.0,22749.988,1.0,21627.836,1.0,24328.01496373597,1.0
Viewpoint 1,6351,6259.43207,0.547989,6723.9844,0.5863579,12185.071,0.9259411,5051.608728654931,0.495825878400073
Viewpoint 1,6352,6329.12867,0.618159,7253.4014,0.6423283,12952.883,1.0,3849.489377851177,0.4401162467365752
Viewpoint 1,6353,402.4335,0.182623,435.38928,0.1845573,439.87924,0.1858208906246116,417.3256345030315,0.1844970147453279
Viewpoint 1,6366,92.232796,0.164414,100.82546,0.1649185,98.392326,0.1657751979585469,85.25764343201527,0.1650046236694593
Viewpoint 1,6367,1564.814965,0.370512,1572.0361,0.2587339,1539.6406,0.2506145,1239.4560916418095,0.2466930825178448
Viewpoint 1,6368,2780.150079,0.346601,2936.6658,0.3550247,2996.2007,0.3378032,2317.269314758308,0.3169386019141025
Viewpoint 1,6369,5120.558438,0.479878,5347.2563,0.4862812,5272.5239,0.471559,4132.2575629131725,0.4208725140923506
Viewpoint 1,6370,6769.426062,0.58925,6469.5552,0.5450379,7158.1411,0.5819971,6151.728602893706,0.5402684904960008
Viewpoint 1,6371,7225.95289,0.616041,7156.5352,0.5868459,7238.3481,0.5888394,6474.457551853726,0.5571232592832682
Viewpoint 1,6372,6753.972139,0.577458,6745.4883,0.5707483,6809.7466,0.5702848,6643.172311679924,0.5744736739911572
Viewpoint 1,6373,7041.546844,0.595878,7067.0439,0.5909259,7126.4102,0.5902564,6869.839654027266,0.5899105961541417
Viewpoint 1,6374,6517.599459,0.567448,6613.186,0.5665628,6663.7837,0.5652918,6368.824930133736,0.5641549695050968
Viewpoint 1,6375,7845.970049,0.642868,8315.6152,0.6771486,13596.411,1.0,6614.426331876642,0.5886271101463328
Viewpoint 1,6376,6263.292629,0.611665,7322.7778,0.6483757,11965.678,0.9726332,3922.515639667499,0.442920650495049
Viewpoint 1,6377,812.564002,0.236449,966.5929,0.215739,976.06744,0.2281710008352596,902.5629943026472,0.2520927678145184
Viewpoint 1,6390,53.059428,0.162115,56.167156,0.162297,55.952106,0.1632841412732417,50.32142815722731,0.1629538678328292
Viewpoint 1,6391,1297.644688,0.332909,1283.5205,0.2381744,1285.8318,0.236511,1119.0778579798096,0.2380936915867645
Viewpoint 1,6392,1565.258177,0.274564,1576.5222,0.2598863,1595.0594,0.2579012,1554.571906648752,0.2738544445259005
Viewpoint 1,6393,3628.15364,0.39012,3692.0081,0.3855354,3710.3638,0.3821869,3300.319129088616,0.3736404075101579
Viewpoint 1,6394,4834.674646,0.458331,4742.6084,0.4461327,4962.4004,0.4551644,4541.300951352909,0.4432814620897741
Viewpoint 1,6395,6086.057567,0.533022,6102.6797,0.5273299,6177.2852,0.5282369,5768.76868483596,0.5156707750608676
Viewpoint 1,6396,9071.95575,0.731455,7379.1382,0.658245,9433.0322,0.7270244,7094.011750911527,0.5964791544595622
Viewpoint 1,6397,12465.342256,0.947287,9368.5674,0.8048206,13072.021,0.9425623,8098.191132025382,0.6593950989543371
Viewpoint 1,6398,3391.59446,0.382629,3424.4429,0.3762076,3458.4944,0.3741592,3358.647048856532,0.3848194893931268
Viewpoint 1,6399,2606.813545,0.341544,2639.3369,0.3306549,2665.0654,0.3280893,2576.522862580808,0.3403646927342423
Viewpoint 1,6400,6057.600071,0.592454,7166.4355,0.6516779,10128.403,0.8524517,4310.228825219224,0.4647889999869572
Viewpoint 1,6401,722.696815,0.219188,869.2298,0.2100238,877.68799,0.2115202082097239,807.5673792033356,0.2426179083988559
Viewpoint 1,6414,34.35742,0.161017,36.352554,0.1611339,35.493969,0.1620833796932499,31.400148048190545,0.1618431886904288
Viewpoint 1,6415,2169.051345,0.458411,2006.7274,0.2810823,1964.8806,0.2760801,1419.61026001028,0.2653189601259138
Viewpoint 1,6416,3469.654931,0.399642,3682.103,0.4179844,3828.3555,0.3860203,2582.159648457799,0.3326581152664656
Viewpoint 1,6417,4467.444445,0.43718,4725.3428,0.448258,4614.6201,0.4333257,3678.203351880376,0.3945844318048676
Viewpoint 1,6418,5858.42086,0.533132,5751.769,0.5030999,6262.0063,0.5297721,5351.816733707563,0.4925203538596405
Viewpoint 1,6419,6420.992772,0.556987,6363.5371,0.5474788,6432.9175,0.5472414,6314.943095415286,0.5538627179022055
Viewpoint 1,6420,7320.850266,0.610314,7309.4346,0.6037506,7377.0879,0.6035047,7152.607282636213,0.6040014091667069
Viewpoint 1,6421,21271.912167,1.0,11509.348,1.0,22540.285,1.0,7833.077990473357,0.641105264397812
Viewpoint 1,6422,26592.772008,1.0,24542.207,1.0,24477.762,1.0,24430.3511473443,1.0
Viewpoint 1,6423,7238.368757,0.608505,7926.3892,0.6444705,13505.015,0.9994383,6189.454725725091,0.5629622918216182
Viewpoint 1,6424,3765.130501,0.425848,3926.0405,0.4155023,3954.1252,0.4163032,3668.2192960582615,0.4208113452697956
Viewpoint 1,6425,634.834178,0.203891,772.27185,0.2043324,779.73358,0.2057702838194139,713.8483448328082,0.2258156595673435
Viewpoint 1,6438,0.0,0.159,0.0,0.159,0.0,0.0,1.6497024280448676e-05,0.1600000009683753
Viewpoint 1,6439,691.402829,0.199585,695.6153,0.1998326,703.7276,0.2013088082054128,692.9463981523418,0.2006759535715424
Viewpoint 1,6440,1466.635677,0.268192,1476.2086,0.253949,1493.5177,0.2518042,1455.9593628655998,0.2675750056813852
Viewpoint 1,6441,2247.637228,0.313291,2258.5208,0.3032181,2284.989,0.3008027,2240.3605138157386,0.3159111758495236
Viewpoint 1,6442,2949.859909,0.354795,2961.7515,0.3463455,2996.0989,0.3447009,2919.2845691025977,0.3563532352519175
Viewpoint 1,6443,3457.197808,0.384885,3465.271,0.3772078,3504.1917,0.3752912,3441.557395113754,0.3873624604726966
Viewpoint 1,6444,3700.290539,0.399418,3706.1765,0.3916316,3746.2332,0.3898006,3654.201180086168,0.4002832537958432
Viewpoint 1,6445,3592.975453,0.393455,3610.6165,0.3864056,3648.1931,0.3844941,3547.395790472948,0.3946497371099436
Viewpoint 1,6446,3141.294198,0.367818,3165.5669,0.3608044,3197.5295,0.3586491,3106.915935660354,0.3697504710477214
Viewpoint 1,6447,2388.753638,0.328281,2418.4026,0.3159012,2442.3977,0.3143202,2362.791048873795,0.3272007046743161
Viewpoint 1,6448,1519.249121,0.279038,1542.9985,0.2622386,1558.1466,0.2562355,1492.7052530810329,0.2773737726916308
Viewpoint 1,6449,641.332507,0.207206,797.63989,0.2058215,805.44928,0.2072797455493761,734.8946415550836,0.2332352337520778
Viewpoint 1,6462,0.0,0.159,0.0,0.159,0.0,0.0,1.6494972609577076e-05,0.1600000009682549
Viewpoint 1,6463,177.514828,0.16942,178.41411,0.1694729,180.47055,0.1705934299905177,178.16368149709427,0.1704582081038794
Viewpoint 1,6464,397.312525,0.182322,400.91071,0.1825335,405.5112,0.1838034485235841,396.2277293620879,0.1832585677135545
Viewpoint 1,6465,601.603396,0.194314,606.90045,0.194625,613.87421,0.1960343761046123,602.8017566961347,0.1953844631180631
Viewpoint 1,6466,787.261212,0.205212,793.2981,0.2055666,802.44354,0.2071034489149846,782.2880649175524,0.2059203094106603
Viewpoint 1,6467,907.740721,0.214571,914.42755,0.2126769,924.99683,0.2142973026723305,909.1924488046628,0.2133695967448337
Viewpoint 1,6468,934.023493,0.218479,940.43457,0.2142035,951.34192,0.2158437014302639,929.8494690102452,0.2145821638309014
Viewpoint 1,6469,877.561284,0.210788,885.81061,0.2109971,896.1416,0.2126035052991216,875.1561549995575,0.211371666298474
Viewpoint 1,6470,732.640841,0.202006,738.0282,0.2023223,746.69965,0.2038312834625698,731.962173292635,0.2029661795722777
Viewpoint 1,6471,541.909536,0.19081,546.12592,0.1910576,552.57788,0.1924362754064824,541.1947195013388,0.1917681300347286
Viewpoint 1,6472,326.38043,0.178159,329.11899,0.1783193,333.00391,0.1795473447661552,325.7012870781508,0.1791186655514874
Viewpoint 1,6473,132.108744,0.166755,134.57935,0.1668998,136.10144,0.1679888687324862,132.41418909623596,0.167772712899949
Viewpoint 1,6486,0.0,0.159,0.0,0.159,0.0,0.0,1.6492908163131384e-05,0.1600000009681337
Viewpoint 1,6487,294.69457,0.176299,296.58307,0.1764094,300.00647,0.1776102979091613,296.033381676631,0.1773771595044182
Viewpoint 1,6488,644.063589,0.196807,648.05664,0.1970409,655.51331,0.1984785937808129,640.2406147601915,0.1975821240864232
Viewpoint 1,6489,990.022052,0.225976,997.57178,0.2179591,1009.0549,0.2192315,990.556280164168,0.2208941818443655
Viewpoint 1,6490,1289.713847,0.256965,1298.5009,0.2393641,1313.4556,0.2395646,1280.189054718836,0.2556343183225065
Viewpoint 1,6491,1482.131629,0.270233,1492.302,0.2548249,1509.4573,0.2527394,1483.1791427289538,0.2702591487573106
Viewpoint 1,6492,1540.695396,0.273971,1550.1866,0.2582633,1567.9771,0.2562011,1531.8035603195922,0.2739246282831015
Viewpoint 1,6493,1448.207237,0.26807,1456.5792,0.2509421,1473.2882,0.2506386,1437.6807803011689,0.2673400842530963
Viewpoint 1,6494,1215.65519,0.251175,1224.7948,0.2345729,1238.8606,0.2344665,1202.3228409570722,0.2488099157380864
Viewpoint 1,6495,893.500862,0.213174,901.71942,0.2119309,912.08679,0.2135395036300609,894.4680538624674,0.2125052747617268
Viewpoint 1,6496,550.190134,0.191296,552.99451,0.1914608,559.3186,0.1928319778077263,544.9437944589603,0.191988200734741
Viewpoint 1,6497,222.914628,0.172085,244.27559,0.173339,246.83928,0.1744892897851441,232.36625286149376,0.1736398990429697
Viewpoint 1,6510,0.0,0.159,0.0,0.159,0.0,0.0,1.6490829211131603e-05,0.1600000009680116
Viewpoint 1,6511,557.114068,0.191703,561.56171,0.1919637,568.08331,0.1933464565398737,559.8210329047056,0.1928614946315062
Viewpoint 1,6512,1213.7966,0.248357,1219.1021,0.2343067,1233.2952,0.2341601,1203.0645289879426,0.2468779155236142
Viewpoint 1,6513,1892.552948,0.294705,1902.4485,0.2820122,1924.5935,0.2774309,1887.59853795276,0.2951644488547554
Viewpoint 1,6514,2474.819158,0.326811,2483.3943,0.3172493,2512.0896,0.3142942,2447.460013981696,0.3287257798493129
Viewpoint 1,6515,2889.647937,0.351314,2898.1946,0.3427666,2930.9785,0.3410755,2877.9222869176306,0.3543295060695384
Viewpoint 1,6516,3050.35076,0.36134,3067.7659,0.3539654,3101.5872,0.3517986,3025.5543540379213,0.3633536429098019
Viewpoint 1,6517,2948.557171,0.355494,2959.9929,0.3478837,2991.7737,0.3456481,2911.323558045431,0.3570264458470918
Viewpoint 1,6518,2546.114592,0.335193,2562.532,0.3236744,2589.4626,0.3206588,2500.774036044465,0.3334913473553846
Viewpoint 1,6519,1919.655996,0.299477,1943.7728,0.2856416,1963.9153,0.282819,1911.586370207723,0.2995060449482054
Viewpoint 1,6520,1196.945587,0.255704,1214.6531,0.2331755,1227.0698,0.2356695,1185.6317879845567,0.2523824180337424
Viewpoint 1,6521,479.141063,0.187126,622.7583,0.1955559,628.7995,0.1969105020679093,563.576476593878,0.2067934342477551
Viewpoint 1,6534,0.0,0.159,0.0,0.159,0.0,0.0,1.648873404726184e-05,0.1600000009678887
Viewpoint 1,6535,1284.17786,0.317823,1304.2983,0.2394697,1301.9554,0.2377406,1143.114484970038,0.2415849799409521
Viewpoint 1,6536,2582.531877,0.332739,2631.3291,0.3267817,2726.3838,0.3248118,2345.35259372487,0.3208782269848763
Viewpoint 1,6537,2171.177948,0.308698,2182.5293,0.2987291,2208.1006,0.2962798,2164.7828481221977,0.3114364309587741
Viewpoint 1,6538,5190.0021,0.480067,5107.4512,0.4687591,5297.6289,0.4760259,4842.792361078907,0.4620129083430015
Viewpoint 1,6539,6454.81657,0.555623,6551.938,0.5541013,6635.7456,0.5555214,6144.613109640116,0.5386285084918963
Viewpoint 1,6540,3580.898694,0.392396,3590.0876,0.3847837,3628.9507,0.3828993,3537.0258985757887,0.3933414206193626
Viewpoint 1,6541,3480.591106,0.387031,3505.4177,0.3802009,3541.8845,0.3782436,3441.394663083846,0.3883453323310898
Viewpoint 1,6542,3043.808734,0.361964,3070.3076,0.3551843,3101.2317,0.3529662,2987.4733018116426,0.3626607870525059
Viewpoint 1,6543,7471.699431,0.626465,7932.9146,0.6496404,10203.077,0.7894852,20737.4858557952,1.0
Viewpoint 1,6544,6231.930476,0.616903,7095.2271,0.6565388,8521.2402,0.7379985,5135.167568011585,0.5566351133356804
Viewpoint 1,6545,1023.700396,0.259828,1138.7866,0.2258468,1150.9082,0.2460504,1175.7168960638396,0.285017657621667
Viewpoint 1,6558,0.0,0.159,0.0,0.159,0.0,0.0,1.6486620977829932e-05,0.1600000009677646
Viewpoint 1,6559,1101.404985,0.36921,1082.6176,0.2230235,1058.156,0.2221138,819.1614098126201,0.2149790784005495
Viewpoint 1,6560,2769.005127,0.365543,2837.53,0.375524,3105.6584,0.3427609,1887.8317165107107,0.289166402362328
Viewpoint 1,6561,4549.919811,0.44828,4606.9478,0.4419035,4649.3252,0.4337537,3225.955405789477,0.3672167283512566
Viewpoint 1,6562,4102.592078,0.414888,4289.6401,0.4176598,4625.5547,0.4336495,3821.609501090806,0.4036287798348635
Viewpoint 1,6563,6331.006325,0.567736,7033.2837,0.5764802,7166.9619,0.5822994,5842.643834202564,0.5215712737845758
Viewpoint 1,6564,8961.976463,0.756896,5627.3535,0.6309537,10077.045,0.7763546,12887.82267331405,1.0
Viewpoint 1,6565,21934.35423,1.0,27951.82,1.0,23571.727,1.0,6601.908445106713,0.5686207347201282
Viewpoint 1,6566,28423.056756,1.0,28731.439,1.0,25242.059,1.0,38966.73598032525,1.0
Viewpoint 1,6567,6569.013914,0.5829,6961.6387,0.84473,12657.523,0.9532804,39946.66216389044,1.0
Viewpoint 1,6568,5282.666379,0.58522,6335.7632,0.6330807,7809.2285,0.7063068,3974.7202660787166,0.5156970684403093
Viewpoint 1,6569,257.16176,0.174095,314.12817,0.1774393,317.18155,0.1786185041238527,284.8989683011925,0.17672356943928
Viewpoint 1,6582,0.0,0.159,0.0,0.159,0.0,0.0,1.6484488379626677e-05,0.1600000009676394
Viewpoint 1,6583,1368.918275,0.38753,1310.6851,0.2363103,1278.9243,0.2350729,985.3441266370064,0.2215555038098191
Viewpoint 1,6584,2665.396471,0.351638,2721.9282,0.3583257,2969.2686,0.3355134,1980.04770649806,0.2966333848656255
Viewpoint 1,6585,4475.978584,0.437301,4592.457,0.438469,4597.7793,0.4322721,3524.5339114279773,0.3855107518463959
Viewpoint 1,6586,5489.561253,0.511264,5698.1943,0.4989645,6220.5166,0.5268934,4930.747364006914,0.4688616546238587
Viewpoint 1,6587,6462.173952,0.577679,6638.4097,0.5537097,6769.3154,0.5591702,5562.51417584449,0.5047637599749658
Viewpoint 1,6588,13015.904147,1.0,7023.3813,0.7377828,14465.897,1.0,19272.376095473828,1.0
Viewpoint 1,6589,21876.823826,1.0,22850.803,1.0,23692.436,1.0,7837.2300472875295,0.6418807796329368
Viewpoint 1,6590,28906.400671,1.0,26124.115,1.0,25488.498,1.0,8840.8491932328,0.7961020945320975
Viewpoint 1,6591,7397.467568,0.628936,7978.9199,0.893382,13507.997,0.9998322,40090.8290974624,1.0
Viewpoint 1,6592,3261.658816,0.393197,3396.8455,0.3832906,3420.3376,0.3826313,3196.0502849454365,0.3902369450257584
Viewpoint 1,6593,516.223178,0.189302,679.80231,0.1989044,686.96564,0.2003247561738074,658.6791791860734,0.2361336977256145
Viewpoint 1,6606,0.0,0.159,0.0,0.159,0.0,0.0,1.6482334671119738e-05,0.160000000967513
Viewpoint 1,6607,736.887561,0.202255,744.24109,0.202687,752.94366,0.2041977582143676,741.1283236592799,0.2035042325987997
Viewpoint 1,6608,1671.03057,0.280757,1682.2909,0.2661625,1702.2357,0.2642392,1657.9176539818632,0.2802291367261663
Viewpoint 1,6609,2628.365581,0.335609,2649.6348,0.3268138,2681.1794,0.3241625,2625.781383494128,0.3381778654577606
Viewpoint 1,6610,3510.505979,0.38754,3525.9026,0.3803984,3567.2983,0.3786133,3472.6316423309795,0.3883480955282557
Viewpoint 1,6611,4199.350145,0.428105,4198.3877,0.4202337,4245.1411,0.4191296,4161.36397178744,0.4290891440286769
Viewpoint 1,6612,4571.417795,0.450466,4586.2461,0.4440901,4633.9058,0.4426756,4505.353781897173,0.4498552433870729
Viewpoint 1,6613,4558.762571,0.4506,4591.3403,0.445125,4635.6772,0.4435863,4484.59142321972,0.4497352884896782
Viewpoint 1,6614,4061.438586,0.422589,4098.0796,0.4172239,4135.4229,0.415403,4057.818504043066,0.4265643399869199
Viewpoint 1,6615,3093.403654,0.367121,3141.2202,0.3612816,3169.0078,0.3591199,3048.4356200008065,0.3695571232979415
Viewpoint 1,6616,1963.628656,0.309395,2009.9545,0.2953053,2027.2761,0.2932741,1923.003889734262,0.307000779722415
Viewpoint 1,6617,751.186147,0.230845,881.55035,0.210747,890.78607,0.2122890060170278,911.71633185303,0.2647951501468168
Viewpoint 1,6630,0.0,0.159,0.0,0.159,0.0,0.0,1.648015836007801e-05,0.1600000009673853
Viewpoint 1,6631,1870.427149,0.319493,2030.28,0.2844673,2008.7124,0.2804102,1673.5077610113335,0.2807810616905211
Viewpoint 1,6632,1985.05426,0.297165,2001.5143,0.2877612,2025.6636,0.2835006,1969.929179045872,0.2991092011182145
Viewpoint 1,6633,3144.523031,0.36569,3154.2605,0.3571931,3192.719,0.3559057,3121.9364921665106,0.3668010676891414
Viewpoint 1,6634,8337.737092,0.673768,8390.4229,0.6596591,8857.9121,0.6835682,7609.382734745079,0.6240190346386474
Viewpoint 1,6635,10634.106943,0.815564,10509.096,0.7847648,10750.011,0.7956992,9449.361992909286,0.7323634424932783
Viewpoint 1,6636,5765.132327,0.520042,5763.2407,0.5131902,5820.0874,0.5122883,5638.915246148703,0.5157882971471954
Viewpoint 1,6637,5920.79255,0.530383,5959.3208,0.52584,6011.4395,0.5247622,5781.237486860231,0.5258509633935344
Viewpoint 1,6638,5375.680348,0.500409,5442.3257,0.4973421,5485.7202,0.4957527,5345.87921667449,0.5032348733623905
Viewpoint 1,6639,4165.385285,0.431406,4249.5381,0.4293415,4281.8965,0.4271169,4080.298206449489,0.4326740020511381
Viewpoint 1,6640,2654.293835,0.354287,2747.1208,0.3429607,2767.6064,0.3408806,2596.3982410178005,0.3512952643522698
Viewpoint 1,6641,1400.782314,0.28638,1443.9502,0.260759,1458.9794,0.2647555,1493.2292210950543,0.3035499891822955
Viewpoint 1,6654,0.0,0.159,0.0,0.159,0.0,0.0,1.6477958052419263e-05,0.1600000009672561
Viewpoint 1,6655,1491.6422,0.292666,1597.9098,0.2560612,1583.8557,0.2539312,1320.9607733534524,0.254268436287596
Viewpoint 1,6656,2041.660629,0.300546,2058.7969,0.2911164,2083.7495,0.2869111,2025.5800035780169,0.3023612027227117
Viewpoint 1,6657,3247.314644,0.371513,3258.0273,0.3641419,3298.0278,0.3620272,3223.150591068305,0.3726210107017015
Viewpoint 1,6658,6668.215407,0.578387,6774.0771,0.5642375,7151.4106,0.583067,6056.595559722392,0.5325018336947503
Viewpoint 1,6659,8372.69833,0.682561,8471.4414,0.6648763,8671.5215,0.6733782,7542.508938614498,0.6198856721531147
Viewpoint 1,6660,14296.140907,1.0,9848.9287,0.8336574,15329.728,1.0,18205.112276857668,1.0
Viewpoint 1,6661,6205.083907,0.547214,6259.8555,0.5435683,6313.2207,0.5425739,6059.805044201113,0.5421657271129033
Viewpoint 1,6662,5689.675892,0.518984,5776.0337,0.5172177,5820.3003,0.5156786,5659.6213043342605,0.5218659390472371
Viewpoint 1,6663,8608.528428,0.699558,9299.8369,0.8726491,14402.461,1.0,39599.03050844772,1.0
Viewpoint 1,6664,2803.6888,0.363842,2910.6624,0.3532631,2931.4255,0.3519607,2743.4622556565646,0.3610316042071873
Viewpoint 1,6678,0.0,0.159,0.0,0.159,0.0,0.0,1.6475732462451898e-05,0.1600000009671255
Viewpoint 1,6679,1227.645317,0.282643,1320.356,0.2389349,1314.7507,0.237362,1081.1225730587796,0.2314654692309608
Viewpoint 1,6680,2048.623407,0.300853,2058.6455,0.2911013,2083.6189,0.2869035,2025.230566309716,0.3023146837226496
Viewpoint 1,6681,4206.806149,0.421637,4386.4775,0.4254134,4435.7085,0.423288,3553.327173376056,0.3865013248739103
Viewpoint 1,6682,4420.620895,0.440287,4411.1274,0.4321868,4464.4731,0.4309613,4338.679537998918,0.4381732038384428
Viewpoint 1,6683,5396.499598,0.497823,5380.6211,0.4900282,5439.9609,0.4892115,5317.194247735535,0.4958670702995876
Viewpoint 1,6684,12522.030997,0.954261,9280.835,0.7960281,13498.757,0.969871,15928.454552974876,1.0
Viewpoint 1,6685,20522.759387,1.0,21210.643,1.0,22059.742,1.0,8735.766023996484,0.696188105410925
Viewpoint 1,6686,33105.512275,1.0,35272.18,1.0,28320.039,1.0,11522.896168910924,0.9332479366213612
Viewpoint 1,6687,7672.766768,0.646077,8464.749,0.8315024,13481.018,0.9945117,38721.3533536952,1.0
Viewpoint 1,6688,5130.394872,0.551277,5709.8818,0.5943111,6722.0781,0.6182652,4326.612092952019,0.516213131354458
Viewpoint 1,6702,0.0,0.159,0.0,0.159,0.0,0.0,1.6473480416677058e-05,0.1600000009669933
Viewpoint 1,6703,858.863244,0.223395,905.82941,0.2127527,911.26892,0.2134915037011867,798.3695089597664,0.2080593310586165
Viewpoint 1,6704,1931.097146,0.295535,1976.717,0.285207,2045.5845,0.2827774,1758.4238554778478,0.284980105613688
Viewpoint 1,6705,3127.179151,0.361266,3170.5249,0.3545935,3217.2263,0.3534407,2833.761792815166,0.346283639031138
Viewpoint 1,6706,2445.26329,0.324984,2456.8662,0.315671,2485.3052,0.3127149,2420.4011639312444,0.327021873101444
Viewpoint 1,6707,5398.73037,0.493817,5406.2578,0.4873872,5500.4458,0.4890576,5039.579615789819,0.4739384955780842
Viewpoint 1,6708,7869.787294,0.657379,6732.6001,0.5968325,8268.0908,0.6561174,8751.94904124657,0.752294263497204
Viewpoint 1,6709,10971.747926,0.861087,11381.953,0.9040788,11549.685,0.8576022,7210.36803921248,0.6080721824666635
Viewpoint 1,6710,12995.857173,1.0,11282.584,0.9800255,11940.693,0.8896787,7616.632159777664,0.6562083853232631
Viewpoint 1,6711,6183.005375,0.550687,6489.2041,0.5647166,8003.6235,0.6573142,15551.59797152084,1.0
Viewpoint 1,6712,1149.883218,0.25368,1168.65,0.2302563,1180.2063,0.2330508,1133.3630913693107,0.248332551975301
Viewpoint 1,6726,0.0,0.159,0.0,0.159,0.0,0.0,1.6471200868392427e-05,0.1600000009668594
Viewpoint 1,6727,670.273091,0.198345,676.9726,0.1987383,684.87378,0.2002020946193526,670.8178118313017,0.1993770055544974
Viewpoint 1,6728,1593.191463,0.276122,1606.4867,0.2616872,1625.5159,0.2597261,1583.2246935897244,0.2753279874683715
Viewpoint 1,6729,2539.739104,0.330389,2553.8203,0.3211646,2584.2124,0.3183342,2530.256430764456,0.3325233277265528
Viewpoint 1,6730,3418.127143,0.38228,3434.8269,0.3750205,3475.1965,0.3731916,3380.8550143181064,0.3828667079581884
Viewpoint 1,6731,4088.645662,0.421737,4099.6333,0.4144108,4145.3945,0.4128671,4059.64154997428,0.4230342547816235
Viewpoint 1,6732,4483.013303,0.445312,4492.811,0.4385931,4539.4897,0.437126,4408.137023321112,0.4440477819405538
Viewpoint 1,6733,4476.109962,0.445689,4498.2231,0.4396653,4541.396,0.438072,4386.023969602783,0.4438442654690275
Viewpoint 1,6734,3966.515128,0.417164,4016.7302,0.4124809,4052.822,0.4103601,3969.254075626408,0.4212452305790298
Viewpoint 1,6735,3012.997264,0.36645,3065.665,0.3569008,3092.293,0.3547034,2967.387935011213,0.364634762852143
Viewpoint 1,6736,1877.125078,0.30421,1924.5099,0.2890512,1940.5402,0.2869949,1832.0469050974648,0.3016038588533132
Viewpoint 1,6750,0.0,0.159,0.0,0.159,0.0,0.0,1.6468892907291392e-05,0.160000000966724
Viewpoint 1,6751,0.0,0.159,0.0,0.159,0.0,0.0,1.6921511890793116e-05,0.1600000009932927
Viewpoint 1,6752,0.0,0.159,0.0,0.159,0.0,0.0,1.7106972911545444e-05,0.1600000010041793
Viewpoint 1,6753,0.0,0.159,0.0,0.159,0.0,0.0,1.7311874093219447e-05,0.160000001016207
Viewpoint 1,6754,0.0,0.159,0.0,0.159,0.0,0.0,1.7206045922167782e-05,0.1600000010099949
Viewpoint 1,6755,0.0,0.159,0.0,0.159,0.0,0.0,1.7307534557597713e-05,0.1600000010159522
Viewpoint 1,6756,0.0,0.159,0.0,0.159,0.0,0.0,1.7104653551160717e-05,0.1600000010040431
Viewpoint 1,6757,0.0,0.159,0.0,0.159,0.0,0.0,1.6896745923460666e-05,0.1600000009918389
Viewpoint 1,6758,0.0,0.159,0.0,0.159,0.0,0.0,1.692220562252096e-05,0.1600000009933334
Viewpoint 1,6759,0.0,0.159,0.0,0.159,0.0,0.0,1.6454876182968547e-05,0.1600000009659012
Viewpoint 1,6760,0.0,0.159,0.0,0.159,0.0,0.0,1.62370354428825e-05,0.1600000009531139
Viewpoint 1,6774,0.0,0.159,0.0,0.159,0.0,0.0,1.646655574454762e-05,0.1600000009665868
Viewpoint 1,6775,50.94599,0.161991,51.153954,0.1620027,51.740391,0.1630370699043503,50.75242391573104,0.1629791672838534
Viewpoint 1,6776,120.518173,0.166074,121.0174,0.1661037,122.39886,0.1671845931456419,119.71255128554714,0.1670271267604616
Viewpoint 1,6777,203.76156,0.170961,205.15808,0.1710428,207.5092,0.1721806384038211,203.9291320260592,0.1719706400499296
Viewpoint 1,6778,253.43634,0.173877,255.38577,0.1739911,258.33267,0.1751640500927818,252.01905892979863,0.1747935187591791
Viewpoint 1,6779,300.477831,0.176638,303.2764,0.1768023,306.79993,0.1780090838170159,301.7956662308171,0.1777154056077489
Viewpoint 1,6780,314.882889,0.177484,316.63126,0.1775863,320.33878,0.1788038564446802,313.3889375804167,0.1783959306359704
Viewpoint 1,6781,294.364878,0.176279,295.70029,0.1763576,299.20041,0.1775630543439462,292.5605065028713,0.1771733017317185
Viewpoint 1,6782,240.661234,0.173127,242.24496,0.1732198,245.14896,0.1743902060208131,244.0805556591976,0.1743275286171949
Viewpoint 1,6783,173.211622,0.169168,174.21692,0.1692265,176.32614,0.1703501497738348,173.73637907195047,0.1701983254515235
Viewpoint 1,6784,92.902831,0.164453,93.310349,0.1644773,94.441513,0.165543512106895,93.1264212209349,0.1654665209256688
Viewpoint 1,6798,0.0,0.159,0.0,0.159,0.0,0.0,1.646418876542007e-05,0.1600000009664479
Viewpoint 1,6799,16.906372,0.159992,17.04705,0.1600007,17.242428,0.1610120947591725,16.913394770606093,0.1609928162730345
Viewpoint 1,6800,34.424182,0.161021,34.610535,0.1610316,35.005512,0.1620547255603918,34.1940709990498,0.1620071919676442
Viewpoint 1,6801,51.870235,0.162045,52.265835,0.162068,52.864643,0.1631030126785755,51.61219651755486,0.1630296359355804
Viewpoint 1,6802,51.83025,0.162042,52.315884,0.1620709,52.919647,0.1631062759447945,51.58496048674383,0.1630280371805718
Viewpoint 1,6803,69.187248,0.163061,69.566032,0.1630835,70.374916,0.1641308812656068,69.17817074784129,0.1640607586228983
Viewpoint 1,6804,68.457518,0.163018,69.104874,0.1630565,69.91539,0.1641037939273247,68.35326460902539,0.1640123366325498
Viewpoint 1,6805,67.567547,0.162966,68.276375,0.1630078,69.086746,0.1640551670112543,67.51009177216065,0.1639628423870258
Viewpoint 1,6806,50.013026,0.161936,50.35685,0.161956,50.962948,0.1629914493197914,50.705776961586295,0.1629764291076451
Viewpoint 1,6807,32.852975,0.160928,32.989403,0.1609365,33.390949,0.161960009256791,32.87356835584671,0.1619296784624882
Viewpoint 1,6808,16.201496,0.159951,16.283655,0.1599558,16.482378,0.1609674973274084,16.223133909430935,0.1609522979604836
Viewpoint 1,6822,0.0,0.159,0.0,0.159,0.0,0.0,1.6461791537217424e-05,0.1600000009663071
Viewpoint 1,6823,1140.098083,0.253966,1224.9281,0.2313431,1264.5721,0.2342305,982.7219823997848,0.2240637377460124
Viewpoint 1,6824,2125.19713,0.305421,2138.2949,0.2957286,2164.5271,0.2916695,2100.98173041394,0.3065067366509002
Viewpoint 1,6825,4322.826863,0.429572,4636.3589,0.4388137,4636.0479,0.4346858,3768.554627920926,0.3982732904219487
Viewpoint 1,6826,7416.294414,0.624826,7918.7695,0.6290441,8530.0332,0.6624787,6539.904228205479,0.5625126127548298
Viewpoint 1,6827,7609.210245,0.634774,7822.1855,0.6259592,8063.6826,0.6372492,6813.309193008513,0.5769953213043436
Viewpoint 1,6828,6829.59029,0.582532,6860.46,0.5775781,6924.459,0.577081,6654.704357789653,0.5745599872888589
Viewpoint 1,6829,7274.245404,0.610177,7351.7231,0.6080586,7407.6714,0.6072825,7075.665808869927,0.6013199320128539
Viewpoint 1,6830,6744.889925,0.581729,6860.8774,0.5819801,6904.7217,0.5805115,6650.293793104834,0.5805984617020212
Viewpoint 1,6831,5153.662879,0.490794,5296.0039,0.4929869,5327.6099,0.4903785,5015.152119224506,0.4893215470742473
Viewpoint 1,6832,4320.124637,0.505168,4987.248,0.5545137,5259.4194,0.514217,3797.760686925022,0.4784205828266006
Viewpoint 1,6846,0.0,0.159,0.0,0.159,0.0,0.0,1.6459363806542423e-05,0.1600000009661646
Viewpoint 1,6847,1586.332303,0.281667,1688.2386,0.2634608,1738.9596,0.2645126,1423.64824794358,0.2628884439329204
Viewpoint 1,6848,3579.495575,0.392175,3603.1018,0.3909659,3757.8608,0.3841716,3005.7501855868527,0.3572627594091249
Viewpoint 1,6849,2676.463571,0.3383,2702.083,0.3298445,2734.5442,0.327255,2659.576685830308,0.3400745440866911
Viewpoint 1,6850,3666.483067,0.396466,3664.8381,0.3884387,3708.3203,0.3867784,3603.3581636873264,0.395580941040656
Viewpoint 1,6851,9925.034441,0.769961,10037.757,0.7581465,10294.981,0.769704,9176.960622223978,0.7167355635267512
Viewpoint 1,6852,4934.742505,0.471888,4945.0562,0.4651707,4995.2734,0.4638913,4835.821002982533,0.4688062576064441
Viewpoint 1,6853,4987.429396,0.475914,5024.4214,0.4707977,5070.1943,0.469362,4900.630330434318,0.4737570220768945
Viewpoint 1,6854,4466.558926,0.446729,4516.1987,0.4424473,4553.6899,0.4406089,4436.639381312146,0.4490400325760878
Viewpoint 1,6855,10565.336928,0.81424,11184.027,0.8362698,15078.404,1.0,39170.26967770058,1.0
Viewpoint 1,6856,2099.013485,0.319069,2170.8162,0.30621,2186.7239,0.3043314,2044.4317343713467,0.3161955466206433
Viewpoint 1,6870,0.0,0.159,0.0,0.159,0.0,0.0,1.6456905541988728e-05,0.1600000009660203
Viewpoint 1,6871,1085.879239,0.246077,1171.4364,0.2282653,1210.746,0.2310708,968.3413893091284,0.2215442677247349
Viewpoint 1,6872,1876.490135,0.290706,1893.5778,0.2786707,1916.4562,0.276872,1862.7815476343967,0.2923353245095191
Viewpoint 1,6873,3071.92863,0.361228,3086.8176,0.3531604,3124.6755,0.3509346,3033.924939126476,0.3616094802830237
Viewpoint 1,6874,6093.483051,0.533369,6060.4697,0.5219532,6371.624,0.5372002,5274.4174297835125,0.4864370167601779
Viewpoint 1,6875,10016.368819,0.781997,9823.3174,0.7430134,10166.688,0.7602668,8453.21139479373,0.673496921544986
Viewpoint 1,6876,13669.813029,1.0,9299.4707,0.816038,14482.107,1.0,15831.062314000756,1.0
Viewpoint 1,6877,6146.948064,0.544108,6205.8921,0.540546,6257.2646,0.5394589,6007.0573845240215,0.5386373995679737
Viewpoint 1,6878,5596.913877,0.513932,5681.3818,0.5118791,5722.3213,0.5102548,5536.311565538469,0.5144226697214497
Viewpoint 1,6879,8049.868546,0.671586,8614.9111,0.6827789,12395.347,0.9240163,36967.31997364887,1.0
Viewpoint 1,6880,2638.787552,0.353407,2757.0303,0.3445534,2773.7292,0.3420599,2584.1308895102247,0.3516804265578228
Viewpoint 1,6894,0.0,0.159,0.0,0.159,0.0,0.0,1.645441695197583e-05,0.1600000009658742
Viewpoint 1,6895,650.501456,0.221734,694.14899,0.1997465,729.83734,0.2028414736466854,544.2711714937053,0.1957308114224975
Viewpoint 1,6896,1629.913566,0.287213,1731.4406,0.2937727,1768.5983,0.2639937,1242.3681546210296,0.2379263678175787
Viewpoint 1,6897,5063.967808,0.474609,5320.9727,0.4790899,5422.9155,0.479524,3969.928929053824,0.4112769228038759
Viewpoint 1,6898,6847.072405,0.592075,7257.1187,0.5896971,7803.3652,0.619482,5769.932708829554,0.5180725456253324
Viewpoint 1,6899,5335.237594,0.503337,5411.4351,0.484537,5604.6772,0.4927477,4703.043494594233,0.4543677131971084
Viewpoint 1,6900,10376.176927,0.843397,6555.5181,0.671026,11222.439,0.8386686,12376.29148462928,1.0
Viewpoint 1,6901,26590.079191,1.0,26246.613,1.0,26107.135,1.0,7615.928324995912,0.6309831873251386
Viewpoint 1,6902,34859.445422,1.0,15984.529,1.0,29380.016,1.0,9704.231007422668,0.8385008859984083
Viewpoint 1,6903,5715.696472,0.516901,6614.79,0.5628104,10074.779,0.7907735,33535.603427145215,1.0
Viewpoint 1,6904,3601.409567,0.463974,4182.4688,0.4881743,3730.4944,0.4004393,3114.754627996061,0.4400714613750963
Viewpoint 1,6918,0.0,0.159,0.0,0.159,0.0,0.0,1.6553934954098807e-05,0.160000000971716
Viewpoint 1,6919,1681.904782,0.28815,1777.7612,0.2687857,1850.4823,0.2709562,1485.2140019855042,0.2670851110660857
Viewpoint 1,6920,1677.195195,0.280906,1688.2167,0.2665395,1708.3917,0.2646053,1662.2071828163043,0.2802158995361564
Viewpoint 1,6921,6337.232972,0.548868,6428.186,0.5450595,6564.228,0.5488799,5500.5205713152045,0.5003825904628093
Viewpoint 1,6922,3794.99207,0.403931,3790.5305,0.395763,3835.7974,0.3941967,3729.110743970996,0.4027960191857296
Viewpoint 1,6923,11244.905542,0.848054,11186.762,0.8254448,11508.654,0.8408042,10159.381102755293,0.7747442892576575
Viewpoint 1,6924,5186.335476,0.486552,5206.8916,0.4805574,5259.0762,0.4793814,5080.446794121389,0.4829394053337921
Viewpoint 1,6925,5302.58051,0.494512,5340.7422,0.4895192,5387.8008,0.4881659,5192.274788613952,0.4908223504915737
Viewpoint 1,6926,4757.421755,0.464215,4814.7466,0.4603207,4852.6089,0.4585328,4711.96190523087,0.4653893238808786
Viewpoint 1,6927,3594.313155,0.397771,3672.127,0.3948599,3699.4993,0.3918282,3511.728187682071,0.3979180996987712
Viewpoint 1,6928,2235.957495,0.327924,2323.6245,0.3176706,2338.9443,0.3149168,2177.816805718748,0.3253158528671146
Viewpoint 1,6942,0.0,0.159,0.0,0.159,0.0,0.0,1.6551409018264195e-05,0.1600000009715677
Viewpoint 1,6943,911.865475,0.217509,954.49213,0.2156378,985.43268,0.2178449006369332,839.9952117286747,0.2103433952310416
Viewpoint 1,6944,1095.514846,0.2348,1103.7111,0.2246395,1116.5608,0.2270024,1089.2108395767086,0.2354247394022817
Viewpoint 1,6945,1803.930184,0.28925,1815.6217,0.2741077,1836.8232,0.2722802,1790.38071640562,0.2889305589906364
Viewpoint 1,6946,2447.738951,0.325184,2457.582,0.3156946,2486.1128,0.3127566,2423.0737144061263,0.3270583544785221
Viewpoint 1,6947,6673.732833,0.570016,6712.7354,0.5642488,6857.5347,0.5688934,6291.101392519801,0.5472319843673753
Viewpoint 1,6948,3125.563734,0.365637,3135.821,0.3579794,3169.9978,0.3558596,3083.4224468079155,0.3664342725994215
Viewpoint 1,6949,14428.07752,1.0,11910.282,0.947319,14873.293,1.0,8875.335632645469,0.7062193990594936
Viewpoint 1,6950,2589.495095,0.337784,2615.4419,0.3270987,2641.6172,0.3240926,2598.862812789183,0.3393217113504745
Viewpoint 1,6951,7401.201959,0.620628,7865.1982,0.7778956,10128.831,0.786886,19681.67524700199,1.0
Viewpoint 1,6952,4525.218666,0.494695,5191.4771,0.5237058,4638.4673,0.4536954,4038.136340369837,0.4708201933040168
Viewpoint 1,6966,0.0,0.159,0.0,0.159,0.0,0.0,1.6548854105805373e-05,0.1600000009714177
Viewpoint 1,6967,888.236602,0.218698,931.64594,0.2142572,971.51147,0.2170277008862646,805.2298440591151,0.2098533307418331
Viewpoint 1,6968,2334.399061,0.320495,2507.3792,0.3210183,2475.5745,0.3078274,2046.708349521768,0.3014343544689822
Viewpoint 1,6969,2104.137592,0.304623,2113.9978,0.2946336,2138.9036,0.2903206,2083.046859347127,0.3065548129068922
Viewpoint 1,6970,2850.938702,0.34892,2860.397,0.3402807,2893.8181,0.3375899,2818.178618524119,0.3500443513914887
Viewpoint 1,6971,7155.74486,0.601765,6986.8789,0.5798634,7157.5898,0.5860803,6466.298085383378,0.5570818147619132
Viewpoint 1,6972,11311.770136,0.866409,8967.7275,0.7599118,12003.681,0.8794796,12289.714979298738,0.9744304500227124
Viewpoint 1,6973,16412.368614,1.0,16746.848,1.0,16982.83,1.0,9124.152649801292,0.7209441777160438
Viewpoint 1,6974,3185.657208,0.370931,3220.4602,0.3644776,3250.5752,0.3623554,3184.6180671082943,0.3743497053606185
Viewpoint 1,6975,7426.453413,0.622835,8070.6475,0.8112954,10983.094,0.8403504,23913.063547043468,1.0
Viewpoint 1,6976,1442.440474,0.276442,1480.9338,0.255492,1493.1874,0.2531679,1402.436854867062,0.2735416702732415
Viewpoint 1,6990,0.0,0.159,0.0,0.159,0.0,0.0,1.6546271089545008e-05,0.1600000009712661
Viewpoint 1,6991,317.637127,0.177645,320.12473,0.1777913,323.81012,0.1790076295540872,317.8962177598952,0.1786605079825058
Viewpoint 1,6992,868.753267,0.210069,874.73248,0.2103468,884.8454,0.2119404069276874,863.8410812685318,0.2107074714704628
Viewpoint 1,6993,1441.008941,0.267149,1454.8018,0.2509193,1471.6646,0.2503802,1435.5069122412024,0.2669315982089589
Viewpoint 1,6994,1958.738366,0.298953,1967.7864,0.2861438,1990.5342,0.2815736,1941.2329376346229,0.2988088360293064
Viewpoint 1,6995,2310.959692,0.317384,2321.5115,0.3071461,2347.9746,0.3047311,2303.207645595893,0.3203108719226626
Viewpoint 1,6996,2450.367263,0.328294,2461.3289,0.3161636,2488.7695,0.3131655,2424.6642895684136,0.3277101054747334
Viewpoint 1,6997,2332.514296,0.321606,2342.2383,0.3093327,2367.6772,0.3062572,2314.104538258327,0.3213189796828871
Viewpoint 1,6998,1963.296311,0.300303,1980.4308,0.2875236,2001.4326,0.2828207,1975.7597076697875,0.3018691591428921
Viewpoint 1,6999,1424.924762,0.268464,1440.9844,0.2525606,1456.0312,0.250313,1414.3463345055957,0.2676955809014452
Viewpoint 1,7000,835.683217,0.218354,850.57007,0.2089285,859.00677,0.2104236127875331,814.6684289804349,0.2078210367811515
Viewpoint 1,7014,0.0,0.159,0.0,0.159,0.0,0.0,1.6543660850297317e-05,0.1600000009711129
Viewpoint 1,7015,891.435036,0.21365,939.79028,0.2147312,989.47351,0.2180821005786936,802.2614077943066,0.2098946411936764
Viewpoint 1,7016,1353.570782,0.260705,1361.2985,0.2437452,1377.3303,0.2447948,1341.9137778305983,0.2591802459652129
Viewpoint 1,7017,3861.727541,0.402443,3961.4646,0.4006073,4033.8899,0.4003071,3417.7901298037127,0.3782133050961794
Viewpoint 1,7018,3102.169893,0.363422,3102.8596,0.3545126,3139.3311,0.3531709,3054.881055307661,0.3637066871534684
Viewpoint 1,7019,7295.270593,0.617866,6917.5703,0.5752929,7108.6895,0.5828145,6313.668573536993,0.5478778186090097
Viewpoint 1,7020,11621.285482,0.898961,8928.8145,0.7720586,12590.57,0.9169111,12884.714678029157,1.0
Viewpoint 1,7021,17503.654227,1.0,15748.877,1.0,18138.543,1.0,8819.945641821692,0.7030611637501372
Viewpoint 1,7022,24074.027605,1.0,28555.869,1.0,21924.918,1.0,9706.718181099806,0.7980537164472826
Viewpoint 1,7023,7582.783262,0.630303,8132.3892,0.8312461,11440.457,0.8696893,27426.57380463428,1.0
Viewpoint 1,7024,1641.859784,0.289911,1698.5062,0.2735972,1711.2266,0.2737283,1582.5289254255006,0.2865900110121525
Viewpoint 1,7038,0.0,0.159,0.0,0.159,0.0,0.0,1.654102423064711e-05,0.1600000009709581
Viewpoint 1,7039,1024.506735,0.233517,1104.7224,0.2242643,1238.149,0.2326794,828.1964739881379,0.2165850763383848
Viewpoint 1,7040,2063.099354,0.301485,2080.345,0.292265,2106.0095,0.288211,2042.255867551196,0.3028343249139802
Viewpoint 1,7041,4502.507048,0.445856,4857.3696,0.4560165,4909.6421,0.4495508,3592.0205483917625,0.3888051353885137
Viewpoint 1,7042,6142.882131,0.557286,6114.228,0.521125,6679.79,0.5527561,3940.072163607264,0.408946346853978
Viewpoint 1,7043,6450.185755,0.576083,6776.8218,0.5605941,7189.3643,0.5833403,5203.154236488797,0.4914464353224606
Viewpoint 1,7044,15478.961164,1.0,8032.1997,0.7995346,17632.535,1.0,19028.46368787181,1.0
Viewpoint 1,7045,26255.163334,1.0,22801.098,1.0,27057.277,1.0,5700.726774136424,0.5187887821802646
Viewpoint 1,7046,36435.209715,1.0,38340.805,1.0,32874.859,1.0,7738.771429162054,0.740188725898031
Viewpoint 1,7047,5604.12145,0.515453,6537.1016,0.7883843,11429.468,0.8812605,36155.20006678353,1.0
Viewpoint 1,7048,2952.315581,0.420812,3167.8284,0.4520705,2947.1372,0.3528028,2845.668088268381,0.4265924510411255
Viewpoint 1,7062,0.0,0.159,0.0,0.159,0.0,0.0,1.653836200104037e-05,0.1600000009708018
Viewpoint 1,7063,627.114567,0.204753,663.08533,0.1979231,747.64966,0.2038870793759973,496.6668589064866,0.1942637401055772
Viewpoint 1,7064,2360.86959,0.365333,2504.0669,0.3982106,2495.0359,0.3065375,1348.5382935416558,0.2520212620286467
Viewpoint 1,7065,3922.910825,0.407704,4275.9814,0.4251151,4349.6274,0.4156525,2908.523694435881,0.3478588841022325
Viewpoint 1,7066,5743.829758,0.535743,6063.4839,0.518303,6608.0474,0.5484621,3830.253108334584,0.403128145446713
Viewpoint 1,7067,6540.84631,0.586439,6571.0869,0.5482403,6990.9966,0.5715651,5015.041331028752,0.4811988454647059
Viewpoint 1,7068,15079.151616,1.0,7894.5547,0.7934072,17587.047,1.0,18901.43400207197,1.0
Viewpoint 1,7069,26370.200358,1.0,29688.273,1.0,26983.975,1.0,5481.487906479423,0.5058920409965352
Viewpoint 1,7070,37414.583628,1.0,54489.801,1.0,32971.75,1.0,7532.069373084839,0.7301689997717746
Viewpoint 1,7071,5576.67227,0.512749,6441.2646,0.5644329,11107.695,0.8629778,35839.068184077776,1.0
Viewpoint 1,7072,2255.353279,0.393029,2574.5293,0.4283033,2310.0903,0.3163554,2204.4471412343983,0.4004853139686235
Viewpoint 1,7086,0.0,0.159,0.0,0.159,0.0,0.0,1.653567485474123e-05,0.1600000009706441
Viewpoint 1,7087,1029.733298,0.23224,1091.7747,0.2235394,1228.3854,0.2321063,836.7518792100169,0.2163629954216809
Viewpoint 1,7088,2677.000264,0.381461,3029.8071,0.420168,2855.4917,0.3278808,1640.532270351964,0.2729937016980734
Viewpoint 1,7089,4805.609929,0.462738,4947.2466,0.4630663,4960.6055,0.4519316,3376.5275051161125,0.3763291053160492
Viewpoint 1,7090,6688.014934,0.587928,6725.5879,0.5590578,7186.4829,0.5835844,4823.458396442525,0.4602749744761892
Viewpoint 1,7091,7873.592465,0.663281,7448.5356,0.6011697,7883.8926,0.6245121,5805.935712293002,0.5252828054280545
Viewpoint 1,7092,15561.752673,1.0,12770.442,1.0,18683.469,1.0,19730.088098087534,1.0
Viewpoint 1,7093,27966.896895,1.0,28104.551,1.0,28685.889,1.0,7883.654214596113,0.6473286953409293
Viewpoint 1,7094,7400.245628,0.62075,7551.8242,0.6235934,7588.9507,0.6221359,7225.443064464134,0.6147509406199078
Viewpoint 1,7095,5490.375013,0.511076,5682.2852,0.5171704,5706.6724,0.5139308,5327.18067262032,0.5078622541127906
Viewpoint 1,7096,2934.626836,0.369272,3141.7039,0.3682584,3152.3762,0.3645536,3017.291222908912,0.3806470462595772
Viewpoint 1,7110,0.0,0.159,0.0,0.159,0.0,0.0,1.6532963449296177e-05,0.1600000009704849
Viewpoint 1,7111,1026.114963,0.233022,1066.2576,0.2220878,1190.2765,0.2298693,838.9681200638765,0.2159193176773731
Viewpoint 1,7112,2814.590515,0.376231,3088.7659,0.4133582,2992.0928,0.3367064,2836.8268442105764,0.4386948732047038
Viewpoint 1,7113,4562.082553,0.446645,4674.7949,0.4442827,4755.4893,0.441297,3668.5113708417166,0.3939701920911788
Viewpoint 1,7114,6412.542455,0.570204,6888.0312,0.5678899,7433.6416,0.5977951,4745.480707816769,0.4561418015390436
Viewpoint 1,7115,7581.747502,0.643398,7732.4609,0.619895,8782.8867,0.6813902,6317.415906099732,0.5515591960153508
Viewpoint 1,7116,16325.031482,1.0,12990.742,1.0,18042.076,1.0,18746.61152974681,1.0
Viewpoint 1,7117,7056.397113,0.597903,7139.2393,0.5958773,7192.2197,0.5949407,6847.811985468768,0.587800160457483
Viewpoint 1,7118,38690.030363,1.0,51323.938,1.0,34622.301,1.0,10097.592631171576,0.8574699212116431
Viewpoint 1,7119,6289.402407,0.549648,7523.5186,0.6258149,11669.21,0.8919942,34772.29763741161,1.0
Viewpoint 1,7120,2817.698052,0.402303,3031.0171,0.4288453,2857.0042,0.3465651,2727.0133313610563,0.4057917921441235
Viewpoint 1,7134,0.0,0.159,0.0,0.159,0.0,0.0,1.6530228411007853e-05,0.1600000009703244
Viewpoint 1,7135,650.798178,0.207916,663.25256,0.1979329,748.24121,0.2039217768774507,513.4085614810823,0.194296201486386
Viewpoint 1,7136,1840.502619,0.302511,1934.6425,0.2929646,1987.183,0.2777087,1875.999243057989,0.3635985729272907
Viewpoint 1,7137,4272.408576,0.435528,4659.0151,0.446527,4719.7061,0.4377734,3254.2973784312253,0.3724479727130511
Viewpoint 1,7138,4363.250529,0.430771,4577.5264,0.4334037,4903.6626,0.4499022,3424.466221895962,0.3792324014515426
Viewpoint 1,7139,7111.179587,0.620216,7440.5938,0.6003365,8780.9277,0.6813763,5627.597703460135,0.5152319446603598
Viewpoint 1,7140,15973.759815,1.0,12372.713,1.0,18658.971,1.0,19502.479146911137,1.0
Viewpoint 1,7141,27596.019876,1.0,21330.41,1.0,28095.412,1.0,6498.549472238618,0.5663005037445124
Viewpoint 1,7142,37871.785497,1.0,54717.18,1.0,33825.59,1.0,8560.549564829207,0.7791023588335386
Viewpoint 1,7143,6259.80874,0.547678,7090.3828,0.600994,11164.852,0.8640051,34349.98088753213,1.0
Viewpoint 1,7144,2178.951259,0.380915,2557.8499,0.4175096,2209.4351,0.3090661,2128.3117890638605,0.3876474436558278
Viewpoint 1,7158,0.0,0.159,0.0,0.159,0.0,0.0,1.6527470371318382e-05,0.1600000009701625
Viewpoint 1,7159,568.493083,0.208494,588.29169,0.1935327,680.61835,0.1999523789649263,388.9165014494999,0.1895962720113231
Viewpoint 1,7160,2200.342148,0.346942,2322.1221,0.3395834,2402.9275,0.3011187,2333.276169566936,0.4309149116883574
Viewpoint 1,7161,4111.245816,0.420325,4196.5552,0.4190527,4299.769,0.4126728,2844.7307713110868,0.3499484923629913
Viewpoint 1,7162,5730.309718,0.530973,6088.5347,0.5190489,6626.8081,0.5494646,3688.793245189491,0.3950879648062219
Viewpoint 1,7163,6962.989859,0.612992,6463.7861,0.5414906,7780.937,0.6229008,4728.488962992046,0.4653989922943553
Viewpoint 1,7164,15705.823383,1.0,11838.143,0.9928654,17570.926,1.0,18454.35121141568,1.0
Viewpoint 1,7165,26579.26971,1.0,31949.43,1.0,27304.736,1.0,5149.283575724138,0.4863786185076556
Viewpoint 1,7166,37904.758837,1.0,44295.879,1.0,33457.684,1.0,7136.6389547443805,0.7101353033889719
Viewpoint 1,7167,5027.113192,0.472276,6078.9775,0.5439332,10328.808,0.8194355,34709.66889847987,1.0
Viewpoint 1,7168,1851.643663,0.339115,2244.0264,0.3816477,1950.3582,0.2917807,1853.0764850144528,0.3759461109729965
Viewpoint 1,7182,0.0,0.159,0.0,0.159,0.0,0.0,1.652974244255329e-05,0.1600000009702958
Viewpoint 1,7183,944.278125,0.224761,973.21259,0.2166152,1100.2703,0.2245859,762.0952946578594,0.2101867305022099
Viewpoint 1,7184,1804.064208,0.288128,1817.1531,0.2741813,1839.2659,0.2722942,1817.5392033248768,0.2890947329905255
Viewpoint 1,7185,4463.941495,0.443315,4562.4565,0.4370991,4732.5591,0.4393949,3604.258489779513,0.3902322967585564
Viewpoint 1,7186,5795.627366,0.535734,6084.9058,0.5197936,6488.4976,0.5418486,3994.7710939557,0.4117131994074965
Viewpoint 1,7187,7279.553922,0.619407,7670.4219,0.6158465,8699.4658,0.6761748,6233.69736934885,0.5469739940227399
Viewpoint 1,7188,16607.965699,1.0,9125.0723,0.8826202,18861.709,1.0,19528.281261627373,1.0
Viewpoint 1,7189,27471.717011,1.0,19206.047,1.0,28477.674,1.0,6527.651486646833,0.5681743883149796
Viewpoint 1,7190,38249.817135,1.0,46452.203,1.0,34126.434,1.0,8587.981237061455,0.7801458207704319
Viewpoint 1,7191,6963.221924,0.588697,7911.4292,0.6483232,11805.785,0.8993706,34109.26468954349,1.0
Viewpoint 1,7192,1957.399461,0.305281,2217.2927,0.3014738,2315.4468,0.3138848,2257.437345505544,0.3848636822650788
Viewpoint 1,7206,0.0,0.159,0.0,0.159,0.0,0.0,1.6526896905816368e-05,0.1600000009701288
Viewpoint 1,7207,950.188548,0.224921,965.72253,0.2156879,1102.6537,0.2247258,746.07199805997,0.2099055289805974
Viewpoint 1,7208,2403.891309,0.35642,2759.5142,0.37897,2583.9353,0.3119515,2471.7476782936506,0.42925295848417
Viewpoint 1,7209,4383.192268,0.440858,4396.6255,0.4296509,4605.3994,0.4309644,3156.1416958936825,0.3661154507066276
Viewpoint 1,7210,6351.222239,0.570377,6495.4136,0.5436381,6970.832,0.5700144,4158.198030668715,0.4216314590670738
Viewpoint 1,7211,7166.169249,0.622187,7362.1675,0.5957297,8638.4521,0.6724626,5560.676793290933,0.5114956341885283
Viewpoint 1,7212,17795.971187,1.0,10232.331,0.9362224,19569.914,1.0,20090.20700289459,1.0
Viewpoint 1,7213,7637.742039,0.632182,7713.9878,0.6299443,7768.1392,0.6291133,7368.83548623177,0.6183715933214555
Viewpoint 1,7214,39620.190121,1.0,42275.004,1.0,34912.27,1.0,9633.494325294963,0.8328696988465153
Viewpoint 1,7215,6028.890426,0.53271,6928.0825,0.5794364,10913.123,0.8506103,4973.3907782318165,0.4821064263235753
Viewpoint 1,7216,2172.930485,0.321028,2391.8992,0.3157765,2472.6868,0.3227808,2355.956966559677,0.3784187604099418
Viewpoint 1,7230,0.0,0.159,0.0,0.159,0.0,0.0,1.652403132957431e-05,0.1600000009699606
Viewpoint 1,7231,820.538141,0.214123,823.6123,0.207346,929.18738,0.2145433024194131,661.1455384983744,0.202378773857723
Viewpoint 1,7232,1791.895847,0.285397,1804.2633,0.2734231,1826.2473,0.2715274,1804.2386888397416,0.2881493233290683
Viewpoint 1,7233,4450.95407,0.442164,4428.8716,0.4288564,4636.7119,0.433812,3576.0355789139608,0.3872167796300214
Viewpoint 1,7234,8019.355407,0.667591,8258.6758,0.6480461,8748.2549,0.675009,5696.269317865723,0.5114494728194229
Viewpoint 1,7235,8264.186167,0.68153,7997.6006,0.6362264,8913.3896,0.6886928,6639.792983588289,0.5696829080163557
Viewpoint 1,7236,6666.390166,0.573425,6713.0132,0.5691124,6776.3818,0.5684974,6460.563563416198,0.5627727668040629
Viewpoint 1,7237,7180.952839,0.605447,7259.1284,0.6031135,7312.0527,0.6021827,6950.463911463256,0.5937820487346307
Viewpoint 1,7238,39339.24062,1.0,39489.195,1.0,34943.52,1.0,10543.532798067054,0.8794540666426326
Viewpoint 1,7239,4908.181165,0.47652,5062.3555,0.4800328,5084.7959,0.4766621,4750.283373655924,0.4729867646707594
Viewpoint 1,7240,2556.918325,0.344908,2729.1968,0.3432102,2737.8193,0.3389685,2636.019580487205,0.3564861334704901
Viewpoint 1,7254,0.0,0.159,0.0,0.159,0.0,0.0,1.6521146573612693e-05,0.1600000009697913
Viewpoint 1,7255,958.060815,0.22542,984.08099,0.2172767,1108.8804,0.2250913,781.5390662681575,0.2113880013249101
Viewpoint 1,7256,1851.067696,0.288958,1864.6058,0.2769872,1887.4614,0.2751558,1863.2318507242185,0.2916319741561181
Viewpoint 1,7257,3240.965045,0.371004,3247.3394,0.3623558,3288.3879,0.3603413,3183.412816306416,0.3694732443840023
Viewpoint 1,7258,4605.835736,0.451093,4632.1968,0.4448107,4690.7642,0.4438873,4526.481495247765,0.4479994205496327
Viewpoint 1,7259,7891.460251,0.660566,8105.2129,0.6419187,9109.0449,0.6999187,6640.55439615698,0.570507382588897
Viewpoint 1,7260,7074.078536,0.597446,7137.8081,0.5940834,7204.2534,0.5936267,6848.329688224876,0.5853169605431086
Viewpoint 1,7261,7710.986236,0.636621,7790.6382,0.6345429,7844.9155,0.6337243,7436.06298305027,0.6223141113517962
Viewpoint 1,7262,39718.651288,1.0,44578.078,1.0,35510.566,1.0,10342.84246423363,0.8689174809642908
Viewpoint 1,7263,7394.77557,0.621934,8099.7485,0.6501233,11177.812,0.8638532,6152.9833422812335,0.5520983627963929
Viewpoint 1,7264,1245.680334,0.263745,1259.6995,0.2412514,1269.4852,0.2405026,1195.087911988688,0.2589538488078597
Viewpoint 1,7278,0.0,0.159,0.0,0.159,0.0,0.0,1.6518243582223205e-05,0.1600000009696209
Viewpoint 1,7279,914.622584,0.221334,926.29059,0.2133733,1047.9457,0.2215144,730.3874613281235,0.2068102361819575
Viewpoint 1,7280,3438.603974,0.415579,3816.8638,0.4404621,3746.4126,0.3808425,3558.488635983449,0.4876324551707808
Viewpoint 1,7281,6133.271175,0.549036,6416.1255,0.5479243,6575.3843,0.5472187,4589.167201903236,0.4508716583894848
Viewpoint 1,7282,6797.22817,0.593748,6799.6802,0.5631921,7194.9663,0.5842649,4873.540390489181,0.4629354357584463
Viewpoint 1,7283,5822.953197,0.522895,5826.5005,0.5159776,5893.2104,0.5154932,5662.799460647509,0.5148930899379569
Viewpoint 1,7284,6921.110676,0.588451,6982.9751,0.585003,7048.4102,0.5844833,6703.772639209869,0.5768749533819361
Viewpoint 1,7285,30602.480113,1.0,27847.492,1.0,30597.889,1.0,8414.526109136144,0.679037933746011
Viewpoint 1,7286,6997.959295,0.597342,7142.5791,0.5996063,7176.4917,0.5981899,6824.860179973905,0.5909862068698498
Viewpoint 1,7287,7105.732774,0.625523,7666.9878,0.8726267,10857.566,0.8469616,6063.266747789927,0.5473614321005689
Viewpoint 1,7288,1230.192362,0.262796,1245.2739,0.2404714,1254.7023,0.2396989,1179.4897762110145,0.2577674136121002
Viewpoint 1,7302,0.0,0.159,0.0,0.159,0.0,0.0,1.6515323412613676e-05,0.1600000009694495
Viewpoint 1,7303,651.42188,0.198628,658.70135,0.1976658,702.85791,0.2012577187927148,575.1792898374807,0.1937630243134601
Viewpoint 1,7304,2168.495913,0.308752,2277.3152,0.3085687,2254.8042,0.294861,2141.999819147998,0.3358257596345728
Viewpoint 1,7305,3802.061288,0.399193,3790.5244,0.3906669,3889.3137,0.3922144,3365.246040860892,0.3756907307560259
Viewpoint 1,7306,5382.212012,0.492169,5390.5166,0.4837975,5585.1631,0.4921634,5066.085326042396,0.4736626663913544
Viewpoint 1,7307,3163.119256,0.367432,3169.2634,0.3596343,3205.2217,0.3575923,3110.420360254924,0.3672854128871725
Viewpoint 1,7308,11973.081502,0.921004,9364.6855,0.81033,12804.476,0.9315351,12378.866289488662,0.9790147987855198
Viewpoint 1,7309,3393.575473,0.382321,3415.8035,0.3751421,3449.7769,0.3731394,3346.999145666381,0.3820988269241501
Viewpoint 1,7310,23343.78875,1.0,20350.656,1.0,21361.562,1.0,9853.771080240447,0.7992029403603224
Viewpoint 1,7311,2127.01739,0.312199,2159.0205,0.3003188,2178.001,0.2970112,2092.535868986698,0.3112091209097044
Viewpoint 1,7312,1273.048889,0.266676,1324.2247,0.246257,1333.6682,0.2445965,1224.4682261099383,0.2623822272573596
Viewpoint 1,7326,0.0,0.159,0.0,0.159,0.0,0.0,1.651238724929119e-05,0.1600000009692771
Viewpoint 1,7327,171.687063,0.169078,173.00919,0.1691556,174.98706,0.1702715714604561,171.95071661051074,0.1700935070650369
Viewpoint 1,7328,614.785446,0.195088,619.08069,0.19534,626.19305,0.1967574933733073,623.5705694775039,0.1966035924283294
Viewpoint 1,7329,1083.298055,0.233969,1089.9401,0.2238072,1102.5149,0.2261651,1075.9977666954169,0.2346864465143049
Viewpoint 1,7330,1494.796166,0.270707,1503.2273,0.255576,1520.5837,0.2534558,1489.4036426941957,0.2703994332436085
Viewpoint 1,7331,1781.224009,0.288336,1790.6014,0.2726497,1811.1392,0.2708153,1763.7280200727082,0.2881757289618034
Viewpoint 1,7332,1867.560916,0.293776,1881.1138,0.28096,1902.4038,0.2762876,1854.1645463405737,0.2937560096272807
Viewpoint 1,7333,1766.191016,0.287789,1781.5386,0.2723663,1801.3434,0.2704851,1762.390147567044,0.2878951713231824
Viewpoint 1,7334,1464.673757,0.269438,1477.802,0.2545255,1493.9207,0.2523442,1476.5117446199113,0.2699930786640872
Viewpoint 1,7335,1031.618148,0.232148,1042.4824,0.220989,1053.6949,0.223373,1030.0520963000122,0.2295927526363368
Viewpoint 1,7336,571.59228,0.192552,585.28082,0.193356,591.09845,0.1946974360572771,557.8926499048239,0.1927482985494131
Viewpoint 1,7350,0.0,0.159,0.0,0.159,0.0,0.0,1.650943640762639e-05,0.1600000009691039
Viewpoint 1,7351,299.002542,0.176551,301.46109,0.1766958,304.92856,0.177899234261194,299.2980685959909,0.1775687966265846
Viewpoint 1,7352,1072.87019,0.232338,1079.613,0.2232384,1092.2402,0.2255806,1084.6894057386878,0.2308790450606785
Viewpoint 1,7353,1895.690213,0.294302,1900.171,0.2791734,1922.5745,0.2773613,1871.8198934240936,0.2936925507913716
Viewpoint 1,7354,2662.239388,0.337576,2669.2449,0.3281299,2700.5654,0.3254798,2637.482565815289,0.3390117353872237
Viewpoint 1,7355,3227.73446,0.371531,3250.1155,0.3643821,3287.0039,0.3623869,3188.2056003324647,0.3717469468412873
Viewpoint 1,7356,3546.85379,0.390606,3564.7056,0.3833011,3602.7202,0.3814133,3487.9544453341377,0.3896716965052723
Viewpoint 1,7357,3515.840008,0.389506,3535.0664,0.382236,3569.8433,0.3802811,3459.958461941705,0.388704098294064
Viewpoint 1,7358,3020.539213,0.361298,3051.7451,0.3546726,3079.281,0.352511,3006.0209265113804,0.3635409112187642
Viewpoint 1,7359,2199.494403,0.31653,2234.0627,0.3049489,2253.2522,0.3016556,2161.0381048753766,0.3154188450027779
Viewpoint 1,7360,1293.432402,0.267855,1360.024,0.2486664,1369.1882,0.246946,1254.9431416198788,0.2647761332704638
Viewpoint 1,7374,0.0,0.159,0.0,0.159,0.0,0.0,1.65064723431983e-05,0.1600000009689299
Viewpoint 1,7375,312.872283,0.177366,315.08102,0.1774953,318.70822,0.1787081880774673,312.7674523121708,0.1783594494507244
Viewpoint 1,7376,1125.28123,0.237156,1131.5317,0.2266227,1144.8062,0.2289782,1136.3653040936636,0.2384992109246006
Viewpoint 1,7377,1996.448538,0.300288,2005.2604,0.2881633,2029.0085,0.2838553,1974.516794414632,0.2996878936509692
Viewpoint 1,7378,2802.870365,0.346041,2822.3145,0.3379549,2855.5688,0.3345834,2787.311028606531,0.3476525791303507
Viewpoint 1,7379,3445.906139,0.384166,3452.0474,0.3762506,3491.217,0.374392,3383.644804483281,0.3830502435216135
Viewpoint 1,7380,3797.465687,0.405271,3820.4116,0.398387,3860.752,0.396617,3732.9936826274015,0.4039277883453455
Viewpoint 1,7381,3799.141929,0.406189,3819.897,0.3991425,3856.6313,0.3972995,3731.152828606728,0.4046290436303962
Viewpoint 1,7382,3298.021091,0.377929,3332.1375,0.3714942,3361.0071,0.3694339,3273.2400499530727,0.3794815737351268
Viewpoint 1,7383,2394.478941,0.328404,2436.2913,0.3187766,2456.2778,0.3165219,2348.303565916588,0.3268965832304821
Viewpoint 1,7384,1421.05281,0.276482,1508.5826,0.2603982,1517.6368,0.2560616,1391.502648685267,0.2746104543538956
Viewpoint 1,7398,0.0,0.159,0.0,0.159,0.0,0.0,1.6503496682670423e-05,0.1600000009687552
Viewpoint 1,7399,50.52126,0.161966,50.802784,0.1619821,51.380745,0.1630159250363011,50.40560459742503,0.1629588089898688
Viewpoint 1,7400,225.8841,0.172259,227.04863,0.1723278,229.63078,0.1734791410128344,229.0354223622861,0.1734443792926662
Viewpoint 1,7401,397.43292,0.182329,400.52795,0.182511,405.10574,0.1837796560556224,395.9267034053125,0.1832408974898918
Viewpoint 1,7402,535.820543,0.190453,540.35217,0.1907187,546.57098,0.192083670482334,536.2369455726299,0.1914771087051133
Viewpoint 1,7403,639.644062,0.196547,645.15503,0.1968706,652.63062,0.1983094064927891,636.9261059386752,0.1973875624186002
Viewpoint 1,7404,649.862699,0.197147,655.33069,0.1974679,662.97827,0.1989168353012347,648.2798285037326,0.1980540259331691
Viewpoint 1,7405,612.229455,0.194938,616.34552,0.1951795,623.59167,0.1966047964593715,612.9324048272313,0.1959791321633585
Viewpoint 1,7406,482.710263,0.187335,487.00183,0.187587,492.7739,0.1889258495065094,484.5791842884302,0.1884447981177308
Viewpoint 1,7407,327.012037,0.178196,330.0134,0.1783718,333.94238,0.179602422740344,329.6662477129897,0.1793514087407525
Viewpoint 1,7408,176.412798,0.169355,177.77675,0.1694355,179.84862,0.1705568640028844,174.7423857476645,0.1702573780433879
Viewpoint 1,7422,0.0,0.159,0.0,0.159,0.0,0.0,1.650051122320172e-05,0.16000000096858
Viewpoint 1,7423,499.605897,0.189319,492.61676,0.1879166,556.2713,0.1926531441434645,374.2020181711086,0.1819656584666441
Viewpoint 1,7424,3084.685234,0.391779,3256.4902,0.3716561,3167.4597,0.3461765,3030.1166362623458,0.4674519378299429
Viewpoint 1,7425,5818.215248,0.536444,5786.3096,0.5075457,6090.5444,0.5181434,3959.454168442223,0.4155677874737408
Viewpoint 1,7426,4968.498604,0.472423,4828.1118,0.447547,5122.5161,0.4626144,4017.9528098647934,0.4137229754814473
Viewpoint 1,7427,8716.256824,0.715203,8037.915,0.6364694,8522.4883,0.6625873,6233.767283014235,0.5494391220877849
Viewpoint 1,7428,12528.487138,1.0,7441.1938,0.7742028,13961.148,1.0,14012.805596008082,1.0
Viewpoint 1,7429,23379.359214,1.0,20062.928,1.0,24043.631,1.0,6487.666747707784,0.5673760239740139
Viewpoint 1,7430,35661.896878,1.0,43718.891,1.0,32363.447,1.0,38520.46322907921,1.0
Viewpoint 1,7431,6570.339344,0.580399,7137.3647,0.7984428,11390.007,0.8887599,9454.237588427495,0.8502209010215344
Viewpoint 1,7432,740.505383,0.205835,777.63458,0.2046472,784.47839,0.2060487748990904,727.9193759550814,0.2027288673685632
Viewpoint 1,7446,0.0,0.159,0.0,0.159,0.0,0.0,1.649751793402312e-05,0.1600000009684043
Viewpoint 1,7447,724.130208,0.203501,731.36426,0.2019311,791.60358,0.2064671632544648,683.3679943709999,0.2001137012695777
Viewpoint 1,7448,1392.184601,0.262847,1400.8217,0.2461611,1417.5505,0.2471654,1403.5313836150951,0.2625104089815003
Viewpoint 1,7449,2505.846092,0.328157,2526.1506,0.3193837,2556.9036,0.3166236,2481.7867670566807,0.3289097226606859
Viewpoint 1,7450,6576.298052,0.565542,6821.8013,0.5666366,7129.5195,0.5816367,5968.869285513278,0.5267896955035937
Viewpoint 1,7451,8616.093783,0.703439,8447.1338,0.6641402,8778.9648,0.6800611,7274.612592771043,0.6060909073919304
Viewpoint 1,7452,16007.463729,1.0,11086.286,0.9599739,17648.41,1.0,17586.66052155147,1.0
Viewpoint 1,7453,5404.880294,0.50121,5459.438,0.4969141,5505.4956,0.4955073,5285.771416385749,0.495867827781129
Viewpoint 1,7454,39339.660497,1.0,35906.109,1.0,36124.457,1.0,49668.10209469866,1.0
Viewpoint 1,7455,3563.623746,0.398187,3653.3789,0.3947991,3675.6509,0.3916932,3456.7817987391336,0.3944859957294023
Viewpoint 1,7456,1934.364481,0.306935,2051.9553,0.2999382,2058.3206,0.2965988,1986.8712976071845,0.3156964390491195
Viewpoint 1,7470,0.0,0.159,0.0,0.159,0.0,0.0,1.6494518969740905e-05,0.1600000009682282
Viewpoint 1,7471,909.43341,0.215099,890.09528,0.2112486,957.90112,0.2162288012241182,824.2543153080142,0.2091443630581235
Viewpoint 1,7472,1327.178917,0.258566,1336.2678,0.2423376,1352.1703,0.2433146,1339.343252172935,0.2572940864318228
Viewpoint 1,7473,2411.549222,0.322556,2422.9409,0.3133223,2452.2974,0.310494,2381.1096945267595,0.3230910411274157
Viewpoint 1,7474,8203.334163,0.670584,8515.9521,0.6660855,8879.2344,0.6845117,7480.2346456533505,0.6157721769956317
Viewpoint 1,7475,4349.002148,0.437087,4362.4624,0.4297788,4412.1616,0.4283619,4259.259341451009,0.4335838525677512
Viewpoint 1,7476,4981.158522,0.474772,5004.3584,0.4687407,5054.9341,0.4672236,4857.527369459671,0.4692690333467215
Viewpoint 1,7477,5143.385447,0.485537,5183.7354,0.4806089,5228.4355,0.479119,5026.466329082919,0.4806198684436464
Viewpoint 1,7478,43256.921499,1.0,44021.586,1.0,39367.434,1.0,53120.1847673439,1.0
Viewpoint 1,7479,3354.633132,0.384307,3429.4441,0.3804435,3451.428,0.3781128,3252.5536398957884,0.3820505298824881
Viewpoint 1,7480,2560.734996,0.339942,2712.8777,0.3419183,2721.2939,0.3370035,2651.445720804998,0.3560544382437736
Viewpoint 1,7494,0.0,0.159,0.0,0.159,0.0,0.0,1.6491516682915035e-05,0.160000000968052
Viewpoint 1,7495,612.338156,0.196625,625.54315,0.1957194,664.10413,0.1989829001355355,580.9076319938814,0.1940992779980408
Viewpoint 1,7496,1131.32709,0.237752,1141.3435,0.2289584,1154.7762,0.2295709,1145.4924147218098,0.2392066502257105
Viewpoint 1,7497,4465.529127,0.441413,4371.8462,0.4237208,4476.7705,0.4260696,3720.532552999888,0.3956870564325079
Viewpoint 1,7498,2925.685832,0.35323,2939.49,0.3448101,2974.3435,0.3424399,2900.725869427597,0.3540578872450539
Viewpoint 1,7499,8148.967933,0.671874,7971.3838,0.6372344,8537.2578,0.6671872,7016.012807774854,0.5905390630545553
Viewpoint 1,7500,4064.473002,0.420899,4080.0032,0.4138027,4122.668,0.4120536,3979.977266314642,0.4181715181338814
Viewpoint 1,7501,23343.80564,1.0,17530.404,1.0,23799.281,1.0,10305.071109257378,0.7905310374443293
Viewpoint 1,7502,3568.565983,0.394263,3613.6223,0.3884525,3643.3513,0.3865312,3475.700345393587,0.3915874573602197
Viewpoint 1,7503,7793.062503,0.637237,8460.5742,0.8570088,13054.001,0.9842584,10418.957307160674,0.8929477343140353
Viewpoint 1,7504,1892.733032,0.304306,2005.2119,0.2972236,2011.4342,0.2936958,1959.4118283203964,0.3142142977722125
Viewpoint 1,7518,0.0,0.159,0.0,0.159,0.0,0.0,1.6488513646219313e-05,0.1600000009678757
Viewpoint 1,7519,688.519211,0.201832,678.24048,0.1988127,744.38379,0.2036952938188317,621.599302342177,0.1978462764734784
Viewpoint 1,7520,1514.163849,0.270103,1525.7832,0.2569721,1544.224,0.2549153,1526.348118308992,0.2704767525280225
Viewpoint 1,7521,4422.769838,0.436685,4483.1382,0.4299628,4651.3833,0.4346162,3437.863574807955,0.3800817069426991
Viewpoint 1,7522,6566.813095,0.583939,6373.9072,0.5374583,6678.9609,0.5534019,5057.856223854448,0.4755726650708364
Viewpoint 1,7523,7145.195625,0.619014,7697.4961,0.6177436,8618.8906,0.6706862,6158.19145798067,0.5425055419836794
Viewpoint 1,7524,16425.949422,1.0,9189.7607,0.8965187,19094.502,1.0,19469.415593426056,1.0
Viewpoint 1,7525,30712.657555,1.0,20698.844,1.0,31719.326,1.0,7519.021207498708,0.6283879134298582
Viewpoint 1,7526,38242.588199,1.0,27383.434,1.0,36108.129,1.0,50638.31867612796,1.0
Viewpoint 1,7527,7013.734769,0.587852,7438.8389,0.8114233,12528.925,0.9602062,9543.653237353716,0.8515017820620673
Viewpoint 1,7528,548.002139,0.191168,578.65881,0.1929673,584.12408,0.194288054459075,545.8444703249926,0.192041070408077
Viewpoint 1,7542,0.0,0.159,0.0,0.159,0.0,0.0,1.6485512665912315e-05,0.1600000009676996
Viewpoint 1,7543,987.741627,0.221374,991.94775,0.2177664,1073.1052,0.2229913,908.4618435148489,0.2142212752994031
Viewpoint 1,7544,3867.144359,0.421866,3836.7349,0.4158324,3905.2227,0.3922935,3750.4869450827855,0.4594936539937948
Viewpoint 1,7545,2441.234297,0.324164,2449.7939,0.3148805,2479.6135,0.3120798,2406.283663171718,0.3244312552792943
Viewpoint 1,7546,3522.204082,0.388076,3535.1453,0.3805772,3578.0391,0.3789095,3480.927219377582,0.3874110546305253
Viewpoint 1,7547,11939.545435,0.894633,11399.891,0.8374128,12436.312,0.89577,9756.898933931105,0.7524116488213999
Viewpoint 1,7548,5121.422187,0.483159,5150.5308,0.4773642,5202.3916,0.4759003,4995.273740746834,0.4771961404109033
Viewpoint 1,7549,5326.226688,0.496668,5386.0552,0.4926325,5431.8247,0.491199,5213.354199512142,0.4915355471482432
Viewpoint 1,7550,4776.776378,0.466001,4849.2944,0.4631007,4882.2217,0.460967,4613.435137276595,0.4593330710566111
Viewpoint 1,7551,3454.558726,0.391634,3541.7693,0.3874188,3563.4663,0.3851238,3353.373547494921,0.3881706314960337
Viewpoint 1,7552,1830.159164,0.300347,1934.2479,0.2912247,1940.257,0.2893627,1897.9004445037656,0.3104359539979847
Viewpoint 1,7566,0.0,0.159,0.0,0.159,0.0,0.0,1.6482516759535996e-05,0.1600000009675237
Viewpoint 1,7567,527.897313,0.190898,528.97321,0.1900507,577.85742,0.1939202399523103,486.2970939957828,0.1885456394175524
Viewpoint 1,7568,2173.312247,0.325504,2227.9238,0.3220435,2243.2793,0.2926843,2143.878936837439,0.3686510171441021
Viewpoint 1,7569,4281.384879,0.429351,4598.0747,0.4359108,4645.6616,0.4341521,3343.736008763438,0.3748022713983664
Viewpoint 1,7570,5883.099326,0.53511,6076.7339,0.5219926,6362.0459,0.5360644,5210.689138128789,0.4824313066377653
Viewpoint 1,7571,7909.249177,0.665049,7679.6987,0.6163243,8688.7373,0.67485,6040.651435551134,0.5363124611697948
Viewpoint 1,7572,16434.840662,1.0,9762.9922,0.9183211,18691.293,1.0,19056.39346876833,1.0
Viewpoint 1,7573,27275.484906,1.0,18541.887,1.0,28289.41,1.0,9142.01331391346,0.7224054342070646
Viewpoint 1,7574,5149.371203,0.488117,5229.0981,0.4858357,5262.4185,0.4840748,4960.01811654156,0.4799636821797134
Viewpoint 1,7575,6953.978462,0.585307,7359.9214,0.802763,12538.756,0.9626052,9277.642015895974,0.8324262757076615
Viewpoint 1,7576,1903.947579,0.304275,2009.0837,0.2957834,2015.3286,0.2937912,1973.828151287879,0.3149792102460974
Viewpoint 1,7590,0.0,0.159,0.0,0.159,0.0,0.0,1.6479529165026477e-05,0.1600000009673483
Viewpoint 1,7591,597.27555,0.195591,608.5899,0.1947242,639.13824,0.1975174496175168,563.4118898864659,0.1930722779363355
Viewpoint 1,7592,2416.435785,0.327321,2479.3257,0.3218443,2481.6597,0.3082098,2367.065937133034,0.35126776875923
Viewpoint 1,7593,4296.039632,0.428076,4297.5078,0.4195648,4390.1343,0.4212704,3722.070341337282,0.3960131807748059
Viewpoint 1,7594,2552.377085,0.331257,2564.0173,0.3219101,2594.1819,0.3190828,2532.188649078251,0.332635283008398
Viewpoint 1,7595,8203.042916,0.661259,8256.7109,0.6547681,8776.5225,0.6816423,7419.250097074774,0.6143216413357095
Viewpoint 1,7596,3456.095861,0.385386,3474.5171,0.3779977,3511.6765,0.3760591,3399.1609823761173,0.3842464717658673
Viewpoint 1,7597,3417.986446,0.384006,3450.5337,0.3772967,3484.5193,0.3753057,3381.109208205321,0.3838650618587956
Viewpoint 1,7598,2927.769081,0.357501,2959.3501,0.3492883,2985.8635,0.3471193,2863.712795533815,0.3550039358648917
Viewpoint 1,7599,8267.936994,0.683826,8543.7207,0.8637563,13866.958,1.0,10459.446183515243,0.8920730522706983
Viewpoint 1,7600,1162.33153,0.25857,1286.6866,0.2472195,1294.0177,0.243293,1186.8176190931692,0.2603062568702285
Viewpoint 1,7614,0.0,0.159,0.0,0.159,0.0,0.0,1.6476553317495998e-05,0.1600000009671736
Viewpoint 1,7615,715.548808,0.202641,718.25464,0.2011615,762.14594,0.2047379271971358,661.2222310441742,0.198813744962293
Viewpoint 1,7616,1129.17041,0.237502,1138.1062,0.2270278,1151.5388,0.2293854,1141.5141556929696,0.2387993686527859
Viewpoint 1,7617,2077.096616,0.302935,2095.4507,0.2934287,2120.5439,0.289287,2060.5074185776853,0.3044416445054658
Viewpoint 1,7618,3003.113792,0.35773,3016.5708,0.3493069,3052.5518,0.3469997,2974.790286424324,0.3581605442382863
Viewpoint 1,7619,3764.146624,0.402801,3774.6804,0.3951686,3817.7502,0.3935,3692.53238004066,0.4006227919871831
Viewpoint 1,7620,4223.558682,0.430555,4255.4395,0.4241707,4299.7075,0.4224874,4146.89558907729,0.4277465936911596
Viewpoint 1,7621,31410.035372,1.0,24374.293,1.0,32323.98,1.0,12842.884080740476,0.9394630057495268
Viewpoint 1,7622,3757.549523,0.405561,3802.0601,0.3999377,3832.23,0.3980024,3650.136403135863,0.4018998365799855
Viewpoint 1,7623,9890.391277,0.770569,10246.271,1.0,15479.67,1.0,11825.5654363599,0.9623377942100132
Viewpoint 1,7624,2505.181294,0.338144,2625.5608,0.3366343,2633.7383,0.3309251,2585.852300967432,0.3517410460565314
Viewpoint 1,7638,0.0,0.159,0.0,0.159,0.0,0.0,1.6473592783198297e-05,0.1600000009669999
Viewpoint 1,7639,459.756046,0.18641,455.40659,0.1857324,498.67938,0.1892725158313083,415.60522153293766,0.1843960265039834
Viewpoint 1,7640,2243.766958,0.33728,2392.8708,0.3440383,2291.5356,0.2953244,2135.56257813057,0.3915848258970835
Viewpoint 1,7641,4131.928866,0.42181,4172.7192,0.4204108,4447.9385,0.422343,3063.961523862969,0.3586035378371344
Viewpoint 1,7642,6169.756096,0.561208,6143.1011,0.5242652,6438.9263,0.539467,4948.701436881726,0.4687523305132611
Viewpoint 1,7643,7462.903139,0.632817,7593.6514,0.6123383,8477.457,0.6629016,6160.375279267279,0.5418963356337857
Viewpoint 1,7644,17056.756627,1.0,9137.127,0.9061878,18205.451,1.0,18724.551750285485,1.0
Viewpoint 1,7645,31181.401726,1.0,34985.312,1.0,32700.191,1.0,7686.664773247422,0.6382077896575163
Viewpoint 1,7646,38090.345725,1.0,35237.469,1.0,36501.008,1.0,50139.4954085802,1.0
Viewpoint 1,7647,6450.906599,0.57838,7045.853,0.8858291,12703.767,0.9776262,8867.064723063104,0.8096550075444237
Viewpoint 1,7648,1918.294395,0.30459,2013.7531,0.2962895,2020.0332,0.2939683,1985.6715407758256,0.3155635871205977
Viewpoint 1,7662,0.0,0.159,0.0,0.159,0.0,0.0,1.6470651182139047e-05,0.1600000009668272
Viewpoint 1,7663,789.342315,0.207445,792.0459,0.2054931,850.63892,0.2099325155951899,730.4886581550873,0.202891240838017
Viewpoint 1,7664,1348.037833,0.259772,1356.8986,0.2435985,1373.1838,0.2445482,1358.0342406757998,0.2587217131226512
Viewpoint 1,7665,2523.93472,0.329224,2543.0588,0.3203184,2574.373,0.3176002,2495.0893024217867,0.329338503824075
Viewpoint 1,7666,9241.288356,0.736326,9368.1592,0.7155345,9746.6094,0.7350906,8088.697712158871,0.6519099853059002
Viewpoint 1,7667,4751.69288,0.460486,4758.5039,0.452993,4813.3706,0.451817,4636.864128061768,0.4550994939907966
Viewpoint 1,7668,5561.750497,0.509201,5597.5854,0.5037236,5653.3711,0.5025802,5412.242679378631,0.5012867718826346
Viewpoint 1,7669,5877.847218,0.529131,5941.9385,0.5256297,5990.6807,0.5243588,5727.48697241373,0.5216581248780219
Viewpoint 1,7670,42994.075932,1.0,31955.965,1.0,40562.145,1.0,52123.31707253848,1.0
Viewpoint 1,7671,3834.780047,0.413369,3940.5071,0.4126515,3961.6494,0.4097583,3715.604180427635,0.410214342024058
Viewpoint 1,7672,1878.13595,0.30213,1966.3192,0.2935348,1972.459,0.2911086,1941.9908101197,0.3130242636850351
Viewpoint 1,7686,0.0,0.159,0.0,0.159,0.0,0.0,1.6467732053430678e-05,0.1600000009666558
Viewpoint 1,7687,719.255222,0.202766,706.79102,0.2004886,758.2052,0.2045066396564555,651.3130656926086,0.1982320769561561
Viewpoint 1,7688,3309.769718,0.394727,3468.2371,0.3795461,3404.6919,0.3619405,3234.309320140308,0.4312503971382649
Viewpoint 1,7689,5938.591984,0.532959,5978.0522,0.5229967,6289.9165,0.5315247,4805.200579399116,0.459547980692539
Viewpoint 1,7690,3722.081721,0.399579,3724.0576,0.3915602,3769.9407,0.3900435,3662.312127957453,0.3975843672644219
Viewpoint 1,7691,10978.339453,0.837209,10936.458,0.8094975,11403.451,0.8335802,9110.763582591471,0.7147202410674184
Viewpoint 1,7692,5573.071281,0.509729,5611.8564,0.5045722,5667.8223,0.503429,5426.133773906269,0.5020639271539148
Viewpoint 1,7693,5903.584348,0.530686,5965.5742,0.5270449,6014.5161,0.5257817,5748.604748077422,0.5228811638247203
Viewpoint 1,7694,5333.827852,0.499119,5407.7695,0.496654,5441.0801,0.4949898,5125.919078585209,0.4897830447875234
Viewpoint 1,7695,3826.720616,0.413201,3925.6831,0.4117861,3946.751,0.4089168,3702.322260166505,0.4094044561660945
Viewpoint 1,7696,1880.168553,0.302198,1968.0795,0.2937168,1974.2332,0.2911899,1945.7710985686367,0.3132191633328142
Viewpoint 1,7710,0.0,0.159,0.0,0.159,0.0,0.0,1.6464838716775413e-05,0.160000000966486
Viewpoint 1,7711,490.659724,0.188668,488.66592,0.1876847,534.65601,0.1913843424963557,435.7681605824534,0.18557959102619
Viewpoint 1,7712,1421.984731,0.264514,1432.4231,0.2488447,1449.7559,0.2490519,1432.0791352709325,0.2640198842077414
Viewpoint 1,7713,4501.844903,0.44294,4490.3877,0.4377546,4724.4331,0.4387228,3326.644106474305,0.3736911361701642
Viewpoint 1,7714,5996.433846,0.549465,6054.1714,0.5180213,6390.5459,0.536043,4705.575971846728,0.4555276339468688
Viewpoint 1,7715,7717.544798,0.640774,7847.3179,0.6261101,8254.8486,0.6473681,6109.508276057336,0.5403970174562442
Viewpoint 1,7716,16650.539889,1.0,8648.8604,0.8887123,18402.084,1.0,6709.110291424133,0.5804323290240622
Viewpoint 1,7717,31555.836359,1.0,21599.494,1.0,32322.91,1.0,6938.720145573741,0.5948781324285635
Viewpoint 1,7718,40759.069478,1.0,35753.133,1.0,37146.668,1.0,49588.9691797983,1.0
Viewpoint 1,7719,5628.414178,0.540019,6331.6709,0.8580893,12899.536,0.9975558,8182.53373102474,0.7791208540895331
Viewpoint 1,7720,435.082411,0.184539,468.78354,0.1865176,473.28076,0.1877815410122646,443.8313676229913,0.1860529012794696
Viewpoint 1,7734,0.0,0.159,0.0,0.159,0.0,0.0,1.6461974133448372e-05,0.1600000009663179
Viewpoint 1,7735,522.391549,0.190635,522.56921,0.1896748,552.03571,0.1924045116823191,479.3311681608689,0.188136739571043
Viewpoint 1,7736,2743.251809,0.348389,2883.7698,0.341864,2801.4597,0.3265883,2642.173180136649,0.3840945759231788
Viewpoint 1,7737,4831.212583,0.460797,4952.8818,0.4612787,5177.5698,0.4667197,4099.241903153459,0.4177171880730784
Viewpoint 1,7738,7308.939269,0.619457,7288.8447,0.5944232,7537.0083,0.6057569,6406.742928075693,0.5525140631332713
Viewpoint 1,7739,3935.564878,0.412839,3943.1956,0.4050507,3988.3936,0.4034779,3854.413847482759,0.4098314558424636
Viewpoint 1,7740,4473.17006,0.445122,4497.6807,0.4384813,4544.1997,0.4368884,4373.544987623843,0.4407682284187011
Viewpoint 1,7741,4581.437027,0.452706,4626.7158,0.4472585,4668.5581,0.4456073,4495.55068077028,0.4492072113137135
Viewpoint 1,7742,4035.60752,0.422259,4089.0979,0.4172357,4120.0464,0.4154112,3917.287404970528,0.4177263361145775
Viewpoint 1,7743,8437.810075,0.699978,8986.9043,0.9768814,14871.557,1.0,10062.846334792108,0.8676106682026307
Viewpoint 1,7744,1939.005265,0.305229,2021.1155,0.2970375,2027.4562,0.2943181,2002.2698336434405,0.3165932551067589
Viewpoint 1,7759,689.293469,0.201117,689.71881,0.1994865,731.95129,0.2029655602687175,637.6357225948618,0.1974292169163184
Viewpoint 1,7760,1206.187972,0.24461,1212.4783,0.23406,1226.9243,0.2338344,1214.238306264776,0.2459371988282231
Viewpoint 1,7761,6175.042934,0.546395,6236.1636,0.5379295,6539.1851,0.5465756,5048.669327117988,0.4737823463024607
Viewpoint 1,7762,3368.40121,0.379048,3384.3345,0.3716772,3425.5012,0.3699014,3331.667041450265,0.3784785238846648
Viewpoint 1,7763,11602.764086,0.877916,11369.312,0.8353669,11821.93,0.8584583,9583.907346585354,0.7423916805163954
Viewpoint 1,7764,4948.46192,0.472981,4974.2285,0.4665956,5024.9492,0.465196,4825.993328453333,0.4670729877893547
Viewpoint 1,7765,5132.708292,0.485263,5189.3896,0.4810896,5234.5391,0.4791952,5023.035773408223,0.4801703883643324
Viewpoint 1,7766,4582.853572,0.454718,4635.0278,0.450473,4667.3101,0.4483385,4421.277805156014,0.4477354930333884
Viewpoint 1,7767,3285.317453,0.380453,3362.668,0.3768481,3383.4895,0.3746297,3189.8986182940434,0.3781418425086479
Viewpoint 1,7768,1659.449675,0.289521,1751.7456,0.2785352,1757.2498,0.2760402,1737.114005146869,0.3004639177237941
Viewpoint 1,7783,262.14703,0.174395,261.42487,0.1743456,272.57877,0.1760004100915091,242.6375759493144,0.1742428257082247
Viewpoint 1,7784,754.038934,0.203262,761.10645,0.203677,769.93097,0.2051949057552064,764.8183202035216,0.2048948353959467
Viewpoint 1,7785,2989.84814,0.352571,3042.5156,0.3464465,3146.5405,0.3477829,2671.344563729734,0.3347459600403067
Viewpoint 1,7786,4496.771266,0.439945,4450.9155,0.4294153,4579.938,0.433271,4089.548804597512,0.417002555603747
Viewpoint 1,7787,5789.000701,0.519487,5811.6743,0.5116738,5973.939,0.5169477,5245.688257018099,0.48700907242998
Viewpoint 1,7788,9507.347126,0.787334,7420.8423,0.7183911,9840.2979,0.7515173,6787.56577367336,0.579762807606488
Viewpoint 1,7789,15282.699624,1.0,12530.569,1.0,15624.919,1.0,8193.44903096501,0.6674207172768025
Viewpoint 1,7790,2255.912965,0.317338,2267.4392,0.3058651,2289.5537,0.3027804,2208.979923266444,0.3157302821918718
Viewpoint 1,7791,6015.527631,0.552953,6386.9873,0.8166935,10528.959,0.8460655,7345.757292583539,0.6983773625661317
Viewpoint 1,7792,819.91096,0.219369,939.0387,0.2172303,945.37891,0.2210243016899338,865.2992430255138,0.2236467063253396
Viewpoint 1,7807,363.33538,0.180614,359.17291,0.1800835,382.40356,0.182447119774586,330.1029632292521,0.1793770439415571
Viewpoint 1,7808,1242.915426,0.248741,1250.1328,0.2362999,1265.0959,0.2360856,1251.0956388614177,0.2487514903331489
Viewpoint 1,7809,2371.872178,0.32024,2386.5779,0.311065,2415.8706,0.3082942,2341.569998639901,0.3203294186086887
Viewpoint 1,7810,5835.000262,0.532385,6067.1865,0.521724,6296.2437,0.5323065,5210.1435430508645,0.4824003223838533
Viewpoint 1,7811,4515.403327,0.446614,4519.0898,0.4389335,4571.3799,0.4376132,4407.76770405339,0.4416806728684057
Viewpoint 1,7812,15603.450349,1.0,9569.2998,0.9019471,15920.947,1.0,8236.583605521559,0.6654363419573013
Viewpoint 1,7813,32266.673142,1.0,20864.945,1.0,33632.719,1.0,9645.994423001332,0.7521633058709262
Viewpoint 1,7814,40173.449399,1.0,37936.211,1.0,36892.172,1.0,47973.13838750494,1.0
Viewpoint 1,7815,6593.753718,0.595693,7310.4253,0.896869,13762.906,1.0,8787.951046494483,0.8013337123530302
Viewpoint 1,7816,1026.154725,0.245695,1178.2356,0.2395542,1184.4535,0.2371623,1091.933280710822,0.2512417653985098
Viewpoint 1,7831,339.473328,0.179108,331.44827,0.178456,353.49765,0.1807503789047239,303.63944643086586,0.1778236355054918
Viewpoint 1,7832,2224.921861,0.354315,2323.0134,0.3289102,2260.0215,0.2935517,2117.740535292824,0.3851784830046896
Viewpoint 1,7833,3938.759923,0.408795,4059.886,0.4076881,4186.1152,0.4074346,3133.7257066544084,0.3606577359391366
Viewpoint 1,7834,5923.558288,0.539709,6238.0864,0.5303328,6430.7124,0.5391282,5015.811517449301,0.4722820334743243
Viewpoint 1,7835,8168.925031,0.684314,7577.4102,0.6118469,7905.2876,0.6279898,6187.864348875096,0.5431370461678486
Viewpoint 1,7836,16353.922089,1.0,9165.6396,0.90614,17780.176,1.0,7487.585497969269,0.6237886369759718
Viewpoint 1,7837,31730.056835,1.0,20004.309,1.0,33006.301,1.0,8040.116803894001,0.658744091348224
Viewpoint 1,7838,41172.211586,1.0,52167.914,1.0,38156.066,1.0,49682.67699751827,1.0
Viewpoint 1,7839,3481.516305,0.392548,3568.9666,0.3895479,3589.7676,0.3874005,3379.258730251629,0.3896645121808517
Viewpoint 1,7840,1706.019731,0.291706,1782.1115,0.2807129,1787.7428,0.2779219,1772.1612927570009,0.3025763927226923
Viewpoint 1,7855,411.864358,0.183674,411.89835,0.1831784,434.39673,0.1854990648261366,380.47576737980296,0.1823339275451944
Viewpoint 1,7856,1175.951114,0.241341,1184.0176,0.2323439,1198.1403,0.2321423,1185.2530614196023,0.2430108318305816
Viewpoint 1,7857,4649.844312,0.458682,4767.1753,0.449625,4997.5171,0.4559495,3890.6439603644735,0.4054522092280765
Viewpoint 1,7858,6749.247854,0.585968,6946.2812,0.5737118,7198.4443,0.5856456,6039.716733263056,0.5310163566773951
Viewpoint 1,7859,9331.784747,0.747809,8858.2109,0.6878849,9204.2754,0.7047554,7402.324266899408,0.6139110180668229
Viewpoint 1,7860,4977.118246,0.474687,4987.9756,0.4674279,5039.0132,0.4660212,4840.496578866501,0.4678175224176728
Viewpoint 1,7861,5144.006861,0.485921,5189.4795,0.4811267,5234.8882,0.479241,5021.261629955201,0.4799830365908107
Viewpoint 1,7862,41737.37632,1.0,42849.852,1.0,38327.348,1.0,49398.40935024434,1.0
Viewpoint 1,7863,3275.500709,0.380292,3349.8052,0.3761791,3370.4529,0.3739991,3179.428987569695,0.3774466794148018
Viewpoint 1,7864,1597.801018,0.285433,1685.0024,0.2748863,1690.3376,0.2721488,1677.0526605715884,0.2964801787303492
Viewpoint 1,7879,305.041309,0.176969,301.04462,0.1766713,320.88931,0.178836232425406,274.86804264142273,0.1761347541030515
Viewpoint 1,7880,2587.705658,0.382305,2720.2556,0.3563617,2622.4377,0.3147328,2460.596679258106,0.4112641571568051
Viewpoint 1,7881,4023.387971,0.422457,4124.5762,0.411837,4261.4346,0.4117914,3163.573357750474,0.3624616548609716
Viewpoint 1,7882,6368.213987,0.568454,6095.6475,0.5229635,6327.1099,0.5338745,5154.666422451343,0.4792641539680875
Viewpoint 1,7883,9590.381274,0.751987,8845.0859,0.683926,9327.5273,0.7099306,6631.564339867838,0.5719053896574091
Viewpoint 1,7884,15998.901406,1.0,9720.7676,0.8291377,15828.663,1.0,8121.303226768777,0.6590922119011768
Viewpoint 1,7885,5714.312588,0.519548,5777.2036,0.5159755,5825.9658,0.5145314,5568.067618365026,0.5121054138651283
Viewpoint 1,7886,41055.56309,1.0,43106.703,1.0,38111.82,1.0,49520.66382951617,1.0
Viewpoint 1,7887,3624.716521,0.401043,3722.2671,0.3989792,3743.0327,0.3968891,3520.1231391820825,0.3982392744746598
Viewpoint 1,7888,917.52378,0.233249,1064.304,0.2292679,1070.4418,0.2292221,983.615755829858,0.2411426474040749
Viewpoint 1,7903,273.832528,0.175087,273.81796,0.1750731,283.44589,0.1766382902096856,253.83513195484989,0.1749001222457497
Viewpoint 1,7904,780.06701,0.20479,785.63428,0.2051167,794.77051,0.2066530586776776,788.8531178297634,0.2063056780166071
Viewpoint 1,7905,1507.014962,0.270549,1514.8436,0.2563723,1532.6498,0.2543208,1491.1174247967208,0.2695088668860699
Viewpoint 1,7906,4907.159544,0.463935,4996.0142,0.4610019,5131.9395,0.4654044,4567.808552427814,0.4447959675770333
Viewpoint 1,7907,2681.288664,0.33908,2690.2908,0.3295824,2721.1084,0.3268962,2640.3212426371992,0.3393654395944933
Viewpoint 1,7908,11221.337928,0.894418,8759.9297,0.7258331,11339.146,0.8394843,7950.358049619348,0.6481855583276743
Viewpoint 1,7909,17514.230662,1.0,13810.197,1.0,18124.949,1.0,8996.13129034638,0.7142606024781534
Viewpoint 1,7910,2411.077226,0.326834,2440.3411,0.3163229,2463.5608,0.3135965,2374.1074117353182,0.3255316084516999
Viewpoint 1,7911,6942.491657,0.610642,7022.1943,0.8283466,13029.191,1.0,8416.980846960998,0.7676905946314202
Viewpoint 1,7912,1356.013516,0.270674,1490.2437,0.2633591,1494.9805,0.2577902,1464.893152176379,0.2820735585154666
Viewpoint 1,7927,400.661298,0.182851,391.85052,0.1820016,413.94534,0.1842985758618049,360.287120127701,0.181148853951496
Viewpoint 1,7928,2730.87769,0.370677,2852.0193,0.3515405,2791.7563,0.3255811,2648.3881817859924,0.3968757211990068
Viewpoint 1,7929,2375.50518,0.320275,2387.0337,0.311062,2416.5085,0.3067186,2340.925975891384,0.3201221306201637
Viewpoint 1,7930,7701.460398,0.648655,7641.5796,0.6142511,7923.041,0.6278614,6548.058203383651,0.5610924827096357
Viewpoint 1,7931,4551.260743,0.448791,4560.8462,0.4413681,4613.9697,0.4400755,4480.063716609871,0.4455340188794323
Viewpoint 1,7932,5322.196625,0.495039,5352.1938,0.4893286,5406.6235,0.4876579,5186.749358738153,0.4878941620128045
Viewpoint 1,7933,33101.801276,1.0,21501.842,1.0,34993.609,1.0,10966.330149403546,0.8292813114727903
Viewpoint 1,7934,5004.626254,0.479876,5076.8208,0.4770278,5110.0044,0.4750944,4834.483477536926,0.4722375056310717
Viewpoint 1,7935,7721.148256,0.674526,7740.8262,0.8771701,14978.712,1.0,9395.5109560522,0.8294833964475633
Viewpoint 1,7936,1694.009118,0.290707,1765.5835,0.2801817,1771.2068,0.2770455,1761.5057086579898,0.3019044877255512
Viewpoint 1,7951,349.680511,0.179642,349.73914,0.1795297,364.90503,0.1814199607807518,321.3384689001351,0.1788625681244379
Viewpoint 1,7952,2661.866137,0.352905,2750.9265,0.3389121,2723.874,0.3221515,2585.162558571458,0.3760992423524548
Viewpoint 1,7953,5042.210356,0.474134,4976.8203,0.4613098,5143.3203,0.4648524,4135.6452057689485,0.4198575820981081
Viewpoint 1,7954,2850.636996,0.348646,2858.71,0.3392153,2892.9739,0.3369558,2817.8265599028864,0.3486921787629021
Viewpoint 1,7955,3595.921048,0.392909,3605.2705,0.3851628,3646.7688,0.3834052,3552.4110267626065,0.3919177707042838
Viewpoint 1,7956,4046.391955,0.420203,4079.5713,0.4138291,4122.5801,0.4120421,3976.551350038465,0.4174527846668832
Viewpoint 1,7957,4099.454264,0.424335,4142.438,0.4185613,4181.4692,0.4167314,4036.458583039872,0.4220545995550194
Viewpoint 1,7958,40555.767589,1.0,40521.977,1.0,37924.934,1.0,48333.84192441903,1.0
Viewpoint 1,7959,8979.268964,0.749279,8880.1475,0.9307919,15975.319,1.0,10350.545970968687,0.8771242486197677
Viewpoint 1,7960,1267.751499,0.264836,1419.1862,0.2592321,1423.714,0.2536985,1374.08432666236,0.2754801140433775
Viewpoint 1,7975,33.489756,0.160966,33.667053,0.1609763,34.048515,0.1619985769039494,33.310557420595906,0.161955329720589
Viewpoint 1,7976,265.171071,0.174566,267.19949,0.1746846,270.2363,0.1758628689095169,269.1242881284668,0.175797595713141
Viewpoint 1,7977,522.976716,0.189699,526.07623,0.1898807,532.09106,0.191233692983137,519.2906189029077,0.1904823593296007
Viewpoint 1,7978,731.975756,0.201967,737.57391,0.2022956,746.05664,0.2037934862812154,730.9258960112234,0.2029053500958588
Viewpoint 1,7979,879.097259,0.211115,885.82642,0.210998,896.0611,0.2125988053092521,878.5304477454849,0.21156973728266
Viewpoint 1,7980,922.067963,0.2166,927.05975,0.2134184,937.8017,0.2150489019721714,914.4074861368352,0.2136757194362322
Viewpoint 1,7981,856.122851,0.209276,861.77808,0.2095864,871.78326,0.211173609444125,856.6967573082989,0.2102880996539971
Viewpoint 1,7982,686.695288,0.199309,691.1098,0.1995682,699.13776,0.2010393666275684,682.9566669921877,0.2000895563524414
Viewpoint 1,7983,443.702749,0.185045,447.63098,0.1852759,452.82932,0.1865810649151237,445.5895463491717,0.1861561063706963
Viewpoint 1,7984,208.19017,0.171221,215.56819,0.1716539,217.93591,0.1727926143171767,209.58855610384464,0.1723028482432956
Viewpoint 1,7999,306.61207,0.177009,305.71198,0.1769453,316.08795,0.1785543380897271,282.7975560619558,0.1766002165408368
Viewpoint 1,8000,856.932417,0.209348,864.18689,0.2097278,874.30133,0.2113215088965121,866.7366855779497,0.2108774434434256
Viewpoint 1,8001,4249.129726,0.427461,4426.5298,0.4291838,4538.9048,0.4298317,3783.3406057220864,0.3993367652059106
Viewpoint 1,8002,2463.335926,0.325982,2470.8611,0.3163822,2500.1189,0.3135253,2438.152724554112,0.3267618979098735
Viewpoint 1,8003,8657.684873,0.703073,8459.0781,0.6662113,8715.9365,0.6772504,7594.651314778308,0.6241487610986238
Viewpoint 1,8004,3410.15859,0.382742,3423.7209,0.3750061,3460.5776,0.3730285,3347.01063872563,0.3807941146891168
Viewpoint 1,8005,3362.198855,0.380734,3390.9167,0.3738192,3424.5645,0.3717705,3321.285321600315,0.3800239027550507
Viewpoint 1,8006,31633.034042,1.0,35504.766,1.0,29822.016,1.0,37016.4627591977,1.0
Viewpoint 1,8007,1987.491594,0.303016,2020.458,0.292705,2037.4889,0.2874221,1953.9196428411608,0.3023154696301054
Viewpoint 1,8008,989.966944,0.241631,1152.0695,0.2388771,1157.8301,0.2353017,1073.0647342038028,0.2492058127497625
Viewpoint 1,8023,16.741994,0.159983,16.826277,0.1599877,17.016899,0.1609988416898216,16.647520519822123,0.1609772094545135
Viewpoint 1,8024,84.497261,0.16396,84.905212,0.1639839,85.864418,0.165039979309383,85.58203024526033,0.1650236651753968
Viewpoint 1,8025,165.936982,0.168741,167.15208,0.1688118,169.05174,0.1699231377749286,165.13095928431702,0.1696931873099894
Viewpoint 1,8026,230.799817,0.172548,231.90019,0.1726125,234.56068,0.1737686202534308,230.01590190121183,0.1735019334416011
Viewpoint 1,8027,275.935922,0.175197,278.41644,0.1753431,281.64478,0.1765324759897746,276.40428559149456,0.1762249315642207
Viewpoint 1,8028,289.830082,0.176013,291.0437,0.1760843,294.45761,0.1772845768399238,287.52711826998654,0.1768778418424482
Viewpoint 1,8029,253.454725,0.173878,255.5141,0.1739987,258.55057,0.1751768293127359,254.62290762407392,0.1749463646775331
Viewpoint 1,8030,202.707626,0.170899,204.04613,0.1709775,206.50209,0.1721215385997546,202.33898869645884,0.1718772986364821
Viewpoint 1,8031,137.724562,0.167084,138.42818,0.1671257,140.10811,0.1682241142624249,138.5273725130722,0.1681315567665173
Viewpoint 1,8032,59.912835,0.162517,59.673897,0.1625029,60.392143,0.1635449375445639,59.31306058174027,0.1634816766561481
Viewpoint 1,8047,292.002395,0.176174,272.99527,0.1750248,290.90051,0.177075906164213,240.7028436698656,0.1741292569234211
Viewpoint 1,8048,2425.586944,0.400406,2503.3369,0.3427725,2407.8472,0.3021923,2260.7608254147563,0.3956767850919281
Viewpoint 1,8049,6444.069913,0.568037,6176.7812,0.5437332,6436.9849,0.5386633,4107.184242390962,0.4227089607652093
Viewpoint 1,8050,6545.076693,0.582515,6889.3838,0.5686076,7086.0508,0.5777484,5517.6741915763605,0.5017775653903178
Viewpoint 1,8051,5461.17488,0.502071,5474.7905,0.4949673,5540.5288,0.4942601,5360.924176093431,0.4962565222525824
Viewpoint 1,8052,6637.011054,0.572485,6678.9219,0.567565,6745.6489,0.5667453,6439.812629411072,0.5608207174564063
Viewpoint 1,8053,31911.843938,1.0,23851.465,1.0,32944.023,1.0,8549.058117706552,0.6882823190402232
Viewpoint 1,8054,6679.130832,0.579274,6773.2656,0.578658,6807.6177,0.5775009,6397.63340337117,0.5654697707830171
Viewpoint 1,8055,4612.365398,0.459943,4752.7314,0.4627569,4772.4736,0.4607413,4465.774322615188,0.4560932962961289
Viewpoint 1,8056,676.85949,0.198867,788.76099,0.2053003,794.45966,0.2104547602046231,729.1508770786714,0.2038988596810565
Viewpoint 1,8071,214.0314,0.171564,215.65617,0.171659,221.93661,0.1730276383657578,200.3118245049993,0.1717583040984434
Viewpoint 1,8072,695.992383,0.199855,701.13794,0.2001568,709.27185,0.201634245607865,703.8659835833663,0.2013169332363436
Viewpoint 1,8073,3579.520177,0.387429,3615.052,0.3802709,3699.8474,0.3811105,3181.33462617482,0.3644723410820063
Viewpoint 1,8074,2017.501304,0.30171,2028.4937,0.2896583,2052.2527,0.2853355,2003.7827500139604,0.3015177081889959
Viewpoint 1,8075,2481.736758,0.327411,2493.3821,0.3179435,2522.0098,0.3150266,2464.079773946064,0.3288039479765701
Viewpoint 1,8076,2714.714388,0.341478,2726.7856,0.3320408,2756.8096,0.3292982,2673.3195245420693,0.3414951478186311
Viewpoint 1,8077,17780.308972,1.0,18912.523,1.0,17915.336,1.0,9053.665513401424,0.7170349818063542
Viewpoint 1,8078,22621.0719,1.0,29647.092,1.0,21879.014,1.0,26354.488021984514,1.0
Viewpoint 1,8079,1506.358652,0.273523,1527.6387,0.2589957,1541.9832,0.256808,1490.1979803588697,0.2725466952609676
Viewpoint 1,8080,1500.917358,0.279212,1603.8174,0.2708802,1608.9722,0.2652236,1606.498904033491,0.291998987099124
Viewpoint 1,8095,64.426598,0.162782,64.819321,0.1628049,65.554939,0.1638478552667614,64.18533474373923,0.1637676791494575
Viewpoint 1,8096,627.879173,0.195857,632.56781,0.1961317,639.87988,0.1975609086741718,635.2918428296088,0.197291631174098
Viewpoint 1,8097,1243.702158,0.252111,1252.3119,0.2364555,1266.9254,0.2361777,1233.055043919512,0.249967208430917
Viewpoint 1,8098,1807.767907,0.28931,1815.5103,0.2742429,1836.6802,0.272373,1794.2814531595022,0.288802496356316
Viewpoint 1,8099,2208.201515,0.311278,2219.2932,0.301098,2244.7817,0.2986775,2194.5663683493563,0.3131151067739319
Viewpoint 1,8100,2394.32507,0.322541,2405.8616,0.3130025,2432.6179,0.3099851,2361.504787485741,0.3232762126229755
Viewpoint 1,8101,2283.267229,0.318343,2299.9375,0.3070554,2324.5034,0.3040051,2268.8414199081,0.3180241217185978
Viewpoint 1,8102,1896.468923,0.295768,1915.3057,0.2813472,1934.7856,0.279615,1873.2098002477408,0.2952625261018647
Viewpoint 1,8103,1282.177835,0.25874,1298.5125,0.2438116,1311.314,0.2423795,1272.0456579769248,0.257962275413593
Viewpoint 1,8104,627.810836,0.195852,726.24585,0.2016306,731.76648,0.2029546614116482,673.0005116411663,0.1995051300333364
Viewpoint 1,8119,49.295502,0.161894,49.462868,0.1619035,50.023571,0.1629362605455311,48.98277747276847,0.1628752890376515
Viewpoint 1,8120,600.08328,0.194225,604.77899,0.1945005,611.76093,0.1959102957247536,607.4437601828166,0.1956569487227313
Viewpoint 1,8121,1174.066756,0.243068,1183.3365,0.2322181,1197.1145,0.2320615,1165.321615634334,0.2432095331336027
Viewpoint 1,8122,1707.175361,0.283302,1716.1599,0.2683361,1736.137,0.2663928,1696.4260738946364,0.2828285193098802
Viewpoint 1,8123,2101.849936,0.305006,2113.9094,0.2948605,2138.1968,0.2905087,2090.8025621388083,0.307055142104406
Viewpoint 1,8124,2268.100386,0.317176,2274.3467,0.3045517,2299.7458,0.3021227,2233.4684441949275,0.3157777806070673
Viewpoint 1,8125,2154.536851,0.310747,2172.5894,0.2988253,2195.989,0.2944916,2144.898114556315,0.3107069636971266
Viewpoint 1,8126,1777.803202,0.288668,1796.1288,0.2741378,1814.6649,0.2723745,1758.572120021451,0.2880927484382409
Viewpoint 1,8127,1200.245401,0.251773,1212.6926,0.2344714,1224.8647,0.2371025,1189.936948377933,0.2510627114245585
Viewpoint 1,8128,579.322029,0.193006,664.60773,0.1980125,669.91309,0.1993238328835973,617.7161544538458,0.1962599382664407
Viewpoint 1,8143,258.38329,0.174195,249.30728,0.1736343,262.53543,0.1754109131041911,222.1323322472516,0.1730391679029136
Viewpoint 1,8144,2415.714968,0.396064,2524.3086,0.3382825,2344.1973,0.29855,2203.056436667682,0.3849273515654527
Viewpoint 1,8145,2537.851038,0.329609,2547.2803,0.320433,2579.5051,0.3177839,2494.060393924384,0.3285803165890999
Viewpoint 1,8146,3843.333993,0.406539,3852.0176,0.3988533,3900.9805,0.3974791,3781.58817102438,0.4037555227310885
Viewpoint 1,8147,7971.506754,0.67059,8274.6328,0.6512136,8670.4639,0.6718014,6590.993439406452,0.5664074920256642
Viewpoint 1,8148,6049.883541,0.538046,6083.812,0.5324765,6145.6572,0.5313196,5884.08725421828,0.5283304350615816
Viewpoint 1,8149,32809.640091,1.0,58914.242,1.0,32919.68,1.0,8840.647504195222,0.7051642985309095
Viewpoint 1,8150,5906.764969,0.533356,5989.0981,0.531716,6023.939,0.5301339,5686.009902657953,0.5228459900821676
Viewpoint 1,8151,17401.148506,1.0,18024.156,1.0,14976.166,1.0,8196.222414959251,0.767480142522257
Viewpoint 1,8152,1119.160426,0.252922,1291.7111,0.2514699,1296.9235,0.2459567,1221.830211280727,0.2618613803189911
Viewpoint 1,8167,220.429276,0.171959,213.47456,0.171531,223.47285,0.1731179430584746,195.89900748080385,0.1714992717391232
Viewpoint 1,8168,1220.858658,0.245253,1228.3387,0.2350595,1243.2186,0.2348084,1226.3082638351918,0.2466377388627481
Viewpoint 1,8169,2450.729245,0.324639,2466.6555,0.3156669,2497.6841,0.3129977,2415.968609089088,0.3240961761130728
Viewpoint 1,8170,3690.234476,0.397686,3703.176,0.3901537,3749.8645,0.3886496,3638.615366013883,0.3955433209787689
Viewpoint 1,8171,4843.535481,0.465767,4842.6045,0.457858,4900.1392,0.4567528,4753.144550568507,0.461032789600168
Viewpoint 1,8172,5745.204113,0.520289,5789.0557,0.5150929,5848.2964,0.5138226,5606.557047182355,0.5121315451328492
Viewpoint 1,8173,29263.764404,1.0,49022.855,1.0,30832.535,1.0,9206.239759117443,0.7261944934010341
Viewpoint 1,8174,5532.658106,0.511216,5608.4009,0.5089088,5643.0127,0.507185,5337.283654935934,0.5019988853719236
Viewpoint 1,8175,17757.391161,1.0,17031.293,1.0,15416.012,1.0,8507.135848588894,0.7829185672890594
Viewpoint 1,8176,1476.766426,0.277457,1587.4446,0.2702612,1592.5547,0.2645178,1592.6855055980766,0.2911117029519892
Viewpoint 1,8191,185.762302,0.169904,175.71278,0.1693143,183.8591,0.1707926595079774,161.1579486193915,0.1694599715839582
Viewpoint 1,8192,2250.942941,0.39219,2328.405,0.3306498,2181.9937,0.2889363,2033.2563300650668,0.3816318910682513
Viewpoint 1,8193,3825.200214,0.402615,3879.1052,0.3955705,4004.3806,0.396829,3043.5358441534986,0.3554189276141543
Viewpoint 1,8194,5768.293507,0.530664,5834.7295,0.5080203,6030.7368,0.5166267,4310.1049382679,0.4294168322802947
Viewpoint 1,8195,7590.524158,0.648657,7919.4287,0.6298987,8317.875,0.6508622,6162.41317609325,0.5419011066529936
Viewpoint 1,8196,15203.543384,1.0,9198.7334,0.8738334,14574.831,1.0,7813.660192441617,0.6409056724477727
Viewpoint 1,8197,25587.632791,1.0,52520.543,1.0,27326.152,1.0,8594.206934254258,0.6903108161120778
Viewpoint 1,8198,4436.699942,0.446174,4492.0562,0.4415538,4524.6001,0.4398535,4306.001853593651,0.4404709600719753
Viewpoint 1,8199,17754.173867,1.0,15909.459,1.0,15389.45,1.0,8319.804257605874,0.7737515418839088
Viewpoint 1,8200,579.262662,0.193003,661.39093,0.1978236,666.71735,0.1991362220403326,615.8121613610614,0.1961481738718943
Viewpoint 1,8215,265.022298,0.174586,253.0051,0.1738514,264.81305,0.1755445717911499,231.7693699981185,0.1736048620188895
Viewpoint 1,8216,1153.013329,0.239155,1162.3098,0.2311046,1176.3232,0.2308679,1160.8411796035368,0.2394602720340904
Viewpoint 1,8217,2348.883562,0.318638,2358.7239,0.3087582,2388.1975,0.305042,2311.184044319731,0.3180612203096501
Viewpoint 1,8218,8474.439544,0.694253,8300.8633,0.6527303,8618.5703,0.6684188,6008.4795676524745,0.529244787831548
Viewpoint 1,8219,4587.541801,0.450966,4609.8926,0.4441919,4664.4736,0.4429457,4528.42361298572,0.4480196187012685
Viewpoint 1,8220,20987.357411,1.0,12453.449,1.0,20058.426,1.0,10576.280653566966,0.8031808558897845
Viewpoint 1,8221,5735.1565,0.520844,5788.8643,0.5167118,5838.6953,0.5150378,5560.473309627576,0.5113486845121651
Viewpoint 1,8222,5106.975388,0.485919,5165.7231,0.4823759,5199.8682,0.480481,4931.271332714205,0.4777197157986771
Viewpoint 1,8223,3534.704388,0.395274,3620.4426,0.3928603,3641.5388,0.3909351,3433.8802016282702,0.3926002810832242
Viewpoint 1,8224,1635.470507,0.286798,1718.2694,0.2783601,1723.7939,0.2724515,1724.6593460971794,0.2994632745991127
Viewpoint 1,8239,178.400172,0.169483,174.76384,0.1692586,182.57779,0.170717516812197,160.40414142021746,0.1694157231013667
Viewpoint 1,8240,3838.828631,0.513527,3946.4097,0.4332609,3642.5818,0.3748156,3411.8822028257664,0.4738767140470349
Viewpoint 1,8241,4177.839097,0.432412,4137.3525,0.420236,4269.9658,0.4124295,3247.1268077544864,0.3675279924475993
Viewpoint 1,8242,3491.547703,0.38596,3495.4976,0.378002,3539.1562,0.3763469,3437.058313315308,0.3839242155535408
Viewpoint 1,8243,7998.074054,0.674775,7934.3896,0.6327606,8252.5684,0.6481788,6543.851027991263,0.5628079556422375
Viewpoint 1,8244,5340.065218,0.496209,5360.9658,0.4894587,5416.4971,0.488173,5202.9105667108615,0.4885687104319048
Viewpoint 1,8245,27453.402231,1.0,27663.693,1.0,28824.781,1.0,10104.910554909877,0.7763556439497039
Viewpoint 1,8246,4980.98422,0.478543,5048.4082,0.4753379,5082.4102,0.473396,4823.812873127283,0.4712834879499582
Viewpoint 1,8247,3454.742865,0.39052,3535.9075,0.3876709,3557.0044,0.3857259,3356.878041284688,0.3878539017114585
Viewpoint 1,8248,1573.922061,0.283159,1670.1075,0.2755578,1675.4711,0.2696423,1676.54657688389,0.2964815117260851
Viewpoint 1,8263,134.96147,0.166922,133.32736,0.1668263,139.73923,0.1682027629027332,118.83456757290352,0.1669755891165294
Viewpoint 1,8264,2256.150564,0.425824,2363.8003,0.3379357,2144.9272,0.2860251,1880.2864187317327,0.3710653076845048
Viewpoint 1,8265,4838.976868,0.481422,4705.2769,0.4652576,4786.2212,0.4418887,3129.797711236736,0.363665899081317
Viewpoint 1,8266,4592.23683,0.445141,4431.8862,0.4248702,4553.9009,0.4294598,3074.6199306654653,0.357638609218442
Viewpoint 1,8267,7678.642454,0.660018,8109.7227,0.6394439,8581.4629,0.6653394,5935.533401498901,0.5307591948031146
Viewpoint 1,8268,17961.403896,1.0,9055.1729,0.9180775,16966.266,1.0,7134.852524469151,0.6046249200756139
Viewpoint 1,8269,30871.187162,1.0,39583.93,1.0,31522.473,1.0,8762.655244148465,0.6982060842364313
Viewpoint 1,8270,30288.261146,1.0,33305.312,1.0,29985.365,1.0,39093.51238483075,1.0
Viewpoint 1,8271,18345.530017,1.0,21109.818,1.0,16139.791,1.0,7970.294489875124,0.7626571608293417
Viewpoint 1,8272,308.576936,0.177113,328.63324,0.1782908,332.0011,0.1794884592251594,315.4762158430772,0.1785184538699886
Viewpoint 1,8287,248.476056,0.173586,243.88243,0.1733159,253.91599,0.1749048825272525,224.65498317041744,0.1731872475121035
Viewpoint 1,8288,1086.04283,0.232958,1095.5559,0.224241,1108.7106,0.2265713,1079.3738090078275,0.2276086791757172
Viewpoint 1,8289,2213.255585,0.310656,2223.1577,0.3007934,2250.7153,0.2969544,2179.326820679317,0.3104578269812879
Viewpoint 1,8290,9101.401441,0.732065,8583.3975,0.6696566,8829.2012,0.6812299,6364.338499895504,0.5502977227340455
Viewpoint 1,8291,4287.608258,0.433537,4308.2817,0.4264739,4359.0903,0.4250488,4236.404827203383,0.4311146573420423
Viewpoint 1,8292,5012.88263,0.476985,5036.5537,0.4703009,5089.1758,0.4688917,4895.441331091369,0.4706416029647986
Viewpoint 1,8293,33738.860852,1.0,48783.645,1.0,34545.062,1.0,13045.16804586618,0.9486979911868674
Viewpoint 1,8294,4609.256729,0.456498,4668.874,0.4521306,4702.1587,0.4504802,4473.710608697117,0.4503557323410809
Viewpoint 1,8295,3211.832325,0.376032,3287.4026,0.3724258,3308.3372,0.3704049,3129.888716021405,0.3739007483213807
Viewpoint 1,8296,1476.764082,0.27715,1598.7739,0.2713354,1603.8879,0.2655082,1605.1635661703162,0.2919274533584358
Viewpoint 1,8311,246.562973,0.173473,240.45938,0.173115,249.90173,0.174669279944779,222.0052150069452,0.1730317061209076
Viewpoint 1,8312,1073.876405,0.231762,1081.9856,0.2234418,1094.9692,0.2257623,1066.000171108049,0.22637096313144
Viewpoint 1,8313,2171.210411,0.308139,2182.353,0.2983947,2209.3428,0.2945194,2139.5957793553825,0.3081655392075794
Viewpoint 1,8314,3261.200851,0.37251,3272.7048,0.3641577,3313.1753,0.3621031,3220.4414894286274,0.3714122871488772
Viewpoint 1,8315,4210.974979,0.428859,4220.1699,0.4212965,4269.8892,0.4198199,4150.935663148018,0.4261592230963499
Viewpoint 1,8316,21491.52794,1.0,13749.189,1.0,20260.422,1.0,11118.452491154423,0.8347966213655288
Viewpoint 1,8317,5058.379036,0.48102,5107.7065,0.4758829,5153.6074,0.4743436,4931.085363730761,0.474275139630377
Viewpoint 1,8318,40420.835998,1.0,46229.617,1.0,38801.676,1.0,49424.671520608186,1.0
Viewpoint 1,8319,3099.514297,0.369339,3165.9722,0.3649749,3186.7715,0.3629144,3018.743762452488,0.3670774832684935
Viewpoint 1,8320,1439.536812,0.274965,1575.6667,0.2700222,1580.6934,0.2641881,1570.8092528145614,0.2892644508797399
Viewpoint 1,8335,375.724832,0.181143,378.89713,0.1812413,388.62634,0.1828123937576202,351.77344317984443,0.1806491011146568
Viewpoint 1,8336,703.635761,0.200303,710.41132,0.2007011,718.68634,0.2021868564624614,701.9890160639981,0.2012067552429567
Viewpoint 1,8337,6840.608197,0.584523,6601.3662,0.5599555,6815.0127,0.5639954,5876.2665885319775,0.5219318453737667
Viewpoint 1,8338,2103.296735,0.304578,2111.4751,0.294536,2136.3494,0.2903358,2085.8993493243893,0.3061621815943056
Viewpoint 1,8339,2620.809189,0.33556,2633.2383,0.3261967,2663.5967,0.3233605,2601.1147607212274,0.3366086529970742
Viewpoint 1,8340,2872.704911,0.350989,2886.6191,0.3422911,2918.3818,0.3397582,2829.208598088107,0.3504507212303142
Viewpoint 1,8341,2810.235803,0.347743,2824.4468,0.3391453,2853.6941,0.3358863,2765.379467365537,0.3471788541288553
Viewpoint 1,8342,2344.211267,0.322551,2366.6399,0.3119184,2389.502,0.3088591,2307.4984900479294,0.3212874152107037
Viewpoint 1,8343,1575.48625,0.277726,1597.0118,0.2632814,1611.8802,0.2611232,1557.670167017645,0.2766293304954946
Viewpoint 1,8344,755.455044,0.208248,862.3714,0.2128805,868.52509,0.216609210475123,801.0442968589888,0.2112590369574717
Viewpoint 1,8359,275.126987,0.175167,268.79874,0.1747785,278.52075,0.1763492120086148,249.1275580074501,0.1746237876550373
Viewpoint 1,8360,1006.728778,0.223603,1015.5778,0.2195263,1027.7046,0.2205128,1000.9325509993496,0.2191611032383974
Viewpoint 1,8361,2048.347517,0.300983,2060.2876,0.2912202,2085.5686,0.2872137,2020.8000604618635,0.3012745658421901
Viewpoint 1,8362,3070.5924,0.361425,3080.3369,0.3528774,3118.092,0.3501032,3033.139277590056,0.3606452695349921
Viewpoint 1,8363,3953.337129,0.413716,3958.6416,0.4058414,4005.0991,0.4043033,3896.821648954579,0.4114691920822279
Viewpoint 1,8364,4524.118528,0.448321,4545.2812,0.4412864,4593.3926,0.4396855,4427.613210313756,0.4433762580493259
Viewpoint 1,8365,4632.736225,0.455863,4674.6655,0.4501519,4717.8408,0.4484666,4526.51955530346,0.4504860543122533
Viewpoint 1,8366,41133.268838,1.0,42300.191,1.0,40290.117,1.0,50771.20145139549,1.0
Viewpoint 1,8367,21713.963591,1.0,17316.803,1.0,19204.859,1.0,11240.253029616952,0.9238379355219458
Viewpoint 1,8368,2189.51141,0.317862,2268.3926,0.3136009,2275.5791,0.3093088,2277.1685703655903,0.333363574068679
Viewpoint 1,8383,48.716582,0.16186,48.898239,0.1618703,49.452858,0.1629027080106372,48.36859943551299,0.1628392367868646
Viewpoint 1,8384,677.757642,0.198784,682.74304,0.199077,690.68567,0.2005431923424286,674.6659075121652,0.1996028887709641
Viewpoint 1,8385,1348.644306,0.260399,1356.9182,0.2435684,1372.8801,0.2445955,1334.5670603740766,0.2587615471919179
Viewpoint 1,8386,1983.767578,0.299581,1996.9198,0.2877711,2020.3805,0.2834623,1973.2513024377724,0.2995240885226684
Viewpoint 1,8387,2463.729421,0.326365,2477.7456,0.3170049,2506.3083,0.3140882,2448.334722171854,0.3277350374961237
Viewpoint 1,8388,2691.055081,0.340225,2711.0913,0.331103,2741.0879,0.3283553,2658.9110792922384,0.3405183172101256
Viewpoint 1,8389,2600.442695,0.335506,2622.978,0.3263572,2650.5142,0.3237844,2571.4589246691826,0.3357730682312497
Viewpoint 1,8390,2171.127877,0.312043,2186.1548,0.3010349,2207.7805,0.2960954,2134.9842546941354,0.3109746614070526
Viewpoint 1,8391,1455.970255,0.270092,1473.2665,0.2556691,1487.374,0.2533648,1440.2878466275622,0.2687391733109315
Viewpoint 1,8392,672.274682,0.198463,756.2547,0.2033921,762.17511,0.2047396271091743,705.4434629172822,0.2014095312732444
Viewpoint 1,8407,223.449355,0.172116,214.05742,0.1715652,222.9633,0.1730880383677885,196.24203488322195,0.1715194074476451
Viewpoint 1,8408,1136.600869,0.237536,1145.0511,0.2292654,1158.9171,0.2298447,1126.9217681832092,0.235410546105484
Viewpoint 1,8409,5696.47482,0.523408,5666.2837,0.5127077,5802.7651,0.5027547,4369.56877809796,0.4341371761226544
Viewpoint 1,8410,3504.576272,0.386854,3522.6702,0.3795355,3567.0186,0.3779146,3462.251688458912,0.3852245804725953
Viewpoint 1,8411,10147.041307,0.791267,10722.717,0.7956306,11166.494,0.8189097,8711.844502021362,0.6905020614372702
Viewpoint 1,8412,5386.697542,0.498824,5396.3311,0.4915074,5452.7607,0.4902471,5239.993126884493,0.4906114209031892
Viewpoint 1,8413,5643.14293,0.515329,5698.0044,0.5112624,5747.8257,0.509536,5485.747243144056,0.5067806213151216
Viewpoint 1,8414,4981.806947,0.478444,5053.105,0.4755111,5087.7471,0.4735535,4834.747111979592,0.4717239049557062
Viewpoint 1,8415,22989.749307,1.0,19229.561,1.0,18185.928,1.0,9658.994701621428,0.8432456862206391
Viewpoint 1,8416,1562.852379,0.282212,1687.0465,0.2770537,1692.3407,0.2710612,1692.7383600369803,0.2974522165833442
Viewpoint 1,8431,132.02042,0.16675,128.73636,0.1665568,133.9785,0.1678645481071143,115.27137797633598,0.1667664298872109
Viewpoint 1,8432,2447.192343,0.417255,2509.4275,0.3448306,2400.8984,0.3011011,2056.870356233286,0.3770399958606522
Viewpoint 1,8433,5263.333076,0.504349,4765.0962,0.4710475,5035.3379,0.45649,3316.729465785232,0.375498356123139
Viewpoint 1,8434,7060.933952,0.613617,7094.2139,0.5808357,7517.6636,0.6023707,4327.1925950630375,0.4311563912318183
Viewpoint 1,8435,8157.090874,0.681391,8455.7227,0.6602401,8892.9277,0.6840296,6268.719750285059,0.5495547726539453
Viewpoint 1,8436,11868.665899,0.971505,6757.8369,0.6494294,11034.555,0.826835,5566.835566953476,0.5102122999523598
Viewpoint 1,8437,20319.075755,1.0,21033.377,1.0,21328.666,1.0,6975.889365625461,0.5930711302262953
Viewpoint 1,8438,39272.451518,1.0,37188.293,1.0,37279.223,1.0,48865.31777329846,1.0
Viewpoint 1,8439,24336.251191,1.0,33636.715,1.0,17490.701,1.0,7811.951297374385,0.7573350051171824
Viewpoint 1,8440,460.000097,0.186002,498.19894,0.1882443,502.8801,0.1895190118558466,472.8487850009181,0.1877562236795538
Viewpoint 1,8455,180.084664,0.169588,179.54576,0.1695393,186.57346,0.1709519842468161,161.28531533261696,0.1694674480100246
Viewpoint 1,8456,2345.544357,0.404052,2442.7393,0.3313105,2293.9236,0.2954436,2000.2726992839207,0.3594833145960713
Viewpoint 1,8457,4111.570368,0.422326,3925.6475,0.4081594,4045.4497,0.3992362,3091.706996958156,0.3583835306212086
Viewpoint 1,8458,3294.399737,0.374516,3298.501,0.3656357,3339.5264,0.3636117,3244.689678672256,0.3727133270631101
Viewpoint 1,8459,7313.92614,0.632573,7602.1646,0.6128271,7902.4536,0.6275534,6239.6797505591885,0.5449399277279042
Viewpoint 1,8460,18279.815305,1.0,10286.001,0.8675652,17141.992,1.0,7833.888866897978,0.6443189237519236
Viewpoint 1,8461,29723.217414,1.0,34556.734,1.0,31409.545,1.0,9614.91205250886,0.7477130310863023
Viewpoint 1,8462,38968.995881,1.0,19358.854,1.0,36231.199,1.0,46949.65373653104,1.0
Viewpoint 1,8463,3096.24227,0.368911,3160.7578,0.3644896,3181.9287,0.3624769,3014.946407538408,0.3665747631579191
Viewpoint 1,8464,1425.09097,0.273752,1583.2249,0.2705144,1588.572,0.2649098,1518.471446199538,0.2835995978092464
Viewpoint 1,8479,197.820687,0.170612,193.11961,0.1703361,201.66902,0.1718381290864012,171.8016261432509,0.1700847554546088
Viewpoint 1,8480,3121.280901,0.458616,3189.0762,0.3917816,3075.7222,0.3408492,2634.132564647145,0.4202079242414693
Viewpoint 1,8481,4498.455276,0.45574,4440.7695,0.445236,4648.8125,0.4341539,3302.427739888843,0.372163032247487
Viewpoint 1,8482,7630.792077,0.645189,7657.627,0.6138483,8002.229,0.6310811,4731.180295831282,0.4545748096401525
Viewpoint 1,8483,8625.894794,0.71615,8342.0723,0.6544343,8717.2764,0.674171,6426.446619266131,0.5573516427527941
Viewpoint 1,8484,6090.639958,0.540298,6131.2725,0.5351894,6195.1372,0.5340868,5938.3402919741375,0.5312475889333449
Viewpoint 1,8485,29293.683377,1.0,36172.68,1.0,31402.846,1.0,9751.615887343947,0.755672727480221
Viewpoint 1,8486,5918.832249,0.534048,5998.9722,0.5320738,6035.5781,0.5304487,5713.33601017881,0.5240031906016098
Viewpoint 1,8487,4053.737126,0.425513,4150.4722,0.4249518,4172.6738,0.4234416,3916.131868944648,0.4214735728055082
Viewpoint 1,8488,1785.60655,0.295053,1874.0132,0.2885439,1879.7844,0.2823662,1878.9385906141,0.3090450019097641
Viewpoint 1,8503,190.391109,0.170176,186.09157,0.1699236,193.74655,0.1713729142071096,166.4118885609233,0.1697683778585262
Viewpoint 1,8504,2209.757522,0.414721,2244.6001,0.3261015,2208.3865,0.2898262,1903.860898598081,0.3614059161286184
Viewpoint 1,8505,4630.209069,0.463018,4219.6992,0.4367678,4392.2896,0.4189627,3072.589958835171,0.3589158425822384
Viewpoint 1,8506,7007.351183,0.613576,6402.9292,0.540409,6737.6724,0.5567788,4039.391875913941,0.4141914290444204
Viewpoint 1,8507,7491.027451,0.622821,7855.2275,0.6266646,8198.1885,0.6441209,6246.382697274357,0.5459434403585798
Viewpoint 1,8508,5328.304406,0.495427,5353.5332,0.4889458,5409.8408,0.4876818,5200.847376749139,0.488278872472959
Viewpoint 1,8509,28352.891517,1.0,31702.793,1.0,30097.547,1.0,9799.108015882752,0.758296272154983
Viewpoint 1,8510,40578.707717,1.0,17449.074,1.0,37295.445,1.0,49056.30198292864,1.0
Viewpoint 1,8511,27728.634395,1.0,19221.688,1.0,19144.252,1.0,9033.361267985129,0.8182279272496571
Viewpoint 1,8512,457.749203,0.18587,489.23508,0.1877181,493.92493,0.1889933234593953,466.088084294396,0.187359370548081
Viewpoint 1,8527,182.421279,0.169708,185.56804,0.1698928,192.88454,0.1713223928653472,165.91961413563456,0.1697394813497617
Viewpoint 1,8528,2362.886201,0.416451,2422.5769,0.334899,2269.2961,0.2935802,1954.194385998248,0.3652310148962211
Viewpoint 1,8529,3978.130202,0.414526,3885.5117,0.4136802,3984.4246,0.3954221,3003.66215459747,0.3532904861593031
Viewpoint 1,8530,6727.21713,0.588064,6627.8115,0.5535623,6958.7407,0.5697361,4170.545864346146,0.4218144098409652
Viewpoint 1,8531,7220.241049,0.628517,7717.311,0.6187713,8059.1436,0.6360783,6166.026349736182,0.5411049693015904
Viewpoint 1,8532,17029.740836,1.0,12766.824,0.9850856,15266.079,1.0,7727.091134241024,0.6365627926563542
Viewpoint 1,8533,5524.398181,0.508564,5591.0454,0.5048502,5640.5454,0.5030801,5390.739410919118,0.501095198603608
Viewpoint 1,8534,41339.054888,1.0,64581.957,1.0,37836.465,1.0,49401.294552743726,1.0
Viewpoint 1,8535,28535.156246,1.0,36061.859,1.0,19153.768,1.0,8601.454184966102,0.7978473715836109
Viewpoint 1,8536,686.164268,0.199292,750.50928,0.2030549,756.68439,0.2044173447847564,704.2099902682156,0.2013371264287442
Viewpoint 1,8551,123.187117,0.166231,128.11607,0.1665204,132.92009,0.1678023934648081,114.8377716694741,0.1667409771969981
Viewpoint 1,8552,2950.275296,0.450632,2963.2869,0.3683424,2763.7202,0.3228558,2379.467343905345,0.3927706225238584
Viewpoint 1,8553,2607.93726,0.34242,2677.115,0.3382889,2641.9404,0.3160281,2021.22509221422,0.2918279806835924
Viewpoint 1,8554,7957.605438,0.662932,7609.4941,0.6112009,8090.1221,0.6362646,4826.338259691797,0.4600804305642965
Viewpoint 1,8555,5077.888106,0.475132,5161.1709,0.4684435,5376.937,0.478436,4171.240890640431,0.423000625701758
Viewpoint 1,8556,11077.612865,0.921174,6817.6948,0.6462563,10588.959,0.798754,5730.967776988506,0.5191717181484349
Viewpoint 1,8557,30126.856284,1.0,31745.945,1.0,31270.842,1.0,9967.703889277314,0.7682163545220684
Viewpoint 1,8558,29839.356945,1.0,17957.25,1.0,27505.443,1.0,35769.06036926006,1.0
Viewpoint 1,8559,28461.236243,1.0,31309.668,1.0,19782.355,1.0,9125.19617137298,0.823959798932084
Viewpoint 1,8560,377.608761,0.181166,395.43457,0.182212,399.4736,0.1834490310197393,380.5304617435352,0.1823371381043455
Viewpoint 1,8575,159.591532,0.168368,168.78714,0.1689078,174.7881,0.1702601744763526,156.86923031259,0.169208223819349
Viewpoint 1,8576,2636.225932,0.427489,2797.6396,0.3537464,2582.5259,0.312317,2241.445669568527,0.3775288621084683
Viewpoint 1,8577,3808.254484,0.413721,3935.4504,0.412893,4015.2397,0.3975003,3130.3920382247074,0.3607567349211736
Viewpoint 1,8578,5772.169535,0.529902,5882.6226,0.5110148,6178.5898,0.5251278,4338.4170189609,0.4311065257280573
Viewpoint 1,8579,8797.992542,0.697522,9059.2705,0.6961052,9472.9678,0.7182944,6901.760519074289,0.5855670026861662
Viewpoint 1,8580,14920.770758,1.0,16620.975,1.0,14301.331,1.0,7797.711951464471,0.6399317181461136
Viewpoint 1,8581,5216.793336,0.490271,5268.6367,0.4853094,5316.2085,0.483811,5090.697642417085,0.4834410478442068
Viewpoint 1,8582,40589.697642,1.0,32973.516,1.0,37594.34,1.0,45394.91420792966,1.0
Viewpoint 1,8583,3151.736315,0.372114,3216.0627,0.3676769,3237.7258,0.36573,3066.0171843737257,0.3694404759372008
Viewpoint 1,8584,1470.008322,0.276376,1614.1956,0.2717529,1620.8136,0.2666468,1528.860735198596,0.283189268672835
Viewpoint 1,8599,220.428924,0.171947,234.51382,0.172766,242.21008,0.1742177823220567,218.7225943896518,0.1728390162906725
Viewpoint 1,8600,2896.038216,0.406095,2915.208,0.3501544,2846.314,0.328819,2561.797648821427,0.3704731528864733
Viewpoint 1,8601,2145.606626,0.306655,2161.2842,0.297112,2188.1797,0.2932532,2117.7305799563533,0.3067376959856584
Viewpoint 1,8602,8204.021782,0.676143,7719.8828,0.6195478,8086.7764,0.6375498,5874.224582447605,0.521497110894273
Viewpoint 1,8603,4165.083602,0.426239,4180.8018,0.4189134,4230.5166,0.4174392,4112.754723224842,0.4238191277358502
Viewpoint 1,8604,18473.777303,1.0,12088.194,0.9529309,18141.404,1.0,10344.387324866688,0.7890631322980165
Viewpoint 1,8605,4947.849703,0.474388,4998.6602,0.4692691,5044.5171,0.4676856,4837.900526855797,0.4685915112659139
Viewpoint 1,8606,4346.378694,0.440546,4384.2622,0.4348012,4417.6973,0.4330204,4261.187022704661,0.4371562161327005
Viewpoint 1,8607,2963.288203,0.36093,3016.5449,0.3553297,3037.8372,0.3534166,2883.3286757107294,0.3582785329489501
Viewpoint 1,8608,1399.454139,0.271827,1532.4784,0.2658348,1539.6929,0.2614184,1441.3183144337595,0.276598815626919
Viewpoint 1,8623,204.827797,0.171035,225.8298,0.1722562,233.79294,0.1737236310578654,179.81830593799438,0.1705553345585602
Viewpoint 1,8624,1131.567336,0.236904,1140.646,0.2290116,1154.5242,0.2295852,1121.7128634930389,0.2336352722600601
Viewpoint 1,8625,2290.27399,0.315157,2307.5171,0.3056799,2336.6206,0.3019734,2259.2302218043856,0.3148040221771608
Viewpoint 1,8626,5972.770321,0.53,5890.3677,0.511107,6220.2095,0.5272385,4189.889729666584,0.422321344380521
Viewpoint 1,8627,7417.053532,0.643247,7842.8945,0.6245341,8230.6416,0.6452877,5883.3924353884,0.5264219737563377
Viewpoint 1,8628,14968.099762,1.0,15050.566,1.0,14928.817,1.0,7695.730860288863,0.6345894519657699
Viewpoint 1,8629,29590.76275,1.0,46037.5,1.0,30206.162,1.0,8878.837914715758,0.7046520051703834
Viewpoint 1,8630,41680.998838,1.0,32744.797,1.0,37319.727,1.0,45605.2799414176,1.0
Viewpoint 1,8631,29145.563324,1.0,26118.762,1.0,20407.684,1.0,8656.368129402412,0.8029329060690233
Viewpoint 1,8632,453.469396,0.185619,474.05737,0.1868272,478.75708,0.1881030059151631,454.5301942809645,0.1866809224042926
Viewpoint 1,8647,172.000706,0.169096,194.98265,0.1704455,202.9899,0.1719155576542047,145.57738591583333,0.1685453925532594
Viewpoint 1,8648,2338.087552,0.390843,2368.5505,0.3350169,2276.7166,0.2944629,1986.0847605388456,0.3556581253475814
Viewpoint 1,8649,4154.561055,0.438392,4230.3901,0.4319799,4352.5493,0.416889,3227.440493251416,0.3676087079241251
Viewpoint 1,8650,6922.041217,0.601524,6811.8159,0.5643963,7279.7983,0.5883986,4191.6515623405685,0.4231842883282904
Viewpoint 1,8651,7408.921738,0.623329,7983.3906,0.633597,8351.2256,0.652778,6229.929463726811,0.5454379916363425
Viewpoint 1,8652,5631.594641,0.513168,5656.8208,0.5071281,5716.5469,0.5056545,5491.108723360869,0.5051031637428607
Viewpoint 1,8653,30142.226903,1.0,43377.664,1.0,30728.59,1.0,9715.554348730657,0.7533811551196616
Viewpoint 1,8654,42220.598322,1.0,21488.0,1.0,37800.176,1.0,46035.14144182701,1.0
Viewpoint 1,8655,29214.359697,1.0,26670.629,1.0,20775.191,1.0,8705.833499157996,0.8060367335890523
Viewpoint 1,8656,452.187857,0.185543,471.11929,0.1866547,475.82013,0.187930566658684,452.2809994862492,0.1865488946698428
Viewpoint 1,8671,212.001889,0.171445,227.0834,0.1723298,233.68013,0.1737169283811762,195.17861162370272,0.1714569845023113
Viewpoint 1,8672,975.606506,0.219064,984.0351,0.2176755,995.81769,0.2185800004980962,969.122899554698,0.2171653370983242
Viewpoint 1,8673,4265.779824,0.433471,4113.999,0.4179494,4241.8384,0.4118399,3422.0324168976977,0.378257806540618
Viewpoint 1,8674,6192.581264,0.541345,6159.2393,0.5276941,6429.8687,0.5402322,4732.629835294629,0.454188160741508
Viewpoint 1,8675,8253.058131,0.667197,8238.9736,0.6511921,8522.8818,0.6644477,6975.238242347612,0.5876150749561674
Viewpoint 1,8676,4229.074765,0.430799,4244.1992,0.4234232,4289.8965,0.4217255,4141.884656960324,0.4266557487020621
Viewpoint 1,8677,4264.497098,0.433991,4300.5923,0.4277876,4341.7568,0.4259782,4180.256338089944,0.4299994680681902
Viewpoint 1,8678,37646.695332,1.0,22446.648,1.0,34472.391,1.0,41409.91515832005,1.0
Viewpoint 1,8679,28840.957103,1.0,25888.68,1.0,21173.748,1.0,9730.466907798682,0.8530910438038689
Viewpoint 1,8680,1213.2273,0.259255,1312.6859,0.2506325,1320.7163,0.2459598,1225.662101604091,0.259700399367222
Viewpoint 1,8695,243.11748,0.173271,258.82599,0.1741931,266.13477,0.1756221354348361,222.8480907465864,0.1730811829268246
Viewpoint 1,8696,2574.462426,0.363854,2641.3643,0.3366809,2539.876,0.3111518,2281.75149014096,0.3490901259189463
Viewpoint 1,8697,1962.333608,0.297244,1971.0728,0.2834699,1995.2528,0.2818764,1932.894285316304,0.2957997944564841
Viewpoint 1,8698,2909.688707,0.352015,2920.3982,0.3427486,2956.1113,0.3405638,2876.312890742736,0.3515348739908414
Viewpoint 1,8699,8698.721691,0.706813,9058.1592,0.6992754,9365.3066,0.7139969,7695.254511132136,0.6299007637002929
Viewpoint 1,8700,15499.214006,1.0,15793.902,1.0,15784.779,1.0,9575.796897298333,0.7435055713660431
Viewpoint 1,8701,4240.0782,0.432431,4266.623,0.4257569,4307.5845,0.4239371,4148.465762836788,0.4281290795368903
Viewpoint 1,8702,3654.564735,0.399501,3702.6699,0.3938451,3733.6646,0.3918323,3614.350471229615,0.3986431497859244
Viewpoint 1,8703,2511.502837,0.33407,2557.877,0.3252415,2578.0283,0.3244602,2461.3631256543367,0.3324938886846584
Viewpoint 1,8704,1605.623907,0.284311,1729.8643,0.2783132,1737.3403,0.2734869,1632.5125097428654,0.289370700602664
Viewpoint 1,8719,361.017835,0.1803,382.84381,0.1814729,393.44476,0.1830952019007951,329.5465873382776,0.1793443846767569
Viewpoint 1,8720,3415.518469,0.427091,3431.98,0.3856536,3306.0159,0.3560843,2976.7399925319723,0.3936151783871491
Viewpoint 1,8721,2012.135094,0.298744,2023.7506,0.2865863,2048.6853,0.2850192,1984.020504213972,0.2989622330970882
Viewpoint 1,8722,2993.066856,0.35685,3005.6748,0.3477528,3042.6047,0.3456289,2959.3129497708146,0.3562894835973789
Viewpoint 1,8723,3822.636486,0.405905,3824.5076,0.3978868,3869.689,0.3962981,3766.3079376452265,0.403843299216903
Viewpoint 1,8724,19547.002133,1.0,25454.184,1.0,19653.287,1.0,11846.030360111894,0.8771047202711688
Viewpoint 1,8725,4393.061267,0.441568,4435.1226,0.435744,4477.3428,0.4339806,4308.6869544022775,0.4375067452730559
Viewpoint 1,8726,3803.746869,0.408275,3840.4309,0.4020743,3872.1099,0.4001074,3745.944186919015,0.4064369874901612
Viewpoint 1,8727,2593.557405,0.338904,2642.3311,0.3315722,2662.8564,0.3296249,2539.7602102525443,0.3372174591943698
Viewpoint 1,8728,1265.992528,0.26283,1353.9124,0.2530094,1362.2491,0.2483939,1264.846105580619,0.2626057444268935
Viewpoint 1,8743,211.26286,0.171401,239.11656,0.1730361,247.49896,0.1745281689057566,182.67297380230016,0.170722903562195
Viewpoint 1,8744,2192.106377,0.377153,2222.2043,0.3353238,2106.1587,0.2838046,1795.585409474947,0.3585122387623894
Viewpoint 1,8745,4138.267567,0.441518,4074.5747,0.4276742,4118.2041,0.4028518,2900.978033881732,0.3490140537394118
Viewpoint 1,8746,6415.977707,0.571287,5967.0117,0.5144762,6406.877,0.5372956,3784.466565546202,0.3992283163169284
Viewpoint 1,8747,7346.006053,0.628833,7802.0112,0.6230915,8139.6348,0.6404374,6132.82689346064,0.5394984764870329
Viewpoint 1,8748,15481.285747,1.0,34252.227,1.0,15570.943,1.0,6699.362200916756,0.5798360881689909
Viewpoint 1,8749,28044.655267,1.0,16114.41,1.0,29491.045,1.0,9623.627057864693,0.7477937805512223
Viewpoint 1,8750,41443.864834,1.0,23615.41,1.0,37217.562,1.0,45962.051306006026,1.0
Viewpoint 1,8751,30872.086798,1.0,26989.799,1.0,22658.922,1.0,9463.594651490512,0.8461895975199764
Viewpoint 1,8752,1624.46773,0.28528,1735.2604,0.278168,1743.2732,0.2736101,1632.604593253818,0.2888654045895119
Viewpoint 2,7,215.615259,0.171657,230.21286,0.1725135,231.77765,0.1736049157965713,209.29004219696768,0.172285325476962
Viewpoint 2,8,1493.5227,0.276469,1547.7756,0.2594881,1560.0465,0.2716833,1517.0851722896512,0.2710992241167474
Viewpoint 2,9,6240.76667,0.575178,6514.043,0.5830568,7839.7534,0.6606068,5846.834887968179,0.5546572258617796
Viewpoint 2,10,31121.79041,1.0,31194.828,1.0,23522.318,1.0,10225.273217532304,0.8115131030223844
Viewpoint 2,11,35258.805168,1.0,35452.812,1.0,39295.668,1.0,13088.418397206431,0.9785052554248268
Viewpoint 2,12,42014.000673,1.0,47409.988,1.0,42591.852,1.0,14890.287535339588,1.0
Viewpoint 2,13,6553.697753,0.588809,6757.4868,0.59037,6808.7119,0.5906168,6567.017686935372,0.5856739858319715
Viewpoint 2,14,4997.501113,0.496052,5178.1196,0.4956179,5223.2715,0.4953039,5020.863691799571,0.4931951607929286
Viewpoint 2,15,6810.957049,0.620999,6686.0469,0.6037337,8290.2383,0.667791,5093.892215155744,0.4935558343371961
Viewpoint 2,16,1865.875576,0.302636,1978.8063,0.2921495,2016.2582,0.2894428,1901.6855827577235,0.3004868590236141
Viewpoint 2,31,281.041351,0.17564,301.93607,0.1767236,303.63901,0.1778235033989206,265.0202950244287,0.1755566913179339
Viewpoint 2,32,2925.612141,0.377271,3128.8171,0.3776142,3179.4895,0.3728525,2631.311046269964,0.3615173019220886
Viewpoint 2,33,5874.189154,0.55351,6265.0781,0.5670418,7789.6665,0.659073,5552.036107738528,0.5365493021839174
Viewpoint 2,34,34034.600557,1.0,48778.559,1.0,25313.178,1.0,9914.596835311457,0.7929595217394224
Viewpoint 2,35,7277.545717,0.632488,7474.7852,0.6334472,7527.2002,0.634329,7278.290711574745,0.6283678899288007
Viewpoint 2,36,45974.506865,1.0,38280.516,1.0,47136.773,1.0,14731.138812442096,1.0
Viewpoint 2,37,51362.368032,1.0,58435.0,1.0,36116.195,1.0,11375.454760676352,0.8777522698081822
Viewpoint 2,38,9114.338407,0.729939,9649.9365,0.7542508,12349.435,0.9178981,7583.561418458163,0.6483115187125268
Viewpoint 2,39,3452.054714,0.403054,3593.699,0.4001788,3631.0034,0.3993677,3470.876910795618,0.4001458834768888
Viewpoint 2,40,933.09542,0.214485,974.0686,0.2161778,983.71393,0.2177439006634484,940.3941170173346,0.2152011346689175
Viewpoint 2,55,395.467409,0.182926,424.88596,0.1847258,427.31311,0.1850832489262092,373.0052510829094,0.1818954082385667
Viewpoint 2,56,1732.187378,0.299743,1795.177,0.2875655,1809.4757,0.2873339,1756.2689187129,0.2977356692657307
Viewpoint 2,57,7706.812244,0.659726,8065.6392,0.6714363,10134.771,0.7977743,7121.5720780233005,0.6273491838623174
Viewpoint 2,58,5991.962178,0.557419,6165.3511,0.5562339,6209.8818,0.5559556,5998.623090417952,0.5528816840935116
Viewpoint 2,59,51676.18161,1.0,42604.613,1.0,57928.195,1.0,15606.112726237576,1.0
Viewpoint 2,60,8688.956811,0.715265,8917.6484,0.7188485,8977.7676,0.7205556,8637.457273725575,0.7089493671840135
Viewpoint 2,61,7842.153769,0.665708,8077.7217,0.6690142,8138.2227,0.6699471,7824.367995006739,0.6608122405275034
Viewpoint 2,62,10769.098636,0.826397,11568.881,0.8673892,14511.271,1.0,9325.333254119518,0.749776801629315
Viewpoint 2,63,3690.569075,0.417048,3839.8894,0.4148422,3880.9128,0.4141355,3702.4787416424815,0.4140248465929524
Viewpoint 2,64,1437.17971,0.26715,1505.8849,0.2529486,1525.2266,0.2617,1441.488014619299,0.2619674031427832
Viewpoint 2,79,162.619425,0.168546,174.34853,0.1692343,174.8853,0.1702650412789016,149.36472788808828,0.1687677095270308
Viewpoint 2,80,2388.539759,0.346596,2656.311,0.3455872,2704.3538,0.3414144,2150.5457822952044,0.331690697208062
Viewpoint 2,81,4202.942883,0.45609,4471.5586,0.4626138,5667.5229,0.5351226,3899.009369899724,0.4417725585521148
Viewpoint 2,82,48766.73836,1.0,37391.207,1.0,33375.797,1.0,8313.10368541832,0.6967861209682328
Viewpoint 2,83,29161.353479,1.0,17154.207,1.0,32975.754,1.0,8559.671989829783,0.7137588838736107
Viewpoint 2,84,59561.739888,1.0,51653.043,1.0,59613.961,1.0,12966.197598535317,0.9881858678042214
Viewpoint 2,85,50776.375179,1.0,68884.016,1.0,35291.066,1.0,9739.78861904083,0.7830382931962242
Viewpoint 2,86,7410.000565,0.629984,8507.0859,0.6843805,11652.28,0.8809659,6252.588343486334,0.5703628173328946
Viewpoint 2,87,6537.579872,0.613516,5942.1172,0.569647,7683.9927,0.6327954,4248.776533136221,0.4438376284156783
Viewpoint 2,88,442.522446,0.184976,458.2941,0.1859019,462.03568,0.1871213947779452,448.0030308349836,0.1862977779100135
Viewpoint 2,103,259.844059,0.174253,278.03946,0.1753209,280.10565,0.1764420158156829,252.87103696244367,0.1748435298696954
Viewpoint 2,104,2623.159254,0.360605,2808.251,0.3600811,2852.9749,0.3552059,2498.854185745263,0.3524629180137163
Viewpoint 2,105,6064.322678,0.563026,6495.7007,0.5792756,8494.2646,0.7035437,5613.379759417827,0.5400766914589936
Viewpoint 2,106,42509.707638,1.0,39416.289,1.0,29803.234,1.0,9623.411965487532,0.7745091174785123
Viewpoint 2,107,35757.775932,1.0,42090.695,1.0,40316.918,1.0,12821.594563577455,0.9626515195269564
Viewpoint 2,108,7341.099557,0.635503,7564.9023,0.638392,7617.4106,0.6392559,7352.767708971996,0.6322493695361716
Viewpoint 2,109,39334.2921,1.0,41642.445,1.0,29303.016,1.0,11636.38473638503,0.8919319761964728
Viewpoint 2,110,8784.305773,0.713611,9588.5049,0.7517959,12083.805,0.9024745,7697.050204721442,0.6552757502758171
Viewpoint 2,111,7411.301174,0.657593,7047.5708,0.6264234,8758.6992,0.6950887,5370.776943594206,0.5102527908551402
Viewpoint 2,112,1452.770072,0.268903,1522.1003,0.2539252,1541.1162,0.2626945,1457.2919899830124,0.2627161987067878
Viewpoint 2,127,84.638177,0.163968,87.614395,0.164143,88.298981,0.1651824450174334,86.39884799769283,0.1650716123774645
Viewpoint 2,128,818.16871,0.207027,847.1969,0.2087305,853.85059,0.2101209144512292,834.6351897013277,0.2089930856354679
Viewpoint 2,129,1638.20181,0.288449,1694.5836,0.2776076,1707.759,0.280443,1663.9031872794988,0.2897530280174655
Viewpoint 2,130,2397.244662,0.339846,2476.0808,0.3319386,2495.0454,0.3286429,2431.063392491796,0.3375448271676632
Viewpoint 2,131,2974.155601,0.374383,3069.9998,0.3683151,3093.2603,0.3669942,3019.4836427925297,0.372774475626138
Viewpoint 2,132,3149.699312,0.384775,3253.0894,0.3796901,3277.6143,0.3787055,3195.1571688737968,0.3831304775114625
Viewpoint 2,133,2911.080658,0.370272,3003.165,0.3640715,3026.2551,0.3619413,2948.3179750876247,0.3684312076515575
Viewpoint 2,134,2306.007506,0.333941,2384.4004,0.3261404,2403.3572,0.3221039,2338.053161823236,0.3317207981980434
Viewpoint 2,135,1511.875278,0.275301,1564.1744,0.2613435,1577.0575,0.2719198,1533.5459493153849,0.2687913228347356
Viewpoint 2,136,682.397551,0.199057,707.72241,0.2005433,713.89233,0.2019053993714466,688.1880897596661,0.2003966408688924
Viewpoint 2,151,226.209287,0.172278,239.32404,0.1730483,241.18045,0.1741568582523816,219.7604986635545,0.1728999412715506
Viewpoint 2,152,2332.047983,0.346587,2448.6912,0.3398342,2481.7507,0.3360792,2262.930469735217,0.3388318795967239
Viewpoint 2,153,1658.583708,0.290314,1715.7631,0.2789502,1729.1011,0.2817369,1684.592988183938,0.2922403661799824
Viewpoint 2,154,2439.08235,0.342407,2521.0918,0.3355362,2540.3889,0.3313788,2475.051310354457,0.3402065660316261
Viewpoint 2,155,2994.493704,0.375624,3092.575,0.3696642,3115.9993,0.3683531,3041.624896885878,0.3740990827971164
Viewpoint 2,156,22624.557539,1.0,23766.645,1.0,22023.051,1.0,12563.42431704012,0.9461245478113938
Viewpoint 2,157,19043.820994,1.0,19520.051,1.0,16193.392,1.0,10233.220045230706,0.809109510562161
Viewpoint 2,158,7378.607756,0.636846,7766.4727,0.6501307,8618.4258,0.6963037,6939.014970823309,0.6116193533944302
Viewpoint 2,159,5525.867904,0.526974,5545.5645,0.5187403,6129.8613,0.5419322,4723.677291655468,0.4752748694002408
Viewpoint 2,160,703.962953,0.200323,729.84271,0.2018418,736.21747,0.2032158352288246,709.5561682586513,0.2016509470767828
Viewpoint 2,175,259.333839,0.174223,273.53491,0.1750565,276.43613,0.1762265708936341,249.58497729095004,0.1746506381669787
Viewpoint 2,176,2602.810035,0.361682,2740.7456,0.3574731,2781.8088,0.3538357,2486.668407567849,0.3523970525955949
Viewpoint 2,177,5960.118656,0.560311,6199.769,0.5658012,6927.0215,0.604167,5658.883940856925,0.5436378029005889
Viewpoint 2,178,21896.87724,1.0,20526.502,1.0,17297.385,1.0,9757.566516361314,0.7843384478574228
Viewpoint 2,179,28197.715543,1.0,35590.883,1.0,28643.062,1.0,12799.866265990337,0.9615989660987938
Viewpoint 2,180,31679.549178,1.0,33993.945,1.0,30718.609,1.0,14141.517157037884,1.0
Viewpoint 2,181,27161.446727,1.0,26854.424,1.0,21898.061,1.0,11455.54771541194,0.8812119850058892
Viewpoint 2,182,3378.980672,0.398685,3499.5588,0.3951057,3528.1348,0.3937021,3417.8106952855464,0.3967866601177105
Viewpoint 2,183,2182.168605,0.326534,2261.1177,0.3178968,2280.8513,0.3145342,2206.529748448209,0.3238749435448337
Viewpoint 2,184,1143.355926,0.233489,1191.5089,0.2291604,1203.6974,0.2309635,1147.8032144620065,0.2294167069335887
Viewpoint 2,199,387.404639,0.182372,416.12769,0.1841357,417.92563,0.1845322309332539,366.1919876638702,0.1814954696758692
Viewpoint 2,200,3777.254237,0.424242,4053.0342,0.4309928,4131.5381,0.4282788,3400.073995397752,0.4054933064409203
Viewpoint 2,201,6307.978374,0.578207,6601.123,0.5870703,7958.9619,0.6668078,5877.725349289137,0.5555071934450778
Viewpoint 2,202,54902.766426,1.0,54105.859,1.0,37085.391,1.0,11868.064464470952,0.9049659383480716
Viewpoint 2,203,42974.714957,1.0,45889.203,1.0,43411.176,1.0,13161.19787601446,0.9820989701849324
Viewpoint 2,204,8428.854693,0.699803,8665.2236,0.7036836,8723.75,0.7051552,8400.86336310098,0.6946128365076076
Viewpoint 2,205,7626.209853,0.652515,7850.6909,0.6553119,7909.0737,0.6560701,7615.195201545185,0.6480612272479865
Viewpoint 2,206,5755.295161,0.540845,5977.2852,0.5435392,6029.5864,0.5432269,5781.0036210604285,0.538506546731924
Viewpoint 2,207,3656.001201,0.415016,3805.4705,0.4127527,3844.6755,0.4119711,3673.0523215865824,0.4120939547456942
Viewpoint 2,208,1086.151473,0.224854,1105.1304,0.2238712,1115.9539,0.2255063,1091.133559108194,0.2244399619409058
Viewpoint 2,223,349.412104,0.180821,374.5072,0.1826509,376.18375,0.1820819347550326,323.0085812385123,0.1789606037187006
Viewpoint 2,224,2469.971978,0.349519,2665.687,0.3465026,2724.6567,0.3421071,2152.5953909235623,0.3312695708206803
Viewpoint 2,225,5836.83582,0.548938,6198.3599,0.5617263,7944.8633,0.6692654,5364.918964005338,0.5251734621851577
Viewpoint 2,226,6410.865308,0.582214,6603.6533,0.582312,6650.8848,0.582168,6418.95807512359,0.577956633309053
Viewpoint 2,227,50178.279231,1.0,64744.914,1.0,50586.211,1.0,11561.147918279888,0.8876435588667394
Viewpoint 2,228,58984.87117,1.0,56572.488,1.0,54860.145,1.0,14178.48998715565,1.0
Viewpoint 2,229,52016.230836,1.0,52764.031,1.0,36403.832,1.0,9732.50396944136,0.782413783444576
Viewpoint 2,230,8952.35088,0.716647,9595.9912,0.7495484,12969.396,0.9595641,7315.960337547658,0.6325149499020659
Viewpoint 2,231,7185.0152,0.701242,7718.7285,0.7502522,7919.8188,0.6466517,4335.694577779856,0.4486633388636879
Viewpoint 2,232,581.685605,0.193145,586.92108,0.1934523,591.78595,0.194737717502871,589.2003274404858,0.1945860592207565
Viewpoint 2,247,358.396827,0.181764,385.16779,0.1837153,383.58258,0.1825161989451228,326.6683397518648,0.1791754315434344
Viewpoint 2,248,1968.510324,0.315998,2039.5474,0.3068728,2055.8694,0.3033564,1991.710539062147,0.3124137698908099
Viewpoint 2,249,5734.065189,0.541064,5970.1772,0.5472455,7859.1392,0.6657193,5100.212978714523,0.5093311698004426
Viewpoint 2,250,46150.725905,1.0,48325.203,1.0,29646.115,1.0,6652.611978349717,0.5964904960106667
Viewpoint 2,251,57678.367191,1.0,77736.414,1.0,58395.164,1.0,8330.195635085442,0.6959763716008875
Viewpoint 2,252,61446.963409,1.0,51337.227,1.0,58451.309,1.0,11220.859248852546,0.8917176359558041
Viewpoint 2,253,51628.04903,1.0,65597.617,1.0,35839.777,1.0,8342.331097645292,0.7021564973096124
Viewpoint 2,254,8192.382279,0.675537,9257.7031,0.7292219,12674.183,0.9433502,6955.021483250432,0.6112978424723978
Viewpoint 2,255,6679.139492,0.682582,7564.4932,0.7472364,7472.0059,0.6210424,3743.334145279821,0.41141496257826
Viewpoint 2,256,738.916726,0.202374,746.2312,0.2028038,752.65497,0.2041807593011083,745.9149748755048,0.2037852090251921
Viewpoint 2,271,124.096716,0.166284,128.44569,0.1665398,129.44992,0.1675978407038228,126.53994168805492,0.1674278945770888
Viewpoint 2,272,936.837024,0.213992,969.47833,0.2159084,977.09753,0.2173555007762381,954.3450557457558,0.2160200547722758
Viewpoint 2,273,1845.011341,0.306292,1908.4576,0.2970918,1923.2745,0.2935036,1872.657326108086,0.3039367685571545
Viewpoint 2,274,2729.270544,0.360032,2817.1238,0.3533756,2838.5969,0.3493571,2764.093494059174,0.3576969730782786
Viewpoint 2,275,3369.984101,0.398144,3477.4438,0.3938937,3503.6504,0.3924085,3417.8885169848177,0.3967105000525995
Viewpoint 2,276,3580.561626,0.410503,3695.2505,0.4067742,3722.8965,0.4055139,3626.496093964941,0.4089754029228676
Viewpoint 2,277,3311.495238,0.394225,3417.1514,0.3894309,3443.3184,0.3885463,3352.3789941249665,0.3926593712853528
Viewpoint 2,278,2624.670314,0.352999,2714.2693,0.345886,2735.8972,0.3432456,2659.078530926441,0.3510287100287834
Viewpoint 2,279,1729.234801,0.295987,1791.568,0.2896892,1806.4503,0.2861219,1754.5737242779971,0.2959770496988816
Viewpoint 2,280,787.451624,0.205223,815.61163,0.2068764,822.73328,0.208294330230877,792.681197401284,0.2065303862874553
Viewpoint 2,295,44.35673,0.161604,45.800545,0.1616885,46.157833,0.1627090937720999,45.19396190009863,0.1626528855635358
Viewpoint 2,296,273.2321,0.175039,282.14145,0.1755617,284.35193,0.1766912771372674,278.9998405254076,0.1763772906388414
Viewpoint 2,297,500.582395,0.188384,517.15619,0.1893571,521.2041,0.1905946286795136,509.7899702757528,0.1899246712551867
Viewpoint 2,298,725.554544,0.20159,751.07043,0.2030878,756.92352,0.2044313439660584,740.1250409639447,0.2034453399045835
Viewpoint 2,299,867.973586,0.20995,900.03552,0.2118321,907.01416,0.2132416040943031,888.8496361074561,0.2121754736395076
Viewpoint 2,300,909.330387,0.212378,941.05957,0.2142402,948.32172,0.2156664015365229,928.6766910210126,0.2145133217629334
Viewpoint 2,301,844.001965,0.208543,873.81592,0.210293,880.53796,0.2116875076730228,861.938638594197,0.2105957980854793
Viewpoint 2,302,676.017047,0.198682,700.66382,0.200129,706.03839,0.201444381112018,691.08097297604,0.2005664531136935
Viewpoint 2,303,449.671249,0.185396,465.44086,0.1863214,469.00021,0.1875302884725748,459.8090902608496,0.1869907935983119
Viewpoint 2,304,203.195608,0.170928,210.18909,0.1713381,211.79703,0.1724319122932843,206.9296486652676,0.1721467703766512
Viewpoint 2,319,64.89586,0.162809,67.025703,0.1629344,67.548714,0.163964548062969,66.1125969740779,0.1638808094423783
Viewpoint 2,320,507.011681,0.188762,524.91644,0.1898126,529.0285,0.1910539272502083,518.2885406849272,0.1904235373382052
Viewpoint 2,321,992.220156,0.217243,1025.8152,0.2192153,1033.816,0.2206849,1009.6135085792628,0.2192643129536027
Viewpoint 2,322,1442.596452,0.263711,1492.0051,0.2512215,1503.5525,0.2667413,1468.134212720403,0.2614378328017555
Viewpoint 2,323,1732.620538,0.29559,1794.3663,0.2861302,1808.1707,0.2860591,1769.437367693878,0.2967628517848226
Viewpoint 2,324,1818.711211,0.302227,1881.7037,0.2949573,1896.1154,0.2913953,1853.8416767305816,0.3018198174834222
Viewpoint 2,325,1689.234849,0.291866,1750.6018,0.2834464,1764.0588,0.2834024,1723.848813402442,0.2940348265275759
Viewpoint 2,326,1357.680981,0.253101,1405.3099,0.2414917,1416.2023,0.2544923,1383.0493506166465,0.2449765591343486
Viewpoint 2,327,906.784378,0.212228,937.76709,0.2140469,945.10358,0.2154774016584454,923.7376526121724,0.2142234002083345
Viewpoint 2,328,419.507351,0.183625,434.54218,0.1845076,437.99075,0.1857100251736819,425.9345668970972,0.1850023590768596
Viewpoint 2,343,22.496094,0.160321,23.247963,0.1603647,23.429247,0.1613750877462389,22.905419502849107,0.1613445481248172
Viewpoint 2,344,152.510256,0.167952,157.66348,0.1682549,158.89928,0.169326571843731,156.02551683820317,0.1691586978384025
Viewpoint 2,345,300.740536,0.176653,310.95047,0.1772528,313.38837,0.1783957335874903,306.7190050658353,0.1780044055973645
Viewpoint 2,346,427.087516,0.18407,442.00433,0.1849457,445.45786,0.1861483194914791,435.8348075620575,0.1855835032038927
Viewpoint 2,347,511.632749,0.189033,528.93677,0.1900486,533.04926,0.191289926566694,522.6903064120024,0.1906819209863845
Viewpoint 2,348,532.375062,0.19025,549.59705,0.1912614,553.84814,0.1925108335837339,542.7438588191491,0.191859064512684
Viewpoint 2,349,486.89074,0.18758,503.98505,0.1885839,507.86276,0.1898115098756112,497.5136863902984,0.1892040533911105
Viewpoint 2,350,400.400536,0.182504,414.40009,0.1833253,417.56818,0.1845111852143535,409.1173927362645,0.1840151909536187
Viewpoint 2,351,272.772013,0.175012,282.51382,0.1755836,284.65878,0.1767092960512981,279.43323685589047,0.1764027310034407
Viewpoint 2,352,125.635167,0.166375,129.7099,0.166614,130.69046,0.1676706692424906,127.9182590990194,0.1675088018091124
Viewpoint 2,367,454.865684,0.185887,490.1662,0.188176,493.34012,0.1889589459088286,448.11863306455626,0.1863045637608894
Viewpoint 2,368,1591.238766,0.286504,1645.871,0.2753047,1658.9194,0.27805,1612.3871468318675,0.2836434420748491
Viewpoint 2,369,3248.519902,0.392664,3358.7905,0.3874991,3384.636,0.3862348,3277.5249072749616,0.3897253030960939
Viewpoint 2,370,25364.497844,1.0,17296.953,1.0,21525.625,1.0,10375.346420735052,0.819003705282811
Viewpoint 2,371,37784.682785,1.0,41284.957,1.0,38300.457,1.0,13488.344475383676,1.0
Viewpoint 2,372,42855.543681,1.0,50362.727,1.0,41208.988,1.0,15443.7619301921,1.0
Viewpoint 2,373,38712.478016,1.0,43721.0,1.0,29376.457,1.0,12498.066302269135,0.941591569566666
Viewpoint 2,374,9396.719688,0.749958,10169.878,0.7869826,12615.378,0.9349546,8402.10152012837,0.6963857794088976
Viewpoint 2,375,3150.590805,0.38466,3268.7866,0.3800282,3299.4358,0.3786704,3169.4741647448545,0.3816697766381397
Viewpoint 2,376,2772.855649,0.359319,2750.219,0.3413942,2967.9829,0.3499679,2552.100517027898,0.3480513387605798
Viewpoint 2,391,22.501306,0.160321,23.258223,0.1603653,23.439545,0.161375717800611,22.915716559751623,0.1613451525620574
Viewpoint 2,392,132.03077,0.16675,136.53398,0.1670145,137.6041,0.1680764723602165,135.13498610009884,0.1679324236840758
Viewpoint 2,393,260.0468,0.174265,269.17477,0.1748006,271.28564,0.17592422812203,265.55223249763327,0.175587916047611
Viewpoint 2,394,366.720078,0.180526,379.51846,0.1812777,382.48489,0.1824517612477172,374.2779842542272,0.1819701176757231
Viewpoint 2,395,450.901588,0.185468,466.70105,0.1863953,470.33093,0.1876083864953964,461.2538460851192,0.1870756007651965
Viewpoint 2,396,470.785747,0.186635,487.53494,0.1876183,491.30698,0.1888396127755341,481.5276164214369,0.1882656710839383
Viewpoint 2,397,427.231907,0.184079,442.07385,0.1849497,445.47528,0.1861493243345251,436.4719138697269,0.185620901344153
Viewpoint 2,398,341.063147,0.17902,352.67325,0.1797019,355.36795,0.1808600301076173,348.26283033099514,0.1804430281404294
Viewpoint 2,399,233.738781,0.17272,241.63406,0.1731839,243.46603,0.1742911572589509,239.0778865686053,0.1740338719415771
Viewpoint 2,400,106.033075,0.165224,109.52084,0.1654289,110.34647,0.1664765541545277,108.06347435552878,0.1663433259446695
Viewpoint 2,415,85.115612,0.163996,88.004097,0.1641658,88.690735,0.1652054859684013,86.77269398345412,0.1650935571368287
Viewpoint 2,416,488.21902,0.187658,505.46085,0.1886705,509.41867,0.1899028028278938,499.1879139403545,0.1893023305482988
Viewpoint 2,417,933.388188,0.21379,965.48431,0.2156739,973.0152,0.2171159008551974,950.5080380901446,0.2157948218358915
Viewpoint 2,418,1344.501508,0.250106,1388.6151,0.2405117,1399.3702,0.2471132,1366.813881806788,0.2437117339389026
Viewpoint 2,419,1613.026593,0.284222,1667.6129,0.2721435,1680.4576,0.2783017,1644.991079775093,0.2794851559769036
Viewpoint 2,420,1693.825316,0.291876,1753.548,0.2836064,1766.9901,0.2835159,1728.218499088557,0.2940495333081108
Viewpoint 2,421,1567.013233,0.279691,1622.6135,0.2683909,1635.0802,0.2755788,1598.4728208823428,0.2738407293709841
Viewpoint 2,422,1255.713304,0.238249,1299.9321,0.235306,1309.9773,0.2368955,1280.0163250616563,0.2351369582811192
Viewpoint 2,423,845.492462,0.20863,875.45386,0.2103891,882.26361,0.21178870736525,862.9580963531012,0.210655640255927
Viewpoint 2,424,399.399255,0.182445,413.87363,0.1832944,417.12448,0.1844851898850873,406.1650858749276,0.1838418905408582
Viewpoint 2,439,124.866719,0.16633,128.90401,0.1665667,129.91083,0.1676247941890979,127.00090021291098,0.1674549528424978
Viewpoint 2,440,778.986065,0.204726,806.93683,0.2063672,813.26324,0.2077384378439979,795.3865381560763,0.2066891897897617
Viewpoint 2,441,1510.836899,0.27451,1562.8311,0.2648775,1574.9786,0.272263,1535.6311450202315,0.2686136624600283
Viewpoint 2,442,2162.287162,0.325469,2238.571,0.317483,2255.7507,0.3132538,2199.5879890572305,0.3232953137423163
Viewpoint 2,443,2652.98474,0.35479,2738.8342,0.3482465,2759.6882,0.34425,2696.4195423484666,0.3530867273639857
Viewpoint 2,444,2789.078103,0.362904,2884.0305,0.3568366,2905.8523,0.3534254,2836.0146364549305,0.3612861687954062
Viewpoint 2,445,2598.840993,0.351396,2684.5652,0.344052,2705.124,0.3408037,2638.814533711909,0.3495758298607454
Viewpoint 2,446,2078.96909,0.319932,2149.6875,0.311199,2166.521,0.3077386,2110.9048030980525,0.3177421888111597
Viewpoint 2,447,1383.866682,0.258249,1432.3582,0.2430794,1443.8381,0.2599414,1407.0207502262106,0.2498683752175543
Viewpoint 2,448,665.981743,0.198093,690.14044,0.1995112,695.82629,0.2008449129047735,673.8056090417266,0.1995523892507493
Viewpoint 2,463,527.725575,0.192053,591.52942,0.1937228,601.8526,0.1953286856614897,516.7546420406475,0.190333497487786
Viewpoint 2,464,3019.423097,0.379834,3264.0476,0.3810048,3363.6428,0.3794722,2625.463200574063,0.3579539487274515
Viewpoint 2,465,6030.00542,0.55666,6546.5347,0.5773922,8730.4873,0.7162944,5449.251181846861,0.5268703919253939
Viewpoint 2,466,31399.103086,1.0,41125.789,1.0,26625.795,1.0,9258.612371568552,0.751551183729016
Viewpoint 2,467,49161.129258,1.0,55291.316,1.0,50845.832,1.0,11680.620838622935,0.8934163452000164
Viewpoint 2,468,10040.370396,0.794661,10314.917,0.801102,10381.411,0.8032259,9956.963304359138,0.7866615003019988
Viewpoint 2,469,9072.709771,0.737883,9321.8633,0.7423078,9388.7715,0.7436197,9017.487834677417,0.7311085740849751
Viewpoint 2,470,9093.912584,0.726799,10013.345,0.773868,13502.3,0.992583,7664.862800756955,0.6521907583277122
Viewpoint 2,471,7035.987915,0.609364,6991.7212,0.6102761,9173.792,0.7224054,5185.884258390096,0.5001865596911677
Viewpoint 2,472,2851.399315,0.362871,2689.0168,0.3374237,3063.4836,0.3551363,2555.880907437216,0.3538019929694351
Viewpoint 2,487,85.308811,0.164008,88.205704,0.1641777,88.893593,0.1652173914183026,86.9756407631071,0.1651054701127944
Viewpoint 2,488,430.80092,0.184288,445.69531,0.1851623,449.18384,0.1863670367717203,440.3689227698511,0.1858496557665902
Viewpoint 2,489,796.070841,0.205729,824.18317,0.2073795,830.61633,0.2087571250754684,811.8262686100884,0.2076542019674122
Viewpoint 2,490,1123.746291,0.225031,1162.9404,0.2272646,1171.9656,0.2287942,1145.29215852804,0.2272286497055959
Viewpoint 2,491,1349.660059,0.250424,1397.2238,0.241017,1408.0106,0.247601,1379.0337045346566,0.2445368803253681
Viewpoint 2,492,1431.927285,0.260976,1481.1807,0.2505783,1492.5607,0.2659203,1460.6684912407422,0.2604936226879054
Viewpoint 2,493,1324.620743,0.247255,1371.6543,0.2395161,1382.1936,0.2411346,1352.0849671413066,0.2428305054485625
Viewpoint 2,494,1076.017481,0.222162,1113.4161,0.2243575,1121.9913,0.2258607,1097.1640833328993,0.2244035316916411
Viewpoint 2,495,727.162561,0.201684,752.5542,0.2031749,758.36603,0.2045160391248263,742.5417563863037,0.203587201099876
Viewpoint 2,496,341.104198,0.179023,353.15521,0.1797302,355.89371,0.1808908953415646,347.1519197780483,0.1803778176909714
Viewpoint 2,511,65.217011,0.162828,67.404228,0.1629566,67.929558,0.1639869460157538,66.48991973645813,0.1639029582885301
Viewpoint 2,512,353.172391,0.179731,365.017,0.1804265,367.8736,0.1815940900695718,360.84240581250486,0.181181449221194
Viewpoint 2,513,659.607747,0.197719,682.4024,0.199057,687.7337,0.2003698425297399,672.4807675855866,0.1994746210572739
Viewpoint 2,514,945.85762,0.214522,979.08344,0.2164722,986.6936,0.2179188006181567,964.596892397666,0.216621837583743
Viewpoint 2,515,1131.074375,0.225506,1170.6656,0.2277181,1179.7203,0.2292494,1155.8949141349142,0.2278510314597194
Viewpoint 2,516,1192.226208,0.23048,1232.9772,0.2313758,1242.4688,0.2329327,1216.4803236930293,0.2314073950007808
Viewpoint 2,517,1106.425262,0.223963,1144.5406,0.2261845,1153.3372,0.2277007,1128.7527764559045,0.2262577879779616
Viewpoint 2,518,898.350325,0.211733,928.75964,0.2135182,935.896,0.2149370020633925,915.7655867367064,0.2137554399414447
Viewpoint 2,519,609.291802,0.194765,630.54163,0.1960128,635.38513,0.1972970682113794,622.6489672463989,0.1965494943773636
Viewpoint 2,520,283.080225,0.175617,292.83459,0.1761894,295.08557,0.177321385154828,288.2037171863557,0.1769175581988391
Viewpoint 2,535,125.0103,0.166338,129.30768,0.1665904,130.31693,0.1676486687388514,127.77999645945503,0.16750068579217
Viewpoint 2,536,702.832032,0.200256,727.10394,0.201681,732.79779,0.2030151550967725,717.1958285764193,0.2020993951374358
Viewpoint 2,537,1328.794754,0.249519,1375.3724,0.2397344,1386.0698,0.2439717,1352.4747499166235,0.2428072323675978
Viewpoint 2,538,1889.64774,0.308485,1955.0632,0.2994898,1970.1111,0.2959507,1922.428124866332,0.3063681911591446
Viewpoint 2,539,2299.203909,0.33326,2374.9507,0.3254699,2393.1125,0.3220776,2340.099125378156,0.3314660046537871
Viewpoint 2,540,2408.779648,0.339785,2489.9062,0.332314,2508.8352,0.3289772,2450.819694073146,0.3379992571158289
Viewpoint 2,541,2241.913478,0.329701,2314.4133,0.3217715,2332.1409,0.3176262,2277.210207394499,0.3276609158415985
Viewpoint 2,542,1814.038609,0.302041,1877.0714,0.2947479,1891.6683,0.2911592,1845.3316749860453,0.3015742244332341
Viewpoint 2,543,1211.748065,0.233192,1254.634,0.232647,1264.5443,0.2342286,1234.3152435916888,0.2324543047988321
Viewpoint 2,544,579.922538,0.193041,601.30396,0.1942965,606.12878,0.1955796377022168,588.6493564908976,0.1945537172260157
Viewpoint 2,559,667.077731,0.199935,719.65198,0.2012436,730.66827,0.20289006830786,650.8337569531013,0.198203941533147
Viewpoint 2,560,1477.220922,0.273342,1528.4596,0.2582231,1540.521,0.2702979,1499.3309521406954,0.2668674071689229
Viewpoint 2,561,7036.521684,0.621467,7294.8354,0.6273471,7976.4893,0.6628292,6660.8132016771815,0.599063441760502
Viewpoint 2,562,22800.745485,1.0,20309.219,1.0,20642.529,1.0,11352.47737065638,0.8752771281599038
Viewpoint 2,563,5261.475723,0.511571,5422.3286,0.5104956,5462.0679,0.5098512,5307.48328107725,0.5097488527251292
Viewpoint 2,564,5645.920274,0.534007,5819.269,0.5338086,5860.9727,0.5334321,5682.953010053882,0.5317491757097444
Viewpoint 2,565,5210.571965,0.507806,5370.791,0.5069484,5410.9863,0.5062916,5247.05534433955,0.5058320060959134
Viewpoint 2,566,10554.544724,0.817762,11184.911,0.8479819,13116.002,0.961908,9590.175714096891,0.7658394721647132
Viewpoint 2,567,8197.471674,0.673333,7849.5947,0.6535962,10179.86,0.7802349,6709.999644528076,0.5890838020757236
Viewpoint 2,568,3778.874989,0.414281,3779.0374,0.4115183,4198.5317,0.4253416,3468.498040091063,0.4047407562845514
Viewpoint 2,583,591.567954,0.193803,634.11133,0.1962223,643.54199,0.1977758167268708,580.0179193547076,0.1940470518661213
Viewpoint 2,584,1171.235683,0.229766,1213.9877,0.2302611,1223.5272,0.2318209,1193.6502789421522,0.2300672713739043
Viewpoint 2,585,2212.163435,0.329037,2288.7668,0.3208812,2306.4688,0.3174542,2243.6882713658742,0.326539914943152
Viewpoint 2,586,15733.74634,1.0,18199.43,1.0,14670.791,1.0,9181.56410936892,0.747769392508672
Viewpoint 2,587,3949.675807,0.432794,4077.8118,0.4297611,4108.3271,0.4285851,4004.0515425121935,0.4316258979989862
Viewpoint 2,588,24299.965733,1.0,28198.742,1.0,25960.906,1.0,13495.964960113486,0.9992464103536576
Viewpoint 2,589,23559.98752,1.0,20660.117,1.0,19603.732,1.0,11271.682462440089,0.8682606015576091
Viewpoint 2,590,8881.239464,0.723809,9351.0908,0.7424206,10471.361,0.8053973,8266.743450895225,0.6890640650335478
Viewpoint 2,591,2089.288189,0.320527,2164.0557,0.3119129,2182.043,0.3085074,2116.920408205417,0.3180598219934949
Viewpoint 2,592,3583.89479,0.405567,3681.8542,0.3977103,4104.1392,0.4202575,3307.8774087876027,0.3984647097690159
Viewpoint 2,607,936.159417,0.231001,1024.2554,0.2317552,1038.4323,0.2209558,924.5604455328748,0.2316818405028942
Viewpoint 2,608,2021.441164,0.318862,2092.0396,0.3098049,2108.6843,0.306289,2043.5687899677016,0.3153110850190586
Viewpoint 2,609,8567.944543,0.707107,8850.375,0.715812,10037.41,0.7831306,7968.851301651623,0.6736807718949864
Viewpoint 2,610,34582.635711,1.0,39172.398,1.0,30962.732,1.0,13414.631846267112,0.994304414608198
Viewpoint 2,611,7818.742222,0.663569,8042.2915,0.6664063,8098.9185,0.6672706,7820.4102123978355,0.6596742934932684
Viewpoint 2,612,8440.091722,0.699382,8687.1836,0.7042619,8745.3252,0.70539,8418.576394276533,0.6946793869038577
Viewpoint 2,613,7724.289277,0.657262,7952.8008,0.6606285,8010.3154,0.6611544,7721.048422450373,0.6533591424776297
Viewpoint 2,614,5953.238553,0.551885,6175.8481,0.5547001,6227.3086,0.5542955,5975.366099346234,0.5492244264823463
Viewpoint 2,615,9086.407117,0.723349,9212.9355,0.7291148,12478.298,0.9166249,7767.137541083553,0.6505405719419419
Viewpoint 2,616,1869.344912,0.304825,1947.6089,0.2970753,1968.6447,0.2939734,1866.1178718024528,0.2998239292850259
Viewpoint 2,631,620.773711,0.201955,695.89923,0.1998493,705.50635,0.2014131872192343,587.1250671092675,0.194464241439314
Viewpoint 2,632,2234.151941,0.332024,2314.1152,0.3244829,2332.5947,0.3199145,2256.634248773988,0.3284887153857778
Viewpoint 2,633,5647.122427,0.537087,6034.0312,0.5503456,7131.9585,0.6134073,5259.768894878281,0.5164439437204111
Viewpoint 2,634,27361.730992,1.0,33540.91,1.0,26885.779,1.0,6937.353428393592,0.61211892027581
Viewpoint 2,635,55794.352732,1.0,53999.008,1.0,53278.648,1.0,8752.645011898634,0.7194038675950404
Viewpoint 2,636,53636.005785,1.0,78654.477,1.0,56813.871,1.0,11779.719679531994,0.9223691831701384
Viewpoint 2,637,51318.736828,1.0,67696.023,1.0,36831.098,1.0,9011.212409184222,0.739551306571515
Viewpoint 2,638,8886.852682,0.712412,9796.6523,0.7603934,12755.861,0.9481569,7480.209581150421,0.6405278978760279
Viewpoint 2,639,5763.90689,0.525775,6063.8994,0.5481253,9654.9199,0.756867,4379.943940012487,0.4489239614775143
Viewpoint 2,640,2817.692211,0.369184,2760.8596,0.3448084,3697.5981,0.3999867,2645.282607966627,0.3739730063553245
Viewpoint 2,655,828.572704,0.218686,901.39478,0.2119119,914.47247,0.2136794034303011,818.7501954711651,0.2155894651753244
Viewpoint 2,656,1822.610312,0.305913,1888.2897,0.2964926,1903.2396,0.2927665,1847.876952682493,0.3029884520844692
Viewpoint 2,657,3515.699482,0.408392,3632.3694,0.4042056,3660.1765,0.4026417,3542.1491741596683,0.405376480382615
Viewpoint 2,658,23995.823129,1.0,35127.977,1.0,24161.896,1.0,11337.481672859836,0.8731070584828229
Viewpoint 2,659,44825.207387,1.0,46659.07,1.0,43409.398,1.0,15103.622611186056,1.0
Viewpoint 2,660,44674.631536,1.0,42445.195,1.0,46846.383,1.0,17481.38961473157,1.0
Viewpoint 2,661,6567.504982,0.588404,6769.1309,0.5900424,6818.7456,0.590066,6592.187015712403,0.585939089202698
Viewpoint 2,662,5152.480416,0.504238,5331.2031,0.5041994,5374.7334,0.5035304,5176.4171653908,0.5014298614196583
Viewpoint 2,663,3407.765985,0.39957,3536.208,0.3963496,3568.4253,0.3951274,3429.0608868487943,0.3967719302634875
Viewpoint 2,664,4070.791391,0.434717,3924.8054,0.4126543,5169.0732,0.4853956,3800.198298926326,0.4280365259770674
Viewpoint 2,679,742.47597,0.21376,827.86597,0.2075957,836.26703,0.2090888219301166,704.0976515570444,0.2079260845792516
Viewpoint 2,680,2333.589757,0.338157,2419.2151,0.3308372,2438.5452,0.3262901,2357.65037795118,0.3346287767283004
Viewpoint 2,681,5724.986652,0.540253,5963.2144,0.545362,6913.4126,0.5989101,5222.02017976976,0.5127437200830266
Viewpoint 2,682,7119.990879,0.623542,7324.2568,0.6245933,7375.353,0.6244528,7104.936516738039,0.6180739220607319
Viewpoint 2,683,9274.436527,0.749743,9536.6523,0.7550207,9602.6484,0.7565949,9235.710423119335,0.7437936707152316
Viewpoint 2,684,50457.634129,1.0,52698.684,1.0,52440.789,1.0,14385.194330274138,1.0
Viewpoint 2,685,52403.329958,1.0,43238.305,1.0,38345.895,1.0,11748.655158661986,0.8974260085902628
Viewpoint 2,686,9087.415658,0.72662,10215.212,0.7852367,12983.385,0.9594455,7888.00929757397,0.6641755521301828
Viewpoint 2,687,13121.436457,1.0,14002.933,1.0,11157.72,0.8437782,5801.23838222625,0.534161538300808
Viewpoint 2,688,3437.596646,0.399102,3398.7188,0.3812507,4672.5332,0.4584384,3223.160017020716,0.4002181309712502
Viewpoint 2,703,869.740699,0.222471,943.31671,0.2143727,954.26013,0.2160150013345782,850.6235947710477,0.2181511600697089
Viewpoint 2,704,1962.644479,0.315207,2036.3109,0.3063119,2052.4512,0.3027611,1990.906080279208,0.3118873307316972
Viewpoint 2,705,3785.381612,0.424717,3914.7173,0.4211519,3944.6003,0.419699,3813.366254217729,0.421697424958485
Viewpoint 2,706,21597.07083,1.0,35532.352,1.0,24398.104,1.0,11579.062058774978,0.886969500875357
Viewpoint 2,707,45303.795821,1.0,45661.746,1.0,43859.949,1.0,14923.189702404436,1.0
Viewpoint 2,708,45592.840502,1.0,29714.012,1.0,47374.051,1.0,17358.891141629996,1.0
Viewpoint 2,709,7145.914911,0.622671,7363.5791,0.6253905,7416.9707,0.6255686,7161.821337338472,0.6197603670965489
Viewpoint 2,710,5584.307883,0.529633,5784.981,0.5310947,5832.3252,0.5306377,5608.490491525158,0.527103470685915
Viewpoint 2,711,3681.895553,0.415843,3822.877,0.413351,3858.2048,0.4123448,3701.4483000084974,0.412952328000975
Viewpoint 2,712,4384.835721,0.448649,4068.7854,0.4189198,5527.8447,0.5084078,3913.6731867913777,0.4364073257568218
Viewpoint 2,727,762.104391,0.20842,816.3913,0.2069222,826.5929,0.2085209275863265,737.1005432991589,0.2055634563959255
Viewpoint 2,728,1549.388165,0.281412,1605.4941,0.2726311,1618.1357,0.2753457,1575.0166479485683,0.2779670185449462
Viewpoint 2,729,6299.073887,0.578085,6584.0327,0.58531,7038.8716,0.6065544,6014.354164847642,0.5606860789494436
Viewpoint 2,730,15855.039678,1.0,22539.801,1.0,18444.869,1.0,10154.402589190831,0.8042540350353978
Viewpoint 2,731,5287.964671,0.513066,5460.459,0.5125355,5500.5571,0.5118191,5345.099130344069,0.5116919706281099
Viewpoint 2,732,32626.248263,1.0,46372.293,1.0,33803.234,1.0,15002.7592717651,1.0
Viewpoint 2,733,30325.995856,1.0,29691.074,1.0,24843.93,1.0,12567.68902983426,0.9438320092812582
Viewpoint 2,734,9465.356429,0.755476,10121.422,0.7853051,11443.348,0.8620987,8711.195488686137,0.7137641763685706
Viewpoint 2,735,2805.652112,0.363524,2910.5754,0.357718,2935.6069,0.3546283,2835.7270443701104,0.3611860602996135
Viewpoint 2,736,1408.886984,0.262056,1462.498,0.2450455,1475.8602,0.258352,1410.0530613842548,0.2518977348754835
Viewpoint 2,751,126.415293,0.166421,130.55638,0.1666637,131.57343,0.1677225383401954,129.06313294798824,0.1675760059040469
Viewpoint 2,752,531.265966,0.190185,549.31146,0.1912446,553.60455,0.1924965362263486,542.667622103355,0.1918545894174669
Viewpoint 2,753,956.076285,0.215122,990.36444,0.2171344,998.07739,0.2185870004718176,975.4212279645228,0.2172572260815174
Viewpoint 2,754,1346.149209,0.250218,1392.821,0.2407586,1403.595,0.2473483,1371.6063933124915,0.2439818607946342
Viewpoint 2,755,1613.637721,0.284266,1670.7295,0.2722939,1683.5902,0.2784032,1648.8648265178945,0.2796712404967129
Viewpoint 2,756,1697.54654,0.292012,1755.7958,0.2808366,1769.2402,0.2835551,1731.3745109459055,0.2941420178518414
Viewpoint 2,757,1572.274838,0.279687,1624.9338,0.2684926,1637.3896,0.2756347,1601.7443053732145,0.2738046295088455
Viewpoint 2,758,1278.826632,0.241252,1323.567,0.2366934,1333.7549,0.2382912,1304.165890227083,0.2365545377563297
Viewpoint 2,759,888.496725,0.211155,919.48053,0.2129735,926.59143,0.2143908025731137,907.1190937205516,0.2132478908013964
Viewpoint 2,760,442.106848,0.184952,456.95135,0.185823,460.49973,0.1870312694658224,447.7247329245147,0.186281441822669
Viewpoint 2,775,86.566159,0.164081,89.373497,0.1642462,90.068977,0.1652862897791707,88.41024087419144,0.165189681139315
Viewpoint 2,776,355.033683,0.17984,367.74384,0.1805866,370.61777,0.1817551674421861,362.8040101709957,0.1812965953970374
Viewpoint 2,777,644.058889,0.196806,666.16968,0.1981042,671.36884,0.199409294455631,656.7478465555516,0.1985510985928109
Viewpoint 2,778,892.28584,0.211377,922.86554,0.2131722,930.03467,0.2145929023712594,909.6233613654038,0.2133948913121492
Viewpoint 2,779,1056.541742,0.221019,1094.1869,0.2232288,1102.6476,0.2247253,1080.9100645960532,0.2234494207917883
Viewpoint 2,780,1117.238766,0.22463,1156.4738,0.226885,1165.3733,0.2284073,1141.605523113101,0.227012244206739
Viewpoint 2,781,1033.039731,0.219639,1067.9559,0.221689,1076.1567,0.2231703,1053.824077611158,0.221859473355775
Viewpoint 2,782,842.098722,0.208431,872.40607,0.2102102,879.09485,0.2116028079402526,860.76075768098,0.2105266564758735
Viewpoint 2,783,574.251413,0.192709,593.99591,0.1938676,598.54034,0.1951342499465144,587.0727174583078,0.1944611685148026
Viewpoint 2,784,305.293537,0.176921,316.09003,0.1775545,318.50888,0.1786963650201064,310.3574414869094,0.1782179818152816
Viewpoint 2,799,432.614318,0.184394,448.06357,0.1853013,451.59671,0.186508704909521,440.5098302489948,0.185857927035616
Viewpoint 2,800,1746.575895,0.300015,1812.2482,0.2907279,1826.5292,0.287965,1771.476102123426,0.2981235981982738
Viewpoint 2,801,3263.384817,0.392925,3373.2258,0.3872061,3399.0493,0.3865444,3294.975190353284,0.3901779890158096
Viewpoint 2,802,4778.304044,0.483294,4930.3867,0.4814297,4966.501,0.4801091,4816.573733425342,0.4806950398089742
Viewpoint 2,803,5926.750166,0.551014,6111.8838,0.5512394,6156.3945,0.5508496,5973.64883241408,0.5490897161621883
Viewpoint 2,804,6356.607595,0.575679,6547.96,0.5768023,6594.0342,0.5766627,6435.792366309039,0.5759769061052943
Viewpoint 2,805,5850.470924,0.545554,6034.3154,0.5461004,6078.7061,0.5456381,5890.582955580266,0.5437845070699718
Viewpoint 2,806,4650.704553,0.474045,4811.7358,0.4728975,4850.2275,0.4720159,4686.193858728345,0.4718739073221355
Viewpoint 2,807,3136.885827,0.383203,3251.9622,0.3786949,3280.3027,0.3771226,3163.11240586811,0.3806812965208737
Viewpoint 2,808,1584.4841,0.282299,1647.4663,0.2651603,1662.8126,0.2762187,1585.7864077377913,0.2747626150157569
Viewpoint 2,823,452.325703,0.185552,467.94089,0.1864681,471.63199,0.1876846988126094,459.9595437780089,0.1869996252197691
Viewpoint 2,824,1750.406508,0.299853,1810.569,0.290603,1824.8274,0.2878419,1770.108965878548,0.2980057138801376
Viewpoint 2,825,3257.606438,0.392537,3367.0088,0.3867991,3392.7781,0.3861312,3289.369503153332,0.3898005370847521
Viewpoint 2,826,4744.356918,0.481149,4889.9546,0.4789746,4925.7866,0.4776246,4778.049511723866,0.4783384167191385
Viewpoint 2,827,5877.609683,0.548056,6060.3159,0.5481302,6104.5024,0.5476947,5903.043009370276,0.5448212057006419
Viewpoint 2,828,6265.751022,0.570221,6459.7339,0.5715203,6505.2744,0.5713124,6351.41138557987,0.5708909913288748
Viewpoint 2,829,5799.867717,0.542515,5981.4697,0.5429202,6025.4658,0.5424134,5840.337283988474,0.5407385164933418
Viewpoint 2,830,4629.507286,0.472819,4796.0625,0.4719323,4834.3506,0.4710315,4672.119865331551,0.4709913359217744
Viewpoint 2,831,3125.863753,0.382574,3242.3779,0.3781067,3270.5186,0.3765168,3154.648619308824,0.380143861772909
Viewpoint 2,832,1579.362575,0.281776,1641.7129,0.2648171,1656.8882,0.2758829,1581.005445753931,0.2735431582910196
Viewpoint 2,847,904.867675,0.224789,965.784,0.2156915,981.03174,0.2175864007070491,879.1871364486851,0.2186426458529222
Viewpoint 2,848,3214.898423,0.395766,3387.3628,0.3955548,3377.2632,0.3874326,3027.8990543467585,0.3820495172506449
Viewpoint 2,849,6032.592197,0.561324,6240.0498,0.5638772,6541.2686,0.5761885,5755.588939764249,0.5437949111971921
Viewpoint 2,850,3868.33493,0.428243,3989.4482,0.424583,4019.1909,0.4232421,3907.524660295604,0.426051662327563
Viewpoint 2,851,28036.478231,1.0,32931.859,1.0,27047.086,1.0,25777.728645231808,1.0
Viewpoint 2,852,5026.699969,0.496394,5184.5752,0.4956282,5222.1777,0.4946968,5115.926019963165,0.4972041923253848
Viewpoint 2,853,26442.218151,1.0,25778.18,1.0,22090.602,1.0,12556.335539245125,0.9424369655252722
Viewpoint 2,854,3743.300613,0.419749,3871.5791,0.4168013,3902.1064,0.4153797,3784.7117680565657,0.4179778142911093
Viewpoint 2,855,8483.842652,0.780041,8659.2627,0.8095905,9465.5039,0.7414762,6245.301730510763,0.5623526755830202
Viewpoint 2,856,4781.508382,0.471067,4562.0127,0.4468091,6781.0869,0.588701,3811.5427417878086,0.4126564089698304
Viewpoint 2,871,1130.193166,0.258458,1217.9829,0.241785,1238.0038,0.2390707,1095.841957830293,0.2449055322455759
Viewpoint 2,872,1865.990514,0.308588,1933.5938,0.2990289,1948.8243,0.2953497,1889.2631458335743,0.3053678090895501
Viewpoint 2,873,3422.67386,0.402559,3540.9395,0.3983952,3567.9822,0.3967456,3457.6924595352634,0.3999012322540366
Viewpoint 2,874,4995.244122,0.496052,5154.7939,0.4947314,5192.332,0.493485,5034.358455084092,0.4936024806412838
Viewpoint 2,875,40721.547085,1.0,44899.305,1.0,38625.555,1.0,37077.172354833456,1.0
Viewpoint 2,876,6637.193062,0.592091,6845.3027,0.5943452,6893.106,0.5943094,6726.419065621177,0.5931067030322064
Viewpoint 2,877,6139.338398,0.56257,6329.7271,0.5635353,6375.9722,0.5631751,6176.373861471521,0.5606437633906983
Viewpoint 2,878,11593.60026,0.873851,12202.523,0.9062315,14372.894,1.0,10451.118241091604,0.8144968889387079
Viewpoint 2,879,10372.994559,0.888481,11628.499,1.0,13093.195,0.9577746,7673.530712913594,0.6444064087711416
Viewpoint 2,880,5286.685363,0.498747,5039.6758,0.4738962,7401.9097,0.6250443,4251.352340393079,0.4384729267923455
Viewpoint 2,895,282.466099,0.175581,292.03906,0.1761427,294.32141,0.1772764877519446,288.0761989459537,0.1769100728781275
Viewpoint 2,896,977.12074,0.216357,1011.3018,0.2183634,1019.2051,0.2198272,994.3411995323248,0.2183678284125474
Viewpoint 2,897,1748.977148,0.297526,1807.8799,0.2871991,1821.8706,0.2870887,1776.7720530226145,0.2976738747297777
Viewpoint 2,898,2438.760731,0.342038,2522.7771,0.334388,2542.0237,0.331017,2479.5875897920205,0.3400244920052591
Viewpoint 2,899,2918.03389,0.370468,3017.635,0.3647142,3040.5522,0.3623477,2961.37197241994,0.3686920057643382
Viewpoint 2,900,3080.855169,0.380066,3182.3623,0.3744423,3206.2935,0.3730159,3155.8047570183835,0.3799883146987304
Viewpoint 2,901,2864.656757,0.3671,2962.0869,0.3612112,2984.5845,0.3577706,2913.1427173663064,0.3657600318617805
Viewpoint 2,902,2331.102788,0.334932,2410.7053,0.3274046,2429.3948,0.3233,2368.639173019136,0.3330988367826455
Viewpoint 2,903,1618.883384,0.285527,1676.5728,0.2715347,1689.8621,0.278926,1647.9097053323626,0.2823682203836422
Viewpoint 2,904,840.928024,0.208362,871.21338,0.2101402,878.24481,0.2115528081019901,849.4464518811333,0.2098625067254225
Viewpoint 2,919,1141.836086,0.258638,1221.3243,0.2422496,1240.9358,0.2394325,1110.8989724147914,0.2466785647150462
Viewpoint 2,920,3598.204849,0.416865,3787.2542,0.4189875,3809.28,0.4120259,3419.416770404321,0.4037934047598606
Viewpoint 2,921,6760.413947,0.603289,6974.2222,0.6062375,7288.1084,0.619272,6450.644311920996,0.5836218431990183
Viewpoint 2,922,4101.945689,0.442274,4233.6992,0.4392338,4265.0938,0.4378735,4145.519622067244,0.4402347816466292
Viewpoint 2,923,4989.833094,0.494589,5146.0615,0.4935234,5184.1016,0.4925185,5026.91393831616,0.4923245953919697
Viewpoint 2,924,5300.303385,0.512746,5469.0488,0.5124645,5508.4624,0.5116477,5395.92857273418,0.5137707949490493
Viewpoint 2,925,29527.680859,1.0,25732.953,1.0,24440.666,1.0,13826.483559415334,1.0
Viewpoint 2,926,10752.87444,0.828266,11218.709,0.8499803,12637.685,0.9289922,9930.729330515029,0.7843388342539704
Viewpoint 2,927,2730.24609,0.35875,2829.1116,0.352004,2852.7822,0.3495783,2762.0759859461086,0.3565667314710816
Viewpoint 2,928,1421.859664,0.263407,1476.4213,0.2458506,1489.3787,0.2610658,1427.430654971044,0.2534459764740012
Viewpoint 2,943,662.407476,0.205822,734.40887,0.2021098,750.71808,0.2040670667881625,623.6062103537273,0.1966056845477637
Viewpoint 2,944,2301.834302,0.347446,2568.71,0.3540222,2499.7634,0.3296402,2084.155902659942,0.3253183314452673
Viewpoint 2,945,6128.93429,0.5579,6259.3804,0.5591662,6438.2085,0.5619057,5076.969307843799,0.5003201764507219
Viewpoint 2,946,8102.634532,0.737542,8057.4351,0.9156058,15179.931,1.0,6510.6221872493925,0.5888260193408821
Viewpoint 2,947,54802.94858,1.0,51336.254,1.0,51798.531,1.0,51066.2130122,1.0
Viewpoint 2,948,31538.855679,1.0,22310.031,1.0,29736.09,1.0,36524.54681830649,1.0
Viewpoint 2,949,48744.21542,1.0,61598.234,1.0,34644.281,1.0,10513.12406507742,0.8242630750952764
Viewpoint 2,950,6797.765841,0.593766,7385.5869,0.6197826,9405.1064,0.7396021,5761.895933224637,0.5393991858386663
Viewpoint 2,951,7249.354924,0.630123,7843.0254,0.676231,12665.647,0.9408463,5583.947302624672,0.5201770165495823
Viewpoint 2,952,3992.877324,0.423149,3473.8398,0.3783082,7075.7373,0.6179804,2714.44728232415,0.3412951289211627
Viewpoint 2,953,198.587884,0.170657,210.66916,0.1713663,212.59023,0.1724785221191191,202.4354505545529,0.1718829609475522
Viewpoint 2,967,1098.379729,0.246383,1195.5059,0.240659,1220.8893,0.2316661,1066.2198161155834,0.2414831913632782
Viewpoint 2,968,3811.211502,0.431189,4124.8315,0.4434944,4104.7886,0.4265444,3545.805794172072,0.4112237680973137
Viewpoint 2,969,4445.152795,0.464364,4606.6519,0.4627478,4641.4297,0.4610978,4480.883771008612,0.461398602788413
Viewpoint 2,970,6620.859169,0.592983,6821.0205,0.5939622,6868.6973,0.5934293,6634.531518056455,0.5891124263697551
Viewpoint 2,971,8331.784668,0.693083,8575.3447,0.6973468,8635.9189,0.6981099,8306.524827643967,0.6875586895009599
Viewpoint 2,972,45064.918371,1.0,30996.309,1.0,42304.113,1.0,51505.81761270335,1.0
Viewpoint 2,973,44450.010649,1.0,55555.266,1.0,33340.242,1.0,13453.393559971268,0.9944007191578668
Viewpoint 2,974,10497.619266,0.809208,11621.046,0.8691312,14236.695,1.0,9495.412357099209,0.7570049230884685
Viewpoint 2,975,8579.78782,0.704505,9268.4307,0.7509917,13963.731,1.0,7048.498024737497,0.6064750026330521
Viewpoint 2,976,2277.443725,0.330734,2371.9895,0.3227814,2396.3738,0.3202689,2266.928649225604,0.3264195014303289
Viewpoint 2,977,444.20408,0.185075,508.89777,0.1888723,516.96832,0.1903459843496731,474.29970875199496,0.1878413929037421
Viewpoint 2,991,497.473448,0.199514,566.83392,0.1922732,585.01001,0.1943400746640913,476.0250124850976,0.1879426682328752
Viewpoint 2,992,2404.870937,0.366216,2495.2349,0.3848166,2571.3455,0.3158514,1919.4798071897192,0.3018010602870053
Viewpoint 2,993,4486.234851,0.45186,4223.9175,0.4319736,4381.2017,0.4326982,3537.2980395734307,0.4046929244616123
Viewpoint 2,994,9250.613138,0.850732,8619.5869,1.0,23646.641,1.0,5911.900120655299,0.5458536176578481
Viewpoint 2,995,34678.472181,1.0,37397.883,1.0,31165.467,1.0,32664.808710345296,1.0
Viewpoint 2,996,47737.644226,1.0,31480.699,1.0,43721.918,1.0,57056.77196053425,1.0
Viewpoint 2,997,46722.429339,1.0,31426.826,1.0,31807.77,1.0,7606.041380965647,0.6574612389535366
Viewpoint 2,998,6245.803722,0.554827,7316.0947,0.6088051,10276.23,0.7933067,5066.977416211721,0.4941496174628974
Viewpoint 2,999,13044.221052,1.0,11340.818,1.0,11730.317,0.8912523,4128.228173814802,0.4313788158559594
Viewpoint 2,1000,3922.856708,0.415033,3525.9292,0.3795871,7229.0117,0.6302137,2462.8920610486525,0.3221155470812562
Viewpoint 2,1001,121.511327,0.166133,122.68283,0.1662015,123.674,0.167258758150927,120.97780236777936,0.1671013969989886
Viewpoint 2,1015,634.819208,0.204794,705.16486,0.2003932,723.33728,0.2024598192440012,589.2532677709619,0.1945891668181554
Viewpoint 2,1016,2400.607643,0.362579,2740.4221,0.385615,2677.168,0.329969,2035.041017028327,0.3140053519465138
Viewpoint 2,1017,4476.826945,0.45687,4494.6865,0.4517419,4640.2432,0.4519922,3788.7487515164457,0.4228495588495621
Viewpoint 2,1018,9532.895136,0.855678,9166.5889,1.0,23557.145,1.0,6377.967104176399,0.5747539973376473
Viewpoint 2,1019,53414.618832,1.0,74764.047,1.0,47109.68,1.0,49899.998108848056,1.0
Viewpoint 2,1020,48323.170567,1.0,33473.562,1.0,43750.367,1.0,57442.09804448867,1.0
Viewpoint 2,1021,46688.227613,1.0,58661.262,1.0,31878.594,1.0,8115.110367952638,0.6862890675168049
Viewpoint 2,1022,6802.854677,0.586591,7698.9658,0.6322954,10634.989,0.8132789,5462.7826910187705,0.5178985861144701
Viewpoint 2,1023,13656.483477,1.0,10956.484,0.9955432,10140.745,0.7957034,3832.1570127788746,0.4146909074767114
Viewpoint 2,1024,3459.943718,0.38345,3489.9993,0.3825732,7731.3862,0.6588128,2776.664765344184,0.3444965191584146
Viewpoint 2,1025,159.977018,0.168391,164.18002,0.1686374,165.5451,0.1697167052846308,160.69542705486884,0.1694328215681208
Viewpoint 2,1039,956.116483,0.234646,1066.0704,0.2215783,1098.1143,0.2244592,882.4151645627938,0.221351808129966
Viewpoint 2,1040,2935.101818,0.374173,3042.4495,0.3680857,3066.6465,0.366125,2958.207224464052,0.370704337117492
Viewpoint 2,1041,5530.293498,0.526328,5786.5132,0.5329883,5930.1562,0.533951,5058.614147695985,0.5011730863136954
Viewpoint 2,1042,10696.890087,0.902566,10627.324,1.0,23018.689,1.0,8166.375613342822,0.6824352712905405
Viewpoint 2,1043,52559.457475,1.0,47884.273,1.0,46575.176,1.0,49730.96023741317,1.0
Viewpoint 2,1044,47241.900347,1.0,65028.828,1.0,43091.52,1.0,57341.26975697551,1.0
Viewpoint 2,1045,45902.65947,1.0,64480.016,1.0,27390.416,1.0,7880.099314568476,0.6727879371992269
Viewpoint 2,1046,6870.679798,0.588801,7552.2666,0.6233039,10452.07,0.8022823,5320.565043139453,0.509143270895639
Viewpoint 2,1047,13895.112616,1.0,13999.734,1.0,12169.737,0.9165749,4328.607952826947,0.4435679229190983
Viewpoint 2,1048,3653.361881,0.414531,3535.6768,0.3865398,7918.0913,0.6705905,2757.077022499713,0.3428152434815877
Viewpoint 2,1049,160.075935,0.168396,163.85326,0.1686182,165.20355,0.1696966254200954,160.71694585168,0.1694340847214936
Viewpoint 2,1063,1608.326713,0.299627,1727.4546,0.2859669,1760.2855,0.283805,1559.8137381039303,0.2895535197357651
Viewpoint 2,1064,4686.381422,0.479158,4956.6855,0.4854693,5023.855,0.4815089,4454.658121112623,0.4632621171109475
Viewpoint 2,1065,3852.345512,0.428172,3988.5054,0.4250118,4018.7209,0.4235075,3900.054083195221,0.4260867467629662
Viewpoint 2,1066,5534.925629,0.527916,5707.7568,0.5274034,5748.6519,0.5263816,5572.633318554227,0.5254097426415298
Viewpoint 2,1067,45712.556422,1.0,44929.27,1.0,42162.031,1.0,43967.73825103452,1.0
Viewpoint 2,1068,7317.621444,0.631606,7527.6997,0.6345012,7579.3115,0.6346515,7404.250913920361,0.6329124751955861
Viewpoint 2,1069,6745.2878,0.597908,6955.3911,0.6003376,7005.355,0.6001204,6784.57460889829,0.5963549774110325
Viewpoint 2,1070,5428.624712,0.519723,5619.1821,0.520629,5663.5444,0.5198988,5471.322751358017,0.5181283911958934
Viewpoint 2,1071,16536.692749,1.0,18799.555,1.0,16257.53,1.0,8938.10197700226,0.7178251290258595
Viewpoint 2,1072,1999.859885,0.313655,2078.989,0.3054947,2098.5564,0.3022716,2007.166897275671,0.3107071342746333
Viewpoint 2,1073,659.923664,0.197738,753.11029,0.2048273,767.02985,0.206176313923287,710.4842055015534,0.2083353318735187
Viewpoint 2,1087,1217.552135,0.265817,1299.6417,0.246471,1322.0983,0.2487535,1177.5805154461575,0.254974919307545
Viewpoint 2,1088,1754.242998,0.299676,1816.2828,0.2907518,1830.4922,0.287996,1782.6316837711277,0.2983971598395253
Viewpoint 2,1089,3091.135399,0.381926,3195.5989,0.3761245,3219.9929,0.374653,3134.766306217636,0.379913104683596
Viewpoint 2,1090,10860.758984,0.842962,11503.058,0.9791709,16012.026,1.0,10234.206499745029,0.806223902432475
Viewpoint 2,1091,28597.142083,1.0,20866.006,1.0,26752.119,1.0,27504.95517138927,1.0
Viewpoint 2,1092,5588.577511,0.529511,5756.0986,0.5293061,5797.2974,0.528533,5685.805930563842,0.530724280784364
Viewpoint 2,1093,27368.636789,1.0,24155.555,1.0,20505.34,1.0,12583.770415279498,0.9419746395385218
Viewpoint 2,1094,9804.545635,0.773941,10393.626,0.8006096,11632.925,0.8686119,9206.95478110068,0.740853334285475
Viewpoint 2,1095,2946.754715,0.371552,3051.1824,0.3665712,3076.5603,0.3638645,2979.4206391319253,0.3693813470242246
Viewpoint 2,1096,1600.542919,0.283173,1661.1992,0.2667957,1675.7395,0.2770666,1613.545897354275,0.27655326557527
Viewpoint 2,1097,480.975633,0.187233,534.20905,0.1903581,540.76392,0.1917427781630122,503.7208227784844,0.189568412297097
Viewpoint 2,1111,1789.109588,0.307775,1930.7615,0.2966385,1969.2264,0.295688,1711.563541629214,0.2967359960801671
Viewpoint 2,1112,2889.909274,0.371444,3000.7869,0.3654186,3024.5403,0.3634386,2922.028331861301,0.3682650072163671
Viewpoint 2,1113,5229.206215,0.51085,5416.1445,0.5109681,5456.5059,0.5095332,5266.181768016979,0.5081112910081171
Viewpoint 2,1114,14113.344844,1.0,15551.983,1.0,29112.078,1.0,12639.422294080568,0.9445924679025278
Viewpoint 2,1115,9843.685065,0.78205,10137.583,0.7895644,10207.639,0.7909716,9814.381049417952,0.7766183228328348
Viewpoint 2,1116,10588.295225,0.824815,10910.274,0.8347521,10978.356,0.8362731,10658.619181375429,0.8257541731154286
Viewpoint 2,1117,9668.056032,0.7709,10000.246,0.780781,10067.715,0.7815738,9681.652115392835,0.7682331051641612
Viewpoint 2,1118,12311.445967,0.91077,13286.682,0.9669074,15928.393,1.0,11113.605367459646,0.8510410563851729
Viewpoint 2,1119,5175.391255,0.503149,5381.9502,0.504783,5433.0073,0.5043749,5184.47731156811,0.5002540320176626
Viewpoint 2,1120,2767.273657,0.359399,2890.2996,0.3538008,2921.6077,0.3518439,2763.0232045022044,0.3554996775618406
Viewpoint 2,1121,676.463878,0.198709,769.23395,0.2056566,782.27539,0.2070527793504841,719.3774204232957,0.2076929436409819
Viewpoint 2,1135,1137.269972,0.250502,1245.5873,0.2432175,1273.7024,0.2347662,1063.287386417548,0.2416803601269659
Viewpoint 2,1136,2803.884472,0.382509,3060.1177,0.39579,2976.2571,0.3497827,2368.708392358533,0.3356276665042816
Viewpoint 2,1137,5841.893981,0.544734,6026.3237,0.547202,6158.2427,0.5477129,5327.445133355288,0.5164851551999475
Viewpoint 2,1138,7779.123479,0.661353,8027.4194,0.6653194,8081.3198,0.6651065,7791.198122754733,0.6575857565060527
Viewpoint 2,1139,46190.432542,1.0,51237.75,1.0,40730.445,1.0,45553.58686370037,1.0
Viewpoint 2,1140,44690.00716,1.0,54463.824,1.0,41574.73,1.0,58151.935989570506,1.0
Viewpoint 2,1141,45064.416102,1.0,39258.75,1.0,27977.562,1.0,8802.14040120497,0.7250323835336403
Viewpoint 2,1142,7200.54039,0.61324,8299.3672,0.6687912,11087.558,0.8374864,6090.975145078098,0.5548232993924342
Viewpoint 2,1143,13249.600854,1.0,11366.98,1.0,13172.015,0.9730699,4937.205230614058,0.4800944372606343
Viewpoint 2,1144,5291.049119,0.551353,4594.4253,0.4484413,9313.4453,0.7498699,3612.173911737648,0.401407135821481
Viewpoint 2,1145,674.863547,0.198614,760.13336,0.2042971,771.92157,0.2063648013964286,711.8261599419362,0.2064975805023223
Viewpoint 2,1159,1148.570534,0.248622,1242.7245,0.2426705,1268.9514,0.2344873,1103.7808301215296,0.2421127487066371
Viewpoint 2,1160,4329.070147,0.466326,4702.1465,0.4856277,4572.1748,0.4488383,3758.2983443189246,0.4206780854195817
Viewpoint 2,1161,6295.584239,0.572327,6412.9854,0.5710865,6535.7583,0.5714437,5760.8004694451365,0.5420416771170422
Viewpoint 2,1162,7332.6071,0.634741,7569.6431,0.6380545,7621.1113,0.6376765,7358.806588226266,0.6317470022270539
Viewpoint 2,1163,9264.593245,0.747656,9534.4053,0.7537534,9600.5264,0.754788,9256.58035862361,0.7433736180744815
Viewpoint 2,1164,9926.822993,0.78582,10224.055,0.7940686,10289.038,0.7952317,10018.108772130012,0.7876582947490169
Viewpoint 2,1165,38659.147102,1.0,45667.074,1.0,26822.357,1.0,11647.861531105396,0.8875405656481463
Viewpoint 2,1166,9803.307542,0.762627,10316.173,0.7911419,12708.74,0.9307396,8371.069857237228,0.6896365632686018
Viewpoint 2,1167,14130.653049,1.0,19875.521,1.0,14782.665,1.0,6862.6295345082735,0.594807307222249
Viewpoint 2,1168,5869.674512,0.604192,6485.626,0.6691224,9444.3945,0.7557526,3979.699399766781,0.4236291097864174
Viewpoint 2,1169,396.186865,0.182256,425.13452,0.1839554,429.25577,0.1851972314012194,407.3441120143429,0.1839110993752419
Viewpoint 2,1183,1173.121808,0.251107,1273.4795,0.2444395,1298.1156,0.2361992,1130.286493335229,0.2440526701834985
Viewpoint 2,1184,2796.866284,0.365421,2898.9341,0.3591162,2921.7659,0.3570286,2827.4983605802804,0.3623410652589023
Viewpoint 2,1185,6093.911334,0.562109,6417.2549,0.5713379,6536.3809,0.571535,5771.861630195653,0.5426335849446249
Viewpoint 2,1186,11510.971282,0.885166,13043.963,1.0,26696.854,1.0,10110.443222097923,0.7948120395557364
Viewpoint 2,1187,39066.968179,1.0,39210.945,1.0,34901.039,1.0,39649.04434400504,1.0
Viewpoint 2,1188,38160.446984,1.0,56064.945,1.0,35035.879,1.0,47775.308924991,1.0
Viewpoint 2,1189,8894.179287,0.724661,9184.9941,0.7323338,9247.791,0.7327553,8924.642417914562,0.7230425226470814
Viewpoint 2,1190,7064.481141,0.616372,7335.3579,0.6222405,7393.1958,0.6219372,7115.682948468007,0.6154225711002625
Viewpoint 2,1191,12385.011253,1.0,13728.859,1.0,14738.647,1.0,6726.749300437008,0.5866903509159188
Viewpoint 2,1192,2658.095179,0.353023,2774.0737,0.3470787,2802.6245,0.3439594,2659.0677038250587,0.3492990100198498
Viewpoint 2,1193,693.450959,0.199706,770.31122,0.2048536,781.01471,0.206784281681967,724.0797816344607,0.2058586906041779
Viewpoint 2,1207,1151.485459,0.247909,1257.0847,0.2431449,1283.222,0.235325,1261.334188560415,0.2617162696618548
Viewpoint 2,1208,3349.459294,0.403469,3593.282,0.4117955,3620.7854,0.3954669,3101.209922668248,0.3826969796721831
Viewpoint 2,1209,5131.305468,0.504625,5315.2451,0.5047106,5354.749,0.5032281,5176.717668989766,0.5024777996712086
Viewpoint 2,1210,7469.131191,0.642858,7720.8008,0.6469215,7772.9946,0.6465644,7506.71528924948,0.640402693962413
Viewpoint 2,1211,40771.899047,1.0,32159.518,1.0,35689.051,1.0,41756.2876425557,1.0
Viewpoint 2,1212,45003.045829,1.0,54563.375,1.0,40518.641,1.0,58810.46590487782,1.0
Viewpoint 2,1213,43192.248339,1.0,36128.227,1.0,28048.65,1.0,10781.580391792182,0.8379823765279609
Viewpoint 2,1214,9411.118168,0.741358,10169.711,0.7819093,12614.654,0.9249742,8241.62570511901,0.6817456153541037
Viewpoint 2,1215,5087.766126,0.49779,5288.1045,0.4991068,5336.9185,0.4985855,5103.578357467331,0.4952536460417081
Viewpoint 2,1216,2799.590761,0.361194,2918.8806,0.3559125,2949.4822,0.3534908,2793.616352939692,0.3571977759977661
Viewpoint 2,1217,415.246234,0.183375,443.05618,0.1850074,447.24323,0.1862530698535733,425.9009193995789,0.1850003839687553
Viewpoint 2,1231,672.699857,0.21136,760.22357,0.2036251,788.01617,0.2062564688715057,653.9504544139675,0.1983868916740999
Viewpoint 2,1232,2716.993683,0.384621,2976.582,0.3998582,2904.6467,0.3395255,2254.061291142795,0.3229220667164137
Viewpoint 2,1233,4540.028123,0.472165,4571.4692,0.4515865,4721.8203,0.4523442,3825.843733824892,0.4208408745310191
Viewpoint 2,1234,6610.658257,0.593738,7849.5088,0.8383927,15719.563,1.0,4982.836119303683,0.4955734914300798
Viewpoint 2,1235,49029.811621,1.0,54543.352,1.0,39889.961,1.0,49745.718971049326,1.0
Viewpoint 2,1236,42344.420112,1.0,80150.523,1.0,37173.555,1.0,57285.15825335126,1.0
Viewpoint 2,1237,41162.942184,1.0,42720.324,1.0,25448.73,1.0,7733.112317563334,0.6636535031908057
Viewpoint 2,1238,5445.075371,0.508954,6192.2583,0.5435651,8324.7285,0.6740023,4588.238528344082,0.4652679844787886
Viewpoint 2,1239,9137.422722,0.863046,10555.768,0.9830823,12993.46,0.9628568,4461.883170601895,0.4507762525160271
Viewpoint 2,1240,5032.484354,0.590724,3714.5239,0.5049043,9650.0732,0.7794224,2590.8166820577417,0.3355862552072878
Viewpoint 2,1241,218.814237,0.171844,224.30617,0.1721668,226.1248,0.1732729833119971,220.69022534725096,0.1729545162278836
Viewpoint 2,1255,1258.282919,0.266687,1388.3506,0.2506159,1423.2789,0.2479822,1225.481681537476,0.2550922538761753
Viewpoint 2,1256,4779.098713,0.492169,5237.7188,0.5171167,5101.4175,0.4786028,4173.517972802119,0.4437146181804589
Viewpoint 2,1257,6328.204238,0.573689,6560.5605,0.5786303,6681.2539,0.5789167,5859.86740589163,0.5469495064452423
Viewpoint 2,1258,8033.300963,0.676038,8297.8516,0.6810728,8352.918,0.6808653,8026.23660500378,0.6712183820422799
Viewpoint 2,1259,10128.079007,0.798198,10421.422,0.8060429,10492.579,0.8073568,10131.247294469236,0.7948625872721364
Viewpoint 2,1260,10876.175558,0.840925,11209.278,0.8521001,11278.218,0.853483,10995.447423811973,0.8451629050847241
Viewpoint 2,1261,40502.177966,1.0,43102.137,1.0,26927.82,1.0,11506.624647010438,0.8789304441122735
Viewpoint 2,1262,7860.109266,0.663069,8172.3975,0.6715392,8236.4775,0.6714675,7909.586048486022,0.6623551796390029
Viewpoint 2,1263,5463.290341,0.519867,5701.0913,0.5232779,5754.4639,0.5228838,5492.339116563016,0.5180997674898973
Viewpoint 2,1264,6315.669574,0.639987,5267.5786,0.5659784,10924.306,0.8478042,4222.722078888884,0.4375634580056872
Viewpoint 2,1265,664.439261,0.198003,723.64746,0.2014781,731.99213,0.2036118608416962,686.2641413348167,0.2016275695625138
Viewpoint 2,1279,2806.804389,0.367008,3011.7134,0.3655143,3065.0139,0.3633067,2737.697371832054,0.3592907434966903
Viewpoint 2,1280,2344.150951,0.337559,2431.8521,0.3306702,2450.8496,0.3262382,2381.7352896675875,0.3349852882266972
Viewpoint 2,1281,10979.183219,0.844523,11265.253,0.8557934,11411.731,0.8584533,10524.965909144645,0.8201049111468403
Viewpoint 2,1282,5656.273053,0.534507,5838.7798,0.5348288,5880.3765,0.5337621,5690.68156353312,0.5320319174921548
Viewpoint 2,1283,6912.709132,0.608107,7108.7319,0.6096885,7159.4839,0.6094587,6952.540151240475,0.6062423504081043
Viewpoint 2,1284,7343.997388,0.632887,7558.4307,0.6359517,7610.1084,0.6359096,7465.292198504341,0.6360033601082282
Viewpoint 2,1285,6803.147037,0.600852,7022.8345,0.6039464,7072.8159,0.6035919,6869.861996791576,0.6008991831491417
Viewpoint 2,1286,5561.752422,0.527087,5750.7129,0.5280861,5795.4287,0.5272937,5605.273929818678,0.5257554721901165
Viewpoint 2,1287,3918.176657,0.428899,4059.491,0.4266837,4094.1558,0.4255407,3949.5309219306414,0.4267881709693389
Viewpoint 2,1288,2195.772245,0.325759,2284.6655,0.3175363,2305.7346,0.3144333,2207.6248013378267,0.3224561665512605
Viewpoint 2,1289,1832.653331,0.294041,1935.9761,0.2839929,1967.6986,0.2833032,1923.816792013554,0.2988657249957973
Viewpoint 2,1303,1755.893838,0.309874,1893.3297,0.2974126,1927.6313,0.2934735,1706.566510264262,0.2980145463767008
Viewpoint 2,1304,2229.004499,0.330399,2308.7488,0.3221679,2326.7585,0.3187137,2263.310028637688,0.3277264350410338
Viewpoint 2,1305,3780.003004,0.423195,3907.1753,0.4197554,3936.6541,0.4181667,3830.040310684041,0.421423942466559
Viewpoint 2,1306,5276.551715,0.512065,5453.2856,0.5118231,5492.5166,0.5106,5321.741749405547,0.5099738421681145
Viewpoint 2,1307,26138.641565,1.0,26707.463,1.0,29150.689,1.0,35322.67651916368,1.0
Viewpoint 2,1308,27128.962278,1.0,36217.344,1.0,29722.115,1.0,41625.38100161993,1.0
Viewpoint 2,1309,6322.199512,0.572376,6527.1406,0.5745417,6573.9956,0.5739554,6393.47067422382,0.5725878065930239
Viewpoint 2,1310,5165.118141,0.503637,5344.3926,0.5039871,5385.8364,0.5030128,5216.4077373838645,0.5026479731415967
Viewpoint 2,1311,20457.891796,1.0,21601.029,1.0,14138.584,1.0,8063.282970362969,0.6665133875179244
Viewpoint 2,1312,2052.699571,0.317131,2134.7488,0.3087972,2153.9221,0.3055905,2067.4928310269715,0.3141304184896537
Viewpoint 2,1313,837.258163,0.209744,915.74762,0.2134096,927.40363,0.2154738025361895,864.258668416983,0.2150715675211442
Viewpoint 2,1327,2046.073705,0.326797,2201.7786,0.3167391,2243.4397,0.3154896,2001.3348298502124,0.3164522296032729
Viewpoint 2,1328,2286.182261,0.333815,2366.8857,0.3266658,2385.3416,0.3222236,2320.0531707244104,0.3311538472382563
Viewpoint 2,1329,3853.294952,0.427612,3986.519,0.4244742,4016.552,0.4229383,3907.6967448308046,0.4260484178151106
Viewpoint 2,1330,13749.077807,1.0,14914.826,1.0,20611.914,1.0,13297.882825277084,0.98321498482536
Viewpoint 2,1331,6485.964344,0.582801,6673.1133,0.5837619,6721.0376,0.5832725,6536.117406222468,0.5814140538464312
Viewpoint 2,1332,6894.352549,0.606282,7097.7896,0.608582,7146.8926,0.6082847,7021.51150091789,0.6095964340858899
Viewpoint 2,1333,35866.222074,1.0,35464.48,1.0,27723.988,1.0,16160.36020790966,1.0
Viewpoint 2,1334,5258.663248,0.509055,5428.186,0.5089332,5470.2319,0.5079672,5298.544268117263,0.5074773152157481
Viewpoint 2,1335,3728.511653,0.417679,3863.2454,0.4150793,3895.7537,0.4136915,3764.747220979744,0.4157622303087673
Viewpoint 2,1336,2118.388336,0.321169,2199.5867,0.3125854,2219.4216,0.3094189,2129.303507644236,0.3177901139294343
Viewpoint 2,1337,639.348426,0.19653,684.27802,0.1991671,691.28015,0.2005780826533327,654.165349994085,0.1983995060446527
Viewpoint 2,1351,536.095954,0.190469,555.54962,0.1916108,559.88446,0.1928651703432007,547.818691801555,0.1921569572087512
Viewpoint 2,1352,1384.429534,0.257924,1434.7062,0.2432173,1445.8579,0.2635694,1413.1271190489742,0.252351596177807
Viewpoint 2,1353,2296.867593,0.33341,2374.2498,0.3255221,2392.4563,0.3220509,2338.296792046516,0.3314746565302469
Viewpoint 2,1354,3092.217843,0.38084,3194.2351,0.3752409,3218.3035,0.3737339,3132.1626172219326,0.3790103371529136
Viewpoint 2,1355,3658.749968,0.414497,3774.2341,0.4109164,3802.5505,0.4091974,3709.0855203581104,0.4130702349209761
Viewpoint 2,1356,3833.018526,0.424659,3962.4983,0.4220555,3991.8835,0.4203675,3935.171139951943,0.4261659200200413
Viewpoint 2,1357,3609.539422,0.411145,3725.4231,0.4078127,3753.3369,0.4060795,3666.8121331766993,0.4104510649632213
Viewpoint 2,1358,2992.79221,0.374305,3092.0,0.368614,3115.7703,0.3663423,3035.520805116176,0.3728769016320713
Viewpoint 2,1359,2154.599792,0.324107,2233.2681,0.3164321,2250.9272,0.3123139,2194.4257038979263,0.3222485872785866
Viewpoint 2,1360,1237.892591,0.236423,1280.7047,0.2341774,1291.0837,0.2357864,1253.6855764863767,0.2336669339150007
Viewpoint 2,1361,392.934531,0.182065,410.27985,0.1830834,413.78928,0.1842893717534476,399.7291821167888,0.1834641029902555
Viewpoint 2,1374,0.0,0.159,0.0,0.159,0.0,0.0,2.323374533035237e-05,0.1600000013638208
Viewpoint 2,1375,1636.841196,0.300991,1771.8297,0.2877149,1806.8116,0.2856904,1588.7284016954266,0.2897341117726976
Viewpoint 2,1376,2359.166854,0.338219,2442.5491,0.3311829,2461.5725,0.3267668,2394.296806926933,0.3355912938678582
Viewpoint 2,1377,6854.152457,0.608593,7179.4131,0.6159275,7269.127,0.6153734,6598.633832718678,0.5900170109220652
Viewpoint 2,1378,5494.494749,0.524655,5667.9932,0.5245024,5708.5771,0.523336,5534.40706313339,0.5225101253023742
Viewpoint 2,1379,23534.752726,1.0,26519.566,1.0,25446.445,1.0,33298.90892417011,1.0
Viewpoint 2,1380,21869.796105,1.0,32527.188,1.0,26243.783,1.0,39379.84638824177,1.0
Viewpoint 2,1381,24622.970379,1.0,24452.262,1.0,22035.338,1.0,12667.902291060278,0.9446530214815932
Viewpoint 2,1382,5376.148189,0.515869,5568.2363,0.5171487,5611.2642,0.5162281,5436.499883012791,0.5155705169419884
Viewpoint 2,1383,3845.489031,0.424592,3986.6907,0.4223019,4020.2402,0.4209633,3884.618394360708,0.42281625012785
Viewpoint 2,1384,2193.45402,0.325536,2281.3567,0.317358,2301.9556,0.3142413,2207.748178989307,0.3224084100943317
Viewpoint 2,1385,784.830252,0.205826,843.5791,0.2090063,852.7464,0.2106814148788984,802.9478748376225,0.208675175686641
Viewpoint 2,1398,0.0,0.159,0.0,0.159,0.0,0.0,2.3240460158780693e-05,0.160000001364215
Viewpoint 2,1399,481.26479,0.18725,498.41208,0.1882568,502.29208,0.1894844435876888,491.84908359948525,0.1888715412072898
Viewpoint 2,1400,1238.752674,0.236452,1278.3705,0.2340403,1288.299,0.235623,1260.2010791724283,0.2339738033474215
Viewpoint 2,1401,2004.123235,0.31547,2071.2339,0.3072504,2087.1531,0.3028876,2041.640449351758,0.3134522162183883
Viewpoint 2,1402,2681.803107,0.356269,2774.6724,0.3500736,2795.7092,0.3459167,2723.033499525729,0.3544072890986391
Viewpoint 2,1403,3172.502868,0.385225,3275.1577,0.3798068,3299.8728,0.3782914,3220.8435201223347,0.3838635375233246
Viewpoint 2,1404,3301.998115,0.392859,3411.1199,0.3883443,3436.6375,0.387129,3390.2982296304203,0.3936339299283415
Viewpoint 2,1405,3110.822246,0.38149,3218.0703,0.3767913,3242.3069,0.3747197,3170.2052011441715,0.3807975181464935
Viewpoint 2,1406,2592.704527,0.350328,2679.0481,0.3432409,2699.6001,0.3399007,2632.917067785628,0.3487853470786528
Viewpoint 2,1407,1869.338175,0.305879,1933.7732,0.297846,1948.91,0.2942986,1903.0517100958548,0.3047002722026822
Viewpoint 2,1408,1073.720692,0.222028,1112.5414,0.2243062,1121.4041,0.2258263,1091.3797870073065,0.2240639934973289
Viewpoint 2,1409,353.9713,0.179778,366.582,0.1805184,369.61575,0.1816963376210568,357.66628579217,0.1809950109760003
Viewpoint 2,1422,0.0,0.159,0.0,0.159,0.0,0.0,2.3254224527985584e-05,0.160000001365023
Viewpoint 2,1423,348.862655,0.179478,361.08914,0.1801959,363.89197,0.18136041661763,357.30428984540964,0.1809737618139255
Viewpoint 2,1424,893.257011,0.211434,923.88965,0.2132323,931.06488,0.214653402314001,912.8377462112942,0.2135835757026029
Viewpoint 2,1425,1442.331567,0.263189,1490.8876,0.2527261,1502.3997,0.2666266,1472.209290831791,0.2617275290812193
Viewpoint 2,1426,1931.119556,0.310657,1998.9124,0.3018537,2014.2133,0.2982786,1967.3227062008384,0.3086219042992467
Viewpoint 2,1427,2239.547255,0.329372,2319.6082,0.3218057,2337.2859,0.3175703,2283.3383928682165,0.3275855290557463
Viewpoint 2,1428,2343.485996,0.335559,2425.6428,0.3281202,2444.0225,0.3246398,2413.192502267226,0.3351361926364
Viewpoint 2,1429,2195.987874,0.326647,2273.801,0.3190397,2291.0723,0.314788,2248.372035129724,0.3254505897072163
Viewpoint 2,1430,1844.146706,0.304125,1908.2644,0.2963851,1922.8749,0.2927768,1878.4338321638115,0.3033836943723897
Viewpoint 2,1431,1330.419276,0.248717,1377.0466,0.2398326,1387.682,0.2414568,1362.4721174333222,0.2434416679799111
Viewpoint 2,1432,780.305999,0.204804,807.40588,0.2063947,813.69775,0.2077639374559994,794.7521895403684,0.2066519535260196
Viewpoint 2,1433,257.639199,0.174123,264.68484,0.174537,266.79208,0.1756603802154656,260.3628892339283,0.1752833015980316
Viewpoint 2,1446,0.0,0.159,0.0,0.159,0.0,0.0,2.3261267305374995e-05,0.1600000013654364
Viewpoint 2,1447,2835.638965,0.366292,3014.4619,0.3632383,3105.0474,0.3632098,2684.883107247663,0.355638722093722
Viewpoint 2,1448,3222.699869,0.390706,3343.9883,0.3854772,3370.1194,0.3839434,3259.1664433835854,0.3878745689501983
Viewpoint 2,1449,5425.101788,0.5215,5610.8677,0.5218357,5652.0571,0.5204001,5461.932166526689,0.5188525071062894
Viewpoint 2,1450,7697.682577,0.655385,7941.6704,0.6594861,7995.0698,0.6590924,7709.492549463822,0.6515426223636384
Viewpoint 2,1451,9517.755199,0.761267,9777.5957,0.7675259,9844.21,0.7682959,9517.071520526735,0.757791885095766
Viewpoint 2,1452,10153.904094,0.797474,10442.997,0.8064036,10508.124,0.8071947,10256.326838910296,0.800753784672345
Viewpoint 2,1453,9384.850795,0.75272,9677.6836,0.7608396,9741.4551,0.7611095,9420.015247122472,0.7513748322586312
Viewpoint 2,1454,7534.925861,0.643289,7826.0298,0.6505733,7886.2451,0.6502776,7571.216077788671,0.6416652854874513
Viewpoint 2,1455,5394.745107,0.515367,5608.7139,0.5175188,5659.0835,0.5169583,5406.642757781891,0.5125306964404696
Viewpoint 2,1456,18871.762935,1.0,15132.214,1.0,14906.339,1.0,6588.07089699718,0.5768300801002685
Viewpoint 2,1457,1018.149877,0.223044,1100.4774,0.2247264,1113.2841,0.2264049,1030.8317606211765,0.2258438331335908
Viewpoint 2,1470,0.0,0.159,0.0,0.159,0.0,0.0,2.326841179562801e-05,0.1600000013658557
Viewpoint 2,1471,446.154487,0.185189,461.12967,0.1860683,464.71234,0.1872785192238787,455.9127563533832,0.1867620787979436
Viewpoint 2,1472,1084.559075,0.222664,1123.0581,0.2249235,1131.7731,0.2264349,1108.7995226296014,0.2250865319783576
Viewpoint 2,1473,1752.077393,0.297243,1812.1079,0.2872197,1826.0574,0.287101,1788.1810533448147,0.2979219792779652
Viewpoint 2,1474,2325.423333,0.334666,2405.3428,0.327055,2423.6631,0.3235653,2366.030795770883,0.3327096969605162
Viewpoint 2,1475,2718.057382,0.358065,2812.4722,0.3521172,2833.793,0.3480024,2767.1789833049315,0.3566583634373976
Viewpoint 2,1476,2826.77934,0.364453,2921.4678,0.3585553,2943.4651,0.3549673,2904.976335614577,0.3645997446848313
Viewpoint 2,1477,2657.755806,0.35443,2749.3474,0.3482527,2770.1355,0.3441204,2716.8639466146287,0.3535664984524599
Viewpoint 2,1478,2219.710838,0.328185,2299.353,0.3205582,2316.96,0.3163489,2261.5729805421624,0.3264753687458623
Viewpoint 2,1479,1626.227579,0.285689,1683.5923,0.2729323,1696.6652,0.2791611,1663.5799536104828,0.2820612083565784
Viewpoint 2,1480,953.500091,0.21497,989.35846,0.2170753,997.14307,0.2185322004823961,972.1892819431436,0.2170675108500625
Viewpoint 2,1481,315.816691,0.177538,324.94925,0.1780745,327.56418,0.1792278877281577,318.748506896125,0.1787105373548025
Viewpoint 2,1494,0.0,0.159,0.0,0.159,0.0,0.0,2.3275653564919225e-05,0.1600000013662808
Viewpoint 2,1495,522.242431,0.189656,540.10229,0.190704,544.30225,0.1919504339994202,533.636057054377,0.1913244365490919
Viewpoint 2,1496,1237.420949,0.236396,1281.0297,0.2341964,1290.9656,0.2357795,1263.9939770141152,0.2341964464507285
Viewpoint 2,1497,1999.744419,0.315299,2072.0671,0.3072572,2087.979,0.3028944,2043.5271427666007,0.3134974145704641
Viewpoint 2,1498,2661.541574,0.35495,2751.3691,0.3486249,2772.2292,0.3444528,2724.562757563692,0.3542055510351846
Viewpoint 2,1499,3124.894476,0.382287,3226.0747,0.3768226,3250.4141,0.3752664,3172.8486840327123,0.380919127904694
Viewpoint 2,1500,3247.155469,0.389607,3359.5667,0.3852215,3384.7039,0.3839096,3339.048648061304,0.3905045650026433
Viewpoint 2,1501,3059.337676,0.378426,3167.1221,0.3731562,3190.9612,0.3707954,3127.882522433997,0.3781234543720765
Viewpoint 2,1502,2560.025163,0.348469,2652.3186,0.3416163,2672.6292,0.3382572,2606.7358340298742,0.3471702990166235
Viewpoint 2,1503,1865.91635,0.305662,1930.635,0.29764,1945.7004,0.2940876,1905.568826180639,0.3047897695929761
Viewpoint 2,1504,1090.386949,0.223007,1131.6742,0.2254293,1140.6536,0.2269562,1110.4790926820224,0.2251851227404347
Viewpoint 2,1505,373.368283,0.180917,385.5889,0.1816341,388.73465,0.1828186403022857,377.0624605928492,0.1821335664368002
Viewpoint 2,1518,0.0,0.159,0.0,0.159,0.0,0.0,2.3282987965232456e-05,0.1600000013667114
Viewpoint 2,1519,90.853333,0.164333,93.770355,0.1645043,94.495064,0.1655460938977733,92.9671265493282,0.1654571703284455
Viewpoint 2,1520,223.033623,0.172092,230.77461,0.1725465,232.56866,0.1736513647589543,228.56867879949365,0.1734169814455302
Viewpoint 2,1521,334.608574,0.178642,345.7518,0.1792956,348.44064,0.1804533262537764,342.19672451339426,0.1800869477289362
Viewpoint 2,1522,443.620126,0.185041,459.7131,0.1859852,463.27386,0.1871940899123189,456.5828318271861,0.1868014122282558
Viewpoint 2,1523,530.922611,0.190165,549.73999,0.1912697,553.97668,0.1925183796586353,542.2497187051903,0.1918300584879946
Viewpoint 2,1524,551.07761,0.191348,571.29669,0.1925351,575.68414,0.193792570527826,569.6493072100658,0.1934384143332308
Viewpoint 2,1525,506.517628,0.188733,524.24786,0.1897734,528.26587,0.1910091092708777,519.6716029503494,0.1905047230931855
Viewpoint 2,1526,437.207595,0.184664,452.96164,0.1855889,456.42136,0.1867918602353191,447.1869085531225,0.1862498715320683
Viewpoint 2,1527,306.105547,0.176968,316.74741,0.1775931,319.1535,0.1787341791611017,314.69783128222593,0.1784727626962666
Viewpoint 2,1528,195.193022,0.170458,201.79128,0.1708452,203.31732,0.1719341729689189,199.6855564100874,0.1717215421612721
Viewpoint 2,1529,65.068731,0.16282,66.254578,0.1628891,66.756584,0.1639179927454188,65.8669221865323,0.1638663883323494
Viewpoint 2,1542,0.0,0.159,0.0,0.159,0.0,0.0,2.3290410197843617e-05,0.1600000013671471
Viewpoint 2,1543,111.974826,0.165573,115.75457,0.1657948,116.64915,0.1668464861758138,114.74346742626716,0.1667354415379218
Viewpoint 2,1544,244.773626,0.173368,252.64201,0.1738301,254.60551,0.1749449910087727,250.2036043493932,0.1746869515753094
Viewpoint 2,1545,396.87272,0.182296,410.70117,0.1831082,413.89301,0.1842954772920463,406.4278281392818,0.1838573135117758
Viewpoint 2,1546,507.126323,0.188768,524.67145,0.1897982,528.73242,0.1910365519680494,521.055940154061,0.1905859836870433
Viewpoint 2,1547,593.258211,0.193824,614.57239,0.1950754,619.30548,0.1963531596259995,606.1546696456343,0.1955812791081987
Viewpoint 2,1548,613.439636,0.195009,636.0025,0.1963333,640.8844,0.1976198543541617,634.1205844523145,0.1972228783073508
Viewpoint 2,1549,589.285169,0.193591,610.02924,0.1948087,614.70239,0.1960829929919077,604.6362531933014,0.1954921480624468
Viewpoint 2,1550,478.396,0.187082,495.84445,0.1881061,499.63184,0.1893283545823988,489.476497853954,0.1887322704240271
Viewpoint 2,1551,368.191215,0.180613,380.48462,0.1813345,383.37668,0.1825041368491216,377.9393751228007,0.1821850413197084
Viewpoint 2,1552,215.899039,0.171673,222.98721,0.1720894,224.67493,0.1731879882053552,220.6221633756263,0.1729505209901492
Viewpoint 2,1553,85.093798,0.163995,86.929665,0.1641028,87.590401,0.1651408625842513,86.35275461263384,0.1650689066957616
Viewpoint 2,1566,0.0,0.159,0.0,0.159,0.0,0.0,2.3297915365199167e-05,0.1600000013675876
Viewpoint 2,1567,876.504349,0.210451,907.69818,0.2122819,914.79486,0.2136983034041631,894.0335601432355,0.2124797699804079
Viewpoint 2,1568,2084.366216,0.321075,2158.3323,0.3128317,2175.0479,0.3084521,2121.8120883890447,0.3187200049686072
Viewpoint 2,1569,3338.961541,0.396247,3454.5061,0.391591,3480.6143,0.3903594,3395.4968311777725,0.3949275245757888
Viewpoint 2,1570,4490.879908,0.464547,4644.7861,0.4633078,4678.8765,0.4616024,4588.402174991529,0.4655418265196148
Viewpoint 2,1571,5326.546607,0.513647,5486.2881,0.512973,5526.3438,0.5117898,5385.388634726095,0.5125948664907858
Viewpoint 2,1572,5596.962947,0.529377,5770.0127,0.5295553,5811.1846,0.5284977,5721.608456119872,0.5320880229937726
Viewpoint 2,1573,5264.875949,0.509298,5421.8125,0.5087113,5461.2524,0.5075162,5338.144407342697,0.5094657926359717
Viewpoint 2,1574,4379.614369,0.456603,4530.0361,0.455285,4564.7373,0.4539667,4433.175506351142,0.4557831931220121
Viewpoint 2,1575,3202.072986,0.386201,3315.7134,0.3819194,3342.5332,0.3800881,3250.298371165679,0.3850177099457169
Viewpoint 2,1576,1895.772004,0.306717,1970.9325,0.2992246,1987.5923,0.2958089,1916.3552824795213,0.3050259001573052
Viewpoint 2,1577,687.614077,0.199363,720.1283,0.2012715,726.55457,0.2026486957969785,693.5012759839352,0.200708524900257
Viewpoint 2,1590,0.0,0.159,0.0,0.159,0.0,0.0,2.330549851791418e-05,0.1600000013680327
Viewpoint 2,1591,3142.548269,0.384993,3312.0742,0.3832767,3391.1235,0.3823385,2982.718290696891,0.3736344183079829
Viewpoint 2,1592,2924.652997,0.372126,3025.623,0.3660653,3049.0713,0.3640446,2961.2921341316824,0.3696064944210773
Viewpoint 2,1593,4767.79443,0.481969,4925.5225,0.4806623,4961.9429,0.4789852,4839.276492298493,0.4812019455868825
Viewpoint 2,1594,6538.18975,0.586117,6737.0049,0.5877058,6784.001,0.586861,6634.4547966746,0.5872710022946934
Viewpoint 2,1595,7881.961507,0.664773,8102.6328,0.6680639,8159.0874,0.6680335,7936.012728578694,0.6637838182016329
Viewpoint 2,1596,18482.626745,1.0,21695.143,1.0,30826.908,1.0,58086.207020866816,1.0
Viewpoint 2,1597,7797.024314,0.658734,8033.6143,0.6633453,8088.5806,0.6630209,7878.236988314466,0.6597472959946409
Viewpoint 2,1598,6433.716268,0.577949,6658.5034,0.581264,6709.4419,0.5806406,6480.1826228634,0.5768647944604147
Viewpoint 2,1599,4670.536387,0.472669,4848.4233,0.4726847,4889.9536,0.4718474,4709.664773983269,0.4712347798120455
Viewpoint 2,1600,2754.597224,0.358416,2871.3801,0.3531786,2898.1084,0.3495881,2758.96465542039,0.3548267216425278
Viewpoint 2,1601,1017.421886,0.222314,1081.1328,0.2229816,1091.9626,0.2248385,1023.7112384279876,0.2234760560646852
Viewpoint 2,1614,0.0,0.159,0.0,0.159,0.0,0.0,2.3313154681325672e-05,0.1600000013684822
Viewpoint 2,1615,1700.832142,0.300897,1820.8988,0.28978,1866.6798,0.2869784,1632.5744127802025,0.2911850285017021
Viewpoint 2,1616,3637.358452,0.417003,3896.0552,0.4238378,3932.4382,0.4159997,3638.5364866271343,0.4139738993486707
Viewpoint 2,1617,4963.84238,0.493796,5141.8506,0.4935266,5179.7168,0.491917,5049.8401697485015,0.4937332441808546
Viewpoint 2,1618,9536.051575,0.759397,10293.724,0.8023027,12924.342,0.9508921,8918.426712251154,0.72443198861549
Viewpoint 2,1619,8211.706505,0.684165,8451.7559,0.6887671,8510.2383,0.6887884,8279.867249604855,0.6841258198657683
Viewpoint 2,1620,8700.417411,0.711811,8958.9863,0.7183688,9017.167,0.7184411,8861.176029994996,0.7178647999726311
Viewpoint 2,1621,11468.889632,0.879438,12318.591,1.0,15634.205,1.0,10878.943205892914,0.8359328597023158
Viewpoint 2,1622,11296.455759,0.846647,11607.343,0.8660089,12284.195,0.9000885,10075.795558246791,0.7867325962775027
Viewpoint 2,1623,21365.052905,1.0,21542.963,1.0,13863.118,1.0,7163.836259288428,0.6157910230143195
Viewpoint 2,1624,2897.749128,0.366771,3026.626,0.3621492,3055.2012,0.3591501,2902.5536962287774,0.3632336698445567
Viewpoint 2,1625,1077.903462,0.226814,1146.9973,0.2268887,1158.5249,0.2288078,1084.251736140493,0.2278492699654729
Viewpoint 2,1638,0.0,0.159,0.0,0.159,0.0,0.0,2.33208788831791e-05,0.1600000013689356
Viewpoint 2,1639,1615.690598,0.292967,1726.1813,0.2780294,1776.3986,0.2751228,1525.7827829573266,0.2829227883577538
Viewpoint 2,1640,3892.24726,0.43095,4193.2456,0.4463528,4224.4551,0.4286432,3595.3332453797,0.4097254407974545
Viewpoint 2,1641,6015.616359,0.55428,6349.6362,0.5643697,6418.8247,0.5620391,5706.456399410811,0.5354137599051644
Viewpoint 2,1642,7353.960472,0.634421,7574.77,0.6373286,7626.3657,0.6367513,7457.10944790819,0.6359878652746932
Viewpoint 2,1643,12713.396131,0.951498,13258.325,1.0,19948.641,1.0,37547.80561757558,1.0
Viewpoint 2,1644,9465.187564,0.756331,9729.792,0.7638775,9791.1973,0.7641725,9623.07985663165,0.7628119456676422
Viewpoint 2,1645,11384.700255,0.871713,12019.781,1.0,15741.75,1.0,10418.245679226206,0.8080122230999859
Viewpoint 2,1646,8480.97539,0.688533,9194.1582,0.7222537,9903.0,0.7583476,7693.187949609784,0.6460213553264122
Viewpoint 2,1647,23456.14433,1.0,15944.554,1.0,15347.116,1.0,7149.495152629202,0.615586303825747
Viewpoint 2,1648,16718.996595,1.0,16051.907,1.0,14673.997,1.0,15554.451512815904,1.0
Viewpoint 2,1649,744.435227,0.202698,778.24805,0.2046832,785.1272,0.2060868737554726,750.0933709905618,0.2040304808771459
Viewpoint 2,1662,0.0,0.159,0.0,0.159,0.0,0.0,2.332866617456586e-05,0.1600000013693927
Viewpoint 2,1663,2860.484635,0.36909,3013.2786,0.3650363,3068.5532,0.3635292,2781.266513923874,0.3614385596369375
Viewpoint 2,1664,2233.920006,0.330046,2310.6724,0.3219367,2328.5271,0.3184454,2274.735775295678,0.3278579101572163
Viewpoint 2,1665,3543.693134,0.408265,3662.3701,0.4046345,3689.9409,0.4027619,3614.9332323929966,0.407854204674075
Viewpoint 2,1666,16020.204674,1.0,16682.109,1.0,18990.486,1.0,15532.739778602125,1.0
Viewpoint 2,1667,5577.834537,0.52854,5749.897,0.5285147,5791.6475,0.5274096,5649.586802761299,0.5281728575371089
Viewpoint 2,1668,5851.778844,0.544195,6033.0728,0.545059,6075.7949,0.5440539,5951.957616312384,0.5458623942562096
Viewpoint 2,1669,5513.897367,0.524043,5688.9082,0.5244312,5730.0103,0.5233158,5606.063510079872,0.5252346925407729
Viewpoint 2,1670,4595.621885,0.469423,4760.1772,0.4688124,4796.5605,0.4675747,4660.149815878587,0.4691331563607576
Viewpoint 2,1671,3392.287237,0.397392,3511.1013,0.3933896,3539.5908,0.3924203,3434.3574172285034,0.3958292629890675
Viewpoint 2,1672,2028.949681,0.315535,2108.2896,0.3072844,2126.1387,0.3039359,2049.1241333672174,0.3129304770289016
Viewpoint 2,1673,2194.607435,0.321526,2354.9844,0.3157366,2379.9592,0.3119633,2260.54266750746,0.3229591569631759
Viewpoint 2,1686,0.0,0.159,0.0,0.159,0.0,0.0,2.3336511637107205e-05,0.1600000013698532
Viewpoint 2,1687,0.0,0.159,0.0,0.159,0.0,0.0,2.348941741993251e-05,0.1600000013788288
Viewpoint 2,1688,0.0,0.159,0.0,0.159,0.0,0.0,2.3661775810921465e-05,0.1600000013889462
Viewpoint 2,1689,0.0,0.159,0.0,0.159,0.0,0.0,2.380724887676964e-05,0.1600000013974855
Viewpoint 2,1690,0.0,0.159,0.0,0.159,0.0,0.0,2.3895311843841444e-05,0.1600000014026548
Viewpoint 2,1691,0.0,0.159,0.0,0.159,0.0,0.0,2.388097062812282e-05,0.1600000014018129
Viewpoint 2,1692,0.0,0.159,0.0,0.159,0.0,0.0,2.3880666847235185e-05,0.1600000014017951
Viewpoint 2,1693,0.0,0.159,0.0,0.159,0.0,0.0,2.380978424890364e-05,0.1600000013976343
Viewpoint 2,1694,0.0,0.159,0.0,0.159,0.0,0.0,2.3581759126285287e-05,0.1600000013842492
Viewpoint 2,1695,0.0,0.159,0.0,0.159,0.0,0.0,2.354100688053987e-05,0.1600000013818571
Viewpoint 2,1696,0.0,0.159,0.0,0.159,0.0,0.0,2.339024585035901e-05,0.1600000013730074
Viewpoint 2,1697,0.0,0.159,0.0,0.159,0.0,0.0,2.326707690727065e-05,0.1600000013657774
Viewpoint 2,1710,0.0,0.159,0.0,0.159,0.0,0.0,2.3344410365418247e-05,0.1600000013703169
Viewpoint 2,1711,1897.36169,0.31846,2022.0123,0.3067915,2060.2676,0.3045519,1822.9195377161668,0.3053585916873449
Viewpoint 2,1712,3726.986267,0.422475,3961.8923,0.4266101,4017.3542,0.4223372,3611.5465005425567,0.4124403083947483
Viewpoint 2,1713,6317.917656,0.574738,6619.332,0.5821873,6675.3003,0.5798129,6151.449936275218,0.5620204946771307
Viewpoint 2,1714,4805.100866,0.483114,4957.8784,0.4817862,4994.0376,0.4801855,4903.70757409508,0.4841412831803832
Viewpoint 2,1715,11880.739708,0.895621,12662.404,1.0,14832.603,1.0,12686.14063149754,0.9479497062514448
Viewpoint 2,1716,12317.362812,0.920602,13834.809,1.0,15591.326,1.0,12633.57378304457,0.9401854543272398
Viewpoint 2,1717,5575.519917,0.527621,5751.1074,0.528064,5792.5796,0.5269575,5670.59177995585,0.528996345321427
Viewpoint 2,1718,4672.929747,0.473831,4828.4077,0.4728024,4865.2798,0.4716631,4728.455337354927,0.4731257841435038
Viewpoint 2,1719,13417.034563,1.0,10259.34,0.9502763,11396.043,0.8514366,7088.321644671479,0.6105157727783626
Viewpoint 2,1720,11525.884409,1.0,9492.418,0.9419964,11707.718,0.9011071,12359.553915372882,1.0
Viewpoint 2,1721,819.340051,0.207698,857.23694,0.2093198,864.78278,0.2108516111548949,826.0124317421757,0.2084869297432657
Viewpoint 2,1734,0.0,0.159,0.0,0.159,0.0,0.0,2.335235745977939e-05,0.1600000013707833
Viewpoint 2,1735,155.499644,0.168128,160.56589,0.1684252,161.80493,0.1694970780385011,159.05079213332462,0.1693362814982261
Viewpoint 2,1736,329.656289,0.178351,340.94211,0.1790133,343.58615,0.180168363328933,337.97808394309703,0.1798393135274598
Viewpoint 2,1737,523.638897,0.189738,542.11481,0.1908221,546.31598,0.1920686981623485,538.2277281394984,0.1915939676417885
Viewpoint 2,1738,674.835937,0.198613,699.13531,0.2000392,704.52795,0.201355698652904,694.0825071385599,0.2007426431690334
Viewpoint 2,1739,782.780999,0.204949,810.22614,0.2065603,816.4444,0.2079251350937438,801.9708950248215,0.207075691537957
Viewpoint 2,1740,802.527693,0.206108,831.30389,0.2077975,837.66553,0.2091708212145863,823.1562254750952,0.2083192704353881
Viewpoint 2,1741,756.720073,0.203419,783.24139,0.2049763,789.2301,0.2063276669170207,776.0313539738545,0.2055530404782652
Viewpoint 2,1742,645.489166,0.19689,667.89429,0.1982054,672.9931,0.1995046531157596,658.9828616912654,0.1986822939812773
Viewpoint 2,1743,471.241033,0.186662,488.01282,0.1876464,491.72626,0.1888642420837185,483.3476622776073,0.1883725077756955
Viewpoint 2,1744,297.887267,0.176486,308.09793,0.1770854,310.43665,0.1782224531057675,304.8009160646329,0.1778918137729939
Viewpoint 2,1745,105.67734,0.165203,108.75003,0.1653836,109.57764,0.1664313966543974,107.94054876701168,0.1663361102126236
Viewpoint 2,1758,0.0,0.159,0.0,0.159,0.0,0.0,2.336034804148912e-05,0.1600000013712524
Viewpoint 2,1759,46.04683,0.161703,47.570011,0.1617924,47.936817,0.1628134894005513,47.04356940000306,0.1627614575237801
Viewpoint 2,1760,69.390558,0.163073,71.775093,0.1632132,72.331932,0.1642453380435823,71.09588480862568,0.1641733284382663
Viewpoint 2,1761,116.050773,0.165812,120.1514,0.1660529,121.08397,0.1671068355259047,119.22874107184396,0.1669987271009172
Viewpoint 2,1762,162.928425,0.168564,168.82141,0.1689098,170.12605,0.1699856254385305,167.53398046887276,0.1698342446535228
Viewpoint 2,1763,186.735829,0.169961,193.3709,0.1703509,194.85748,0.1714375729375041,191.34378854187813,0.1712318803874082
Viewpoint 2,1764,186.511418,0.169948,193.28223,0.1703457,194.76411,0.1714320937644706,191.3378351135252,0.1712315309211639
Viewpoint 2,1765,186.047175,0.169921,192.59558,0.1703054,194.07036,0.1713911886393121,190.7715597992586,0.1711982905602165
Viewpoint 2,1766,138.857013,0.167151,143.66594,0.1674332,144.76265,0.1684967675163778,141.70933584858284,0.1683183380143118
Viewpoint 2,1767,115.084262,0.165755,119.04904,0.1659882,119.95258,0.1670402339527138,117.87702361691188,0.1669193812863127
Viewpoint 2,1768,68.763687,0.163036,71.057228,0.1631711,71.593552,0.1642019998524227,70.25562655286816,0.1641240052786533
Viewpoint 2,1769,22.785241,0.160337,23.55365,0.1603826,23.731457,0.1613928472367192,23.284354494654004,0.1613667916088361
Viewpoint 2,1782,0.0,0.159,0.0,0.159,0.0,0.0,2.336837725668065e-05,0.1600000013717237
Viewpoint 2,1783,237.5171,0.172942,245.75345,0.1734257,247.65019,0.1745367447566259,243.30428245157032,0.1742819613799071
Viewpoint 2,1784,534.230751,0.190359,551.25214,0.1913585,555.52216,0.1926090439857679,546.1464679122828,0.192058797666451
Viewpoint 2,1785,807.833083,0.20642,835.65015,0.2080527,842.11108,0.2094318190914919,829.3180595941365,0.2086809700981758
Viewpoint 2,1786,1060.396145,0.221245,1096.7638,0.22338,1105.1976,0.224875,1088.471974329566,0.2238933048931455
Viewpoint 2,1787,1225.265366,0.234055,1269.7737,0.2335357,1279.4897,0.2351059,1256.430803808759,0.2337524881835741
Viewpoint 2,1788,1266.261187,0.238698,1311.0723,0.2359599,1321.0732,0.2375468,1297.7714461369492,0.2361791838882389
Viewpoint 2,1789,1179.099279,0.229433,1220.377,0.2306361,1229.6864,0.2321824,1208.651050204137,0.2309478166469828
Viewpoint 2,1790,1006.504665,0.218082,1041.1041,0.2201128,1049.0504,0.2215791,1026.6677391603787,0.2202653962887142
Viewpoint 2,1791,751.51011,0.203114,776.91724,0.204605,782.8457,0.2059529778560228,768.8576133665886,0.2051319419046187
Viewpoint 2,1792,457.005929,0.185826,471.93408,0.1867025,475.53458,0.1879138301894216,466.3871348813819,0.1873769248175371
Viewpoint 2,1793,183.438322,0.169768,189.37828,0.1701165,190.83255,0.1712012489068261,187.55871943577569,0.17100969683088
Viewpoint 2,1806,0.0,0.159,0.0,0.159,0.0,0.0,2.3376440278267147e-05,0.160000001372197
Viewpoint 2,1807,69.205008,0.163062,71.424774,0.1631926,71.975288,0.1642244482004306,70.62980981671045,0.1641459698362409
Viewpoint 2,1808,138.793652,0.167147,143.7086,0.1674357,144.82298,0.1685003014153257,142.3371841159322,0.1683551927076052
Viewpoint 2,1809,209.01754,0.171269,216.51442,0.1717094,218.19392,0.1728074464274501,214.8373410750498,0.1726109519211054
Viewpoint 2,1810,277.922453,0.175314,287.54248,0.1758787,289.76279,0.1770089455043442,285.515076043477,0.1767597349637521
Viewpoint 2,1811,301.555481,0.176701,312.10309,0.1773205,314.50046,0.1784610348899298,308.9986620829447,0.1781382214642688
Viewpoint 2,1812,322.636449,0.177939,334.52328,0.1786365,337.086,0.1797868606956402,331.3290260690131,0.179449013830251
Viewpoint 2,1813,299.033307,0.176553,309.64566,0.1771762,312.01593,0.1783151827385085,306.87395646638697,0.1780135012445769
Viewpoint 2,1814,252.093715,0.173798,260.84299,0.1743115,262.83408,0.1754281195663222,257.443066797339,0.1751119080210038
Viewpoint 2,1815,182.833773,0.169732,189.22664,0.1701076,190.66316,0.1711913147795448,187.5134145239452,0.1710070374325555
Viewpoint 2,1816,113.817525,0.165681,117.64584,0.1659058,118.53436,0.1669570696519792,116.4808888149037,0.1668374281734348
Viewpoint 2,1817,45.039934,0.161644,46.366611,0.1617217,46.717136,0.1627418859701782,46.05255346320064,0.1627032848882899
Viewpoint 2,1830,284.778267,0.175716,302.0574,0.1767308,303.76224,0.1778306288656742,283.4180204894714,0.1766366378027319
Viewpoint 2,1831,1628.939717,0.288935,1691.8049,0.2776935,1705.1248,0.2803027,1658.7090490956407,0.288587777736959
Viewpoint 2,1832,3461.936712,0.404198,3588.8213,0.4007024,3616.4224,0.3988602,3517.115768309868,0.4025943839976913
Viewpoint 2,1833,5459.784091,0.522562,5648.1558,0.5233113,5689.2021,0.521892,5556.912675802853,0.5235540026539158
Viewpoint 2,1834,13429.865782,0.989927,14305.711,1.0,16258.398,1.0,12679.141136895008,0.9431781972348686
Viewpoint 2,1835,8860.400056,0.72101,9089.6846,0.7261446,9151.1875,0.7262042,8996.154028274332,0.726029475083379
Viewpoint 2,1836,9354.932808,0.749132,9603.4844,0.7560831,9663.7139,0.7561174,9502.415624668763,0.7554651168653775
Viewpoint 2,1837,8717.195222,0.712197,8992.9707,0.7195788,9052.1143,0.7193398,8862.096693104542,0.7173499735345308
Viewpoint 2,1838,7254.222286,0.625631,7520.8428,0.6317437,7578.1079,0.6312063,7332.263823625222,0.6266207280392442
Viewpoint 2,1839,5384.70865,0.514006,5589.5181,0.5158287,5639.1206,0.5152003,5416.732421585339,0.5124043119152616
Viewpoint 2,1840,3303.939207,0.39039,3456.4324,0.3874907,3489.2515,0.3860915,3308.522463501998,0.3868258783548732
Viewpoint 2,1841,1388.99541,0.251908,1468.5302,0.2462296,1482.1566,0.247932,1385.4400774947346,0.2470215031062199
Viewpoint 2,1854,155.214044,0.168111,166.13617,0.1687522,166.90231,0.1697962849289002,155.07211986972544,0.1691027334363528
Viewpoint 2,1855,1595.272861,0.285697,1656.5044,0.2755367,1669.5188,0.2781403,1625.0516596808502,0.2837771141152691
Viewpoint 2,1856,4441.044158,0.463121,4789.6929,0.4738905,4777.8486,0.4643521,4222.201792860687,0.4468113419963141
Viewpoint 2,1857,5296.686277,0.512795,5480.5288,0.5132971,5520.4707,0.5118253,5396.429932091499,0.5139537836137452
Viewpoint 2,1858,10199.062999,0.796023,11045.823,0.9544205,12390.445,0.9118649,9721.49213327006,0.7694707064887355
Viewpoint 2,1859,13112.19114,0.970213,14247.409,1.0,15962.753,1.0,14742.3431272136,1.0
Viewpoint 2,1860,8959.718755,0.726049,9207.584,0.7326485,9266.2148,0.7325692,9116.363874532391,0.732641865508017
Viewpoint 2,1861,11968.573074,0.900213,12790.652,1.0,14368.628,1.0,11778.02479762318,0.8866882023341544
Viewpoint 2,1862,6987.180739,0.609894,7244.1514,0.6154211,7299.3398,0.6147935,7070.816855850189,0.6111797939450032
Viewpoint 2,1863,5210.024077,0.503825,5413.832,0.5055661,5461.4453,0.5048375,5254.428730781507,0.5028485561950686
Viewpoint 2,1864,16466.233103,1.0,14825.692,1.0,14446.951,1.0,16662.07907819153,1.0
Viewpoint 2,1865,1210.911182,0.236185,1274.3092,0.234287,1285.8463,0.236136,1214.3309465290622,0.2350630173646075
Viewpoint 2,1878,222.660597,0.17207,238.40067,0.1729941,239.29369,0.1740461131294705,221.83404704380635,0.1730216585614714
Viewpoint 2,1879,2414.322675,0.345147,2588.6848,0.3385125,2661.7859,0.3385662,2320.3091791709503,0.3349997061733157
Viewpoint 2,1880,4754.285426,0.481181,5062.0596,0.4906951,5066.8604,0.4802557,4462.3536338476015,0.4600248751808934
Viewpoint 2,1881,5814.556411,0.543615,6004.7412,0.5444425,6048.0356,0.5431084,5906.90663940814,0.5442981326149581
Viewpoint 2,1882,7856.670359,0.663261,8083.6641,0.6670353,8137.749,0.666514,8001.716014947548,0.6677169958355492
Viewpoint 2,1883,13816.067543,1.0,15557.937,1.0,17611.131,1.0,16168.756052511648,1.0
Viewpoint 2,1884,14576.619802,1.0,17276.328,1.0,18100.232,1.0,15112.30540108827,1.0
Viewpoint 2,1885,9250.522488,0.742785,9541.2383,0.7518213,9602.6025,0.7516633,9411.219342416667,0.749676268266768
Viewpoint 2,1886,7677.450953,0.65044,7966.1577,0.657815,8026.8203,0.6574058,7766.673953675974,0.6520854967247666
Viewpoint 2,1887,5734.267413,0.534421,5969.6455,0.5381119,6023.9268,0.5374646,5776.414509856471,0.5334053648327197
Viewpoint 2,1888,16810.031905,1.0,14771.879,1.0,14458.959,1.0,16896.583011960232,1.0
Viewpoint 2,1889,1527.863942,0.264388,1622.6222,0.2554522,1637.4111,0.2610476,1525.5791013397509,0.2586014191668119
Viewpoint 2,1902,405.109691,0.18278,432.25146,0.1843732,435.50815,0.1855642844363732,398.0043448119469,0.1833628550404613
Viewpoint 2,1903,1372.361728,0.258276,1422.8177,0.2425194,1433.9225,0.2623738,1398.9149279016126,0.2520449127724994
Viewpoint 2,1904,6870.812768,0.603605,7165.9883,0.6133758,7232.3599,0.6095712,6673.976068317982,0.5900105075689597
Viewpoint 2,1905,10804.027498,0.831082,11257.183,0.8527259,11320.196,0.8506742,10725.401645252854,0.8284642077454101
Viewpoint 2,1906,5809.864832,0.542459,5996.1514,0.5432695,6038.811,0.5420666,5941.156342368584,0.5455631727521801
Viewpoint 2,1907,6816.821789,0.601104,7020.8149,0.6035678,7070.3091,0.6028864,6952.128953690321,0.6050020608857525
Viewpoint 2,1908,7193.660118,0.622796,7382.7334,0.6246539,7432.9097,0.6240723,7311.870616607245,0.6259555512719404
Viewpoint 2,1909,6744.143638,0.596205,6952.7246,0.5988925,7001.397,0.5981667,6868.994300802016,0.5995867957198524
Viewpoint 2,1910,5682.717336,0.533184,5882.9619,0.5350447,5927.7964,0.5340906,5762.7913689447405,0.5340370480622224
Viewpoint 2,1911,4247.634749,0.447597,4403.0615,0.4463241,4439.8887,0.4452055,4300.352052859897,0.4467098059920208
Viewpoint 2,1912,2640.72239,0.351573,2745.1619,0.3452047,2769.0767,0.3421234,2658.425001251552,0.3488090964590216
Viewpoint 2,1913,2690.371746,0.35069,2890.7051,0.3485765,2913.0532,0.3439533,2748.7672201832747,0.3529815654726566
Viewpoint 2,1926,283.309025,0.17563,305.6044,0.176939,306.98578,0.1780199159418291,284.8447957240428,0.1767203895090013
Viewpoint 2,1927,2517.755595,0.351274,2749.3577,0.3496446,2752.7114,0.3451888,2454.4461112772774,0.3434861255700522
Viewpoint 2,1928,3519.023408,0.407485,3646.4519,0.4040174,3674.3943,0.4021843,3577.541590204676,0.406064213504674
Viewpoint 2,1929,5477.386057,0.523379,5654.8594,0.5235532,5695.8906,0.5221236,5573.109987093737,0.5243390865379257
Viewpoint 2,1930,7313.470955,0.631257,7534.7769,0.634449,7586.0537,0.6337522,7467.3707888664785,0.6359587489948119
Viewpoint 2,1931,13781.266591,1.0,15108.917,1.0,16793.682,1.0,15723.443661451918,1.0
Viewpoint 2,1932,9180.037935,0.738521,9406.9141,0.7443192,9466.2285,0.744222,9333.737750728224,0.7453241481945966
Viewpoint 2,1933,8579.932551,0.703718,8840.7578,0.7104231,8899.1064,0.7100908,8733.930900763136,0.7095796392466904
Viewpoint 2,1934,10506.592467,0.806122,11057.759,0.8337365,11973.711,0.8806167,10068.169406496969,0.7847101482225911
Viewpoint 2,1935,21843.615261,1.0,25322.199,1.0,16666.078,1.0,8885.567932920578,0.7159352211666563
Viewpoint 2,1936,15953.985391,1.0,18561.447,1.0,14350.882,1.0,17236.93240445395,1.0
Viewpoint 2,1937,1449.63702,0.257298,1531.3636,0.2498443,1545.1279,0.2553784,1449.4464755885251,0.2515436960465755
Viewpoint 2,1950,247.106384,0.173505,264.1778,0.1745072,266.32001,0.1756326539804233,244.2878226394756,0.1743396951889372
Viewpoint 2,1951,2109.291666,0.330133,2238.7429,0.3202336,2272.6086,0.3180591,2060.961176262337,0.3205155388368276
Viewpoint 2,1952,3981.245462,0.436819,4209.6704,0.4393412,4235.5786,0.4353194,3905.2691480565686,0.4287518434247215
Viewpoint 2,1953,3209.186992,0.387923,3322.4023,0.382847,3347.457,0.3813259,3288.070952696691,0.3880223191832161
Viewpoint 2,1954,4172.957206,0.444965,4308.4761,0.4426122,4340.2861,0.4410188,4271.540073095949,0.4462842871593777
Viewpoint 2,1955,11050.595339,0.84678,11782.974,0.8824587,12344.86,0.9096426,11981.170519767584,0.903451541212618
Viewpoint 2,1956,5042.411916,0.496029,5201.8374,0.4955509,5239.3652,0.4941075,5149.149284110748,0.4980008728299011
Viewpoint 2,1957,10215.439001,0.797233,10776.291,0.8230042,11189.945,0.8413789,10441.61305520472,0.8092520950360176
Viewpoint 2,1958,4039.797553,0.43613,4177.125,0.4341137,4208.939,0.4324893,4104.328588167393,0.4359860599172843
Viewpoint 2,1959,3047.586733,0.376921,3153.5718,0.3722192,3178.7202,0.3694071,3098.290453655974,0.3757782986744532
Viewpoint 2,1960,10079.106029,0.903504,18647.129,1.0,9430.5068,0.7469062,10701.989765184511,0.9710843679687032
Viewpoint 2,1961,825.844354,0.207574,859.58929,0.2094579,866.73022,0.2108769106468048,835.4594464799411,0.2090414695083725
Viewpoint 2,1974,431.675845,0.184339,460.95172,0.1860579,464.12357,0.1872439738399339,424.729661014896,0.1849316311015744
Viewpoint 2,1975,1515.562901,0.276276,1570.562,0.2618616,1582.8176,0.2728356,1543.4517228340544,0.2706079688232038
Viewpoint 2,1976,3058.334883,0.379763,3175.0288,0.3745366,3199.3359,0.3729284,3122.952099506284,0.3787190007234939
Viewpoint 2,1977,8307.708979,0.687598,8758.376,0.7051787,8803.2881,0.7020441,8250.044692591573,0.682518546333287
Viewpoint 2,1978,6217.466317,0.566234,6402.062,0.5672559,6447.0952,0.5661767,6349.660385572968,0.5696844370591254
Viewpoint 2,1979,7291.410728,0.629003,7476.2056,0.6304261,7528.2544,0.6298871,7414.78697798343,0.6322416616949066
Viewpoint 2,1980,7640.324666,0.648924,7841.5693,0.6516832,7894.0488,0.6512231,7779.245748413844,0.6534348638156801
Viewpoint 2,1981,13473.49526,0.982674,14531.335,1.0,15492.126,1.0,13964.791497826183,1.0
Viewpoint 2,1982,6082.146324,0.556375,6280.1221,0.558401,6328.001,0.5575297,6154.543296028724,0.5570261113897429
Viewpoint 2,1983,4563.18633,0.465986,4730.2441,0.4654326,4770.4272,0.4644483,4616.7942053507695,0.4652831517232992
Viewpoint 2,1984,16096.51383,1.0,28297.486,1.0,14865.433,1.0,18140.93371729582,1.0
Viewpoint 2,1985,1999.613081,0.306283,2102.0303,0.2945579,2119.7273,0.2950556,1993.8843443462697,0.3040183994074898
Viewpoint 2,1998,483.531199,0.187383,522.36761,0.189663,525.19971,0.1908291583586114,490.10269434572666,0.1887690281580941
Viewpoint 2,1999,2931.918788,0.37358,3134.3508,0.3723629,3143.4849,0.3683985,2832.5868396332726,0.3649118820239221
Viewpoint 2,2000,3519.875256,0.40739,3654.7676,0.4044204,3682.7031,0.4025835,3588.937449006487,0.4066388746077727
Viewpoint 2,2001,5413.315478,0.519591,5601.833,0.5202916,5642.4917,0.5188383,5528.2817752315,0.5215491710395376
Viewpoint 2,2002,7201.71597,0.624641,7418.5229,0.6274513,7469.1294,0.6266945,7362.470101546756,0.6296152505699997
Viewpoint 2,2003,8536.696728,0.701505,8737.8828,0.7050646,8796.8379,0.70489,8683.0264351337,0.7071925294369641
Viewpoint 2,2004,8951.203119,0.725118,9181.4766,0.7308894,9239.8779,0.7306947,9125.928751477397,0.7329420864714701
Viewpoint 2,2005,14230.545492,1.0,14968.032,1.0,15177.821,1.0,14393.255299545324,1.0
Viewpoint 2,2006,12146.270693,0.89933,12414.684,0.9145561,12938.245,0.9383352,11680.90040228721,0.8796395826038326
Viewpoint 2,2007,5317.304485,0.509957,5520.0708,0.5115947,5569.1333,0.5109086,5366.863403027664,0.5092341075451808
Viewpoint 2,2008,3358.714711,0.393365,3506.2627,0.3903994,3538.6372,0.3889797,3367.6819404239723,0.3901658789269387
Viewpoint 2,2009,1494.076947,0.261454,1578.3236,0.2525561,1592.2128,0.2581289,1496.963254446573,0.2553728928498909
Viewpoint 2,2022,373.554834,0.180928,404.91669,0.1827686,406.42929,0.1838573242761875,378.16719453076,0.1821984143189556
Viewpoint 2,2023,2370.119523,0.342533,2525.4885,0.3349469,2566.9109,0.333397,2306.288685436261,0.3337405992766292
Viewpoint 2,2024,3801.490759,0.424299,3947.3723,0.4218781,3977.5164,0.420127,3872.534267754623,0.423591444984726
Viewpoint 2,2025,5845.917851,0.545187,6049.3154,0.5468647,6092.8115,0.5455126,5967.312222675019,0.5476167542507551
Viewpoint 2,2026,7798.742622,0.659436,8021.9434,0.6631337,8075.5376,0.662536,7966.999273880702,0.6653575589451207
Viewpoint 2,2027,12497.594449,0.936075,13959.693,1.0,15485.66,1.0,14772.874132239682,1.0
Viewpoint 2,2028,13155.418892,0.973075,15438.616,1.0,15930.407,1.0,13760.850549912077,1.0
Viewpoint 2,2029,11232.772486,0.854582,12040.293,0.8944947,12232.891,0.897957,11415.1871899635,0.8637678701712493
Viewpoint 2,2030,7614.648318,0.646433,7889.5796,0.6530268,7949.9355,0.6525688,7718.329773644564,0.648931804829841
Viewpoint 2,2031,5755.235241,0.535498,5985.998,0.5388725,6040.9507,0.5382867,5805.95244644801,0.5348962433539
Viewpoint 2,2032,13732.991993,1.0,9851.751,0.9570248,13290.663,0.9825898,17183.737550878723,1.0
Viewpoint 2,2033,1641.272623,0.277283,1735.3662,0.2619649,1750.4111,0.272081,1638.26903878655,0.2689880977019891
Viewpoint 2,2046,624.61577,0.195665,677.61768,0.1987762,680.30933,0.1999340854269417,633.5291166240353,0.1971881591458308
Viewpoint 2,2047,2019.07864,0.317713,2098.9419,0.3093951,2115.438,0.3057813,2056.4360886477007,0.315150352491403
Viewpoint 2,2048,4002.310278,0.436244,4147.9336,0.4342016,4179.585,0.4321485,4066.912406095656,0.4351877139559275
Viewpoint 2,2049,6138.718053,0.562541,6342.2065,0.5642158,6387.5142,0.5629351,6255.390183193184,0.5646886849393383
Viewpoint 2,2050,11520.050872,0.877094,12441.174,0.9178269,12621.797,0.921908,10961.657099335653,0.840423451281692
Viewpoint 2,2051,9729.05349,0.771428,9966.5176,0.7775747,10031.457,0.7777268,9934.239522847867,0.7809228026802387
Viewpoint 2,2052,10230.150764,0.800093,10483.391,0.8076321,10546.251,0.8076732,10451.737337564253,0.8109522594546744
Viewpoint 2,2053,9519.763464,0.757971,9813.4355,0.7675205,9875.6074,0.7672904,9727.56827597897,0.7679075160907646
Viewpoint 2,2054,7992.53206,0.668341,8284.874,0.6761593,8348.3838,0.6758199,8103.447244939567,0.6714994247625546
Viewpoint 2,2055,20713.401096,1.0,21715.059,1.0,17876.264,1.0,9707.421438392825,0.7635742596158117
Viewpoint 2,2056,3867.275293,0.422726,4049.4768,0.4221957,4088.5195,0.4210581,3861.5550950741126,0.4189582639194983
Viewpoint 2,2057,1768.884759,0.290772,1872.3527,0.2740634,1888.2052,0.2820465,1761.4237010201928,0.2793948670905493
Viewpoint 2,2070,510.105852,0.188943,553.16595,0.1914708,556.41852,0.1926616858309956,519.4015728614731,0.1904888723269684
Viewpoint 2,2071,1858.311406,0.307277,1927.6418,0.298175,1942.7184,0.2944647,1891.395264629334,0.3049587326634448
Viewpoint 2,2072,3651.612972,0.415165,3785.4705,0.4121439,3814.3318,0.4103409,3718.540143840574,0.4143022480852908
Viewpoint 2,2073,7763.457996,0.653974,8113.3613,0.6660538,8142.7422,0.6616783,7571.294373109956,0.6418069137045939
Viewpoint 2,2074,7356.298183,0.633447,7568.834,0.6362435,7620.1851,0.6355073,7524.248219808484,0.6390572103017363
Viewpoint 2,2075,13680.616548,1.0,15041.327,1.0,16340.715,1.0,15932.394693593453,1.0
Viewpoint 2,2076,14207.151185,1.0,16245.836,1.0,16831.436,1.0,15014.796415020535,1.0
Viewpoint 2,2077,8531.128999,0.70016,8779.5566,0.7065684,8837.6172,0.706153,8705.012496083216,0.7075947372608771
Viewpoint 2,2078,7184.609316,0.621118,7439.8188,0.6265544,7496.7612,0.6259419,7290.361794224274,0.6236935867239659
Viewpoint 2,2079,5429.877396,0.516586,5653.2939,0.5192641,5704.1045,0.5186484,5498.173749844292,0.5168226152676668
Viewpoint 2,2080,3470.519564,0.399785,3622.3911,0.397072,3655.7729,0.3956898,3478.8686572002216,0.3966168918507626
Viewpoint 2,2081,1584.563554,0.271071,1670.9021,0.2580113,1685.2953,0.2652452,1584.9654728989306,0.2638786224465296
Viewpoint 2,2094,419.912214,0.183649,461.66733,0.1860999,463.97662,0.1872353911549182,420.5575334641418,0.1846867272143451
Viewpoint 2,2095,1826.721728,0.310202,1932.9712,0.2958681,1995.8486,0.2952086,1760.5975454261486,0.2983541993894644
Viewpoint 2,2096,3396.018181,0.399109,3687.0869,0.4101105,3756.1008,0.4011822,3268.6142114552144,0.390112791634322
Viewpoint 2,2097,5292.093681,0.506985,5590.4561,0.5157707,5603.6899,0.5096133,5019.600059118877,0.491967923417411
Viewpoint 2,2098,7293.813675,0.630748,8153.7949,0.6643158,8258.8555,0.6623822,6675.512156211084,0.5879089347759143
Viewpoint 2,2099,9468.536877,0.758445,10802.874,0.8198648,11907.624,0.8765855,11629.367252649356,0.9063289938502612
Viewpoint 2,2100,9603.610408,0.763104,9836.5215,0.7693993,9897.3359,0.7692931,9811.333415549923,0.7731441340454531
Viewpoint 2,2101,8655.17553,0.70706,9310.9551,0.7335159,9494.2432,0.7357149,8845.937005152768,0.7121030035870438
Viewpoint 2,2102,7019.973898,0.60208,7312.582,0.6118482,7864.7202,0.635887,6573.134103122836,0.577893213947407
Viewpoint 2,2103,18192.915493,1.0,21342.744,1.0,15615.438,1.0,7061.894394369109,0.6096037559173131
Viewpoint 2,2104,3676.353126,0.41162,3845.697,0.409926,3881.7224,0.4092553,3683.1080801208777,0.4084805283349118
Viewpoint 2,2105,2023.200775,0.299446,2237.6897,0.2980753,2347.103,0.3067335,1767.2955587505498,0.2859893332478905
Viewpoint 2,2118,369.74775,0.180704,402.94745,0.182653,405.20215,0.1837852939227824,378.0713633886131,0.1821927890309116
Viewpoint 2,2119,1850.880704,0.311853,1942.3716,0.2989663,1990.0698,0.2935067,1808.3193664744235,0.3003356394508835
Viewpoint 2,2120,3429.230008,0.402132,3687.863,0.4077749,3744.1531,0.4021929,3354.0625418918544,0.3944588303018765
Viewpoint 2,2121,5419.726503,0.517091,5723.4668,0.5253819,5747.1934,0.5205193,5265.925513615942,0.5065896455006407
Viewpoint 2,2122,7773.710958,0.655482,8366.374,0.6788992,8440.8018,0.676992,7342.561629636995,0.6280181776133946
Viewpoint 2,2123,8332.841965,0.688362,9602.5254,0.7488946,10690.27,0.8038644,10474.812718409528,0.8464154333348459
Viewpoint 2,2124,10010.564903,0.790352,11578.495,0.8627723,12019.277,0.8844663,10688.983049817816,0.829665338835358
Viewpoint 2,2125,8705.615201,0.708991,9396.6035,0.7388382,9560.9043,0.7409764,8679.001269651988,0.7025228764583566
Viewpoint 2,2126,6652.556958,0.580739,6995.7783,0.5932456,7510.0103,0.6151726,6128.665266623263,0.5524911774420322
Viewpoint 2,2127,16682.69805,1.0,19405.631,1.0,14592.955,1.0,6899.675731066485,0.5994712565660678
Viewpoint 2,2128,12442.405034,1.0,6772.397,0.6910365,11769.503,0.900784,16897.51904778333,1.0
Viewpoint 2,2129,2111.884014,0.304029,2283.1575,0.3006502,2394.6101,0.310926,1794.2344978832623,0.2883059181275164
Viewpoint 2,2142,263.464892,0.174465,272.74164,0.1750099,274.83966,0.1761328399574405,270.37239165459334,0.1758708593901246
Viewpoint 2,2143,1312.524893,0.248447,1360.031,0.2388338,1370.5638,0.2431171,1339.2914969517606,0.2416988365052525
Viewpoint 2,2144,2538.125465,0.347971,2626.1414,0.3414578,2646.2217,0.3371595,2590.299933232182,0.3465312023830972
Viewpoint 2,2145,3808.357168,0.423531,3934.083,0.4204855,3963.4597,0.4187768,3895.514370683661,0.4241469462284559
Viewpoint 2,2146,4904.060286,0.488318,5053.8428,0.4870927,5090.6201,0.4855105,5018.501370550051,0.4905104248336031
Viewpoint 2,2147,5660.4981,0.532718,5821.3403,0.5323163,5863.2061,0.531065,5773.645577539623,0.5350404183620865
Viewpoint 2,2148,5894.396371,0.546096,6070.2334,0.5468289,6113.1611,0.5456744,6023.390978736711,0.5496134990108258
Viewpoint 2,2149,5579.525756,0.527223,5745.2388,0.5273507,5786.6504,0.5261267,5692.254169121925,0.5298598102963012
Viewpoint 2,2150,4758.610768,0.478434,4916.3276,0.4776706,4953.751,0.4764833,4852.622847116371,0.4798233190534389
Viewpoint 2,2151,3613.450939,0.410185,3744.5459,0.4076233,3774.9219,0.4059665,3676.5382460862174,0.4098211623153681
Viewpoint 2,2152,2320.232877,0.332761,2408.4971,0.3255372,2428.3972,0.3216658,2349.0872979408005,0.330596841818888
Viewpoint 2,2153,1080.750313,0.224152,1127.4926,0.2254632,1136.8696,0.227087,1092.4975942241936,0.2250435979047973
Viewpoint 2,2166,88.331898,0.164185,91.266365,0.1643573,91.962234,0.1653974606569251,90.62914816699336,0.1653199309974025
Viewpoint 2,2167,443.203248,0.185016,458.84573,0.1859342,462.37756,0.1871415377680446,453.4857231682491,0.1866196119499762
Viewpoint 2,2168,858.262418,0.20938,888.32684,0.2111448,895.17389,0.2125466054221827,879.0312986157512,0.2115991372287446
Viewpoint 2,2169,1272.232458,0.239885,1316.739,0.2362926,1326.8472,0.2378858,1305.7372648260152,0.2366467774452871
Viewpoint 2,2170,1623.101687,0.284809,1679.3951,0.2727879,1692.2003,0.2787991,1666.0294962614944,0.2805745694251337
Viewpoint 2,2171,1847.796325,0.303476,1911.861,0.2964391,1926.3585,0.292844,1891.3587926614416,0.3037469569557287
Viewpoint 2,2172,1910.116827,0.308392,1972.2473,0.300055,1987.1661,0.296481,1951.793949848786,0.3074176942660258
Viewpoint 2,2173,1797.088863,0.299923,1860.285,0.2923796,1874.3892,0.2897594,1841.5821971230555,0.3007763062306905
Viewpoint 2,2174,1544.098219,0.27634,1597.3833,0.2668195,1609.5518,0.2739021,1580.708186465158,0.2712623332963494
Viewpoint 2,2175,1165.557896,0.228308,1207.9553,0.229907,1217.203,0.2314497,1193.9687327320166,0.2300859646113693
Viewpoint 2,2176,751.763321,0.203129,777.3902,0.2046328,783.35956,0.2059830769129881,766.8659480739475,0.2050150311519407
Viewpoint 2,2177,357.618908,0.179992,370.19308,0.1807303,373.06036,0.1818985254183009,365.29490331527074,0.1814428108246064
Viewpoint 2,2190,339.417028,0.178924,351.16547,0.1796134,353.87286,0.1807722330984872,347.76792223817154,0.1804139770353806
Viewpoint 2,2191,1625.744786,0.287583,1686.8019,0.2771269,1699.8907,0.2797776,1658.793599143654,0.2864443722701556
Viewpoint 2,2192,3095.78321,0.381433,3200.5205,0.3758484,3224.8982,0.3742382,3153.289223301066,0.3803051001929343
Viewpoint 2,2193,4626.14578,0.472271,4773.0781,0.4707834,4808.2319,0.4689729,4725.596500619049,0.4735214030375985
Viewpoint 2,2194,5976.060167,0.55176,6149.5005,0.5520434,6193.1582,0.5508385,6115.451650756428,0.5555388621068057
Viewpoint 2,2195,6929.635977,0.607252,7110.2847,0.6085424,7159.9053,0.6077781,7070.622863955589,0.6116424911191846
Viewpoint 2,2196,7227.791076,0.624428,7419.915,0.6265364,7470.3989,0.6258652,7382.8474670338255,0.6297897719792571
Viewpoint 2,2197,6829.07968,0.600613,7029.9155,0.60313,7079.1611,0.602351,6975.808031152671,0.6055258727887066
Viewpoint 2,2198,5819.949507,0.540759,6011.2461,0.5423086,6057.1226,0.541342,5930.709376082079,0.5433450601537174
Viewpoint 2,2199,4428.542984,0.458015,4588.1475,0.457002,4626.7905,0.4558915,4492.44488337605,0.4577857140757891
Viewpoint 2,2200,2864.657719,0.364484,2978.9241,0.3595051,3004.4526,0.3563472,2890.717228011019,0.3623140607299294
Viewpoint 2,2201,1360.839762,0.248554,1425.6007,0.2430916,1437.6025,0.2449116,1375.1066154352677,0.2446035592440147
Viewpoint 2,2214,149.185642,0.167757,154.47234,0.1680675,155.65253,0.1691359282792043,153.26747827109173,0.168996800974513
Viewpoint 2,2215,637.851788,0.196442,660.53656,0.1977735,665.62341,0.1990720541448919,652.3185814791962,0.1982911007328288
Viewpoint 2,2216,1224.781664,0.23432,1268.0764,0.2334361,1277.8306,0.2350085,1254.0414405455276,0.2336122325600224
Viewpoint 2,2217,1791.519086,0.299942,1855.6881,0.2922442,1869.8708,0.2896092,1834.6653297991768,0.300474940937141
Viewpoint 2,2218,2279.763398,0.331646,2357.9695,0.3240225,2375.8394,0.319782,2339.1613945576955,0.3307819284451786
Viewpoint 2,2219,2600.509283,0.350769,2689.8142,0.3445774,2710.0723,0.3403805,2661.252616132841,0.3500512922062251
Viewpoint 2,2220,2698.947411,0.356595,2790.1926,0.3505334,2811.1313,0.3463814,2761.5857205464376,0.3560446457155183
Viewpoint 2,2221,2551.498971,0.347716,2638.6426,0.3406999,2658.5222,0.3372879,2611.9852914834587,0.3471063287833065
Viewpoint 2,2222,2178.144938,0.325431,2255.1006,0.317814,2272.2617,0.3135631,2230.5580967862165,0.3242109900607641
Viewpoint 2,2223,1666.222463,0.289035,1723.9513,0.2787885,1737.2273,0.2815405,1702.286744907736,0.2905360114166443
Viewpoint 2,2224,1075.066545,0.222107,1111.6896,0.2242562,1120.3026,0.2257616,1094.8005153066238,0.2242647902484988
Viewpoint 2,2225,506.455401,0.188729,524.83252,0.1898077,528.93805,0.1910485957286514,517.6443575804732,0.1903857237899738
Viewpoint 2,2238,0.0,0.159,0.0,0.159,0.0,0.0,2.352200660191764e-05,0.1600000013807418
Viewpoint 2,2239,0.0,0.159,0.0,0.159,0.0,0.0,2.3726710437205243e-05,0.1600000013927579
Viewpoint 2,2240,23.403966,0.160374,24.170084,0.1604188,24.356707,0.16142951086828,23.921980387868867,0.1614042202487679
Viewpoint 2,2241,23.443116,0.160376,24.268417,0.1604246,24.455637,0.1614353463545067,24.00541737370122,0.1614091179998362
Viewpoint 2,2242,23.50679,0.16038,24.331617,0.1604283,24.51829,0.1614390257324328,24.13946497052028,0.1614169865937695
Viewpoint 2,2243,23.549069,0.160382,24.363554,0.1604301,24.54944,0.1614408519151563,24.107040563777435,0.1614150832810937
Viewpoint 2,2244,23.522738,0.160381,24.351667,0.1604294,24.537241,0.1614401354030341,24.104394342434112,0.1614149279479008
Viewpoint 2,2245,23.475421,0.160378,24.284489,0.1604255,24.469828,0.1614361387525445,24.04502466254421,0.1614114429476913
Viewpoint 2,2246,23.345166,0.16037,24.172247,0.1604189,24.356611,0.161429525234549,23.931106097233048,0.1614047559279076
Viewpoint 2,2247,23.239131,0.160364,24.034733,0.1604108,24.217356,0.1614213690206649,23.779675073052537,0.1613958669267882
Viewpoint 2,2248,0.0,0.159,0.0,0.159,0.0,0.0,2.361044369772932e-05,0.160000001385933
Viewpoint 2,2249,0.0,0.159,0.0,0.159,0.0,0.0,2.3429050177367387e-05,0.1600000013752852
Viewpoint 2,2262,228.79508,0.17243,236.15388,0.1728622,237.96268,0.1739680902921243,234.08962697464645,0.1737410611034117
Viewpoint 2,2263,939.459371,0.214146,972.83881,0.2161056,980.33759,0.2175457007187924,959.6768911609726,0.2163330335111491
Viewpoint 2,2264,1746.521157,0.296998,1810.423,0.2871503,1824.304,0.2870115,1788.962899731937,0.2979150224344055
Viewpoint 2,2265,2560.182776,0.348801,2651.0657,0.3425424,2671.1699,0.3382988,2620.1346863796925,0.3478690950498121
Viewpoint 2,2266,3255.912028,0.390125,3370.9756,0.3858235,3396.2249,0.3837742,3345.340486840663,0.3909666999853612
Viewpoint 2,2267,3722.943776,0.417638,3843.2708,0.4146028,3871.8254,0.4126852,3805.284593474063,0.4182198466679745
Viewpoint 2,2268,3860.224852,0.425749,3986.3962,0.4230233,4015.8396,0.4211652,3948.68571408017,0.4266765552414119
Viewpoint 2,2269,3654.682299,0.413552,3778.3435,0.4105529,3806.4653,0.4087016,3741.6583681281454,0.4143378814479773
Viewpoint 2,2270,3128.399435,0.382069,3237.1609,0.3775239,3261.7698,0.3754672,3200.4696451303707,0.3820442779284323
Viewpoint 2,2271,2407.132373,0.338881,2487.5276,0.3313948,2506.925,0.3280013,2452.5878464706457,0.3373999455712925
Viewpoint 2,2272,1558.557721,0.277684,1616.3276,0.2676403,1629.057,0.2747786,1589.4488618739913,0.2722573639637442
Viewpoint 2,2273,745.295295,0.202749,773.3653,0.2043965,779.5155,0.2057574842540267,759.5060783559056,0.2045830067994916
Viewpoint 2,2286,555.515054,0.191609,615.28497,0.1951172,620.36432,0.1964152664506043,567.1888182011197,0.1932939836284057
Viewpoint 2,2287,1918.839487,0.314917,2019.052,0.3020717,2070.8352,0.298945,1849.092497320228,0.3029104155464178
Viewpoint 2,2288,3472.597495,0.402731,3722.4219,0.4067652,3767.769,0.4007955,3299.4531757766254,0.3908888261986769
Viewpoint 2,2289,4585.172807,0.464633,5130.9702,0.4857117,5148.4253,0.4790918,4620.0305476792855,0.4659213520120419
Viewpoint 2,2290,6820.027301,0.601066,7461.8198,0.6221328,7336.5596,0.6062581,6065.992692025671,0.5503749602655261
Viewpoint 2,2291,8683.730305,0.711379,10064.146,0.7751856,10681.125,0.8028955,7818.03225795515,0.6534310109094769
Viewpoint 2,2292,9997.125965,0.785881,10223.498,0.7919246,10285.72,0.7917828,10261.494600878856,0.7992823184445784
Viewpoint 2,2293,7770.662575,0.652044,8527.2471,0.6861047,8649.3408,0.6848869,8340.504577170741,0.6812628101038164
Viewpoint 2,2294,7919.252551,0.66328,8200.6348,0.6707671,8264.3652,0.6703849,8083.69992057201,0.6696124103513498
Viewpoint 2,2295,13425.704631,1.0,11882.562,0.9646406,15113.577,1.0,6697.466153262964,0.5880975790086543
Viewpoint 2,2296,10247.594944,0.932927,7174.1675,0.8263539,11217.2,0.8717209,4136.431057003187,0.4384598332275246
Viewpoint 2,2297,2316.408291,0.306125,2339.7266,0.3030494,2453.2241,0.3097261,1578.0401702548445,0.2698187456132626
Viewpoint 2,2310,721.106826,0.201329,775.18274,0.2045032,782.69928,0.2059443781268339,721.7323675939122,0.2023656899777626
Viewpoint 2,2311,1717.936733,0.295408,1780.4297,0.2856704,1794.2115,0.2854267,1751.0804677721412,0.2960700236048555
Viewpoint 2,2312,3172.502405,0.386035,3284.4204,0.3807673,3309.3689,0.3791794,3237.7227318551345,0.3852524500035497
Viewpoint 2,2313,4686.669922,0.475848,4839.6792,0.4746325,4875.2729,0.4728432,4781.023055654378,0.4767073654851181
Viewpoint 2,2314,8825.776418,0.715077,9263.0527,0.7328089,9255.3047,0.7268236,8710.408375103643,0.7078569631683438
Viewpoint 2,2315,10408.671267,0.806482,11565.636,0.866758,11904.294,0.8800957,10246.811432872417,0.7974069379399481
Viewpoint 2,2316,11044.088683,0.845469,12099.778,0.897038,12268.186,0.9011832,11869.593330617075,0.894832294675948
Viewpoint 2,2317,6822.582977,0.600123,7022.8164,0.6025988,7072.144,0.6017959,6979.402906165465,0.6056112113764995
Viewpoint 2,2318,8756.727794,0.706965,9099.9453,0.7192078,9486.6855,0.7352364,8631.26221994016,0.6994812120569119
Viewpoint 2,2319,4474.378324,0.460467,4636.6582,0.4598257,4675.6802,0.4586655,4544.801171201885,0.4607861418879331
Viewpoint 2,2320,2923.306681,0.368043,3046.9558,0.3634639,3072.9119,0.3603258,2965.38847359486,0.3665547552256348
Viewpoint 2,2321,1440.999582,0.25713,1508.9407,0.2479787,1521.4272,0.2539423,1457.3237293206018,0.2509088861218908
Viewpoint 2,2334,229.886895,0.172494,237.53693,0.1729434,239.35416,0.1740497563220383,235.4009997463492,0.1738180386851107
Viewpoint 2,2335,924.619396,0.213275,956.44305,0.2151432,963.80743,0.2165754010640379,943.5553906266738,0.2153867014297857
Viewpoint 2,2336,1697.476172,0.292436,1755.9683,0.2838575,1769.4259,0.2836986,1735.369613578667,0.2945624429931047
Viewpoint 2,2337,2473.760791,0.34349,2556.866,0.3360484,2576.2656,0.3326037,2527.349130550257,0.3422817037445854
Viewpoint 2,2338,3112.110999,0.381333,3216.0071,0.3760418,3240.1387,0.3743961,3191.693409970369,0.3817835158011661
Viewpoint 2,2339,3542.599687,0.406922,3665.376,0.4038773,3692.655,0.4020138,3627.932065405664,0.4076742495166617
Viewpoint 2,2340,3661.911622,0.413927,3786.8569,0.4110938,3814.9082,0.4092155,3751.0019975469104,0.4149203170889557
Viewpoint 2,2341,3484.178041,0.403295,3597.9976,0.3997693,3624.8323,0.3979086,3549.329939965436,0.4030507494246262
Viewpoint 2,2342,2989.61099,0.373862,3096.8523,0.3686313,3120.3865,0.3662334,3062.428215415409,0.3738341366221913
Viewpoint 2,2343,2286.086101,0.331769,2368.1421,0.3243203,2386.543,0.3201991,2335.924774866999,0.3304132332844484
Viewpoint 2,2344,1501.588096,0.270693,1557.1147,0.2606027,1569.3246,0.2707767,1532.1797758905154,0.2666265628617451
Viewpoint 2,2345,743.46281,0.202641,773.06909,0.2043792,779.18921,0.2057382849084829,759.7588791847777,0.2045978462081464
Viewpoint 2,2358,730.983171,0.201909,790.91406,0.2054266,798.69635,0.2068833534610324,750.8205808757,0.2040731680974036
Viewpoint 2,2359,1867.285318,0.307553,1939.1409,0.2986659,1954.1527,0.2950067,1906.2677562619008,0.3056003067682195
Viewpoint 2,2360,4115.113086,0.442818,4304.998,0.4433081,4357.0049,0.4398662,4027.343504756125,0.4341034257167926
Viewpoint 2,2361,5029.340673,0.496219,5197.9683,0.4958742,5235.9517,0.4942651,5136.552940223002,0.4978045275289886
Viewpoint 2,2362,6442.650239,0.579099,6630.1899,0.5803487,6676.8496,0.5792858,6610.321613656255,0.5846322545282572
Viewpoint 2,2363,10112.880696,0.788565,11393.987,0.8560215,11692.573,0.8667897,9854.19423566633,0.7740739732996783
Viewpoint 2,2364,10785.018382,0.833062,11843.328,0.8809482,11950.013,0.8816562,11593.967398579893,0.879907862285709
Viewpoint 2,2365,9545.51627,0.754672,10164.953,0.783961,10252.136,0.7826207,9547.415690448712,0.7546166421186861
Viewpoint 2,2366,6254.568523,0.566207,6466.165,0.5689411,6515.7236,0.5680571,6389.316901771876,0.5701299354675163
Viewpoint 2,2367,12388.275869,0.982508,11741.463,0.9332475,13331.98,0.9713906,7810.378888525054,0.651283212959866
Viewpoint 2,2368,3176.286993,0.382576,3306.1177,0.3790215,3334.7383,0.3772511,3211.56787041644,0.3808643428918676
Viewpoint 2,2369,3030.962786,0.35951,3195.3474,0.3591521,3298.7993,0.3642769,2383.079830228493,0.32843057090475
Viewpoint 2,2382,780.550104,0.204842,843.99939,0.2085428,852.39069,0.2100352149604362,801.6917552908775,0.2070593060355745
Viewpoint 2,2383,2445.995921,0.347572,2558.6333,0.3392268,2587.4807,0.3365683,2399.002567966292,0.3395516426070618
Viewpoint 2,2384,4125.535005,0.443323,4340.7705,0.4454967,4394.9453,0.4418176,4266.880551979934,0.4480348857421946
Viewpoint 2,2385,6256.657035,0.566432,6633.7812,0.5790855,6675.3608,0.5753284,6318.1160363132485,0.5674530245367835
Viewpoint 2,2386,6863.067797,0.603811,7051.2646,0.6052406,7100.3638,0.6043154,7038.328954977284,0.6098950249353136
Viewpoint 2,2387,7941.352391,0.665802,8123.8535,0.6682323,8178.8057,0.6677503,8116.557373398498,0.6731705581931677
Viewpoint 2,2388,10718.918365,0.824483,11649.449,0.8700476,11603.602,0.8617169,11678.000381679838,0.885420830225916
Viewpoint 2,2389,9535.105031,0.754216,10209.307,0.7863079,10294.712,0.7847542,9573.423617438888,0.7559350695796941
Viewpoint 2,2390,6654.360568,0.589526,6876.5088,0.5929965,6929.417,0.5922495,6795.379264542077,0.5939362371542767
Viewpoint 2,2391,12731.025788,1.0,10405.475,0.8651204,13546.91,0.9840022,7914.9169900272655,0.6574977887811757
Viewpoint 2,2392,3403.307142,0.39573,3550.3184,0.3930475,3581.6057,0.3914703,3441.056838066956,0.3941769881148681
Viewpoint 2,2393,1696.401248,0.285508,1782.6956,0.2694049,1797.1882,0.2788187,1712.5926773282574,0.2776534168442429
Viewpoint 2,2406,660.141061,0.19775,715.12329,0.2009777,722.04645,0.2023840291656628,679.8451836595078,0.1999069122808131
Viewpoint 2,2407,3117.628124,0.381125,3191.5657,0.3764879,3256.7041,0.3716815,3081.027695590487,0.3767484042199841
Viewpoint 2,2408,3752.017281,0.420803,3958.8877,0.4227735,4009.2651,0.41834,3697.291797442814,0.4141013327986609
Viewpoint 2,2409,6044.620679,0.556216,6241.4526,0.5577472,6286.1426,0.5564123,6169.589215508208,0.5590456985825843
Viewpoint 2,2410,7823.494425,0.659595,8009.498,0.6618688,8063.79,0.6612106,8016.265158812803,0.6676265624330858
Viewpoint 2,2411,9076.795077,0.732243,9264.0771,0.7356064,9324.4844,0.7353333,9296.875653659756,0.7427286163881062
Viewpoint 2,2412,9605.715717,0.764133,10441.128,0.7980761,10397.607,0.7894458,10502.29491459249,0.8191261910674635
Viewpoint 2,2413,8407.34195,0.687997,9075.0176,0.7187948,9148.9189,0.7161992,8366.948431975388,0.6843908382010572
Viewpoint 2,2414,7556.090547,0.642078,7809.3271,0.6476914,7870.1118,0.647166,7714.939311841904,0.647804852438181
Viewpoint 2,2415,5840.90187,0.540044,6087.2881,0.5443761,6143.9277,0.5437711,5932.856096576982,0.5417952298316778
Viewpoint 2,2416,3899.849196,0.424487,4086.4802,0.42436,4124.0859,0.4231134,3936.6155148083935,0.4230001536516977
Viewpoint 2,2417,1990.353431,0.306904,2102.073,0.302296,2118.3755,0.2987558,2003.0034324762,0.3062715979462622
Viewpoint 2,2430,959.318953,0.224026,1027.8569,0.2193352,1038.2406,0.2209446,960.4157935436205,0.2163764070810105
Viewpoint 2,2431,2902.122962,0.372319,3031.8911,0.3681178,3076.2236,0.3653809,2872.495154600753,0.3672406604499416
Viewpoint 2,2432,3510.291191,0.406134,3638.1489,0.4029905,3665.6633,0.4009933,3586.3824977886206,0.4059920781497623
Viewpoint 2,2433,5125.056688,0.501745,5284.6001,0.5009614,5323.1553,0.4993651,5225.203599796527,0.5029995054307674
Viewpoint 2,2434,6552.757709,0.585538,6739.4287,0.5867468,6786.7969,0.585712,6707.362868746306,0.5904208344645201
Viewpoint 2,2435,11550.443868,0.872709,12724.728,0.9347825,12781.165,0.9313627,11307.640022188109,0.8592810482209362
Viewpoint 2,2436,7855.987869,0.660256,8042.8862,0.6631916,8096.7246,0.662537,8042.177380812022,0.6684125585400559
Viewpoint 2,2437,7415.144996,0.634554,7618.9229,0.6376429,7671.7734,0.6369668,7559.477687599369,0.6397637876903225
Viewpoint 2,2438,9844.121152,0.76861,10245.63,0.7861102,10748.271,0.8084875,9743.191762025384,0.7643464644511825
Viewpoint 2,2439,13431.151478,1.0,14294.068,1.0,14744.36,1.0,9115.89513124495,0.7277982502074059
Viewpoint 2,2440,3261.254712,0.387552,3399.271,0.3844017,3428.7615,0.3826628,3302.64254165514,0.3861383293794821
Viewpoint 2,2441,1651.972188,0.281483,1731.2855,0.2664473,1745.3381,0.2737517,1668.090598625061,0.2744298514492245
Viewpoint 2,2454,1204.058712,0.257471,1299.4446,0.2522015,1312.7012,0.2370554,1236.7206814720598,0.263577650849128
Viewpoint 2,2455,2168.637672,0.326055,2247.3845,0.318019,2264.79,0.3144536,2207.351259714956,0.3238676300463189
Viewpoint 2,2456,3891.194266,0.42898,4030.813,0.4264474,4061.21,0.4246873,3970.818711177282,0.4289212259491156
Viewpoint 2,2457,8514.99333,0.696833,8958.0654,0.7148845,9014.0244,0.7115967,8628.060399454065,0.702270907247347
Viewpoint 2,2458,11508.336192,0.875552,11912.56,0.8871273,11877.879,0.878749,10801.73335693833,0.8304426332114431
Viewpoint 2,2459,8407.397739,0.692671,8578.5068,0.6951069,8635.6816,0.6946295,8597.424385994578,0.7014637569808607
Viewpoint 2,2460,8758.909515,0.71292,8940.3828,0.7160944,8998.2842,0.7156545,8971.940400892909,0.7231789192798812
Viewpoint 2,2461,8236.978433,0.681892,8444.4658,0.6863092,8501.7197,0.6857297,8396.173460311558,0.6889864926024402
Viewpoint 2,2462,7030.964277,0.611529,7269.4126,0.6159374,7325.6904,0.6153202,7188.52404773731,0.6169020273602959
Viewpoint 2,2463,5435.720174,0.516439,5651.1689,0.5190268,5701.7515,0.5181939,5524.201354260592,0.517916220399801
Viewpoint 2,2464,3624.031561,0.408607,3791.928,0.4069852,3825.8525,0.4061119,3669.774089369654,0.4074528384382895
Viewpoint 2,2465,4087.677603,0.42307,4248.7173,0.4219375,4354.0342,0.4264426,3551.25174492805,0.3948824216518123
Viewpoint 2,2478,599.412594,0.194186,639.20959,0.1965216,646.01514,0.1979209962087869,599.5118136576317,0.1951913434617029
Viewpoint 2,2479,1204.226604,0.23237,1245.4501,0.2321079,1255.0314,0.2336702,1225.8548428831848,0.2319576792772429
Viewpoint 2,2480,3279.302825,0.395794,3462.5874,0.3953364,3498.5596,0.3920416,3266.713964204205,0.3909857053166246
Viewpoint 2,2481,3116.621011,0.381893,3216.9688,0.3762709,3241.1785,0.3746217,3180.348711064295,0.3813065202424371
Viewpoint 2,2482,6266.169939,0.56846,6551.3604,0.5749113,6573.7905,0.5710199,6286.393960617288,0.5659286782803011
Viewpoint 2,2483,4435.646234,0.4599,4573.3145,0.4579172,4606.8774,0.4563172,4533.611383192477,0.4613727242679991
Viewpoint 2,2484,7510.469824,0.637486,8031.1675,0.659972,8031.9673,0.6551997,8080.789458963174,0.6691716947559899
Viewpoint 2,2485,7028.298984,0.609389,7367.748,0.6210706,7409.2607,0.6180887,7149.0258437051325,0.6142124613345137
Viewpoint 2,2486,6238.758437,0.562315,6522.0688,0.568755,6695.1099,0.5733877,6295.304936079288,0.5628380033208328
Viewpoint 2,2487,6207.483239,0.576788,6556.7114,0.5949847,7104.8994,0.5959823,5543.059621226337,0.5172491499485671
Viewpoint 2,2488,1920.288663,0.308368,1991.8652,0.3005965,2007.6802,0.2971184,1956.81533537424,0.3072862539073062
Viewpoint 2,2489,976.811019,0.216667,1016.3804,0.2186615,1024.4738,0.2201365,996.189011252231,0.2184762949605059
Viewpoint 2,2502,849.258195,0.209322,909.37738,0.2123805,918.92035,0.2139405030867541,846.5938300198135,0.209695057822163
Viewpoint 2,2503,1776.842785,0.300195,1841.4175,0.2917956,1855.6128,0.2890407,1809.109204539324,0.2995358857176019
Viewpoint 2,2504,3169.308096,0.385703,3280.4331,0.3803924,3305.2729,0.378796,3236.792694068376,0.3850495151668456
Viewpoint 2,2505,4569.580589,0.46871,4722.0986,0.4674974,4756.8882,0.465654,4670.5219197253855,0.4699814995109813
Viewpoint 2,2506,7715.940059,0.650229,8116.3018,0.6652648,8112.6909,0.6592017,7587.031799555075,0.6415848126696649
Viewpoint 2,2507,6613.847689,0.588359,6782.4165,0.5889004,6829.9902,0.5879384,6759.982309088924,0.5930300626836301
Viewpoint 2,2508,9510.449655,0.752773,10190.81,0.7850729,10166.008,0.7780793,10399.001342890204,0.8078037505050453
Viewpoint 2,2509,8771.402049,0.709323,9203.7695,0.7274041,9243.6201,0.7236642,8804.616377256523,0.7105226921350744
Viewpoint 2,2510,7792.328793,0.650346,8133.7192,0.6621084,8486.1621,0.6761494,7788.298882410962,0.6493587203116503
Viewpoint 2,2511,8736.474012,0.732696,7613.8794,0.6993719,10511.572,0.7990445,7191.768491374385,0.6141599127962526
Viewpoint 2,2512,2885.720028,0.365875,3003.4993,0.3603321,3028.6824,0.3577944,2931.643890487644,0.3645687708700409
Viewpoint 2,2513,1476.02576,0.262125,1542.9186,0.2499217,1555.4116,0.2579127,1496.6766576733207,0.2554621948175459
Viewpoint 2,2526,989.10553,0.229466,1065.0994,0.2215213,1076.3317,0.2231805,1008.448531222116,0.2194957317121454
Viewpoint 2,2527,2700.194603,0.361386,2840.4583,0.3570958,2897.1069,0.3549573,2647.835233667006,0.3549765171254203
Viewpoint 2,2528,3719.036752,0.418547,3847.6936,0.4154105,3876.7056,0.4136227,3793.577661118023,0.4182849284463655
Viewpoint 2,2529,5357.485281,0.515375,5530.4727,0.5154659,5570.647,0.5139384,5472.688484117623,0.5175818805176373
Viewpoint 2,2530,8966.502724,0.722629,9376.6201,0.7387161,9376.541,0.7323964,8604.108972580878,0.701219740167276
Viewpoint 2,2531,10303.397937,0.79871,11433.26,0.8583676,11453.029,0.8527892,10153.996141887035,0.7910212760954253
Viewpoint 2,2532,8146.328413,0.676925,8331.5615,0.6801221,8386.9014,0.6795334,8354.794841816649,0.6867454146644053
Viewpoint 2,2533,7694.038674,0.650618,7905.7808,0.6545424,7960.3276,0.6538206,7859.611852477182,0.6572998101317562
Viewpoint 2,2534,8939.795446,0.715992,9264.0322,0.7279449,9746.8389,0.7492092,8812.77608959408,0.7092069497945604
Viewpoint 2,2535,5119.737504,0.498002,5320.1816,0.4995403,5366.4893,0.4986771,5212.81508660066,0.4996919545955672
Viewpoint 2,2536,3429.062184,0.397212,3576.053,0.3945844,3607.3264,0.3929734,3473.2941287565736,0.3960166668717859
Viewpoint 2,2537,3793.53763,0.402299,3756.4529,0.3913812,3765.9517,0.3892402,3022.156181273401,0.3632978951513188
Viewpoint 2,2549,0.0,0.159,0.0,0.159,0.0,0.0,2.321090494649772e-05,0.1600000013624801
Viewpoint 2,2550,1076.070534,0.245686,1152.8169,0.2364913,1165.0485,0.2283882,1074.3687190362764,0.2270141285508057
Viewpoint 2,2551,1811.916241,0.303162,1878.2377,0.2939896,1892.7059,0.2912498,1845.304676191648,0.3017465552901537
Viewpoint 2,2552,4672.873691,0.475453,4880.1826,0.4770629,4931.335,0.4738862,4668.5809739027645,0.4709352444078508
Viewpoint 2,2553,6763.653729,0.595836,7105.897,0.6069369,7155.8823,0.6037687,6892.013495134597,0.6006531469336482
Viewpoint 2,2554,5795.952683,0.540717,5967.0576,0.5409441,6009.8462,0.53964,5933.871925606319,0.5445968535773675
Viewpoint 2,2555,6611.157163,0.58815,6779.9956,0.5887251,6827.5645,0.5877557,6760.8624593699005,0.5930463694855278
Viewpoint 2,2556,6876.983032,0.603292,7050.8257,0.6044617,7099.646,0.6036012,7039.922183062214,0.6092649436037934
Viewpoint 2,2557,6511.65268,0.581704,6694.1826,0.5830508,6741.7471,0.5821056,6638.139053394985,0.5854687276125123
Viewpoint 2,2558,9225.576077,0.73418,9579.5654,0.7475675,9987.1387,0.7647842,9265.809021883795,0.7363618305070175
Viewpoint 2,2559,9230.203458,0.740676,8481.8262,0.7479145,11841.871,0.8759316,8459.864410496457,0.6885283878314123
Viewpoint 2,2560,2909.917731,0.367337,3031.2129,0.3626248,3056.6052,0.3594209,2959.679105808524,0.3661989326832834
Viewpoint 2,2561,1506.564874,0.266321,1575.9512,0.25186,1588.6567,0.2598586,1529.1832673619592,0.2579906667576485
Viewpoint 2,2573,0.0,0.159,0.0,0.159,0.0,0.0,2.3214990313340774e-05,0.1600000013627199
Viewpoint 2,2574,1118.532493,0.251092,1196.2754,0.2390828,1209.0415,0.2309706,1115.4228600250888,0.2371634641468075
Viewpoint 2,2575,1796.054933,0.301714,1861.8594,0.2929951,1876.1936,0.2902519,1829.4295776936904,0.3007662333082713
Viewpoint 2,2576,3147.210595,0.384231,3262.3914,0.3792717,3287.0754,0.377667,3219.9001563909023,0.3839933503816639
Viewpoint 2,2577,4495.038284,0.464217,4644.1597,0.4628216,4678.4146,0.4609473,4594.828273333835,0.4654368496774519
Viewpoint 2,2578,9092.520651,0.730713,9488.1621,0.7461531,9503.2803,0.7410895,8973.176095547833,0.7230893858280026
Viewpoint 2,2579,6478.081953,0.580256,6643.3604,0.5806369,6690.1309,0.5796161,6623.109487389336,0.5849053731665188
Viewpoint 2,2580,6730.652481,0.594815,6892.6245,0.5951132,6940.5825,0.5941892,6880.082702062352,0.5998350488416377
Viewpoint 2,2581,10345.529548,0.800758,10823.422,0.8229858,10852.406,0.8187089,10432.663842919696,0.8066210632185572
Viewpoint 2,2582,9183.161556,0.731785,9527.9316,0.7446257,9918.9795,0.7609356,9236.385823938555,0.7346533631677372
Viewpoint 2,2583,4260.115336,0.447923,4414.7402,0.4467584,4451.082,0.4454601,4340.7636738803785,0.4486486502470547
Viewpoint 2,2584,2857.279412,0.364059,2971.3125,0.3585007,2996.0679,0.3559302,2903.2935637813234,0.3629159605242398
Viewpoint 2,2585,1487.999839,0.264165,1554.4631,0.2505832,1566.9728,0.258603,1509.852422117248,0.2567823863947192
Viewpoint 2,2597,0.0,0.159,0.0,0.159,0.0,0.0,2.3219096641262835e-05,0.1600000013629609
Viewpoint 2,2598,748.937045,0.203064,820.51685,0.2071643,829.70483,0.2087035256234826,757.9512536850394,0.2044917385913118
Viewpoint 2,2599,1421.462638,0.270285,1496.1329,0.2622222,1552.5305,0.2511335,1416.0463431692503,0.2738451039839604
Viewpoint 2,2600,2436.513665,0.340532,2577.5459,0.3355243,2612.7917,0.3294025,2447.5774127922286,0.3356883850632187
Viewpoint 2,2601,4725.343146,0.474763,5117.9585,0.4882141,5160.1313,0.4834874,4830.805808307171,0.4795632661646309
Viewpoint 2,2602,6413.858562,0.571072,6793.2544,0.5854796,6800.7612,0.5775003,5842.035684222346,0.5381274321001447
Viewpoint 2,2603,5827.65775,0.534835,7180.8086,0.6068223,7111.1064,0.5896691,5265.040634635103,0.5008133179914326
Viewpoint 2,2604,6291.612633,0.569452,7192.0278,0.6074436,6846.6221,0.5746493,7759.602522526764,0.6772566391339505
Viewpoint 2,2605,5400.344019,0.509161,6080.0991,0.5395869,6038.5068,0.5277959,5287.618413648327,0.5005752782977446
Viewpoint 2,2606,4843.276253,0.473841,5276.293,0.4904063,5835.9033,0.5142093,4754.879050316359,0.4691787575069486
Viewpoint 2,2607,6662.456181,0.582933,6191.564,0.6223868,10523.848,0.8031656,6273.513107546322,0.5630743647943577
Viewpoint 2,2608,5217.55333,0.521435,5344.3032,0.7294024,8151.6064,0.6767568,3649.929602526438,0.411997305856484
Viewpoint 2,2609,2992.598604,0.350527,3098.2385,0.3466061,3101.2798,0.3463007,2298.812395148944,0.3186009957898886
Viewpoint 2,2621,0.0,0.159,0.0,0.159,0.0,0.0,2.322321167939788e-05,0.1600000013632025
Viewpoint 2,2622,253.807012,0.173898,262.46921,0.1744069,264.4707,0.1755242067230817,260.1598981663442,0.1752713860223644
Viewpoint 2,2623,744.50952,0.202703,770.70288,0.2042403,776.6153,0.2055871902526668,759.459627701751,0.2045802801460927
Viewpoint 2,2624,1295.224552,0.243382,1340.1598,0.2376674,1350.4268,0.2392699,1324.927779664249,0.2377732606662914
Viewpoint 2,2625,1822.803181,0.302201,1887.0471,0.2950751,1901.417,0.2914596,1865.6226088566857,0.3022978630859754
Viewpoint 2,2626,2269.335147,0.330815,2345.7239,0.3232327,2363.4468,0.3189989,2321.415945035914,0.3297541972736267
Viewpoint 2,2627,2564.201578,0.348573,2652.5833,0.3414857,2672.4873,0.3380891,2624.6062628590234,0.347793046946341
Viewpoint 2,2628,2640.091222,0.353093,2731.0261,0.3469495,2751.4849,0.3427807,2704.0274169892723,0.3525269226756075
Viewpoint 2,2629,2509.855216,0.345269,2599.7837,0.3383419,2619.3457,0.334917,2564.159188351148,0.3443326559042136
Viewpoint 2,2630,2184.165017,0.325697,2256.6682,0.3178815,2273.8108,0.3136323,2232.5179315790174,0.3242869737215984
Viewpoint 2,2631,1686.957165,0.290899,1745.8862,0.2801058,1759.2856,0.282854,1720.833456454808,0.2933585459970607
Viewpoint 2,2632,1134.819431,0.225687,1173.1301,0.2278627,1182.1858,0.2293942,1156.9281795215547,0.2279116841379152
Viewpoint 2,2633,601.791301,0.194325,624.37714,0.1956509,629.23071,0.1969357715413545,615.836233606865,0.196149586912723
Viewpoint 2,2645,0.0,0.159,0.0,0.159,0.0,0.0,2.322732375263992e-05,0.1600000013634439
Viewpoint 2,2646,214.819824,0.17161,221.84233,0.1720221,223.53178,0.1731208329102422,219.9353666105061,0.1729102060200367
Viewpoint 2,2647,649.677332,0.197136,671.65131,0.1984259,676.80157,0.1997281622028713,661.982151821645,0.1988583523119305
Viewpoint 2,2648,1141.651696,0.226362,1182.6171,0.2284196,1191.6821,0.2299516,1169.2946932276654,0.2286375984924639
Viewpoint 2,2649,1613.763804,0.284007,1670.5095,0.2722859,1683.248,0.2783299,1651.5674379843726,0.2794352896984652
Viewpoint 2,2650,2019.8612,0.315758,2089.915,0.3079204,2105.7319,0.3035976,2068.095381162533,0.3144882760821225
Viewpoint 2,2651,2260.034609,0.330265,2338.0369,0.3227036,2355.6213,0.3184834,2313.0836481156293,0.3291060475579586
Viewpoint 2,2652,2335.605717,0.334812,2416.7239,0.3273962,2434.8738,0.3239032,2392.475161808039,0.3338927350805662
Viewpoint 2,2653,2227.620377,0.328267,2305.3589,0.3207783,2322.7434,0.3165363,2273.521345216553,0.3269148599432726
Viewpoint 2,2654,1915.148576,0.309244,1982.4551,0.3007235,1997.5203,0.297154,1961.27860138856,0.3079761116043051
Viewpoint 2,2655,1500.40946,0.270973,1551.0829,0.2603652,1562.9635,0.2711307,1529.1255511224806,0.2677264427540575
Viewpoint 2,2656,1004.5098,0.217965,1038.2042,0.2199426,1046.1942,0.2214115,1024.327303001117,0.2201280126861655
Viewpoint 2,2657,529.884906,0.190104,549.04211,0.1912288,553.29602,0.1924783670804081,541.9878570548896,0.191814687209122
Viewpoint 2,2669,0.0,0.159,0.0,0.159,0.0,0.0,2.323142189655687e-05,0.1600000013636844
Viewpoint 2,2670,375.369496,0.181034,391.19125,0.1819629,397.13397,0.1833117644956041,398.9327403987414,0.1834173518614061
Viewpoint 2,2671,1098.631075,0.231264,1133.915,0.226191,1197.3822,0.2302863,1096.562558751265,0.2249176918361066
Viewpoint 2,2672,2005.6237,0.307667,2086.9375,0.2946164,2115.3892,0.2841735,1835.7458692926807,0.2931480909813375
Viewpoint 2,2673,2869.338972,0.355997,3245.5115,0.3664533,3269.4067,0.3593059,3002.2856104015355,0.3646592907801658
Viewpoint 2,2674,4175.575082,0.437494,4508.7061,0.4482658,4535.0342,0.434709,3345.4006052200566,0.3851865961811754
Viewpoint 2,2675,4453.731311,0.454027,5746.8467,0.5160104,5311.5269,0.481077,3952.170458286188,0.4203490890452913
Viewpoint 2,2676,4711.361174,0.471708,5618.1006,0.5150594,5315.4648,0.4808257,6307.241159376249,0.6021212002579642
Viewpoint 2,2677,4089.470872,0.427867,4594.9595,0.4502464,4518.248,0.4346606,3882.602353810202,0.4154037492492697
Viewpoint 2,2678,3633.330956,0.399804,3891.8713,0.4067067,4426.3511,0.4283656,3476.6779943035945,0.3922961208405838
Viewpoint 2,2679,3675.65819,0.41048,3483.6831,0.5302213,7598.7681,0.6343128,2753.0223242350744,0.347272209613456
Viewpoint 2,2680,4031.328087,0.432883,4891.3882,0.7107777,6838.2085,0.5975301,2768.1690955751483,0.3667302639977832
Viewpoint 2,2681,2477.057113,0.308695,2521.092,0.3072893,2525.8633,0.3084213,1538.4906607858848,0.2657522808428797
Viewpoint 2,2693,0.0,0.159,0.0,0.159,0.0,0.0,2.3235495936837e-05,0.1600000013639236
Viewpoint 2,2694,707.495774,0.20053,756.39777,0.2034006,765.51129,0.204935417440746,722.1770000985915,0.2023917899057873
Viewpoint 2,2695,1755.638733,0.304374,1893.8947,0.2940184,1950.7136,0.2930609,1757.6693418390705,0.2995798741591152
Viewpoint 2,2696,3000.71949,0.377429,3199.3875,0.3783618,3239.8909,0.3728096,2908.1567467333616,0.3706360127916548
Viewpoint 2,2697,4726.429792,0.475486,5094.1465,0.4874944,5137.0854,0.4830717,4861.349274616853,0.481362846524235
Viewpoint 2,2698,5618.864964,0.524184,5956.7314,0.5370262,6048.5181,0.5332273,5153.578640120786,0.4983468886927371
Viewpoint 2,2699,5773.169237,0.533464,6808.1948,0.5821286,6518.6909,0.5578971,5458.859611713955,0.5132508669314686
Viewpoint 2,2700,7383.849841,0.627417,8089.7134,0.6603872,7943.9248,0.6439081,8653.097067352392,0.7143721063954311
Viewpoint 2,2701,6758.477714,0.589926,7315.7993,0.6143264,7270.7275,0.604469,6764.804066933397,0.5891694657395168
Viewpoint 2,2702,6178.100575,0.554421,6574.9302,0.5689468,7025.9375,0.5874497,6173.220227221562,0.5534796085500141
Viewpoint 2,2703,5600.872299,0.526229,5313.4199,0.5943692,9150.6494,0.7196496,4479.657339705772,0.4535068599341263
Viewpoint 2,2704,5733.58632,0.519172,6315.7031,0.5407653,7682.7407,0.6399879,4679.104484204335,0.4684227531715152
Viewpoint 2,2705,3594.198075,0.38422,3363.4019,0.3640351,3379.2134,0.3626831,2516.8492782303247,0.3309670733803504
Viewpoint 2,2717,0.0,0.159,0.0,0.159,0.0,0.0,2.323953649767432e-05,0.1600000013641608
Viewpoint 2,2718,832.173818,0.210234,905.95813,0.2121797,917.78534,0.2138739031710063,844.5983874764511,0.209621743887738
Viewpoint 2,2719,1756.505187,0.303444,1898.9696,0.2937592,1962.6567,0.2929961,1762.5895257422203,0.2993250503125637
Viewpoint 2,2720,3384.368032,0.399006,3606.2644,0.4020522,3649.3047,0.3965836,3313.824349483306,0.3932317423533843
Viewpoint 2,2721,3715.872668,0.411677,4090.1887,0.4240388,4123.791,0.4180933,3867.143798613704,0.419995870200471
Viewpoint 2,2722,5172.706698,0.49561,5512.6978,0.5092078,5624.312,0.5044554,4614.359017507809,0.463902222202175
Viewpoint 2,2723,5861.661111,0.537828,7089.0762,0.5977588,6763.0884,0.5706308,5532.579109443527,0.5167504646288121
Viewpoint 2,2724,6362.869645,0.568894,7213.5923,0.6085374,7003.8823,0.5842655,8005.266347371433,0.6904935730686496
Viewpoint 2,2725,5597.308841,0.519676,6240.7671,0.5491308,6149.917,0.5351405,5537.900814420079,0.5155531598002687
Viewpoint 2,2726,6146.085556,0.552234,6583.6802,0.5690009,7086.5039,0.5901499,6142.578868652119,0.5513365323040117
Viewpoint 2,2727,5798.93211,0.537361,6033.7153,0.5410984,6089.0176,0.5403633,5896.477513574126,0.5394455523758588
Viewpoint 2,2728,3992.54685,0.429723,4180.125,0.4298601,4218.2554,0.428566,4045.267711876253,0.4291904532350962
Viewpoint 2,2729,3185.11104,0.361538,3347.4456,0.3620923,3366.3743,0.3616913,2488.710903654215,0.32958454093486
Viewpoint 2,2741,0.0,0.159,0.0,0.159,0.0,0.0,2.3243534961764148e-05,0.1600000013643955
Viewpoint 2,2742,443.749627,0.185048,461.32022,0.1860795,467.84433,0.1874624577862964,470.81596096169886,0.1876368969084517
Viewpoint 2,2743,1166.970206,0.234212,1220.3856,0.2307901,1283.6266,0.2353489,1193.9637721384113,0.2309755067766466
Viewpoint 2,2744,2051.318487,0.312396,2149.1099,0.3022609,2177.7732,0.2898892,1917.278404847072,0.2992361763153277
Viewpoint 2,2745,2914.430462,0.359774,3274.4807,0.3698649,3299.6272,0.3620717,3075.0897358834004,0.369730676687302
Viewpoint 2,2746,4202.790883,0.435566,4537.8115,0.4502459,4654.8916,0.4424766,3521.476495858069,0.396093790929051
Viewpoint 2,2747,4705.034486,0.469003,5768.3179,0.5176177,5396.8423,0.4865978,4140.517567172442,0.4319067303402029
Viewpoint 2,2748,4892.998022,0.481355,5660.6118,0.5173696,5467.4443,0.4907638,6519.333862594622,0.6128381486475946
Viewpoint 2,2749,4256.195848,0.438175,4737.1929,0.4586507,4618.9263,0.4416645,4068.123326236668,0.4267762371005857
Viewpoint 2,2750,3760.347067,0.408121,4027.7017,0.4157144,4533.7861,0.435246,3430.078235354946,0.3898922742468088
Viewpoint 2,2751,3760.560695,0.414142,3617.5776,0.5164391,7201.0811,0.6069316,2936.3981675314258,0.359049270290688
Viewpoint 2,2752,4192.906204,0.42303,4455.3706,0.4238863,5784.5728,0.5321984,2935.260763162965,0.37501690554506
Viewpoint 2,2753,2620.284668,0.317377,2723.6919,0.3191844,2735.0049,0.3207025,1688.1980193622314,0.2744364860965267
Viewpoint 2,2765,0.0,0.159,0.0,0.159,0.0,0.0,2.324748342016808e-05,0.1600000013646272
Viewpoint 2,2766,1450.155543,0.28081,1551.9595,0.2706008,1570.1489,0.2649782,1480.3258202512077,0.2801749069477051
Viewpoint 2,2767,2443.180554,0.342329,2533.1453,0.3359399,2552.6531,0.331517,2484.891481567579,0.340423759160973
Viewpoint 2,2768,4160.715957,0.444598,4302.062,0.4424061,4334.2832,0.4406497,4239.141966935869,0.4446790430420088
Viewpoint 2,2769,5883.296487,0.54608,6054.9106,0.5463639,6098.501,0.5449568,6003.84369197106,0.5488528344598843
Viewpoint 2,2770,7412.236618,0.634827,7580.3823,0.6361726,7632.9902,0.6353759,7590.761529349337,0.6422209333113569
Viewpoint 2,2771,8478.177105,0.696525,8624.1777,0.6975234,8681.7568,0.6970035,8696.78907836441,0.7069791902461193
Viewpoint 2,2772,8791.814672,0.714571,8944.9697,0.7160761,9003.4902,0.7155925,9035.676976971545,0.7265828689764643
Viewpoint 2,2773,10583.461782,0.811877,11283.014,0.8480207,11182.688,0.8354934,10710.732232140816,0.821365078691706
Viewpoint 2,2774,7106.851037,0.615435,7341.2847,0.6198319,7398.7036,0.6192041,7263.538610320704,0.6210831853084459
Viewpoint 2,2775,8859.897202,0.709422,9035.71,0.7650042,12207.251,0.8939953,8271.952462207051,0.6764070155360804
Viewpoint 2,2776,3827.623034,0.420196,4001.1799,0.4196774,4036.9631,0.4182539,3882.459949238465,0.4197306682977585
Viewpoint 2,2777,4658.149468,0.45373,4632.0112,0.4429394,4669.3887,0.4426548,3758.501573440096,0.4060319267712131
Viewpoint 2,2789,0.0,0.159,0.0,0.159,0.0,0.0,2.3251374604211788e-05,0.1600000013648557
Viewpoint 2,2790,558.299569,0.191772,578.60181,0.1929639,583.03723,0.194224180244554,572.3142682823695,0.1935948475481751
Viewpoint 2,2791,1496.778372,0.272185,1550.756,0.2605361,1562.6464,0.2713368,1525.511094198578,0.2674280067266459
Viewpoint 2,2792,2548.201241,0.34813,2635.738,0.3417248,2655.7339,0.3374507,2600.97342834186,0.3468864905874699
Viewpoint 2,2793,3567.824205,0.40876,3685.2739,0.4053445,3712.8123,0.4033507,3645.882983877282,0.4089353028149449
Viewpoint 2,2794,4441.046374,0.460291,4577.1558,0.4582103,4610.8608,0.4565901,4542.111204997127,0.4620108345325036
Viewpoint 2,2795,5003.721583,0.493399,5148.7036,0.4921488,5186.1133,0.4905709,5115.826635134109,0.4957345419918312
Viewpoint 2,2796,5164.047228,0.502786,5323.5649,0.5023615,5362.0386,0.5008618,5294.935307229504,0.5062233790358195
Viewpoint 2,2797,4913.958282,0.487783,5061.1934,0.4866748,5098.2446,0.4851089,5008.091218818675,0.4892601867699808
Viewpoint 2,2798,4254.926176,0.448469,4395.835,0.4467604,4429.187,0.4450962,4340.343824314635,0.4494852419559455
Viewpoint 2,2799,3335.887546,0.393557,3450.053,0.3895455,3477.2542,0.3882729,3396.001322260605,0.3931920489065096
Viewpoint 2,2800,2276.661963,0.330294,2364.4553,0.3231708,2383.3203,0.3191752,2322.447825715617,0.3288905456821435
Viewpoint 2,2801,1235.512106,0.234448,1285.8633,0.2346947,1296.024,0.2363358,1259.2399923464425,0.2349906363343106
Viewpoint 2,2813,0.0,0.159,0.0,0.159,0.0,0.0,2.325520182263327e-05,0.1600000013650803
Viewpoint 2,2814,820.136339,0.208475,893.33923,0.211439,905.02277,0.2131247042923807,833.7979179561823,0.2089439377840279
Viewpoint 2,2815,1353.629027,0.258253,1473.4594,0.2598541,1537.734,0.2502649,1415.712378403948,0.2722263910519121
Viewpoint 2,2816,3238.149552,0.389706,3449.7947,0.3925614,3493.6953,0.3869096,3156.0955078270376,0.3840268869604443
Viewpoint 2,2817,3347.856079,0.388659,3741.5522,0.4020917,3771.6077,0.3956286,3591.075220609376,0.4023692847117013
Viewpoint 2,2818,4876.52558,0.475812,5062.2642,0.4825532,5246.2661,0.4804432,4232.891202171698,0.4404053930088135
Viewpoint 2,2819,5602.820487,0.520681,6571.0532,0.5666799,6217.0493,0.5374546,5096.697402184796,0.4903812843652685
Viewpoint 2,2820,6720.595287,0.593211,7598.2979,0.6310038,7402.2754,0.609237,8449.027039473938,0.7125063953579022
Viewpoint 2,2821,8992.351672,0.725447,9178.2871,0.729014,9239.7617,0.7285171,9205.089774653285,0.7360540251882579
Viewpoint 2,2822,5731.221001,0.527887,6139.0649,0.5426826,6605.0415,0.5616144,5512.022613005097,0.5148309511799782
Viewpoint 2,2823,4339.443004,0.44043,4378.7549,0.5345044,7470.5371,0.6178932,3624.5214814579977,0.4016775607808801
Viewpoint 2,2824,5130.028305,0.492762,5070.0288,0.4634138,6263.0713,0.552472,3521.621658267673,0.4051828195220758
Viewpoint 2,2825,3179.532652,0.355468,3086.9028,0.3449082,3120.7258,0.343536,2080.194088614176,0.2968268964409272
Viewpoint 2,2837,0.0,0.159,0.0,0.159,0.0,0.0,2.3258958906284773e-05,0.1600000013653009
Viewpoint 2,2838,843.107062,0.211647,916.55908,0.212802,928.43805,0.2144992024628109,854.70701852555,0.2102146407570528
Viewpoint 2,2839,2582.039808,0.350648,2675.3228,0.3444196,2695.9187,0.3400364,2623.720530940922,0.3487216821384745
Viewpoint 2,2840,3254.687695,0.3911,3472.5256,0.3941334,3516.1931,0.3886729,3194.996248875993,0.3863302084731997
Viewpoint 2,2841,3253.689308,0.383948,3610.7446,0.3951868,3640.5327,0.388721,3471.2293141358086,0.3956941443226892
Viewpoint 2,2842,5805.426756,0.535375,6100.1421,0.5454126,6291.4326,0.5472562,5474.199754713464,0.5160211972271269
Viewpoint 2,2843,5303.660778,0.502514,6199.8389,0.544961,5929.1914,0.5206059,4882.573053670844,0.4773154901414206
Viewpoint 2,2844,5743.747291,0.534201,6402.6929,0.5602806,6239.71,0.5381554,7425.84485773589,0.6591430674302678
Viewpoint 2,2845,5022.458879,0.484546,5588.5254,0.5097958,5422.9727,0.4913817,5013.420154517411,0.4834009789428592
Viewpoint 2,2846,4554.977966,0.456768,4888.9312,0.4672644,5346.1274,0.4853204,4300.961976036904,0.4422823567780041
Viewpoint 2,2847,4226.611699,0.435698,4468.8311,0.5337014,7405.0259,0.6131023,3713.936351030312,0.4070804830218073
Viewpoint 2,2848,4941.710355,0.469462,5137.271,0.4675656,6297.1792,0.5528016,3603.786811590968,0.4095559764972751
Viewpoint 2,2849,3618.811663,0.38529,3572.0508,0.3736041,3597.4529,0.3743899,2562.055024169712,0.3331209591559058
Viewpoint 2,2861,0.0,0.159,0.0,0.159,0.0,0.0,2.3262640125053497e-05,0.1600000013655169
Viewpoint 2,2862,1244.165247,0.262279,1324.5724,0.2461224,1339.3556,0.2530561,1246.541330262059,0.260731393911124
Viewpoint 2,2863,2847.380507,0.369367,3003.7695,0.3662048,3050.2954,0.364516,2860.2076928319216,0.3661566791446053
Viewpoint 2,2864,2899.034024,0.369324,3004.2986,0.3637308,3027.0107,0.3600328,2964.4220175174337,0.3686361529529865
Viewpoint 2,2865,4058.505359,0.437892,4191.001,0.4354419,4222.1035,0.4337136,4148.464734527626,0.4387858678047678
Viewpoint 2,2866,8235.113568,0.680701,8557.1279,0.6917562,8674.2217,0.6923893,8328.9782521421,0.684600279152437
Viewpoint 2,2867,5686.640258,0.533626,5835.145,0.5327375,5877.0215,0.531401,5811.571605818916,0.53687141870767
Viewpoint 2,2868,5870.021208,0.544288,6028.5659,0.5439932,6071.5483,0.5427403,6011.0509347218085,0.5484890368567173
Viewpoint 2,2869,9496.008429,0.751839,9957.0264,0.7720348,9924.7285,0.7644888,9745.216760738149,0.7658541694363591
Viewpoint 2,2870,4835.468336,0.482666,4991.3979,0.4818155,5029.3315,0.4805413,4932.308103843924,0.4843449144479537
Viewpoint 2,2871,3802.639946,0.421114,3942.0911,0.4190794,3973.5906,0.4174344,3879.2663042862446,0.4215672596965411
Viewpoint 2,2872,2616.395016,0.350181,2717.6033,0.343741,2739.5862,0.3406081,2665.837081282439,0.3490688752458649
Viewpoint 2,2873,4546.970365,0.448401,4619.0518,0.4419163,4666.4341,0.4421357,3702.093101939347,0.4024901728430827
Viewpoint 2,2885,0.0,0.159,0.0,0.159,0.0,0.0,2.326624012470582e-05,0.1600000013657283
Viewpoint 2,2886,871.333633,0.218648,948.18036,0.2146582,960.42688,0.2163769011529077,884.143414049543,0.2123250263360445
Viewpoint 2,2887,2638.026948,0.354071,2737.5178,0.3481172,2758.583,0.343753,2684.58430925384,0.3523472771530416
Viewpoint 2,2888,4374.714413,0.457387,4527.8647,0.4560678,4561.6802,0.4540412,4462.410862438823,0.4578838025815762
Viewpoint 2,2889,4412.530062,0.456352,4741.8545,0.4667097,4823.3101,0.4636973,4616.206272677438,0.4664517578930717
Viewpoint 2,2890,5707.631281,0.529925,6044.8936,0.5421649,6230.8091,0.5435718,5429.542723058164,0.5132714209049036
Viewpoint 2,2891,5451.482155,0.512673,6361.0361,0.5543166,6065.1318,0.5284389,5117.159537018744,0.4908170237052623
Viewpoint 2,2892,6805.041736,0.593611,7360.6392,0.6179246,7195.5977,0.5990132,8445.895687675238,0.7083737271995117
Viewpoint 2,2893,5042.885972,0.486067,5662.7305,0.5141855,5473.9307,0.4947501,5054.668875236565,0.4861319766889596
Viewpoint 2,2894,4626.278561,0.460975,4938.6357,0.4707074,5361.6577,0.4865453,4378.924060217298,0.4469693949804347
Viewpoint 2,2895,5646.045163,0.518869,5585.0757,0.573252,8179.082,0.6561516,4830.230947515988,0.4735867602973058
Viewpoint 2,2896,4669.260327,0.455093,5205.3501,0.4721284,6284.7637,0.5495253,3678.906048041852,0.4137420356248883
Viewpoint 2,2897,3945.623037,0.426744,3634.6343,0.3772496,3671.7354,0.3787003,2608.788889335659,0.3358364871767367
Viewpoint 2,2909,0.0,0.159,0.0,0.159,0.0,0.0,2.32697538670402e-05,0.1600000013659345
Viewpoint 2,2910,1590.571941,0.296809,1698.684,0.284709,1717.233,0.2760458,1593.157867851539,0.2881485039529359
Viewpoint 2,2911,3276.600756,0.393899,3458.3828,0.3936465,3518.1484,0.3911973,3293.5114523606526,0.3911356003289552
Viewpoint 2,2912,3410.805124,0.399758,3524.3713,0.3958566,3550.886,0.3938808,3477.0094684772903,0.3992068001011292
Viewpoint 2,2913,4742.685814,0.478721,4892.7852,0.4774001,4928.7202,0.4755893,4847.625525703623,0.4802578616298231
Viewpoint 2,2914,5910.917177,0.547158,6067.7896,0.5467042,6111.4067,0.5454153,6047.118146075203,0.5510666556588086
Viewpoint 2,2915,6666.404364,0.59112,6827.5703,0.5913384,6875.561,0.5903577,6829.087936431039,0.5968471739027431
Viewpoint 2,2916,11700.047451,0.879714,12359.565,0.9139774,12274.063,0.9028333,13186.811885547624,0.9730510427129724
Viewpoint 2,2917,6536.088386,0.582941,6716.1841,0.5841545,6764.0454,0.5831727,6678.667456674445,0.5876269840889886
Viewpoint 2,2918,5676.744852,0.531883,5854.4653,0.5326659,5899.2363,0.5315312,5792.041811682965,0.5348265515246151
Viewpoint 2,2919,8909.47769,0.709802,8938.5859,0.7339848,11043.692,0.8239814,8325.653567504924,0.6796115565177533
Viewpoint 2,2920,3081.870528,0.377169,3201.8018,0.3732533,3228.387,0.3694841,3132.973060061119,0.3762952829223717
Viewpoint 2,2921,1701.454079,0.28709,1783.2574,0.2756797,1797.2855,0.2819117,1734.7273196789415,0.2831018886825657
Viewpoint 2,2933,0.0,0.159,0.0,0.159,0.0,0.0,2.327317657817961e-05,0.1600000013661354
Viewpoint 2,2934,761.264858,0.203686,786.63068,0.2051752,792.67328,0.2065298616699359,777.1958817208744,0.2056213982570153
Viewpoint 2,2935,1929.094925,0.310948,1995.0487,0.3018268,2010.328,0.2982331,1960.9708810362529,0.3086635248870387
Viewpoint 2,2936,3182.269263,0.386054,3292.4971,0.3809032,3317.3115,0.379298,3248.755370848366,0.3855855030517638
Viewpoint 2,2937,4437.208138,0.460475,4576.4961,0.4586278,4610.2686,0.4567119,4522.133909727558,0.4610490563762368
Viewpoint 2,2938,5502.746379,0.523055,5660.5376,0.52259,5701.5337,0.5211723,5634.413272347502,0.526677411914793
Viewpoint 2,2939,6222.483308,0.565049,6377.4141,0.5647494,6422.6968,0.5636086,6366.922479938534,0.5696019532739314
Viewpoint 2,2940,6427.912117,0.576768,6587.8809,0.5769669,6634.3037,0.5759125,6585.357525264715,0.5822896044647615
Viewpoint 2,2941,6097.228922,0.557077,6266.7363,0.5576947,6311.7661,0.5565584,6223.552898932441,0.5608651977690646
Viewpoint 2,2942,5288.968243,0.509129,5459.7646,0.5095182,5501.3672,0.5082128,5399.652466224337,0.5117906190821625
Viewpoint 2,2943,4158.992305,0.442036,4312.2886,0.4407047,4347.1719,0.4392234,4242.935398229703,0.4428835158191626
Viewpoint 2,2944,2880.491805,0.365534,2991.0027,0.3597876,3015.4785,0.3571702,2936.4056389226275,0.36484750712788
Viewpoint 2,2945,1604.268029,0.278119,1674.2552,0.2656743,1687.4385,0.2752756,1632.4195832518428,0.2717671530677794
Viewpoint 2,2957,0.0,0.159,0.0,0.159,0.0,0.0,2.3276503705276594e-05,0.1600000013663307
Viewpoint 2,2958,860.865705,0.209557,919.99854,0.2130039,930.09698,0.2145966023677568,878.5798962644222,0.2115726399107216
Viewpoint 2,2959,1872.117519,0.311696,2036.0912,0.3058143,2090.9746,0.3047895,1918.076940515037,0.3096064707479256
Viewpoint 2,2960,3046.903414,0.379198,3256.9104,0.3815696,3292.1528,0.3760858,3019.400465655598,0.3764180765440205
Viewpoint 2,2961,4293.622258,0.449471,4553.7563,0.4552049,4620.21,0.4520434,4248.202081768663,0.4445404376829334
Viewpoint 2,2962,5668.827826,0.529127,5914.1426,0.5360221,6149.6313,0.5407706,5604.509988821647,0.5236844499433014
Viewpoint 2,2963,6543.068233,0.578412,7180.0913,0.6072677,7052.2432,0.5925305,6448.91533078617,0.5719265856653953
Viewpoint 2,2964,6735.920789,0.589483,7212.6992,0.6095945,7114.5044,0.5961407,8160.325719263982,0.6847255346006922
Viewpoint 2,2965,5542.703194,0.517126,5954.3315,0.533626,5765.6182,0.5148782,5616.969404329005,0.5206592821864813
Viewpoint 2,2966,5394.589416,0.508365,5710.8657,0.5182245,6074.7012,0.5309423,5021.030778394182,0.4857682598774174
Viewpoint 2,2967,5821.228514,0.528435,5747.5386,0.5590776,7673.9673,0.624879,5117.4209234918335,0.490527427540515
Viewpoint 2,2968,3663.703016,0.410764,3823.2717,0.4090451,3856.4758,0.408042,3730.512059308861,0.4108959952476716
Viewpoint 2,2969,2078.770412,0.315449,2182.9485,0.3084065,2199.6782,0.3049942,2108.736125957425,0.3137621931887141
Viewpoint 2,2970,688.335879,0.200526,827.99927,0.2076036,825.78271,0.2085940281378402,798.9673249632165,0.2101597329858831
Viewpoint 2,2981,0.0,0.159,0.0,0.159,0.0,0.0,2.3279730882055204e-05,0.1600000013665202
Viewpoint 2,2982,993.794262,0.226381,1063.6017,0.2214334,1075.2806,0.2231188,1014.621315385786,0.2195582712131456
Viewpoint 2,2983,3088.646362,0.37989,3291.9597,0.3817907,3386.0044,0.3792934,3163.4207321307413,0.3818266693076844
Viewpoint 2,2984,3438.325537,0.401858,3639.8645,0.4031898,3676.1445,0.3984085,3414.4557271456206,0.397141160030079
Viewpoint 2,2985,5996.566856,0.552677,6174.8555,0.5533174,6219.2534,0.5519289,6118.609313428123,0.5555941221112154
Viewpoint 2,2986,6148.488221,0.557206,6424.1304,0.5654821,6655.1655,0.5705277,6116.759748593172,0.5531667461299893
Viewpoint 2,2987,8547.233359,0.700416,8670.3574,0.7000992,8728.4658,0.6995789,8774.51026677719,0.7113596206209396
Viewpoint 2,2988,8842.882573,0.717358,8968.8809,0.7173374,9027.9395,0.7168406,9092.896718792445,0.7297483780482897
Viewpoint 2,2989,8296.519277,0.68466,8485.5303,0.6882183,8543.7344,0.6875716,8504.49847920485,0.6947576222234401
Viewpoint 2,2990,7155.208487,0.617713,7379.998,0.6219291,7438.041,0.6212906,7317.281941274693,0.624029328185922
Viewpoint 2,2991,5647.913547,0.528335,5871.5483,0.5316036,5924.1167,0.5307389,5756.267994689996,0.5311226464202853
Viewpoint 2,2992,3956.124198,0.427611,4135.9517,0.4275065,4172.8555,0.4261017,4024.009983484497,0.4279372688775629
Viewpoint 2,2993,2263.079386,0.326374,2391.0593,0.3204306,2408.9006,0.3167916,2301.3268697972458,0.3248543704005132
Viewpoint 2,2994,484.716714,0.187453,587.87872,0.1935085,586.21356,0.1944106363729958,538.5491573871578,0.1927313835156014
Viewpoint 2,3005,0.0,0.159,0.0,0.159,0.0,0.0,2.3282853909002466e-05,0.1600000013667035
Viewpoint 2,3006,634.600175,0.196251,693.71362,0.199721,702.26038,0.201222626194392,642.009604741601,0.1976859637983319
Viewpoint 2,3007,1570.923786,0.279224,1697.1742,0.2737469,1755.4344,0.2630675,1645.7410540831688,0.2873679368959864
Viewpoint 2,3008,2442.711719,0.34991,2653.7349,0.3484919,2685.6616,0.3437383,2466.0424766436995,0.3469208476579535
Viewpoint 2,3009,3548.01349,0.401507,3822.5764,0.4088426,3902.7229,0.4046004,3469.145043737176,0.3970743584307753
Viewpoint 2,3010,4632.201337,0.463654,4874.3799,0.4739467,5226.124,0.480093,4422.189819138391,0.451362391831397
Viewpoint 2,3011,5436.285321,0.509717,6394.0894,0.5566453,6128.9751,0.5325209,5219.732245536396,0.4971922989865266
Viewpoint 2,3012,5650.278907,0.522141,6188.083,0.5487014,6011.2876,0.5265378,7631.468232546111,0.6702784823986782
Viewpoint 2,3013,5125.938034,0.491679,5571.8042,0.5101672,5358.748,0.4894212,5226.349333890154,0.4964672669459642
Viewpoint 2,3014,4200.471182,0.440684,4468.6108,0.4476138,4690.8193,0.4529676,4163.517529424896,0.4385003339168455
Viewpoint 2,3015,4073.233503,0.428191,4106.7256,0.4564523,5456.6631,0.4946195,3599.6023466080783,0.4032131234327744
Viewpoint 2,3016,5227.118556,0.487826,5446.0527,0.4877067,6381.9946,0.5508333,3361.827076460165,0.3860280971388437
Viewpoint 2,3017,3738.714079,0.388671,3245.572,0.351654,3319.5413,0.3551317,2171.9560847617126,0.3078453050301136
Viewpoint 2,3018,280.936333,0.175491,281.65973,0.1755334,283.48703,0.1766405196444497,272.69550867021104,0.1760072263589414
Viewpoint 2,3029,0.0,0.159,0.0,0.159,0.0,0.0,2.3285868769983635e-05,0.1600000013668805
Viewpoint 2,3030,551.78659,0.19139,602.60449,0.1943729,610.0257,0.1958083844621462,558.5093890629081,0.1927845011379927
Viewpoint 2,3031,1248.218566,0.24216,1318.3474,0.2443872,1371.1173,0.2404845,1314.9507302711106,0.2457584661974293
Viewpoint 2,3032,2030.122719,0.312078,2139.0498,0.3016069,2162.8936,0.2893781,2003.8375174026155,0.3059209725662158
Viewpoint 2,3033,2856.043751,0.358163,3071.6348,0.3620251,3143.6992,0.3569726,2756.845239858967,0.3531641875160944
Viewpoint 2,3034,3795.296893,0.412052,3951.1692,0.4189286,4306.8647,0.4236996,3526.729217211089,0.396971570966312
Viewpoint 2,3035,4510.831609,0.4558,5326.7246,0.4931011,5137.4131,0.4720642,4281.799435122324,0.4403476826200536
Viewpoint 2,3036,4586.928431,0.458833,5049.5728,0.4808557,4977.0259,0.4637755,6665.804333020389,0.6200825247161679
Viewpoint 2,3037,4128.213483,0.431382,4534.0112,0.4476657,4302.4868,0.425051,4205.576767612608,0.4349515168631191
Viewpoint 2,3038,3754.811358,0.409063,3944.2603,0.4122034,4267.4077,0.4204774,3597.488995389401,0.399896499379854
Viewpoint 2,3039,3721.478109,0.404261,3665.4661,0.4550839,5672.8501,0.5062531,3113.793360355431,0.3705221443500333
Viewpoint 2,3040,4736.826382,0.455228,4608.4839,0.4341994,5577.4014,0.503132,2587.075318797557,0.3369075800971283
Viewpoint 2,3041,3154.854929,0.353751,3139.293,0.3451741,3222.4226,0.3493018,2026.671753306792,0.3025439453500059
Viewpoint 2,3042,193.036931,0.170331,189.14824,0.170103,190.58374,0.1711866077373209,187.4882273979809,0.1710055589482614
Viewpoint 2,3053,0.0,0.159,0.0,0.159,0.0,0.0,2.3288771680617567e-05,0.1600000013670509
Viewpoint 2,3054,1016.558489,0.238383,1105.9852,0.234609,1119.3147,0.2257036,1030.770842598983,0.2241213783008921
Viewpoint 2,3055,2065.20844,0.323503,2244.4114,0.3180535,2309.2747,0.31687,2119.0092850895903,0.3212566459740648
Viewpoint 2,3056,3287.019255,0.391406,3507.2961,0.3954759,3547.8921,0.3893609,3269.314444350572,0.3896400409038263
Viewpoint 2,3057,4430.625598,0.457736,4708.2656,0.4652061,4782.5996,0.4619286,4413.503027941511,0.4555402860470834
Viewpoint 2,3058,7421.479219,0.635077,7596.8213,0.636952,7649.9351,0.6361504,7630.102789163596,0.6443115839874651
Viewpoint 2,3059,6252.053866,0.561246,6919.4399,0.593104,6884.2241,0.5816181,6249.055096917261,0.559780544202413
Viewpoint 2,3060,6114.299154,0.5507,6692.5576,0.5785958,6647.4307,0.5655308,8312.856461702715,0.7064177385360403
Viewpoint 2,3061,6138.473908,0.553752,6581.4375,0.5709735,6414.7241,0.5543274,6297.901463428256,0.5608715403910522
Viewpoint 2,3062,7083.020271,0.613501,7308.7607,0.6177301,7366.1816,0.6170549,7250.860358841487,0.6200977350523093
Viewpoint 2,3063,5590.266815,0.525107,5824.1807,0.5288565,5875.9731,0.5279441,5714.131040486396,0.5286427350396412
Viewpoint 2,3064,5966.722983,0.53144,6048.6689,0.5252211,6961.0166,0.5836481,4023.069743544943,0.4246674090762057
Viewpoint 2,3065,3524.857321,0.38377,3759.3301,0.3840437,3842.2061,0.3885087,2702.801892640686,0.3451279197260019
Viewpoint 2,3066,349.19892,0.179498,361.46509,0.180218,363.38788,0.181330733228941,343.7208915519529,0.1801764163340996
Viewpoint 2,3077,0.0,0.159,0.0,0.159,0.0,0.0,2.329155910604178e-05,0.1600000013672145
Viewpoint 2,3078,1215.909128,0.258677,1297.8538,0.2444034,1311.9193,0.2513927,1220.3195503095212,0.2526068060920667
Viewpoint 2,3079,2623.263097,0.356808,2783.4934,0.3537696,2824.5186,0.3514863,2629.813738045649,0.3534034499852944
Viewpoint 2,3080,2769.298088,0.361416,2866.1665,0.3554213,2887.8247,0.3512353,2829.04631771034,0.3604682168645171
Viewpoint 2,3081,3823.969405,0.424086,3957.2126,0.4214913,3986.6501,0.4195632,3908.4810728160624,0.4245801792227631
Viewpoint 2,3082,6716.382297,0.59166,6943.2847,0.5969862,7097.4546,0.5993226,6905.031074389259,0.6001399316113354
Viewpoint 2,3083,5290.779557,0.510287,5435.5957,0.5090376,5474.9111,0.5075588,5409.921638344603,0.5130598817325244
Viewpoint 2,3084,5456.974633,0.519862,5604.5479,0.5188858,5644.8931,0.5174816,5558.410994731895,0.5217673579937253
Viewpoint 2,3085,7813.952358,0.653294,8129.9526,0.6643023,8090.9253,0.6563854,8073.891819579048,0.6667878400289708
Viewpoint 2,3086,7167.571959,0.614281,7426.4917,0.6211685,7597.5034,0.6250537,7276.279543013134,0.6190629683321698
Viewpoint 2,3087,3563.595846,0.407037,3689.1687,0.4042679,3718.2451,0.4024375,3634.064073586696,0.4071522887180336
Viewpoint 2,3088,2487.246553,0.342531,2580.3794,0.3358505,2600.938,0.331944,2540.4804876085327,0.3417452869717869
Viewpoint 2,3089,1401.681798,0.255664,1459.093,0.2448687,1470.5178,0.2530436,1426.944414750106,0.2473925691584722
Viewpoint 2,3090,484.534917,0.187442,565.05804,0.1921689,564.64288,0.1931444315117697,508.358824448782,0.1898406629951435
Viewpoint 2,3101,0.0,0.159,0.0,0.159,0.0,0.0,2.329422778817757e-05,0.1600000013673711
Viewpoint 2,3102,1007.049931,0.227943,1077.9149,0.2222736,1089.718,0.2239663,1026.0765266369626,0.2202306921135897
Viewpoint 2,3103,2506.163805,0.346075,2602.3994,0.3399356,2622.3215,0.3355554,2554.7057230953624,0.3444428807341761
Viewpoint 2,3104,4058.875397,0.438412,4202.7178,0.4363282,4234.1084,0.4345255,4147.096032385838,0.4390035766499149
Viewpoint 2,3105,5607.186812,0.529604,5783.5469,0.5301031,5825.4165,0.5286013,5730.65117016881,0.5325902509408413
Viewpoint 2,3106,6969.58708,0.608977,7130.3906,0.6093972,7180.7368,0.6084555,7146.803942470187,0.6158167134818753
Viewpoint 2,3107,7901.926699,0.662379,8031.1235,0.6622785,8086.0518,0.6616555,8100.932025062431,0.6716357168708914
Viewpoint 2,3108,6807.351843,0.59364,7263.0093,0.6125645,7244.2827,0.6044586,6900.767850878639,0.5974296293802334
Viewpoint 2,3109,6530.546014,0.57683,6920.9946,0.5912872,6799.7231,0.5780386,6697.084326507979,0.5843884659103906
Viewpoint 2,3110,6856.609399,0.593869,7173.9893,0.6043521,7473.2534,0.6139122,6840.603247964871,0.5919810825069851
Viewpoint 2,3111,5646.287039,0.520094,5832.4487,0.5355453,6376.8364,0.5474457,5291.299667848717,0.500673822511108
Viewpoint 2,3112,3683.537899,0.412095,3857.3655,0.4116694,3890.623,0.4100679,3767.6356108489,0.4130689756868402
Viewpoint 2,3113,4379.967877,0.452649,4062.009,0.4060256,4142.6226,0.4083945,3062.010077137021,0.3668618110277571
Viewpoint 2,3114,500.668895,0.188389,583.32721,0.1932413,582.98566,0.1942211911049185,526.7630941795933,0.1909209936283421
Viewpoint 2,3125,0.0,0.159,0.0,0.159,0.0,0.0,2.3296774819261416e-05,0.1600000013675206
Viewpoint 2,3126,955.366256,0.23039,1042.7604,0.22021,1055.3676,0.2219499,970.8959095419302,0.2176597832207026
Viewpoint 2,3127,1388.508469,0.26132,1505.0081,0.2621878,1555.3567,0.2512993,1461.5289897249593,0.2755040136281298
Viewpoint 2,3128,3108.869599,0.3826,3326.2786,0.3854675,3366.0144,0.3802415,3125.465456580764,0.3821335417126751
Viewpoint 2,3129,3100.412712,0.374776,3305.8274,0.3777516,3377.7151,0.3732971,3065.472990860133,0.3725700260645944
Viewpoint 2,3130,4090.127339,0.431021,4181.105,0.4325114,4537.7563,0.439079,3944.476942453843,0.422285893993834
Viewpoint 2,3131,4786.626487,0.472156,5517.4697,0.5114219,5477.4653,0.4945594,4785.421057997246,0.4715936937747785
Viewpoint 2,3132,5154.994742,0.493047,5539.4932,0.5106069,5482.9429,0.4954304,5012.740472373033,0.4861719369931053
Viewpoint 2,3133,5834.620895,0.534938,6270.9014,0.5523008,6083.4087,0.53422,5962.002289075099,0.5409482374631273
Viewpoint 2,3134,7167.219776,0.618259,7383.5776,0.6220531,7441.7617,0.6213983,7330.149066654014,0.6246752310667095
Viewpoint 2,3135,4839.975689,0.473921,5254.5088,0.5061634,5919.8262,0.5187193,4645.374076462424,0.4625590274169436
Viewpoint 2,3136,5150.507805,0.485476,5004.9341,0.4598397,5899.3525,0.520873,2954.801157806577,0.3600139713416106
Viewpoint 2,3137,4254.711758,0.446746,3835.8066,0.3894769,3931.6636,0.3937052,2756.7928775289392,0.348436725082992
Viewpoint 2,3138,264.199874,0.174509,261.90472,0.1743738,263.83231,0.1754866793633627,257.5724688149781,0.1751195039194392
Viewpoint 2,3149,0.0,0.159,0.0,0.159,0.0,0.0,2.3299197620223403e-05,0.1600000013676629
Viewpoint 2,3150,847.391953,0.211439,923.86908,0.2132311,935.05219,0.2148875021051203,861.45841504604,0.2106086892682044
Viewpoint 2,3151,2884.794471,0.368746,2991.4695,0.3631738,3014.4202,0.3598237,2933.093246258368,0.3671176356897244
Viewpoint 2,3152,2472.788292,0.342066,2647.7317,0.3408557,2680.4131,0.3341223,2500.554518070944,0.3411402414087541
Viewpoint 2,3153,2742.258706,0.351186,2904.3284,0.3506521,2975.1011,0.3445002,2673.1331312886514,0.3475200180085209
Viewpoint 2,3154,3599.545217,0.400338,3716.5898,0.4047943,4097.6396,0.4108159,3408.027038511066,0.3893214455311615
Viewpoint 2,3155,4095.002682,0.4294,4848.7798,0.4720895,4818.5068,0.452835,4068.0807359609694,0.4270926959377767
Viewpoint 2,3156,4393.281859,0.445604,4673.5015,0.4588456,4621.1938,0.4422262,4146.247644819248,0.4341095997460135
Viewpoint 2,3157,3990.529451,0.422603,4335.165,0.4351892,4106.4756,0.4126503,4027.5786431983593,0.4239679708387145
Viewpoint 2,3158,3483.973706,0.393572,3753.6089,0.399498,4011.8809,0.405122,3432.565608878232,0.3897539934578983
Viewpoint 2,3159,3301.327282,0.377277,3444.2668,0.4060075,4102.8564,0.4073603,2970.3090292782,0.3611729322250332
Viewpoint 2,3160,3858.670579,0.402236,4316.2339,0.4168805,4787.2183,0.441195,2460.9177909230725,0.329906978184719
Viewpoint 2,3161,3339.397655,0.364516,3180.7097,0.3459235,3286.7832,0.3530541,2037.6447087226047,0.3045853958492427
Viewpoint 2,3162,193.961229,0.170386,191.51077,0.1702417,192.98224,0.1713273298736639,189.60428364804665,0.1711297714501403
Viewpoint 2,3173,0.0,0.159,0.0,0.159,0.0,0.0,2.33014939537064e-05,0.1600000013677977
Viewpoint 2,3174,557.137071,0.191704,610.80701,0.1948544,618.34247,0.1962966464222134,565.0397577097954,0.193167833777565
Viewpoint 2,3175,1203.780299,0.236366,1276.4454,0.2339274,1324.8458,0.2377684,1268.757577750516,0.2369325154680516
Viewpoint 2,3176,1926.137776,0.302687,2040.5319,0.2953739,2067.231,0.2836121,1939.2747858461496,0.3007566885920685
Viewpoint 2,3177,2698.476085,0.348607,2860.3423,0.3478998,2929.4792,0.3417938,2640.042335278584,0.3454883755793199
Viewpoint 2,3178,3534.67072,0.396512,3642.6992,0.4002546,4023.2449,0.4063267,3346.8819796468565,0.3855906208032678
Viewpoint 2,3179,4089.711404,0.428799,4794.7251,0.4685492,4741.1958,0.44814,4007.489633760577,0.4233455361561982
Viewpoint 2,3180,4246.992399,0.437615,4603.4365,0.4545525,4542.6226,0.4372088,4088.611538286538,0.430619449086405
Viewpoint 2,3181,3881.878256,0.416411,4254.1387,0.4302162,4027.6187,0.4077809,3949.5594996623618,0.4191567351672034
Viewpoint 2,3182,3452.55975,0.391313,3692.928,0.3953189,3944.3547,0.4009231,3377.668530029178,0.386369976880929
Viewpoint 2,3183,3129.654428,0.369269,3399.448,0.3953335,4050.1335,0.4042193,2937.230634030237,0.3591104607710954
Viewpoint 2,3184,4454.230923,0.435267,4292.9697,0.4151242,4749.7495,0.4389856,2428.2433092420047,0.3278350178902701
Viewpoint 2,3185,3145.645145,0.352683,3162.731,0.3448557,3273.8503,0.3522862,2013.401429021606,0.303788176194755
Viewpoint 2,3186,194.099617,0.170394,192.0226,0.1702717,193.49991,0.1713578372339006,190.0938222755572,0.1711585073675752
Viewpoint 2,3197,0.0,0.159,0.0,0.159,0.0,0.0,2.3303661934328395e-05,0.1600000013679249
Viewpoint 2,3198,1069.698262,0.245089,1167.2565,0.238152,1181.3053,0.2293425,1086.7406670731066,0.2377013210547481
Viewpoint 2,3199,2770.078951,0.361932,2874.9866,0.3562004,2897.0022,0.3518916,2820.4702049241137,0.3603467074902901
Viewpoint 2,3200,4429.453254,0.460444,4582.5356,0.45918,4616.647,0.4571237,4522.302037033185,0.461254717436823
Viewpoint 2,3201,6102.814593,0.558804,6275.9761,0.5591815,6321.0483,0.5578048,6229.038848143591,0.5619807695120722
Viewpoint 2,3202,5365.423948,0.51043,5560.6265,0.5149248,5866.7407,0.5227059,5326.951632254399,0.506806187345764
Viewpoint 2,3203,5947.908491,0.543281,6648.4854,0.5770603,6646.9849,0.567296,6056.573077305455,0.5481656183557221
Viewpoint 2,3204,8875.434551,0.719138,8982.6445,0.7180283,9042.1602,0.7175297,9094.235933543385,0.7297134589847375
Viewpoint 2,3205,5997.8109,0.544696,6425.8643,0.5614448,6255.1548,0.5445287,6149.323464019148,0.5518555227516238
Viewpoint 2,3206,7189.038907,0.619569,7416.0659,0.6239113,7474.6001,0.6232605,7366.885485229144,0.6267733383232853
Viewpoint 2,3207,5016.766835,0.483203,5442.7095,0.5040444,6086.0771,0.5287598,4877.766204123938,0.4760060807097714
Viewpoint 2,3208,5895.418265,0.528485,6227.5171,0.5365876,6675.9414,0.5592686,4346.47134623426,0.4433532527291888
Viewpoint 2,3209,4078.584708,0.437196,4046.7119,0.4035031,4155.2153,0.4069397,2958.6839016186555,0.359858245276304
Viewpoint 2,3210,637.201798,0.196452,778.44958,0.204695,775.27484,0.2056166932167724,703.8037774788963,0.202928381128412
Viewpoint 2,3221,0.0,0.159,0.0,0.159,0.0,0.0,2.3305700003444327e-05,0.1600000013680446
Viewpoint 2,3222,881.304284,0.210738,943.59186,0.2143888,953.849,0.2159908013476608,899.7581743174626,0.212815804832435
Viewpoint 2,3223,1876.673777,0.311204,2044.6548,0.3062503,2095.3979,0.3049972,1922.349377543412,0.3094173075342713
Viewpoint 2,3224,2919.802155,0.371855,3147.228,0.3752428,3183.6472,0.3695993,2963.236017268856,0.37308710648676
Viewpoint 2,3225,4234.997548,0.446659,4467.9966,0.4516658,4536.6987,0.4481071,4258.303187270866,0.4466037087371495
Viewpoint 2,3226,4301.619892,0.445731,4487.4072,0.4509555,4806.9258,0.4571906,4244.494557595787,0.4417185953693904
Viewpoint 2,3227,5755.691523,0.532749,6404.0444,0.5628075,6406.9741,0.5541193,5897.439946160915,0.5391467589753621
Viewpoint 2,3228,8142.684192,0.676174,8278.9326,0.6766003,8335.0068,0.6759453,8336.153338177528,0.6851622355778261
Viewpoint 2,3229,5827.171227,0.535251,6217.4858,0.5496875,6078.4502,0.5349102,5977.811359815547,0.5422439133717732
Viewpoint 2,3230,5397.070488,0.509401,5650.4414,0.5153255,5868.5513,0.5204357,5403.007844445941,0.5083345984220434
Viewpoint 2,3231,4411.513151,0.446053,4644.229,0.454724,5289.7056,0.4808617,4097.0348025826415,0.4300676022835863
Viewpoint 2,3232,5709.99024,0.516822,5885.5015,0.5159946,6320.3833,0.5379521,3974.499287488506,0.4217540580529162
Viewpoint 2,3233,3806.498403,0.420972,3744.9023,0.3827372,3858.0703,0.3890465,2627.245402867143,0.3418677146334147
Viewpoint 2,3234,450.960025,0.185471,470.7894,0.1866353,473.2858,0.1877818267445356,449.8947563117731,0.1864088221955011
Viewpoint 2,3245,0.0,0.159,0.0,0.159,0.0,0.0,2.3307606892057817e-05,0.1600000013681565
Viewpoint 2,3246,549.527102,0.191257,568.12292,0.1923488,572.45654,0.193603110678426,561.9697876049381,0.1929876265324098
Viewpoint 2,3247,1240.597051,0.236523,1284.7554,0.2344151,1294.5687,0.235991,1264.5879974114966,0.2342313154480548
Viewpoint 2,3248,2008.098085,0.315366,2078.1545,0.3074189,2093.9395,0.3030663,2051.5667070664567,0.3137292682174674
Viewpoint 2,3249,2737.159633,0.358983,2828.7312,0.3529535,2850.0254,0.3487949,2791.1411809012025,0.3580159860449459
Viewpoint 2,3250,3341.762972,0.394925,3451.0554,0.3903836,3476.7927,0.3890583,3420.1109369277538,0.3952986699175419
Viewpoint 2,3251,3724.551093,0.41755,3843.4692,0.4144004,3871.8762,0.4124368,3810.6117232443207,0.4183124223162825
Viewpoint 2,3252,3830.458196,0.423817,3957.0649,0.4210923,3986.2568,0.4191779,3908.1687642817096,0.4241029415391928
Viewpoint 2,3253,3648.10783,0.412854,3769.4473,0.4098626,3797.4634,0.4079642,3723.721123755826,0.4132343318577507
Viewpoint 2,3254,3200.722232,0.386178,3311.874,0.3818377,3336.9199,0.3797682,3269.316138012447,0.3861268845468512
Viewpoint 2,3255,2539.720876,0.346772,2630.7615,0.339861,2651.02,0.3365023,2593.075747400112,0.3457513066403891
Viewpoint 2,3256,1786.564783,0.298492,1849.3827,0.292326,1863.7396,0.2887569,1825.8677935393248,0.2995139548741489
Viewpoint 2,3257,1035.133718,0.219772,1073.0195,0.2219862,1081.3494,0.2234751,1053.5552174615727,0.2218436912649943
Viewpoint 2,3258,384.427922,0.181566,389.52975,0.1818654,392.14737,0.1830190062178494,379.0108731707869,0.1822479382551252
Viewpoint 2,3269,0.0,0.159,0.0,0.159,0.0,0.0,2.330938163461389e-05,0.1600000013682607
Viewpoint 2,3270,280.052247,0.175439,289.36752,0.1759859,291.56403,0.1771146486599564,286.58419262515946,0.1768224921070968
Viewpoint 2,3271,657.635275,0.197603,680.65405,0.1989544,685.85229,0.2002594763982743,670.5466782839407,0.1993610900152673
Viewpoint 2,3272,1055.738808,0.220972,1092.4282,0.2231255,1100.7732,0.2246152,1078.6706954106346,0.2233179698206042
Viewpoint 2,3273,1428.946799,0.260248,1479.2485,0.2520943,1490.498,0.2662371,1458.8123540882973,0.2607101384135268
Viewpoint 2,3274,1754.529535,0.296267,1815.9708,0.2871416,1829.6801,0.2870173,1797.3960884294434,0.29799141925148
Viewpoint 2,3275,1954.34292,0.311269,2020.5815,0.3028547,2035.7318,0.2993538,2000.4009309607727,0.3102253483070806
Viewpoint 2,3276,2010.901657,0.315013,2080.418,0.3072461,2096.0203,0.3029568,2050.7377885270053,0.3132734265863042
Viewpoint 2,3277,1905.600602,0.30802,1972.5668,0.3000515,1987.4393,0.2965025,1945.3810529264344,0.3071017170557546
Viewpoint 2,3278,1674.614044,0.28947,1731.5981,0.2793231,1744.7391,0.2819948,1707.701826574461,0.2911738617444205
Viewpoint 2,3279,1334.751721,0.248508,1381.2711,0.2400806,1391.8126,0.2416992,1361.806393550742,0.2427053007555104
Viewpoint 2,3280,934.734431,0.213869,967.93646,0.2158179,975.35461,0.217253200809016,957.4045037563552,0.216199644370498
Viewpoint 2,3281,538.594338,0.190615,557.62402,0.1917325,561.92023,0.1929846465453503,549.0903299059879,0.1922316023654814
Viewpoint 2,3282,194.812263,0.170435,194.04428,0.1703904,195.54214,0.1714777135754222,191.9847607712824,0.1712695054572743
Viewpoint 2,3293,0.0,0.159,0.0,0.159,0.0,0.0,2.331102354783389e-05,0.1600000013683571
Viewpoint 2,3294,493.076492,0.187944,510.3902,0.1889599,514.27856,0.1901880790841715,504.986798803001,0.1896427250897361
Viewpoint 2,3295,1112.395699,0.224353,1152.8838,0.2266743,1161.6882,0.2281909,1134.9925963929218,0.2266240654082645
Viewpoint 2,3296,1791.983813,0.299963,1853.9175,0.2921711,1868.017,0.2895419,1830.2432118953784,0.3002981896377756
Viewpoint 2,3297,2427.569969,0.340426,2511.2905,0.3331807,2530.2458,0.3297204,2477.4191108015666,0.339228985917142
Viewpoint 2,3298,2976.036054,0.373107,3077.427,0.3676246,3100.4521,0.3640529,3048.453094817925,0.3731700573696039
Viewpoint 2,3299,3306.296564,0.392555,3413.6287,0.3880492,3438.9634,0.3860165,3383.054503979456,0.3929401273453403
Viewpoint 2,3300,3399.035288,0.398065,3509.188,0.3936955,3535.1997,0.3923865,3463.347104446248,0.3977047045520275
Viewpoint 2,3301,3250.493903,0.389318,3360.1113,0.3848288,3385.1814,0.382739,3317.4916218988665,0.3891308416627714
Viewpoint 2,3302,2840.052861,0.364915,2941.364,0.35934,2963.6162,0.3557693,2902.669369757966,0.364382443017381
Viewpoint 2,3303,2258.876707,0.32994,2335.9329,0.3224095,2353.8584,0.3182431,2302.6228492951527,0.3284469364404938
Viewpoint 2,3304,1593.483264,0.281135,1648.7366,0.2696819,1661.4807,0.2767504,1628.619972876845,0.27579530158133
Viewpoint 2,3305,932.261197,0.213724,966.07843,0.2157088,973.56305,0.2171480008441513,949.2682483104704,0.2157220461758246
Viewpoint 2,3306,351.847809,0.179653,353.20819,0.1797333,355.75983,0.1808829859097029,346.18841309235614,0.1803212598485213
Viewpoint 2,3317,0.0,0.159,0.0,0.159,0.0,0.0,2.331253228077177e-05,0.1600000013684456
Viewpoint 2,3318,721.17467,0.201346,792.65094,0.2055286,802.46509,0.207104548889952,730.8807086763644,0.2029026975993026
Viewpoint 2,3319,1898.75387,0.312354,2071.0791,0.3075491,2121.1462,0.3053166,1950.831976892201,0.310827289572439
Viewpoint 2,3320,2406.898549,0.347843,2624.479,0.3470573,2656.8362,0.3425069,2476.3324263517493,0.3477072953789649
Viewpoint 2,3321,3381.406821,0.392614,3571.8442,0.3955675,3608.2822,0.3889445,3402.1131865799853,0.3933918738426498
Viewpoint 2,3322,3846.413369,0.42534,4082.6663,0.431352,4253.4067,0.4326119,3952.23123387748,0.4308198072627665
Viewpoint 2,3323,4789.788292,0.473216,5328.5762,0.5005139,5320.1421,0.4868172,4931.673040893395,0.4814822649561324
Viewpoint 2,3324,5099.379603,0.490502,5587.0332,0.5130571,5551.9395,0.500108,5191.711158937626,0.4964511531915139
Viewpoint 2,3325,4935.176768,0.48049,5414.6177,0.5004182,5231.5903,0.4818199,5141.493799323646,0.4912326296999566
Viewpoint 2,3326,3957.389672,0.427468,4197.8755,0.4322573,4346.5864,0.433924,4002.0626631621662,0.4291680598067708
Viewpoint 2,3327,4109.730134,0.428767,4547.252,0.4453296,5171.8691,0.4739546,4035.108535826445,0.4263156041935129
Viewpoint 2,3328,5219.032587,0.486629,5391.1802,0.4856703,5789.6445,0.5057548,3461.6080523271835,0.3917422909866821
Viewpoint 2,3329,3718.347189,0.397871,3841.823,0.3883676,3969.373,0.3955178,2689.7595267484703,0.3457454922573196
Viewpoint 2,3330,283.010902,0.175613,283.4798,0.1756403,285.62643,0.1767661066273755,279.399364026332,0.1764007426683456
Viewpoint 2,3341,0.0,0.159,0.0,0.159,0.0,0.0,2.331390762703113e-05,0.1600000013685263
Viewpoint 2,3342,967.895284,0.23157,1058.0933,0.2211101,1070.9027,0.2228618,986.0342132927786,0.2185413435557517
Viewpoint 2,3343,2798.12774,0.363562,2903.135,0.3578356,2925.3289,0.3535396,2848.577838225697,0.3619755934363489
Viewpoint 2,3344,2939.579704,0.372923,3182.8499,0.377196,3220.7322,0.3716843,3013.1433047152027,0.3757282784565764
Viewpoint 2,3345,2787.327843,0.355686,2933.5901,0.3556251,2963.885,0.3482961,2795.505746441089,0.3560395041867263
Viewpoint 2,3346,3575.528138,0.400867,3746.5176,0.4055219,4077.7397,0.4116073,3521.02144889905,0.3972271560465482
Viewpoint 2,3347,4133.510329,0.432528,4481.9761,0.4512273,4492.5615,0.436206,4144.261216707049,0.4341238935438561
Viewpoint 2,3348,4416.473656,0.448547,4716.7271,0.4612635,4694.6436,0.4480097,4384.496317675767,0.4483918640095252
Viewpoint 2,3349,4122.828917,0.431307,4521.5444,0.4464415,4335.6035,0.4272103,4263.694202181212,0.4383265794790983
Viewpoint 2,3350,3714.90347,0.407077,3883.7612,0.4083328,4121.1265,0.4127968,3682.854665115743,0.4049486557724004
Viewpoint 2,3351,3366.441063,0.383253,3619.4409,0.3881837,4236.2461,0.4161841,3223.6996148782737,0.3773464338204078
Viewpoint 2,3352,4565.60952,0.444837,4632.7021,0.4374274,5003.4204,0.4569018,2676.043927986453,0.3425585666981732
Viewpoint 2,3353,3308.557985,0.366668,3510.4243,0.366977,3650.1892,0.3743888,2300.71819113666,0.3247139796567823
Viewpoint 2,3354,248.158997,0.173567,248.94194,0.1736129,250.84988,0.1747245945614208,245.7556373368565,0.1744258559116734
Viewpoint 2,3365,0.0,0.159,0.0,0.159,0.0,0.0,2.331514969992824e-05,0.1600000013685993
Viewpoint 2,3366,979.973529,0.221984,1049.3743,0.2205983,1060.7677,0.2222669,1000.310737152711,0.2187182402708641
Viewpoint 2,3367,2524.798948,0.347081,2618.4368,0.3408175,2638.4189,0.3364516,2571.4121391123404,0.3453554666634887
Viewpoint 2,3368,2924.774204,0.371162,3117.1194,0.3707131,3150.0928,0.3664857,2974.321425195434,0.3703716447803029
Viewpoint 2,3369,5463.996831,0.520873,5623.0591,0.5204933,5663.8711,0.5189462,5574.780731523758,0.5232553834350662
Viewpoint 2,3370,5173.565382,0.500424,5410.9204,0.5062225,5642.0327,0.5110354,5251.269265831561,0.5027265982634096
Viewpoint 2,3371,5622.652494,0.523809,6086.7744,0.5451049,6124.54,0.5365858,5742.09996990797,0.5301804783255941
Viewpoint 2,3372,5919.946874,0.540362,6328.6191,0.5573382,6309.668,0.5470114,5971.832040693726,0.5429817207795754
Viewpoint 2,3373,5776.359032,0.532787,6171.2275,0.5473248,6075.8794,0.5352638,5982.707384470563,0.5426735636262271
Viewpoint 2,3374,6384.416539,0.573128,6591.291,0.5757177,6642.1318,0.5747505,6544.280494260717,0.5786850921509298
Viewpoint 2,3375,4884.664576,0.476758,5297.4688,0.4913288,5796.5386,0.5132519,4870.052985364384,0.4759049814378997
Viewpoint 2,3376,5833.583376,0.541521,5955.1191,0.5206587,6311.3354,0.5379604,4125.037389949735,0.4304816766091039
Viewpoint 2,3377,4016.412236,0.435697,4096.3936,0.4060514,4232.8677,0.4112434,2939.77090791991,0.3596659280824407
Viewpoint 2,3378,517.577236,0.189382,539.45221,0.1906658,542.53064,0.1918464870644128,519.2347367768044,0.1904790790487984
Viewpoint 2,3389,0.0,0.159,0.0,0.159,0.0,0.0,2.331625888339661e-05,0.1600000013686644
Viewpoint 2,3390,115.076636,0.165755,118.90205,0.1659795,119.80109,0.1670315122456303,117.83393529361156,0.166916852001735
Viewpoint 2,3391,250.961681,0.173731,259.80914,0.1742508,261.79047,0.1753667910450747,256.09369585580106,0.1750326999467355
Viewpoint 2,3392,386.93767,0.181713,400.5401,0.1825117,403.60565,0.1836915516074751,395.608291044692,0.1832222066843234
Viewpoint 2,3393,520.854718,0.189574,538.99298,0.1906389,543.1076,0.1918803722820805,531.630532840996,0.1912067122777664
Viewpoint 2,3394,629.589971,0.195957,651.76813,0.1972588,656.70813,0.1985486492741184,645.263306041352,0.1978769560646273
Viewpoint 2,3395,692.957328,0.199677,717.2298,0.2011014,722.6283,0.2024182246558604,710.4438382157218,0.2017030533032628
Viewpoint 2,3396,714.329884,0.200931,739.04584,0.202382,744.6167,0.2037088927513063,728.8153958424201,0.20278146373595
Viewpoint 2,3397,691.783776,0.199608,715.59827,0.2010056,721.02332,0.2023239372482391,705.810992320609,0.2014311052492197
Viewpoint 2,3398,601.044185,0.194281,622.65204,0.1955497,627.38928,0.1968277041053312,614.0839839504472,0.1960467298578912
Viewpoint 2,3399,487.449379,0.187613,504.48926,0.1886135,508.33145,0.1898390280057515,497.5703770367625,0.1892073811320579
Viewpoint 2,3400,351.021778,0.179605,363.12289,0.1803153,365.89142,0.1814777128468224,359.57052434998167,0.1811067897793439
Viewpoint 2,3401,194.322952,0.170407,201.39873,0.1708221,202.94122,0.1719121146185959,198.67276847985968,0.1716620915097677
Viewpoint 2,3402,83.545873,0.163904,83.977028,0.1639294,84.628166,0.1649669943915334,83.25343953037081,0.1648869769004327
Viewpoint 2,3413,0.0,0.159,0.0,0.159,0.0,0.0,2.33172358114466e-05,0.1600000013687217
Viewpoint 2,3414,220.092369,0.171919,227.21538,0.1723375,228.9368,0.17343821403684,225.0701467814124,0.1732116176160689
Viewpoint 2,3415,499.907833,0.188345,516.85895,0.1893396,520.80261,0.1905710958923199,509.2708693798607,0.1898942000325978
Viewpoint 2,3416,800.102363,0.205966,827.2439,0.2075592,833.56616,0.2089302233809817,816.8791447440046,0.207950805796473
Viewpoint 2,3417,1093.435163,0.223201,1133.3942,0.2255302,1142.0244,0.2270367,1117.7441605271356,0.2256115822229428
Viewpoint 2,3418,1325.899674,0.245946,1369.7439,0.239404,1380.1002,0.2410117,1355.77419884384,0.2430610440733941
Viewpoint 2,3419,1483.707439,0.267648,1535.6263,0.2555101,1547.1567,0.2699999,1520.5101388592425,0.2677965948939135
Viewpoint 2,3420,1525.577131,0.272724,1576.6818,0.2655426,1588.5303,0.2725086,1554.3223814433422,0.2695759964912188
Viewpoint 2,3421,1441.245585,0.261855,1490.092,0.2527548,1501.3528,0.2668309,1469.4918375270795,0.2622832391864244
Viewpoint 2,3422,1266.742247,0.239188,1311.5729,0.2359893,1321.5343,0.2375739,1293.40734139375,0.2359230109398131
Viewpoint 2,3423,1007.447835,0.218137,1043.9207,0.2202781,1051.8779,0.2217451,1029.3238049375557,0.2204213073498345
Viewpoint 2,3424,727.544805,0.201707,752.71838,0.2031846,758.47418,0.2045223387684566,744.8251374245476,0.2037212355668209
Viewpoint 2,3425,428.826059,0.184172,443.29178,0.1850212,446.69971,0.1862212345906511,436.7685688724065,0.1856383149928102
Viewpoint 2,3426,159.028861,0.168335,160.14816,0.1684007,161.38943,0.1694728144008696,158.4483096303437,0.1693009157753011
Viewpoint 2,3437,0.0,0.159,0.0,0.159,0.0,0.0,2.331808135237781e-05,0.1600000013687713
Viewpoint 2,3438,1733.398808,0.306131,1849.696,0.2944516,1869.6394,0.2856248,1737.9624386641628,0.2978682449744124
Viewpoint 2,3439,3141.302015,0.385359,3336.3025,0.3855602,3388.0959,0.3828638,3172.231215518093,0.3835380790384796
Viewpoint 2,3440,3840.895893,0.425216,3973.7324,0.4225651,4003.4092,0.4207413,3924.091098605677,0.4256359126642522
Viewpoint 2,3441,5223.558289,0.506857,5378.6992,0.5060149,5417.8823,0.504393,5329.879733987825,0.508743422675383
Viewpoint 2,3442,7845.86831,0.655994,8178.7329,0.6683932,8459.083,0.676739,8054.315969138778,0.6667984559422475
Viewpoint 2,3443,7197.524598,0.621206,7341.2744,0.6214641,7392.522,0.6206557,7386.391621172209,0.6294858997302399
Viewpoint 2,3444,7407.381406,0.632996,7550.4658,0.6335319,7602.7578,0.6327917,7573.440919088704,0.640249001841616
Viewpoint 2,3445,6999.061481,0.609422,7177.543,0.6111276,7228.5176,0.6102293,7168.905968294385,0.6161791488494592
Viewpoint 2,3446,8301.767058,0.678885,8665.9297,0.693123,8921.7793,0.7009302,8487.860641695332,0.6892022053189159
Viewpoint 2,3447,4866.085191,0.48304,5044.9585,0.4834471,5086.5962,0.4822566,4970.090562325208,0.4853142692286387
Viewpoint 2,3448,3469.592373,0.399817,3618.0857,0.3975056,3648.0828,0.3963762,3549.1864825034286,0.4005312600578007
Viewpoint 2,3449,2068.654294,0.31585,2170.2571,0.3085733,2186.9624,0.3051275,2111.365609725603,0.3144186768022566
Viewpoint 2,3450,831.192972,0.209545,976.09949,0.216297,973.7757,0.2172743008403425,903.6425342942568,0.2159610421116721
Viewpoint 2,3461,0.243149,0.159014,0.24363264,0.1590143,0.24573891,0.1600144133827056,0.2718581613766282,0.1600159580740728
Viewpoint 2,3462,1287.722566,0.244326,1333.9579,0.2373033,1344.2371,0.2389065,1314.5735371080978,0.2377436633826409
Viewpoint 2,3463,1875.467085,0.311131,2001.3914,0.3003493,2037.9658,0.292197,1910.7113336283203,0.30549508973161
Viewpoint 2,3464,4285.528895,0.451814,4433.9775,0.4502475,4466.9683,0.4481741,4378.611328061335,0.4526097037132243
Viewpoint 2,3465,4191.111542,0.443894,4409.856,0.4481485,4453.5981,0.4430752,4247.736730106567,0.445597569350571
Viewpoint 2,3466,7165.072945,0.619762,7322.1997,0.6205807,7373.7705,0.6196755,7360.930614212434,0.6282644064811692
Viewpoint 2,3467,5598.153348,0.523331,6020.71,0.5409356,6055.3706,0.5338673,5765.868158952219,0.5317455818470337
Viewpoint 2,3468,8355.202979,0.688527,8456.5625,0.6869697,8513.8008,0.6863618,8544.950343307053,0.6973482234465099
Viewpoint 2,3469,7856.22715,0.658635,8012.8579,0.6602549,8068.9629,0.6594803,8032.667443256708,0.6667042498466687
Viewpoint 2,3470,5301.272928,0.503458,5576.0425,0.510812,5796.0527,0.5159821,5348.030555693416,0.504865419047889
Viewpoint 2,3471,5386.424296,0.504364,5748.4385,0.5171767,6349.4409,0.544751,5264.168666366532,0.4983482908909453
Viewpoint 2,3472,5791.520434,0.52345,5915.1846,0.5178956,6238.2588,0.5333614,4003.6239754913713,0.4234012268154939
Viewpoint 2,3473,4086.641847,0.421668,4421.9521,0.4272613,4569.2349,0.4337445,3309.041691997797,0.3820009512971396
Viewpoint 2,3474,600.63736,0.194257,633.32269,0.196176,636.63916,0.1973705929978748,607.8830119009037,0.195682732798583
Viewpoint 2,3485,0.0,0.159,0.0,0.159,0.0,0.0,2.331938280091692e-05,0.1600000013688477
Viewpoint 2,3486,417.786314,0.183524,432.65033,0.1843966,435.9393,0.1855896207886306,428.181390726599,0.1851342476356513
Viewpoint 2,3487,909.420731,0.212383,941.55768,0.2142694,948.74268,0.2156911015212518,927.1641721108284,0.2144245369029056
Viewpoint 2,3488,1457.835593,0.265405,1509.953,0.2539019,1521.4534,0.2682058,1490.709973968239,0.2636099975603053
Viewpoint 2,3489,1964.163998,0.312409,2033.4734,0.3037925,2048.8691,0.30025,2005.6079532303247,0.3108141117773046
Viewpoint 2,3490,2385.477455,0.337803,2465.9065,0.3303486,2484.4324,0.3268842,2441.499516507225,0.3368890424043833
Viewpoint 2,3491,2642.946444,0.35296,2725.7041,0.3465682,2746.0305,0.3424247,2699.759919773588,0.3521940753218688
Viewpoint 2,3492,2728.917571,0.358195,2822.9983,0.3523541,2844.0413,0.3482482,2784.251192760079,0.3572658366539545
Viewpoint 2,3493,2611.85837,0.351211,2695.7336,0.3448019,2715.949,0.3406312,2655.974451898089,0.3496716368866429
Viewpoint 2,3494,2276.438736,0.331299,2355.8367,0.3237566,2373.6719,0.3195544,2324.010504974965,0.3298616348056331
Viewpoint 2,3495,1821.846049,0.301843,1886.1432,0.2949024,1900.5552,0.2913182,1859.4641300271403,0.3019125892861738
Viewpoint 2,3496,1289.317486,0.242462,1334.396,0.2373291,1344.6508,0.2389308,1319.118606837574,0.2374771997307785
Viewpoint 2,3497,759.022457,0.203555,786.43927,0.205164,792.50891,0.206520161910789,773.6751096994632,0.2054147289393585
Viewpoint 2,3498,301.901933,0.176722,305.10031,0.1769094,307.42844,0.1780459560824256,300.6578761232845,0.1776486173284368
Viewpoint 2,3509,0.750654,0.159044,0.75120395,0.1590441,0.75769818,0.160044493559562,0.8363359462167187,0.1600490929200429
Viewpoint 2,3510,596.091648,0.193991,619.79486,0.195382,626.95435,0.1968021362687033,631.435647487479,0.197065272507515
Viewpoint 2,3511,1157.384757,0.230877,1222.4362,0.230757,1257.5413,0.2338176,1221.5230756939927,0.2326043603656168
Viewpoint 2,3512,1713.640892,0.281854,1871.5632,0.2800471,1895.2639,0.2712521,1808.176661592804,0.2916599295477031
Viewpoint 2,3513,2424.666698,0.332346,2564.554,0.3293819,2591.3037,0.3174404,2436.744625235668,0.3320630574712966
Viewpoint 2,3514,3113.601154,0.371134,3288.9597,0.3766875,3605.5696,0.379542,3057.963233679596,0.3675422037335231
Viewpoint 2,3515,3527.843222,0.395174,3903.9617,0.4158554,3928.9927,0.3992387,3623.935947288613,0.4018288455424577
Viewpoint 2,3516,3685.036122,0.404468,3964.4783,0.4155433,3946.3828,0.4014223,3703.593054770047,0.4072114187615074
Viewpoint 2,3517,3424.821655,0.389279,3744.793,0.3991263,3596.5967,0.3813089,3519.704179094991,0.3967176778968219
Viewpoint 2,3518,3129.099375,0.371079,3314.094,0.3721423,3539.3972,0.3763435,3102.997510051818,0.3691923230490347
Viewpoint 2,3519,2841.421284,0.350601,3104.9294,0.3552823,3698.4534,0.3806346,2709.907869279616,0.3443794416307862
Viewpoint 2,3520,3863.05684,0.399976,4114.2451,0.404493,4447.9331,0.4212133,2282.158426434404,0.3189887637144045
Viewpoint 2,3521,3416.886805,0.377872,3313.9409,0.3535798,3488.2625,0.3647823,2093.7341037938013,0.3117605946342843
Viewpoint 2,3522,214.257126,0.171577,216.62987,0.1717162,218.30453,0.1728139724536948,213.96210489126332,0.1725595755571171
Viewpoint 2,3533,38.280913,0.161247,41.190506,0.1614179,41.643242,0.162444024338355,39.12949800344602,0.1622969015328023
Viewpoint 2,3534,1308.857888,0.270004,1398.7183,0.2565536,1413.7903,0.2573289,1314.6025941268078,0.2689829600699714
Viewpoint 2,3535,2207.669881,0.327813,2285.0693,0.3199426,2302.4778,0.3163802,2245.8050013675747,0.3257223322581279
Viewpoint 2,3536,3470.264649,0.404188,3685.8396,0.4061843,3724.2021,0.4018665,3540.9268673712395,0.4044699426620526
Viewpoint 2,3537,4900.277499,0.486037,5117.5317,0.4896185,5163.064,0.4858092,4978.659069029242,0.4876734849476625
Viewpoint 2,3538,5744.949215,0.537076,5891.9087,0.5361226,5934.439,0.5347489,5879.216005258244,0.5409485308585119
Viewpoint 2,3539,6624.146459,0.584339,7060.082,0.6020297,7106.5166,0.5977844,6923.309826665938,0.5995020164073644
Viewpoint 2,3540,6614.765066,0.587278,6764.2354,0.5872093,6811.9434,0.5862044,6753.168616595196,0.5920267174188539
Viewpoint 2,3541,6790.726567,0.592308,7156.019,0.6058636,7115.1221,0.597326,7027.461079974656,0.6043049269762495
Viewpoint 2,3542,6339.164457,0.564881,6645.7808,0.5743228,6828.3999,0.5784353,6462.2110003311645,0.5703656138257542
Viewpoint 2,3543,4392.18918,0.455451,4541.9941,0.4542174,4578.415,0.4527679,4478.054782635622,0.4565799140900795
Viewpoint 2,3544,3117.533723,0.379534,3246.4016,0.3761388,3272.6199,0.3733034,3192.980599376452,0.3799181050343223
Viewpoint 2,3545,1869.60471,0.302038,1949.1237,0.296186,1964.224,0.292669,1902.8774182173293,0.3025054535708518
Viewpoint 2,3546,788.601087,0.206306,875.375,0.2103845,877.06476,0.2116012083366352,824.9702431572991,0.2097022854831077
Viewpoint 2,3557,51.352814,0.162014,55.840649,0.1622778,56.534214,0.1633180252004941,51.04388338653031,0.1629962759547893
Viewpoint 2,3558,1301.078324,0.246616,1351.0996,0.2383095,1361.5059,0.2399202,1331.3744476572306,0.2409466835201004
Viewpoint 2,3559,2739.762782,0.359952,2840.7522,0.3540618,2862.4189,0.349755,2788.3863446407704,0.3583193298455898
Viewpoint 2,3560,2922.692848,0.372066,3165.8979,0.3762668,3203.9124,0.3711294,3020.231085468183,0.3760909639202304
Viewpoint 2,3561,2732.011995,0.352877,2902.272,0.3540581,2932.1902,0.3467359,2776.856781833975,0.3548852914751748
Viewpoint 2,3562,3456.051477,0.393811,3644.6978,0.39841,3920.0234,0.4024932,3503.4692787239783,0.3955644384551935
Viewpoint 2,3563,5163.469472,0.497392,5568.5327,0.5145128,5606.2134,0.5068505,5324.177204403085,0.5061180041823896
Viewpoint 2,3564,4318.417005,0.444101,4597.1079,0.4545012,4597.0259,0.4434437,4413.883756355614,0.4502821713461241
Viewpoint 2,3565,4135.369162,0.432695,4467.4585,0.4443604,4344.21,0.4285792,4272.570665769309,0.4419792135931785
Viewpoint 2,3566,4874.835521,0.478393,5154.0664,0.4861507,5312.478,0.4875903,4945.247353744052,0.4813802942393683
Viewpoint 2,3567,3466.030545,0.388143,3778.5479,0.3975199,4375.6338,0.4244962,3316.577179288141,0.3826419955213641
Viewpoint 2,3568,5467.117877,0.506731,5538.9458,0.4955728,5855.4678,0.5102741,3654.725534606752,0.403113739592183
Viewpoint 2,3569,3529.040165,0.394614,3685.9194,0.3843126,3999.7991,0.3949011,2492.302059580248,0.3374077009726202
Viewpoint 2,3570,302.29184,0.176745,306.77881,0.1770079,309.12711,0.1781456728507713,302.3294666662182,0.177746739693307
Viewpoint 2,3581,74.596896,0.163379,80.465881,0.1637233,81.350395,0.1647746035091721,76.51125785352902,0.1644912108360021
Viewpoint 2,3582,1037.084522,0.230735,1107.0742,0.2239853,1119.0543,0.2256884,1056.8921389600284,0.2220395685569536
Viewpoint 2,3583,2020.779647,0.32163,2191.6113,0.3159676,2231.6018,0.3140387,2070.45789096325,0.3190677665915284
Viewpoint 2,3584,2944.291109,0.373299,3186.2864,0.377434,3224.3206,0.3723422,3041.655088915192,0.3772680983462976
Viewpoint 2,3585,3849.469947,0.423852,4038.7458,0.4253236,4076.1685,0.4206074,3909.44761542025,0.4241156712928896
Viewpoint 2,3586,4781.522386,0.476784,5011.0156,0.4817607,5191.7056,0.4842018,4889.444953534784,0.4802065410296734
Viewpoint 2,3587,7178.783594,0.620062,7314.96,0.6198835,7366.0933,0.6190658,7363.974326913551,0.6281299263846133
Viewpoint 2,3588,5644.165955,0.525166,5943.2637,0.5349561,5961.7612,0.5287828,5794.340642199522,0.5318788751781975
Viewpoint 2,3589,5256.86935,0.501798,5623.1006,0.5150167,5541.668,0.5028751,5432.035562922754,0.5112866708844974
Viewpoint 2,3590,5153.057609,0.495586,5426.5684,0.5028992,5563.4614,0.5038963,5266.093477148692,0.5005501962548456
Viewpoint 2,3591,4614.909466,0.459008,4932.1709,0.4692715,5509.2358,0.495109,4438.376729974879,0.4504046569910629
Viewpoint 2,3592,5410.793257,0.50074,5659.6128,0.5043516,5912.1133,0.5153568,4037.76632173502,0.4255582896537321
Viewpoint 2,3593,2100.11784,0.317797,2198.8647,0.3104118,2215.802,0.3069757,2141.324522877821,0.3162909474655219
Viewpoint 2,3594,881.931712,0.212689,992.81793,0.2175588,993.13385,0.2184151005308347,931.5907424225868,0.217322276677181
Viewpoint 2,3605,167.31762,0.168822,180.49474,0.169595,182.47922,0.1707107704309086,171.58082949515682,0.1700717946913657
Viewpoint 2,3606,2161.532069,0.331202,2294.1926,0.323558,2317.9883,0.3212583,2170.658237636222,0.3255624729940604
Viewpoint 2,3607,3826.360978,0.424733,4025.8352,0.4260803,4080.7849,0.4231217,3870.6973600750734,0.4235756060490278
Viewpoint 2,3608,5667.034645,0.530619,5923.02,0.536965,5979.2065,0.5335637,5810.991655143571,0.5364117196649189
Viewpoint 2,3609,4896.819121,0.487487,5046.6978,0.4863295,5083.6343,0.4846001,4997.652318124347,0.489044519105103
Viewpoint 2,3610,5977.763948,0.550707,6133.5552,0.5503882,6177.6504,0.5490942,6127.52440185892,0.55558326548113
Viewpoint 2,3611,6720.740368,0.593612,6847.6528,0.5923249,6895.9834,0.5913407,6872.466759359539,0.599209289574164
Viewpoint 2,3612,6886.898822,0.603316,7038.9668,0.6033816,7088.3413,0.6024708,7040.795554429588,0.60891680582394
Viewpoint 2,3613,6525.369155,0.581933,6706.5215,0.5833998,6754.5532,0.5823792,6679.441170052826,0.5873618273831784
Viewpoint 2,3614,5703.869107,0.533212,5880.5884,0.5340694,5925.3018,0.5328734,5833.359258948752,0.5370657408110817
Viewpoint 2,3615,4575.410782,0.466192,4738.0166,0.4656403,4776.2544,0.4642749,4671.611035940879,0.4679266506494099
Viewpoint 2,3616,8212.685363,0.666205,8776.1191,0.6905817,9098.8848,0.7052453,7016.025748575441,0.6006163685805629
Viewpoint 2,3617,1962.229621,0.308689,2048.4001,0.3019178,2064.2444,0.2984336,1998.694247065364,0.3080990643696116
Viewpoint 2,3618,804.763086,0.207328,880.03845,0.2106583,882.54407,0.2119202073203831,834.4751728687703,0.2101521685647872
Viewpoint 2,3629,100.03214,0.164872,108.7326,0.1653826,110.08618,0.1664611657778548,99.44992169596004,0.1658377104035528
Viewpoint 2,3630,1382.726822,0.272866,1492.5179,0.2632613,1509.9741,0.2563303,1415.0307149971236,0.2764189004280088
Viewpoint 2,3631,2592.540682,0.351111,2784.3508,0.3514735,2842.3105,0.3471885,2668.234283489781,0.3530607703873493
Viewpoint 2,3632,3086.384271,0.381455,3327.7603,0.3859356,3366.689,0.3803359,3184.1224841535554,0.3850412618524431
Viewpoint 2,3633,5921.236886,0.54797,6097.3545,0.5484817,6141.2773,0.5470323,6056.234542931376,0.5516183902931996
Viewpoint 2,3634,7303.636352,0.627489,7449.5967,0.6280524,7501.9463,0.6271733,7499.739245912749,0.63637590814813
Viewpoint 2,3635,5377.837103,0.51029,5794.1987,0.5274887,5839.3008,0.5207288,5584.445275079954,0.5210624737851002
Viewpoint 2,3636,8493.296985,0.696422,8579.3096,0.6941643,8637.3252,0.6935746,8689.48872469198,0.7057720425278402
Viewpoint 2,3637,7963.253968,0.664793,8129.6411,0.6670712,8186.5601,0.6663141,8164.184313294186,0.6743667771107769
Viewpoint 2,3638,5152.484235,0.494213,5392.1499,0.5001391,5554.0176,0.5018555,5194.806033023456,0.4957720589501365
Viewpoint 2,3639,5152.165637,0.490693,5495.1274,0.5023392,6086.229,0.529165,5002.187078396353,0.4830445985337767
Viewpoint 2,3640,5210.581977,0.49489,5774.0605,0.5098948,6050.5737,0.522328,3893.914370173843,0.417044768247104
Viewpoint 2,3641,2445.419928,0.33759,2571.6082,0.331826,2591.0562,0.328313,2493.0093295501074,0.3365564451304653
Viewpoint 2,3642,502.683856,0.188508,516.49469,0.1893182,520.16718,0.1905337842408077,505.0938494005935,0.1896490089598148
Viewpoint 2,3653,4.895431,0.159287,4.9104896,0.1592882,4.9529419,0.1602908230617728,5.439011585944913,0.1603192699800949
Viewpoint 2,3654,312.396752,0.177338,319.67542,0.177765,323.00183,0.1789602318944652,334.4198558313737,0.1796304455373016
Viewpoint 2,3655,697.80224,0.199961,734.21198,0.2020982,763.87195,0.2048393220961732,745.4281471447908,0.2037566322373992
Viewpoint 2,3656,1114.12202,0.224765,1236.8209,0.2316014,1254.4968,0.2336392,1193.1722238669497,0.2300392095409899
Viewpoint 2,3657,1633.280489,0.263084,1760.8302,0.2623607,1779.618,0.2644641,1637.5499175360458,0.2574383252667211
Viewpoint 2,3658,1983.124863,0.28754,2190.6492,0.300512,2489.8225,0.3064442,1946.607860484561,0.2757309250771773
Viewpoint 2,3659,2200.436749,0.303689,2492.1301,0.3289888,2520.2773,0.3082293,2248.7378347848667,0.3064302538673071
Viewpoint 2,3660,2214.089735,0.305932,2454.8005,0.3180501,2444.3005,0.3035728,2231.995139651724,0.3088662640972596
Viewpoint 2,3661,2034.083558,0.29284,2276.2754,0.2967901,2157.6519,0.2866546,2126.40172994411,0.3032483364232221
Viewpoint 2,3662,1765.346347,0.271871,1915.2969,0.2715549,2053.4363,0.2805373,1779.231359653146,0.2668371127260781
Viewpoint 2,3663,1674.153898,0.260775,1897.975,0.2704536,2468.5132,0.3051413,1500.9959696273106,0.2498745257034068
Viewpoint 2,3664,2534.871603,0.322525,3089.5574,0.3429276,3339.7778,0.3560532,1240.9612276958455,0.2476066995587842
Viewpoint 2,3665,2359.67849,0.312755,2542.2834,0.3204894,2920.0264,0.331406,1380.297403285206,0.2884353470257169
Viewpoint 2,3666,64.30296,0.162775,65.474304,0.1628433,65.981255,0.1638725872858171,64.83179415758023,0.1638056263170499
Viewpoint 2,3677,5.199792,0.159305,5.2097516,0.1593058,5.2547908,0.1603085345710066,5.766522600618057,0.1603384948766562
Viewpoint 2,3678,376.51412,0.181101,387.30911,0.181735,391.48804,0.182980348314401,401.6645101064024,0.1835777067432458
Viewpoint 2,3679,769.706685,0.204182,809.3454,0.2065086,838.60608,0.2092262207465631,819.2244606445366,0.2080884758398343
Viewpoint 2,3680,1191.426536,0.229273,1298.2677,0.2352083,1320.002,0.2374843,1268.8108682806624,0.2344791979680748
Viewpoint 2,3681,1764.319838,0.274037,1894.6034,0.2702132,1914.7732,0.2723977,1770.817410107906,0.2668212204973425
Viewpoint 2,3682,2132.745552,0.300953,2342.8,0.3084883,2641.5068,0.3153116,2104.927258246623,0.2969434194576221
Viewpoint 2,3683,2330.667399,0.3151,2663.6084,0.3378078,2693.043,0.3183288,2432.725560952156,0.3243484769362629
Viewpoint 2,3684,2436.049257,0.321574,2493.2229,0.3207256,2482.9199,0.3057752,2437.067600321943,0.328076415413647
Viewpoint 2,3685,2262.387189,0.310427,2484.8457,0.3109732,2374.0901,0.2993596,2335.8999538485123,0.3219106518502844
Viewpoint 2,3686,1967.024657,0.287772,2087.7173,0.2816873,2234.5818,0.2911706,1953.2323508739112,0.2801482235909754
Viewpoint 2,3687,1759.71163,0.265841,2031.1547,0.2783031,2534.6885,0.3088223,1672.9094429478248,0.2609176596379505
Viewpoint 2,3688,2843.261239,0.33986,3215.7349,0.3501472,3502.6721,0.3656199,1413.4759044121356,0.2557276966539975
Viewpoint 2,3689,2676.073522,0.357301,2701.9219,0.3287771,3058.1323,0.3395129,1511.8266759641278,0.2919773415745228
Viewpoint 2,3690,103.563161,0.165079,105.54184,0.1651953,106.35968,0.1662425635591542,104.41197295183788,0.1661289828122729
Viewpoint 2,3701,100.275203,0.164886,109.27155,0.1654142,110.63186,0.1664929581876401,99.98566517906036,0.1658691585460108
Viewpoint 2,3702,1287.140707,0.244219,1335.1646,0.2373742,1345.4366,0.238977,1315.7716103112857,0.237812507664317
Viewpoint 2,3703,1854.559728,0.309897,1971.4926,0.2986583,2002.7217,0.290197,1885.8949343641425,0.3039860422724062
Viewpoint 2,3704,3049.847351,0.378083,3294.9214,0.3831286,3337.4456,0.377703,3157.926192369908,0.3831410857269441
Viewpoint 2,3705,4018.451587,0.433927,4252.4292,0.4391016,4295.0811,0.43406,4107.901107609375,0.4375663825798461
Viewpoint 2,3706,4413.155751,0.452564,4717.1357,0.4634182,4995.8062,0.468508,4525.34396586641,0.45793578955068
Viewpoint 2,3707,4899.05034,0.480354,5392.8389,0.5034551,5438.3657,0.4942929,5192.53865256363,0.4970230081718799
Viewpoint 2,3708,5499.180199,0.517059,5738.6045,0.5240107,5767.9888,0.5174392,5680.393854489897,0.5261008480732048
Viewpoint 2,3709,7485.084588,0.636889,7647.1396,0.6386542,7701.1284,0.6378839,7658.969580806534,0.6447538732199747
Viewpoint 2,3710,6510.737655,0.580181,6708.6089,0.582538,6760.2495,0.581584,6669.547021510904,0.5859425522059036
Viewpoint 2,3711,5221.269104,0.503727,5422.1992,0.5054019,5467.5732,0.5044066,5343.052406675121,0.5070228242029735
Viewpoint 2,3712,5348.839269,0.500093,5776.0635,0.5097475,6079.4087,0.524196,3952.298159930407,0.4204335476332018
Viewpoint 2,3713,4217.009863,0.450238,4376.9995,0.4265941,4726.8765,0.4415859,3232.491887270065,0.3772405597141107
Viewpoint 2,3714,454.5283,0.185681,466.12576,0.1863616,469.57727,0.1875640937650647,457.3714952054184,0.186847706768558
Viewpoint 2,3725,44.282255,0.161599,45.479084,0.1616696,46.045391,0.1627024759847579,47.38435300913214,0.162781461521636
Viewpoint 2,3726,736.026659,0.202243,788.92505,0.2053099,798.26044,0.2068578540166104,785.2837185490665,0.2060961542788302
Viewpoint 2,3727,1384.822118,0.260618,1488.4329,0.2612828,1519.6339,0.2492024,1457.8557735478632,0.2752008867971344
Viewpoint 2,3728,2007.401067,0.312672,2174.6313,0.3085763,2203.9961,0.3020002,2111.4262377539176,0.3145028611401064
Viewpoint 2,3729,2716.680439,0.352295,2909.0068,0.3545447,2939.1487,0.3472094,2794.0327384051902,0.3559065607144818
Viewpoint 2,3730,3439.712032,0.393132,3645.0178,0.3980893,3892.8098,0.4011261,3524.269679057434,0.3968052782564613
Viewpoint 2,3731,3914.321982,0.420026,4194.1353,0.4314246,4233.0054,0.4209097,4099.523477161172,0.4307352606190541
Viewpoint 2,3732,4245.207047,0.439933,4381.5088,0.4427231,4398.9556,0.4325388,4396.709000606653,0.4491647559181748
Viewpoint 2,3733,3887.518575,0.424039,4190.1768,0.4348894,4172.3853,0.4268557,4098.458710245575,0.4374462661304603
Viewpoint 2,3734,3721.651548,0.407162,3949.5085,0.4130674,4121.1782,0.4140912,3812.635616248871,0.4127482914166808
Viewpoint 2,3735,3555.219253,0.393242,3779.0576,0.3979343,4300.7324,0.4204793,3352.8332918184,0.3848723272351672
Viewpoint 2,3736,4947.729734,0.467484,4700.3965,0.4420926,5000.3564,0.4578673,2857.6222881304425,0.353956636716932
Viewpoint 2,3737,3666.183359,0.4124,3745.1667,0.3880344,4146.1118,0.4034808,2564.580186306667,0.3419378831808117
Viewpoint 2,3738,286.425673,0.175813,292.39795,0.1761638,294.6496,0.1772957168387486,288.2459180380056,0.1769200353888309
Viewpoint 2,3749,100.865683,0.164921,109.83212,0.1654471,111.19821,0.1665263969461653,100.573372733052,0.1659036569794301
Viewpoint 2,3750,963.930295,0.230061,1048.0853,0.2205226,1060.7734,0.2222673,982.613735474178,0.2183283409922376
Viewpoint 2,3751,2098.207703,0.327216,2270.1062,0.3220253,2307.1458,0.3185899,2149.183117512845,0.3241899939963199
Viewpoint 2,3752,3004.40918,0.376842,3231.6064,0.3801084,3271.2573,0.3752425,3098.8330810436646,0.3803893029191264
Viewpoint 2,3753,5587.846653,0.528214,5757.0859,0.5283517,5798.7686,0.5268073,5712.7291025998165,0.5313230753861891
Viewpoint 2,3754,4685.585862,0.471475,4974.0391,0.4801696,5181.2119,0.4832591,4814.189622940412,0.4770064681830644
Viewpoint 2,3755,7716.330227,0.651289,7839.0435,0.650749,7893.27,0.6500948,7930.346839568791,0.6613997476755591
Viewpoint 2,3756,5349.488648,0.508312,5594.6045,0.5155142,5621.8555,0.508586,5530.072574124099,0.5173558929475528
Viewpoint 2,3757,4429.120125,0.450942,4806.709,0.4657072,4736.5474,0.4524014,4674.66687248101,0.4655744613828037
Viewpoint 2,3758,4132.169053,0.432487,4411.8237,0.4410304,4588.0044,0.4426001,4239.309392704311,0.4383064544128415
Viewpoint 2,3759,3852.165942,0.413281,4227.3384,0.4265724,4750.4282,0.4488569,3782.493355059111,0.4110429081007448
Viewpoint 2,3760,4576.802604,0.452263,5115.332,0.4685049,5382.1562,0.4812874,3237.815939953193,0.3783465975692774
Viewpoint 2,3761,3978.570074,0.433724,4020.4854,0.4032558,4355.313,0.4177863,2818.7392336859266,0.3546991039258822
Viewpoint 2,3762,388.289166,0.181793,398.30981,0.1823808,401.3309,0.1835580880385808,391.75685814831866,0.1829961275733063
Viewpoint 2,3773,86.29007,0.164065,89.113319,0.164231,89.783295,0.1652695550332209,88.285427400398,0.1651823545884033
Viewpoint 2,3774,945.800122,0.214518,978.47559,0.2164365,985.96228,0.217875800628978,965.9907315017164,0.2167036559391507
Viewpoint 2,3775,1946.265217,0.311989,2017.5538,0.3030652,2032.9153,0.2994847,1983.682603887688,0.3098757913888106
Viewpoint 2,3776,3036.799916,0.377206,3143.4038,0.3718596,3167.0327,0.3701318,3103.7161876504088,0.3767640756814377
Viewpoint 2,3777,4098.349912,0.44012,4231.5972,0.4376748,4262.9097,0.4359296,4183.441440870643,0.4407818937334746
Viewpoint 2,3778,4988.778475,0.492674,5132.4956,0.4911807,5169.9565,0.4895485,5107.684507891617,0.4953065296189757
Viewpoint 2,3779,5582.179796,0.527253,5719.9341,0.5257486,5761.1294,0.5243537,5707.974885531553,0.5305864822169162
Viewpoint 2,3780,5736.805438,0.536202,5880.7505,0.5351033,5922.938,0.5337775,5846.947491381714,0.5386658254143931
Viewpoint 2,3781,5436.471586,0.518313,5596.7861,0.5180984,5637.4976,0.5166968,5550.349043046791,0.5210016391815168
Viewpoint 2,3782,4772.889937,0.478971,4925.457,0.4778513,4962.5962,0.4764851,4876.983307535603,0.4809373931090347
Viewpoint 2,3783,3835.221352,0.422955,3971.9211,0.4208827,4002.9966,0.4191613,3918.2349275964193,0.4238278756506564
Viewpoint 2,3784,2750.192645,0.358195,2852.856,0.3519578,2875.3772,0.349344,2812.4743196962227,0.3578229154975936
Viewpoint 2,3785,1652.640731,0.284279,1718.2035,0.2728305,1731.524,0.2792507,1683.001990846741,0.2809280183603604
Viewpoint 2,3786,682.539171,0.199067,713.89703,0.2009058,718.32825,0.2021657595016375,692.3219593168726,0.2006392990119004
Viewpoint 2,3797,65.873304,0.162867,68.138412,0.1629997,68.649719,0.1640291856264543,67.52493770429179,0.1639637138432419
Viewpoint 2,3798,806.05336,0.206315,834.42902,0.207981,840.80109,0.2093549196940251,824.3001466126752,0.208386418606164
Viewpoint 2,3799,1699.563033,0.292625,1758.9252,0.2840591,1772.3219,0.2838532,1730.0225237528778,0.294371802154039
Viewpoint 2,3800,2646.855528,0.353905,2738.0747,0.3476864,2758.7288,0.3434601,2703.198286125501,0.3528430456749745
Viewpoint 2,3801,3559.741832,0.408109,3677.1343,0.4046986,3704.5281,0.4027222,3631.9917218163423,0.4080492462509072
Viewpoint 2,3802,4302.510569,0.451938,4439.7739,0.4498731,4472.4756,0.4482056,4409.38756735625,0.4539657549253568
Viewpoint 2,3803,4801.66027,0.481215,4937.645,0.4794921,4973.6172,0.4778146,4912.519875346878,0.4835558763230395
Viewpoint 2,3804,4943.468741,0.489491,5083.3784,0.4880143,5120.3047,0.486401,5038.138064476788,0.4909099324622115
Viewpoint 2,3805,4698.498114,0.474936,4839.6104,0.4732311,4875.1436,0.4717788,4787.758330534322,0.4760267263601478
Viewpoint 2,3806,4137.936377,0.441531,4274.0479,0.4394731,4306.2397,0.4377375,4226.719644558092,0.4426528871458564
Viewpoint 2,3807,3326.130859,0.39308,3437.7441,0.3888723,3464.3347,0.3875139,3390.914100760504,0.3928696525500574
Viewpoint 2,3808,2383.610016,0.336676,2467.4468,0.3294846,2486.7029,0.3254648,2435.074713709172,0.335701101147411
Viewpoint 2,3809,1425.917133,0.259316,1483.0835,0.2462344,1494.5708,0.2568276,1454.967685219107,0.2535638448457185
Viewpoint 2,3810,586.489322,0.193427,605.99182,0.1945717,610.22266,0.1958199626469737,591.7398750044333,0.1947351306627602
Viewpoint 2,3821,0.0,0.159,0.0,0.159,0.0,0.0,2.331495282408044e-05,0.1600000013685877
Viewpoint 2,3822,46.533625,0.161732,48.070221,0.1618217,48.433086,0.162842689125011,47.630756962853205,0.1627959254337194
Viewpoint 2,3823,94.239586,0.164532,97.42305,0.1647187,98.164742,0.165761596244597,96.03049846191772,0.1656369902597145
Viewpoint 2,3824,166.087442,0.168749,171.57182,0.1690713,172.88379,0.1701474657158502,169.46458776309527,0.1699475713016937
Viewpoint 2,3825,213.403153,0.171527,220.81839,0.171962,222.50371,0.1730604501586091,217.824653021083,0.1727863071323375
Viewpoint 2,3826,260.213938,0.174275,269.1716,0.1748004,271.21155,0.1759199515995942,266.5672287394069,0.1756474963270032
Viewpoint 2,3827,306.455151,0.176989,316.72971,0.177592,319.11127,0.1787317521718239,313.9476204398329,0.1784287253198181
Viewpoint 2,3828,306.691566,0.177003,317.03543,0.17761,319.42319,0.1787500592824083,312.8649009349949,0.1783651696848842
Viewpoint 2,3829,306.754975,0.177007,316.95474,0.1776052,319.35812,0.1787462568930414,312.2653410729683,0.1783299755209832
Viewpoint 2,3830,259.808044,0.174251,268.92703,0.174786,270.97375,0.1759060115333698,265.26316135913845,0.1755709475717814
Viewpoint 2,3831,211.828827,0.171434,219.19466,0.1718667,220.86389,0.172964247700822,216.204551450601,0.1726912071701503
Viewpoint 2,3832,163.198409,0.16858,168.42601,0.1688866,169.70906,0.1699611320327015,166.8080462256883,0.1697916323134479
Viewpoint 2,3833,91.995058,0.1644,95.157318,0.1645857,95.885139,0.1656276747866429,93.89609385790963,0.1655117007094593
Viewpoint 2,3834,44.187661,0.161594,45.215927,0.1616542,45.565681,0.162674291612686,44.76228971676029,0.1626275464063738
Viewpoint 2,3845,103.653551,0.165084,110.71016,0.1654987,111.91204,0.1665682942634402,103.34734316228142,0.1660664890436259
Viewpoint 2,3846,958.213551,0.216979,1018.5141,0.2187868,1029.4543,0.2204288,960.2853180521204,0.2163687481696594
Viewpoint 2,3847,1794.571935,0.310012,1904.6108,0.2966159,1926.7322,0.2912188,1800.5376609992877,0.3014158356946411
Viewpoint 2,3848,2062.128218,0.318583,2132.6064,0.310651,2148.7703,0.3063205,2105.2134188926298,0.3169194898672277
Viewpoint 2,3849,3500.100557,0.406898,3684.2263,0.4069352,3718.884,0.4035205,3567.1241345765497,0.4066591968524841
Viewpoint 2,3850,4240.509768,0.449468,4408.436,0.4489655,4482.3052,0.4475206,4387.437974021904,0.4534064284689695
Viewpoint 2,3851,3711.46669,0.416775,3831.5122,0.4136475,3859.791,0.411673,3801.222884148649,0.4177408961948233
Viewpoint 2,3852,4786.903382,0.478891,4988.3301,0.4814707,5020.3672,0.477702,5004.581894463255,0.4874195284224674
Viewpoint 2,3853,4748.825854,0.476415,4986.4819,0.4804367,5011.6021,0.4767517,4919.136727010689,0.4824106031466207
Viewpoint 2,3854,4477.499489,0.459278,4721.6304,0.4633149,4794.835,0.4625171,4588.049690216313,0.4624655822347155
Viewpoint 2,3855,2574.35555,0.348864,2666.3496,0.3419904,2686.7805,0.3386389,2629.4019269745386,0.3479079677424562
Viewpoint 2,3856,1844.10742,0.302879,1908.422,0.295893,1923.1573,0.29234,1885.4150844956328,0.3031114875701808
Viewpoint 2,3857,2988.93935,0.365794,3164.7332,0.3590491,3282.5598,0.3627603,2717.307608090436,0.3472349936433584
Viewpoint 2,3858,650.729774,0.197198,676.82526,0.1987296,681.3493,0.199995163864756,659.0750686980678,0.1986877065325765
Viewpoint 2,3869,153.509914,0.168011,163.9077,0.1686214,165.6523,0.1697228119273173,152.60095790798792,0.1689576762291988
Viewpoint 2,3870,926.218919,0.213369,960.36823,0.2153736,967.7135,0.216804600969847,948.1274935813038,0.2156550838732225
Viewpoint 2,3871,1933.751929,0.311066,1999.3793,0.3019733,2014.6005,0.2983866,1965.771132802554,0.3087935065313131
Viewpoint 2,3872,2991.695046,0.374426,3091.4104,0.3687577,3114.655,0.3661716,3052.2433639122164,0.3736913406552652
Viewpoint 2,3873,4301.081793,0.451323,4488.5728,0.4525114,4528.2295,0.4484277,4418.793971502603,0.4542742189447909
Viewpoint 2,3874,5187.965595,0.501033,5346.1631,0.5022672,5474.6997,0.5026122,5409.825434299341,0.5108288520878178
Viewpoint 2,3875,5457.70237,0.519972,5599.1865,0.5185957,5639.5889,0.51717,5585.032948574159,0.5233220635938515
Viewpoint 2,3876,6014.876552,0.547209,6282.5156,0.555708,6318.2607,0.5511702,6334.744982241647,0.5634057724608027
Viewpoint 2,3877,5341.610946,0.512724,5494.6377,0.5120805,5534.6528,0.5106393,5447.794015255463,0.5149490224855287
Viewpoint 2,3878,4677.570337,0.47334,4825.1528,0.4719614,4861.4976,0.4705528,4777.356080107459,0.4750724776322828
Viewpoint 2,3879,5283.470362,0.501745,5543.479,0.5072137,5812.7617,0.5170743,5250.6460139918745,0.4983672516950052
Viewpoint 2,3880,5009.081325,0.480922,5437.5576,0.494922,5596.3188,0.5007854,4415.288674618833,0.4483058191035668
Viewpoint 2,3881,4600.979498,0.469009,4745.5479,0.4502352,5049.2915,0.4643492,3761.053072242554,0.4080214681998094
Viewpoint 2,3882,854.433485,0.210425,907.0481,0.2122437,911.31934,0.213597903698553,871.3368548229804,0.2120276445004795
Viewpoint 2,3893,0.0,0.159,0.0,0.159,0.0,0.0,2.331121177545312e-05,0.1600000013683681
Viewpoint 2,3894,69.806644,0.163098,72.101295,0.1632323,72.645508,0.1642636055231108,71.4418634464559,0.1641936373843069
Viewpoint 2,3895,141.010674,0.167277,146.1385,0.1675783,147.25102,0.1686427384105576,144.04899572707927,0.1684556760491795
Viewpoint 2,3896,212.959887,0.171501,220.60872,0.1719497,222.29541,0.173048294390009,217.89796000778423,0.1727906102524569
Viewpoint 2,3897,305.698276,0.176944,315.99942,0.1775492,318.41077,0.1786905751884785,311.6950917338794,0.1782965018847787
Viewpoint 2,3898,350.927692,0.179599,362.93848,0.1803045,365.68866,0.1814658125522812,359.4044538258711,0.1810970414395786
Viewpoint 2,3899,393.741242,0.182113,407.66278,0.1829298,410.72745,0.1841096771570802,404.0560890489515,0.1837180924271734
Viewpoint 2,3900,416.138707,0.183427,430.42291,0.1842658,433.66357,0.1854560100497126,424.7336667903927,0.184931866240596
Viewpoint 2,3901,393.902254,0.182122,407.81009,0.1829385,410.90134,0.1841198266498413,401.76437915762097,0.1835835690565523
Viewpoint 2,3902,347.608048,0.179405,359.89154,0.1801256,362.6301,0.1812863396862454,354.9780475919852,0.1808372113936495
Viewpoint 2,3903,277.17114,0.17527,287.19431,0.1758583,289.38144,0.1769865117362042,283.26317085155887,0.1766275481289865
Viewpoint 2,3904,206.150628,0.171101,213.26431,0.1715186,214.88937,0.1726135400029904,211.1975018154436,0.1723972933565665
Viewpoint 2,3905,113.75584,0.165677,117.38885,0.1658907,118.287,0.1669425365294456,115.81975267305876,0.1667986194819085
Viewpoint 2,3906,44.219983,0.161596,45.34692,0.1616619,45.697617,0.1626820779932629,44.883391982818765,0.1626346551093914
Viewpoint 2,3917,66.005535,0.162875,68.118004,0.1629985,68.629066,0.1640280152769986,67.49643682300335,0.1639620408415103
Viewpoint 2,3918,751.813648,0.203131,778.84772,0.2047184,784.79034,0.2060670743470322,769.5119742026917,0.205170352885698
Viewpoint 2,3919,1562.09264,0.279124,1616.0239,0.269034,1628.3337,0.2751845,1589.6781155180436,0.2731512669468369
Viewpoint 2,3920,2427.457401,0.340687,2509.4172,0.3331823,2528.3799,0.3297199,2477.23981856176,0.339315676722757
Viewpoint 2,3921,3273.664765,0.390946,3379.3169,0.3862286,3404.5737,0.3841487,3336.446000294033,0.3904679060009975
Viewpoint 2,3922,3957.479272,0.431557,4088.3,0.4290026,4118.5371,0.4271217,4057.011607655352,0.4330824571374192
Viewpoint 2,3923,4397.33922,0.457436,4532.29,0.4552121,4565.479,0.4535856,4503.94492650489,0.4593791621583106
Viewpoint 2,3924,4520.631557,0.464684,4661.6948,0.4628426,4695.751,0.4612259,4614.4897110357215,0.4658765314519639
Viewpoint 2,3925,4319.233881,0.45248,4455.9951,0.4505495,4488.8467,0.4488985,4404.164418254482,0.4533865989977643
Viewpoint 2,3926,3799.777002,0.42171,3928.2561,0.4190786,3957.8315,0.4172066,3882.884344403217,0.4223792834654988
Viewpoint 2,3927,3055.546649,0.377204,3162.6396,0.3720278,3186.979,0.3697438,3119.567004266936,0.3768952455219782
Viewpoint 2,3928,2204.035915,0.326095,2279.6692,0.3185034,2297.3696,0.3143864,2250.999929268475,0.3248348177874312
Viewpoint 2,3929,1332.835222,0.24727,1382.6195,0.2403218,1393.3185,0.2418765,1357.442804484718,0.2412288070406861
Viewpoint 2,3930,553.808689,0.191509,573.39496,0.1926583,577.56268,0.1939028103117893,561.5108321264098,0.1929606858458202
Viewpoint 2,3941,100.673991,0.16491,109.48473,0.1654268,110.84995,0.1665059471692508,100.11176256504028,0.1658765604625678
Viewpoint 2,3942,658.926421,0.197679,704.52112,0.2003554,712.83826,0.2018435094779193,706.210070273139,0.2014545311250332
Viewpoint 2,3943,1256.865547,0.246133,1347.7231,0.246525,1374.6512,0.240692,1327.557193824592,0.2625280835581309
Viewpoint 2,3944,1845.35932,0.297498,1968.0074,0.2922899,1994.8717,0.2795775,1946.1385666776216,0.3025782646298365
Viewpoint 2,3945,2513.170101,0.33969,2698.783,0.3402614,2727.0679,0.3317386,2607.0515431057497,0.3445421858790592
Viewpoint 2,3946,3141.783139,0.37571,3237.6931,0.3749838,3486.7441,0.3777172,3227.5502740465104,0.3794772111733906
Viewpoint 2,3947,3582.181832,0.40094,3874.5769,0.4124133,3922.1555,0.402676,3809.561738728788,0.4139556666008861
Viewpoint 2,3948,3819.494447,0.413821,3919.0312,0.4158766,3939.4673,0.4035813,3951.891227217688,0.4223127587918761
Viewpoint 2,3949,3658.833755,0.404535,3955.6714,0.4144164,3902.8076,0.4010377,3865.285821629407,0.4175567796858616
Viewpoint 2,3950,3335.49746,0.384026,3567.9446,0.3901213,3739.3286,0.3901144,3448.5801301105685,0.3905833282220891
Viewpoint 2,3951,3287.721898,0.375426,3391.4722,0.3750508,3900.7739,0.3962486,3022.9446932272704,0.3649311662471215
Viewpoint 2,3952,3997.15796,0.413543,4318.0283,0.417587,4593.3843,0.4319882,2586.582756077403,0.3373602405668391
Viewpoint 2,3953,3589.377042,0.415492,3733.135,0.38512,4094.9373,0.4004528,2449.378444956955,0.3359103303064747
Viewpoint 2,3954,269.854391,0.17484,277.35355,0.1752807,279.49548,0.1764062296423965,273.45291576378713,0.1760516861553343
Viewpoint 2,3965,51.395801,0.162017,53.473797,0.1621389,54.124062,0.1631766462264986,54.29141524202272,0.1631869060747067
Viewpoint 2,3966,605.280922,0.19453,626.2182,0.195759,633.48267,0.1971853866683895,641.4867611243062,0.1976552728779967
Viewpoint 2,3967,1135.138657,0.228621,1190.7947,0.2288996,1216.8402,0.2314285,1198.68840578539,0.2312407851144958
Viewpoint 2,3968,1637.709315,0.273764,1760.0837,0.2735177,1785.1212,0.2647867,1728.944715019574,0.2862868716651757
Viewpoint 2,3969,2218.697919,0.319858,2397.4607,0.3180833,2422.7393,0.3041062,2297.160171576196,0.3221465715692519
Viewpoint 2,3970,2803.986394,0.353204,2892.7222,0.3515852,3164.583,0.3507394,2868.743307078523,0.3556835863822947
Viewpoint 2,3971,3224.957163,0.377141,3515.3394,0.3905357,3566.5706,0.3752118,3410.711611719549,0.3887613521228079
Viewpoint 2,3972,3337.676123,0.383786,3478.9619,0.3888529,3495.8845,0.3729357,3489.658141938356,0.3941742241519165
Viewpoint 2,3973,3182.544703,0.37455,3437.0959,0.3815726,3378.7666,0.3660887,3339.4529088627155,0.3858055603234775
Viewpoint 2,3974,2847.329827,0.353602,3051.9661,0.3559625,3217.2683,0.354568,2930.435944069242,0.3584096760175517
Viewpoint 2,3975,2791.230531,0.345343,2910.3491,0.3434466,3413.418,0.3615315,2537.158833488775,0.3327102994057122
Viewpoint 2,3976,3434.553543,0.379797,3939.9629,0.393523,4190.4346,0.4060721,2178.641368735251,0.3126557914706112
Viewpoint 2,3977,3259.677348,0.36948,3419.7693,0.3651109,3773.4475,0.3815161,2152.799421595185,0.3176472144095871
Viewpoint 2,3978,216.313417,0.171698,222.28294,0.172048,224.00333,0.1731485573113566,219.33867254021305,0.1728751800781105
Viewpoint 2,3989,124.782401,0.166325,133.3708,0.1668289,134.79022,0.1679111926574473,124.1151256035503,0.1672855578729284
Viewpoint 2,3990,965.383007,0.217314,1026.4219,0.219251,1037.4221,0.2208965,969.3470401495878,0.2169006712567808
Viewpoint 2,3991,1813.82023,0.310857,1924.662,0.2975611,1947.5889,0.2920997,1822.2171184844733,0.303078725033378
Viewpoint 2,3992,2669.45318,0.358508,2837.8291,0.3561118,2867.6243,0.3530466,2711.1962518756804,0.3567742962644354
Viewpoint 2,3993,3347.736455,0.396224,3501.4797,0.394022,3533.5012,0.3902016,3440.945582998554,0.3974018402867495
Viewpoint 2,3994,3978.388632,0.431534,4107.6196,0.4295995,4189.9531,0.4277154,4166.272656421715,0.438059718905184
Viewpoint 2,3995,4332.180634,0.450113,4539.2461,0.4533355,4574.1167,0.4490398,4604.876473921113,0.4622077266674521
Viewpoint 2,3996,4563.468565,0.462516,4746.2217,0.4650432,4773.5059,0.4604518,4821.548989125195,0.4742172137392973
Viewpoint 2,3997,4400.66408,0.457368,4542.9893,0.4556883,4576.4453,0.4540691,4491.385475014689,0.4585356970306489
Viewpoint 2,3998,4472.417538,0.45689,4687.9365,0.459341,4770.1279,0.4587399,4610.887206887462,0.4618544408115266
Viewpoint 2,3999,4172.489788,0.43789,4427.2998,0.4418615,4598.6338,0.4468811,4186.115998313538,0.4366650234122478
Viewpoint 2,4000,3844.331955,0.415441,4229.7876,0.4259316,4335.5225,0.4287132,3579.546127948724,0.400357513836876
Viewpoint 2,4001,3400.482769,0.386031,3626.6194,0.3841608,3782.7434,0.3917601,3009.0453746930634,0.3636598045169515
Viewpoint 2,4002,651.731533,0.197257,677.80206,0.198787,682.50049,0.2000626406077287,661.4864098011735,0.1988292522553288
Viewpoint 2,4013,22.753311,0.160336,23.519699,0.1603806,23.695705,0.1613907280541289,23.303150907723506,0.1613678949582833
Viewpoint 2,4014,178.767725,0.169494,184.80457,0.169848,186.2014,0.1709292679703573,183.03602812722383,0.170744214851068
Viewpoint 2,4015,357.436125,0.179982,369.08661,0.1806654,371.89746,0.1818303608207292,363.66471712331855,0.1813471188951388
Viewpoint 2,4016,575.797567,0.192799,596.23364,0.1939989,600.7879,0.1952661309458125,588.7342592734966,0.1945587010193542
Viewpoint 2,4017,771.086248,0.204263,798.58539,0.205877,804.66956,0.2072340463995475,787.5397669668803,0.2062285843209558
Viewpoint 2,4018,921.659504,0.213101,952.52808,0.2149134,959.73517,0.216336301171987,942.9344893722334,0.2153502545261501
Viewpoint 2,4019,1022.456673,0.219018,1057.6924,0.2210865,1065.6338,0.2225526,1047.8002144324144,0.2215058725871827
Viewpoint 2,4020,1043.308236,0.220242,1079.1863,0.2223482,1087.2965,0.2238242,1064.4449976759831,0.2224829213635802
Viewpoint 2,4021,999.90658,0.217695,1035.9962,0.219813,1043.8319,0.2212728,1020.38957098841,0.2198968678170196
Viewpoint 2,4022,890.700139,0.211284,922.27222,0.2131374,929.27979,0.2145486024141129,909.5610418679336,0.2133912331576477
Viewpoint 2,4023,715.207859,0.200983,739.66583,0.2024184,745.29968,0.2037489896548991,729.3835395069877,0.2028148137690602
Viewpoint 2,4024,515.631106,0.189268,533.36786,0.1903087,537.43884,0.1915475597683311,527.9392281482601,0.1909900326923028
Viewpoint 2,4025,317.39478,0.177631,327.78833,0.1782412,330.30237,0.1793886743015897,323.12500992886976,0.1789674380828246
Viewpoint 2,4026,123.298305,0.166238,126.89571,0.1664488,127.87846,0.1675056036196043,125.39757003184752,0.1673608373608694
Viewpoint 2,4037,252.89174,0.173845,272.45947,0.1749934,275.44861,0.1761686132472915,258.9386076734128,0.1751996962704293
Viewpoint 2,4038,1190.045583,0.231026,1233.3365,0.2313969,1242.8064,0.2329526,1215.691151450376,0.231361070590137
Viewpoint 2,4039,2426.59737,0.340988,2512.1487,0.334391,2531.2722,0.3299977,2467.206395167361,0.339035691138317
Viewpoint 2,4040,3753.273894,0.419941,3883.3809,0.4171358,3912.3767,0.4151528,3834.54016352587,0.420248310455393
Viewpoint 2,4041,5049.339256,0.496553,5209.645,0.495942,5247.6665,0.4942479,5161.411947226313,0.4986928551980197
Viewpoint 2,4042,6166.22584,0.561836,6323.1699,0.5615532,6368.4702,0.5603093,6324.882786610992,0.5671757748859343
Viewpoint 2,4043,7889.771107,0.657368,8401.0977,0.6806625,8476.5078,0.6773671,8321.364251402436,0.6815516933571197
Viewpoint 2,4044,7116.636107,0.616112,7249.9385,0.6157818,7300.6143,0.6149441,7271.037313613956,0.622407564615836
Viewpoint 2,4045,6738.554762,0.594055,6900.4033,0.594776,6949.6533,0.5938115,6887.9033268925095,0.5995606808414249
Viewpoint 2,4046,7646.420903,0.640465,7974.0,0.6526669,8162.4111,0.656589,7880.608291599263,0.6533359079564414
Viewpoint 2,4047,4747.056999,0.476298,4920.4502,0.4763465,4960.0645,0.4750327,4855.874257391166,0.4787286844553041
Viewpoint 2,4048,3419.014017,0.397033,3555.843,0.3942382,3584.6692,0.3930312,3498.496531308042,0.3978172729051411
Viewpoint 2,4049,5248.649566,0.507016,5656.3701,0.504227,5977.6187,0.5192273,4471.027860262996,0.4496835067048281
Viewpoint 2,4050,1170.193197,0.231625,1264.5231,0.2335209,1265.5386,0.2346389,1198.618730694453,0.2343578692488286
Viewpoint 2,4061,413.100013,0.183249,449.54434,0.1853883,455.06592,0.1867122669586964,414.2809544681605,0.184318292027281
Viewpoint 2,4062,1388.687799,0.258788,1442.1699,0.2436554,1453.287,0.2631701,1419.6358544940645,0.2531388538302233
Viewpoint 2,4063,2803.266675,0.363794,2908.8608,0.358083,2931.0415,0.3537854,2853.564141697312,0.3621845777752686
Viewpoint 2,4064,4934.528187,0.486815,5211.2871,0.4942949,5267.3521,0.4901823,5059.27664485782,0.4916196050065693
Viewpoint 2,4065,5803.162448,0.540862,5968.0625,0.540799,6011.1353,0.539295,5925.897831129391,0.5438805900776151
Viewpoint 2,4066,7120.711575,0.616906,7266.2495,0.6171972,7317.4761,0.616246,7310.283724633695,0.6251788542428485
Viewpoint 2,4067,8062.012473,0.671563,8147.4023,0.6689259,8203.4424,0.6683304,8272.992906994672,0.6815225739556017
Viewpoint 2,4068,8305.831024,0.685499,8382.5674,0.6825507,8439.6709,0.6819278,8492.057096438197,0.6941391274726437
Viewpoint 2,4069,7797.610015,0.65518,7944.0381,0.6560781,7999.8208,0.6553655,7984.2449867731375,0.6637772846601611
Viewpoint 2,4070,6787.499717,0.595999,6981.4829,0.5984933,7035.2354,0.5976219,6955.667214653669,0.6026517953703049
Viewpoint 2,4071,5457.147765,0.517357,5671.6094,0.5201491,5719.3789,0.5190482,5592.437160721157,0.521578531731537
Viewpoint 2,4072,3963.40421,0.428629,4142.4585,0.4286242,4177.3872,0.4270335,4061.0353984062726,0.4303894200086028
Viewpoint 2,4073,5818.619198,0.545111,6049.9072,0.5279734,6359.625,0.5423409,4860.509485881922,0.4725608688168856
Viewpoint 2,4074,1100.603997,0.227052,1183.2275,0.2287552,1185.83,0.2299681,1126.1542003358245,0.2293928256504302
Viewpoint 2,4085,48.070616,0.161822,50.249817,0.1619497,50.873154,0.1629858152394509,50.71327983912863,0.1629768695265568
Viewpoint 2,4086,655.836925,0.197498,679.86377,0.198908,687.83844,0.2003760406884607,695.6264283620009,0.2008332713448494
Viewpoint 2,4087,1230.711747,0.240318,1293.4808,0.2349273,1319.3737,0.2374472,1301.3268786174028,0.2434533617131843
Viewpoint 2,4088,1762.177968,0.287528,1890.8036,0.2822396,1916.9509,0.2725251,1859.709704555248,0.2957200330436706
Viewpoint 2,4089,2343.557685,0.328832,2528.8955,0.328217,2555.4604,0.3177537,2433.8596988528147,0.3327522050868223
Viewpoint 2,4090,2963.697415,0.363911,3039.3989,0.3625151,3291.5374,0.3628275,3024.5778397335635,0.3662929414357124
Viewpoint 2,4091,3378.199016,0.387598,3664.4824,0.3999138,3713.2808,0.3885943,3592.656248423444,0.4003871277388068
Viewpoint 2,4092,3570.410794,0.398529,3716.5208,0.4032897,3739.2769,0.3904072,3747.156563340512,0.4097338431622034
Viewpoint 2,4093,3440.783764,0.390927,3720.0007,0.3994408,3665.2971,0.3860563,3632.340972294957,0.4034150140937692
Viewpoint 2,4094,3089.223399,0.368929,3309.6755,0.3728712,3476.1453,0.3733511,3194.0353540981737,0.3747803874538986
Viewpoint 2,4095,2906.836155,0.354477,3148.5286,0.3589747,3651.8035,0.380988,2784.695072921059,0.3491963671590171
Viewpoint 2,4096,3584.430877,0.385115,3901.0989,0.3920703,4169.3179,0.4048651,2383.164471314336,0.3250145672809946
Viewpoint 2,4097,3152.2345,0.369236,3592.9824,0.3762217,3945.1646,0.3916178,2309.430214817739,0.3263443130216142
Viewpoint 2,4098,252.54933,0.173825,260.285,0.1742787,262.29739,0.1753965275134342,256.671679085905,0.1750666275623426
Viewpoint 2,4109,22.741618,0.160335,23.511879,0.1603801,23.687817,0.1613902555466036,23.29532490354812,0.1613674355718382
Viewpoint 2,4110,240.554917,0.173121,248.47514,0.1735855,250.35532,0.174695508364091,246.0186050074798,0.174441292113939
Viewpoint 2,4111,500.678617,0.18839,517.07422,0.1893523,521.01318,0.190583402857279,509.3510886468217,0.1898989089035684
Viewpoint 2,4112,779.951174,0.204783,806.76178,0.2063569,812.9201,0.2077183381532518,796.5142804412568,0.2067553882619018
Viewpoint 2,4113,1034.08066,0.219701,1071.5247,0.2218985,1079.6787,0.223377,1056.615410960913,0.2220233246234056
Viewpoint 2,4114,1243.566307,0.236153,1287.1033,0.234553,1296.8304,0.2361238,1273.9886300368212,0.2347831325831614
Viewpoint 2,4115,1383.32834,0.252968,1431.688,0.2443985,1442.4258,0.2566895,1418.0260279340491,0.2550379911841229
Viewpoint 2,4116,1425.021234,0.259069,1473.2419,0.2518178,1484.2959,0.2631027,1452.8970133360406,0.2609914073098418
Viewpoint 2,4117,1360.964919,0.250034,1409.5934,0.2417431,1420.2362,0.2519189,1388.308201492128,0.2467612980646421
Viewpoint 2,4118,1213.420714,0.232948,1253.6006,0.2325864,1263.1154,0.2341447,1236.326253884613,0.2325723511030268
Viewpoint 2,4119,973.91136,0.216169,1007.6929,0.2181516,1015.369,0.219602,993.610012924002,0.2183249077586389
Viewpoint 2,4120,693.931031,0.199734,717.45538,0.2011146,722.9364,0.2024363222928954,709.9716755861709,0.2016753373569082
Viewpoint 2,4121,414.413454,0.183326,428.64795,0.1841616,431.93866,0.1853547143996959,422.38562108155605,0.1847940359574873
Viewpoint 2,4122,179.752794,0.169551,185.39214,0.1698825,186.82773,0.1709662143636643,183.0170420114717,0.1707431003660734
Viewpoint 2,4133,181.053919,0.169628,193.57292,0.1703627,195.63177,0.1714828922596138,180.14793923567504,0.1705746840331341
Viewpoint 2,4134,1366.027013,0.276726,1457.8497,0.2603031,1473.5115,0.2611962,1371.5294182558266,0.273380986359885
Viewpoint 2,4135,1972.948893,0.313635,2044.8911,0.3055352,2060.4592,0.3011233,2009.9235022480816,0.3114541212572936
Viewpoint 2,4136,3059.088857,0.378547,3166.571,0.3732367,3190.3652,0.3715115,3126.0468596656783,0.37809172419754
Viewpoint 2,4137,4278.126725,0.44973,4470.6567,0.4513549,4510.335,0.4472063,4397.480941917799,0.4529428162063766
Viewpoint 2,4138,5137.966309,0.498007,5305.2876,0.4997723,5433.5342,0.5000086,5369.392577879591,0.5083538031715823
Viewpoint 2,4139,5563.286016,0.526225,5709.3521,0.5251164,5750.479,0.5237156,5698.311227043295,0.5300070842676645
Viewpoint 2,4140,5977.504731,0.544838,6235.6123,0.5528163,6272.4146,0.5482214,6298.361463089846,0.5611419137920608
Viewpoint 2,4141,5452.436651,0.519242,5607.313,0.5187215,5648.0591,0.5173196,5563.477340156852,0.521771608454083
Viewpoint 2,4142,5673.294292,0.525811,5923.21,0.5320497,6039.311,0.5326086,5859.331834726023,0.5346679276961802
Viewpoint 2,4143,3856.77686,0.424241,3989.9443,0.4219905,4021.0417,0.4202659,3938.018200949983,0.4250283994002998
Viewpoint 2,4144,5051.671144,0.483294,5339.2715,0.489604,5509.1172,0.4959122,4413.021400289485,0.4481416671579827
Viewpoint 2,4145,1687.650833,0.288254,1758.3993,0.2753108,1772.042,0.2821456,1723.5585546525126,0.2869598577005676
Viewpoint 2,4146,851.424516,0.209999,895.62823,0.2115734,900.79651,0.2129689047471311,866.4202453953706,0.2112571001033542
Viewpoint 2,4157,65.613421,0.162852,67.890839,0.1629852,68.4002,0.1640144793102555,67.25597897678813,0.1639479259659374
Viewpoint 2,4158,642.743079,0.196729,665.09424,0.198041,670.16162,0.1993384262288647,657.3026279837148,0.198583664262644
Viewpoint 2,4159,1329.474825,0.24871,1377.3192,0.2398486,1387.8141,0.2440672,1355.0920926809777,0.2425718536850917
Viewpoint 2,4160,2074.543497,0.319418,2147.4866,0.3115441,2163.7578,0.3072176,2119.639950006022,0.3177968625640407
Viewpoint 2,4161,2798.00987,0.362676,2893.5925,0.3567915,2915.3269,0.3526624,2855.1983524974235,0.3618037674394144
Viewpoint 2,4162,3381.587802,0.397169,3494.531,0.3929349,3520.5403,0.3916164,3463.830749531616,0.3978672761213067
Viewpoint 2,4163,3765.094023,0.419943,3884.1067,0.4167664,3912.7551,0.4148112,3853.932666925279,0.4208667769298996
Viewpoint 2,4164,3854.658098,0.425039,3979.2847,0.422363,4008.5884,0.4204488,3932.5710701251874,0.4254880906321457
Viewpoint 2,4165,3690.742739,0.415375,3814.2292,0.4124818,3842.5266,0.4105893,3764.904388763856,0.4155545244835035
Viewpoint 2,4166,3253.364211,0.389252,3361.9761,0.3847979,3387.3027,0.3827329,3320.726617600935,0.3891579819057487
Viewpoint 2,4167,2613.402979,0.351181,2705.3767,0.3443145,2726.0869,0.3409786,2668.393755166366,0.3502303310959974
Viewpoint 2,4168,1882.153542,0.305921,1948.259,0.2982789,1963.2915,0.2947405,1925.105902952312,0.3054940720452735
Viewpoint 2,4169,1135.931087,0.225819,1176.639,0.2280687,1185.7294,0.2296022,1156.484222875114,0.2278856238827692
Viewpoint 2,4170,474.602789,0.186859,491.58469,0.187856,495.30069,0.1890740731854525,482.9109026171285,0.1883468699836254
Viewpoint 2,4181,142.31408,0.167354,154.93102,0.1680945,156.85878,0.1692066945634249,141.73745429514503,0.168319988567125
Viewpoint 2,4182,1111.607791,0.248563,1205.351,0.2471641,1219.7635,0.2316,1134.1765182709762,0.2492245205372328
Viewpoint 2,4183,2067.137857,0.323233,2235.3882,0.3175634,2273.1711,0.3145568,2124.515626686989,0.3211313027885035
Viewpoint 2,4184,3015.953618,0.375765,3262.8887,0.3809967,3305.1167,0.3753248,3125.134634845789,0.380939927251685
Viewpoint 2,4185,3870.966983,0.425377,4128.0835,0.4318069,4170.0015,0.4266103,3986.360066454109,0.4304632440427105
Viewpoint 2,4186,4263.894144,0.44382,4455.4458,0.4492341,4737.4355,0.4533273,4437.045980401108,0.4523160461596756
Viewpoint 2,4187,5086.347357,0.49387,5466.7607,0.5084319,5526.6875,0.5030905,5359.929612619522,0.5081346624527918
Viewpoint 2,4188,7942.435323,0.664164,8044.4673,0.6625758,8099.7026,0.661955,8123.7287447853,0.672490261378958
Viewpoint 2,4189,7494.962678,0.63749,7647.4756,0.6386842,7701.3721,0.6379062,7671.67669652271,0.6454912640183991
Viewpoint 2,4190,4872.329833,0.478612,5166.3359,0.4874869,5322.0947,0.4889719,5024.08633090532,0.486180195577411
Viewpoint 2,4191,5253.276086,0.505518,5442.668,0.5069375,5487.6714,0.5057102,5370.90320698128,0.508740538795413
Viewpoint 2,4192,5520.796868,0.514349,5431.186,0.4904859,5706.0518,0.5028621,3876.518771522516,0.4161420456960446
Viewpoint 2,4193,4296.889343,0.454418,4375.6216,0.424676,4759.5381,0.4416572,3121.288526269685,0.3719855793354023
Viewpoint 2,4194,524.124878,0.189766,543.27618,0.1908903,547.33881,0.1921286906426643,533.0863915287281,0.1912921711827363
Viewpoint 2,4205,180.078288,0.169571,196.28087,0.1705217,198.72409,0.1716643856813548,179.47730920998538,0.1705353180506261
Viewpoint 2,4206,1415.220352,0.276736,1524.1678,0.2654171,1541.9773,0.2623769,1442.7807449721804,0.2785623811158912
Viewpoint 2,4207,2547.784425,0.349436,2725.2205,0.3485749,2769.7188,0.3440692,2611.1605699663032,0.3502366722104175
Viewpoint 2,4208,3620.993645,0.409337,3878.1406,0.4162403,3926.0596,0.4107238,3739.687234546642,0.4150945922692369
Viewpoint 2,4209,4724.770428,0.4731,5030.4194,0.4823876,5079.8716,0.4767555,4860.196840771419,0.479153789391756
Viewpoint 2,4210,4851.897456,0.481553,5048.6699,0.4853625,5245.1523,0.4880584,5016.5780091363695,0.4886738035456839
Viewpoint 2,4211,7704.075747,0.650457,7804.8936,0.6487243,7858.9658,0.6480539,7899.320477695671,0.6595555116765528
Viewpoint 2,4212,7946.769346,0.664307,8030.9341,0.6617816,8086.0928,0.6611571,8109.128790356675,0.6716360646021776
Viewpoint 2,4213,7483.450585,0.636808,7634.9062,0.6379502,7688.7158,0.6371686,7658.640711722754,0.6447313956077209
Viewpoint 2,4214,5132.310116,0.493777,5387.4473,0.5005699,5538.2266,0.5020056,5258.383942342202,0.4998743335699326
Viewpoint 2,4215,5248.828827,0.505298,5444.0195,0.5070233,5489.0234,0.5057964,5372.559559374891,0.5088431991404538
Viewpoint 2,4216,3806.622836,0.419638,3969.853,0.4187917,4002.8464,0.4171113,3898.350424888348,0.4210357853533304
Viewpoint 2,4217,2338.025125,0.331744,2445.8242,0.3250717,2464.8086,0.3217724,2383.429052419181,0.3306514077633402
Viewpoint 2,4218,1035.654895,0.222564,1100.7621,0.2239163,1105.0323,0.2251652,1054.731346576462,0.2242440478205873
Viewpoint 2,4229,137.852191,0.167092,148.45802,0.1677145,150.08745,0.1688091844423125,141.05319588623396,0.1682798225985219
Viewpoint 2,4230,1139.354348,0.226213,1179.7417,0.2282508,1188.7974,0.2297822,1162.826004269328,0.2282578864506095
Viewpoint 2,4231,2341.590302,0.335977,2428.8892,0.3285144,2447.386,0.3249987,2385.266955294955,0.3341165784215457
Viewpoint 2,4232,2996.774884,0.376208,3184.3682,0.3756166,3219.2109,0.3719115,3055.7664169669,0.3760313935265201
Viewpoint 2,4233,3947.963266,0.430772,4157.4629,0.4331099,4196.2051,0.4287989,4034.186554715952,0.4322231240290219
Viewpoint 2,4234,4819.344371,0.479825,4994.0952,0.4819949,5141.5693,0.4830187,4976.025174532137,0.486019311581542
Viewpoint 2,4235,6832.126598,0.593882,7303.1201,0.6153857,7382.9585,0.610717,7209.030497607183,0.61525966556888
Viewpoint 2,4236,5574.960418,0.521728,5839.8735,0.5296525,5891.4019,0.5256197,5798.10998417583,0.5323443316554949
Viewpoint 2,4237,6539.555574,0.5826,6694.6343,0.5826994,6742.5146,0.5816702,6676.550818119201,0.5871791692646006
Viewpoint 2,4238,5715.060717,0.533962,5893.7036,0.5349048,5938.208,0.5336735,5854.315248684443,0.5383266547853347
Viewpoint 2,4239,4704.46607,0.468216,5067.9316,0.478796,5379.6631,0.4909172,4737.311291696948,0.468468307736938
Viewpoint 2,4240,3324.733862,0.391612,3453.21,0.3883781,3481.02,0.3863814,3400.443067307801,0.3921816711083419
Viewpoint 2,4241,2016.506255,0.313107,2105.0227,0.3056564,2121.3948,0.3021983,2058.401604815001,0.3119326902523095
Viewpoint 2,4242,867.313967,0.211102,913.95221,0.212649,919.24249,0.2140525030645848,884.2454884251632,0.2125876155534907
Viewpoint 2,4253,137.248489,0.167056,148.41833,0.1677122,150.04762,0.1688067759831862,141.0063505635173,0.1682770727780784
Viewpoint 2,4254,1166.34897,0.249144,1246.246,0.2416966,1259.7115,0.2339449,1189.493041944548,0.2419640085334634
Viewpoint 2,4255,2112.116906,0.32679,2248.3608,0.3190802,2277.8188,0.3170288,2142.8736468214106,0.3228546319476585
Viewpoint 2,4256,3934.552747,0.428312,4178.4219,0.4340738,4226.7485,0.4292298,4047.647323570652,0.4330758980569781
Viewpoint 2,4257,5090.052835,0.495147,5378.8096,0.503356,5429.3696,0.4983983,5235.647131922595,0.5013303123788263
Viewpoint 2,4258,4865.197808,0.482522,5045.1255,0.4849344,5198.4106,0.4861948,5026.365807504891,0.4889021800261405
Viewpoint 2,4259,6857.819509,0.601592,6994.0601,0.6009341,7043.3154,0.5999952,7032.30637058351,0.6085785834044568
Viewpoint 2,4260,7072.836261,0.613586,7206.1362,0.6132127,7256.5405,0.6123611,7226.066142502777,0.6197746286498567
Viewpoint 2,4261,6705.829963,0.592124,6860.854,0.5924723,6909.7852,0.5914931,6848.787032287131,0.5972839671378637
Viewpoint 2,4262,5227.911348,0.499838,5477.0356,0.5057561,5603.9189,0.5067739,5350.482822491859,0.5051578515275549
Viewpoint 2,4263,4710.154664,0.474238,4883.478,0.4742487,4922.6357,0.4729141,4821.579899402048,0.4767739971015816
Viewpoint 2,4264,4986.409595,0.477109,5199.1655,0.4798981,5406.0117,0.4882825,4093.234082797814,0.4293592923113909
Viewpoint 2,4265,2080.986047,0.31705,2170.6392,0.3094071,2187.53,0.3059738,2121.4106445681227,0.3155919040867155
Viewpoint 2,4266,669.941862,0.198326,697.77441,0.1999594,702.71075,0.2012490206057413,681.6357311918537,0.2000120174209618
Viewpoint 2,4277,339.886237,0.178951,364.28827,0.1803837,368.16226,0.1816110584410013,338.94590503445903,0.1798961246255227
Viewpoint 2,4278,2575.882364,0.352593,2721.7959,0.3480159,2748.3838,0.3461556,2597.950903916495,0.3496174906227839
Viewpoint 2,4279,2095.25799,0.321055,2173.2075,0.3132269,2189.7559,0.3088442,2135.217180392028,0.3190380963285881
Viewpoint 2,4280,3257.29661,0.390474,3371.3889,0.3854405,3396.6804,0.3838355,3328.033113401636,0.3901315936053587
Viewpoint 2,4281,4375.23432,0.456656,4520.106,0.4548454,4553.418,0.4531364,4470.5306491522815,0.4577958450414462
Viewpoint 2,4282,5337.812403,0.513122,5489.1094,0.512272,5528.959,0.5107599,5469.613461736498,0.5167192888242592
Viewpoint 2,4283,5966.760603,0.549646,6101.2876,0.5482658,6144.957,0.5470095,6101.040246364875,0.5537625764914627
Viewpoint 2,4284,6124.426268,0.558937,6282.1353,0.558773,6326.8755,0.5575951,6262.019482941966,0.5630999635935477
Viewpoint 2,4285,5841.623686,0.542076,5998.0898,0.541749,6041.4155,0.5404752,5961.476888442031,0.5451947274676983
Viewpoint 2,4286,11751.478598,0.881331,12096.526,0.8987611,12308.823,0.9048719,12040.202212621874,0.9016140161034628
Viewpoint 2,4287,4131.372001,0.440312,4267.8721,0.4383234,4301.353,0.4366589,4213.461504370234,0.4412006583472683
Viewpoint 2,4288,2959.076299,0.370609,3073.918,0.365777,3098.2717,0.3624425,3031.106994766236,0.3706972046909139
Viewpoint 2,4289,1801.329896,0.297591,1877.1364,0.2926167,1891.7268,0.2890742,1838.8256428738464,0.2988716529118881
Viewpoint 2,4290,749.984608,0.203081,785.23773,0.2050935,790.49176,0.2064017649444694,764.4981115258098,0.204876039146565
Viewpoint 2,4301,47.901897,0.161812,50.136826,0.161943,50.760372,0.162979103106351,50.50715362585401,0.1629647699178376
Viewpoint 2,4302,634.99292,0.196274,657.65643,0.1976044,665.32629,0.1990545630089719,672.7058619562612,0.1994878340968325
Viewpoint 2,4303,1185.78406,0.233946,1240.2092,0.2318003,1265.583,0.2342897,1252.62286437813,0.234491018046088
Viewpoint 2,4304,1348.695088,0.254315,1470.0631,0.2586803,1488.3931,0.2473686,1423.9978649904608,0.2701004503126057
Viewpoint 2,4305,2318.058721,0.326295,2509.4216,0.3255723,2535.6704,0.3141213,2404.164183637906,0.3298115880944808
Viewpoint 2,4306,2941.674746,0.361599,3038.7483,0.3632384,3316.0967,0.3625679,2996.1649452452266,0.3637197295521053
Viewpoint 2,4307,3379.582166,0.386593,3659.6375,0.3999528,3710.7979,0.3864214,3563.092808153345,0.3981141184483584
Viewpoint 2,4308,3508.498674,0.394167,3708.4814,0.4022378,3757.4329,0.3902287,3644.7318140293214,0.4034986141264688
Viewpoint 2,4309,3340.763625,0.384394,3603.8765,0.3917433,3527.2317,0.3769708,3496.928701063169,0.3952400394098165
Viewpoint 2,4310,2982.328779,0.362424,3187.7317,0.3653387,3350.4189,0.3655421,3072.6532468174432,0.36725020211555
Viewpoint 2,4311,2777.602647,0.346815,3013.1472,0.3502685,3514.7095,0.3698907,2669.40850142662,0.3417960153709422
Viewpoint 2,4312,3332.241912,0.370912,3812.5532,0.3866796,4101.3477,0.4008662,2296.1586930470394,0.3196160908189568
Viewpoint 2,4313,3613.542177,0.389172,3582.6025,0.375659,3916.6045,0.3899211,2251.787951553588,0.3232125600481139
Viewpoint 2,4314,234.768201,0.172781,242.64964,0.1732435,244.52695,0.1743533613912634,239.2944764181433,0.174046585765745
Viewpoint 2,4325,47.794261,0.161806,50.016319,0.161936,50.638905,0.1629720296900516,50.36360673695312,0.1629563437154591
Viewpoint 2,4326,661.025634,0.197802,686.69427,0.1993089,694.73474,0.200780828972525,701.9563941643133,0.2012048403374452
Viewpoint 2,4327,1252.971582,0.241805,1310.5961,0.235932,1336.7942,0.2384698,1322.583948232695,0.2447185932814534
Viewpoint 2,4328,1795.883746,0.289911,1941.8956,0.2849162,1966.8861,0.2754563,1897.1824204856296,0.2976253271138214
Viewpoint 2,4329,1825.780035,0.299189,1970.3203,0.2926381,1990.7561,0.2795877,1899.6387994724373,0.2997784625166085
Viewpoint 2,4330,3032.431434,0.367567,3141.5137,0.3695214,3418.7256,0.3697829,3100.364231736952,0.3704405181450144
Viewpoint 2,4331,3511.599598,0.394845,3774.8694,0.4068458,3829.3638,0.3949746,3686.65903704186,0.4057773698365812
Viewpoint 2,4332,3658.290121,0.403336,3853.3516,0.4109493,3903.4001,0.3994417,3791.278978845045,0.4123246448342366
Viewpoint 2,4333,3469.876964,0.392468,3752.8865,0.4014154,3673.4678,0.3865635,3644.365449294905,0.4041414521027635
Viewpoint 2,4334,3131.702108,0.371324,3321.9333,0.3735531,3482.9636,0.3737315,3204.6405890792885,0.3754296747097447
Viewpoint 2,4335,2832.004122,0.351043,3132.6711,0.3581721,3635.9636,0.3800817,2792.701930173914,0.3499132521382767
Viewpoint 2,4336,3590.077689,0.386042,3902.6343,0.3921473,4191.5757,0.4061736,2383.656700239433,0.3248679939395575
Viewpoint 2,4337,3144.278671,0.369736,3627.7017,0.37829,3984.2515,0.3939129,2323.0795894127004,0.327405591413681
Viewpoint 2,4338,252.907964,0.173846,261.29376,0.1743379,263.31448,0.1754563104840666,257.60413630883653,0.1751213628013287
Viewpoint 2,4349,125.118161,0.166344,133.839,0.1668563,135.26292,0.1679389615181286,124.45133527869264,0.1673052933808592
Viewpoint 2,4350,871.338918,0.210148,901.36591,0.2119102,908.25946,0.2133147039751085,889.6308547909207,0.212221331176227
Viewpoint 2,4351,2134.984857,0.32976,2278.9773,0.3216674,2306.781,0.320131,2150.4464761772533,0.3244668189624272
Viewpoint 2,4352,2814.238639,0.36406,2914.0198,0.3581959,2935.9705,0.3540284,2876.215631131374,0.3632065183259569
Viewpoint 2,4353,3849.277111,0.425552,4035.7456,0.4262404,4072.2629,0.4220083,3957.8826665411952,0.4276698367869923
Viewpoint 2,4354,4614.826109,0.470482,4753.7544,0.4687714,4788.6289,0.4669216,4724.982611781256,0.4726692019554936
Viewpoint 2,4355,5030.950048,0.490527,5298.6201,0.4982121,5339.8994,0.4939333,5348.378945176075,0.5060897484354361
Viewpoint 2,4356,5311.978494,0.505892,5560.1934,0.5129741,5597.3828,0.5085538,5625.539781358657,0.5214519788874394
Viewpoint 2,4357,5359.786449,0.508392,5599.3604,0.5143447,5604.063,0.5086369,5622.352087528097,0.521209464197761
Viewpoint 2,4358,5066.814837,0.490839,5310.8809,0.4961183,5407.9834,0.4958707,5249.501114316217,0.4990619718126576
Viewpoint 2,4359,3559.354999,0.406768,3682.2932,0.4039685,3710.8025,0.40212,3634.3209191812007,0.4072306924978827
Viewpoint 2,4360,4526.957727,0.453195,4743.0913,0.4554924,4890.1938,0.4604973,3991.935143186076,0.4239558274122942
Viewpoint 2,4361,1551.290879,0.274331,1611.5878,0.2634571,1624.0923,0.2732606,1581.1362415767069,0.2701108949502488
Viewpoint 2,4362,735.759982,0.202217,768.07312,0.2040859,773.30457,0.2053928976241714,748.3889847029415,0.2039304334020626
Viewpoint 2,4373,46.875369,0.161752,46.316525,0.1617188,46.892117,0.1627522019618594,50.083338531256594,0.1629398919717847
Viewpoint 2,4374,718.928011,0.201204,747.05151,0.2028519,755.85077,0.2043683476752117,767.3739182491815,0.2050448490012269
Viewpoint 2,4375,1334.776469,0.253847,1426.1267,0.2571701,1453.9955,0.2453495,1408.13344738228,0.2706418171719248
Viewpoint 2,4376,2030.21914,0.312145,2185.1746,0.3079483,2213.0085,0.3017932,2141.157459340913,0.3148911439710898
Viewpoint 2,4377,3016.150631,0.381577,3301.2585,0.3892089,3340.657,0.3838394,3175.791318110511,0.3905833597694992
Viewpoint 2,4378,3398.928454,0.39052,3515.4241,0.3923514,3798.8408,0.3956418,3481.506286671607,0.3943261581815268
Viewpoint 2,4379,3889.342058,0.418847,4188.2236,0.4316475,4247.6709,0.4215854,4117.383060920664,0.4321369175742393
Viewpoint 2,4380,4098.571949,0.430311,4315.3203,0.4389211,4368.7822,0.4286323,4289.121430510006,0.4401442696572799
Viewpoint 2,4381,2863.848712,0.359148,3088.7747,0.3616287,3049.0344,0.3531831,3017.330604695805,0.3674727616832591
Viewpoint 2,4382,3517.67127,0.394967,3721.9316,0.3994565,3887.6143,0.3994756,3611.741075271447,0.4005605665086225
Viewpoint 2,4383,3223.385553,0.373328,3478.8784,0.3806452,3987.6953,0.4019651,3151.8010391977605,0.3728501244015292
Viewpoint 2,4384,4121.781855,0.426066,4273.5737,0.416807,4577.5176,0.4323598,2696.153853413998,0.3438551383252806
Viewpoint 2,4385,3541.605259,0.393514,3875.5979,0.3934911,4254.5073,0.4098258,2549.760892621145,0.3423739648177076
Viewpoint 2,4386,306.190432,0.176973,316.37762,0.1775714,318.81961,0.1787145567494202,311.6429292571292,0.1782934399473935
Viewpoint 2,4397,45.141331,0.16165,46.197678,0.1617118,46.772129,0.1627451568856389,48.153511960172274,0.1628266111520621
Viewpoint 2,4398,721.797016,0.201378,749.69104,0.2030069,758.50891,0.2045244386542622,765.5948962127236,0.2049404204076869
Viewpoint 2,4399,1372.564582,0.255378,1440.2795,0.2577747,1468.7797,0.2462173,1452.1141276510496,0.2723650627435336
Viewpoint 2,4400,1969.742207,0.306745,2124.6367,0.3011974,2151.9866,0.2886504,2078.7072415496896,0.310310368463578
Viewpoint 2,4401,1947.086982,0.308946,2096.5276,0.3023751,2118.1943,0.2918783,2021.5718670986605,0.3090451504200499
Viewpoint 2,4402,3341.723617,0.386535,3446.1702,0.3880807,3739.6614,0.3914684,3404.939209076093,0.389285357970708
Viewpoint 2,4403,2695.850074,0.349621,2909.3728,0.3537812,2944.8308,0.3456996,2830.296090463092,0.3567611255506343
Viewpoint 2,4404,3956.222696,0.421841,4191.6689,0.4315934,4241.0576,0.4206885,4149.440043848832,0.4315684627219296
Viewpoint 2,4405,3749.639018,0.409856,4075.23,0.4221466,3984.1033,0.4058105,3959.4099562991646,0.42312396030209
Viewpoint 2,4406,3403.316489,0.388179,3602.8264,0.3921878,3765.9846,0.3917187,3488.0650170109493,0.3930069566370948
Viewpoint 2,4407,3095.597516,0.366362,3386.2073,0.375024,3894.3506,0.395966,3059.8422572417826,0.36722588784574
Viewpoint 2,4408,3778.922867,0.399745,4144.7417,0.4085922,4434.0869,0.4228411,2613.7034611414992,0.3389054043714875
Viewpoint 2,4409,3274.20176,0.370499,3824.2046,0.3927269,4191.355,0.4061131,2525.588434754294,0.3405033884624218
Viewpoint 2,4410,288.830765,0.175954,298.16357,0.1765022,300.46686,0.177637277056403,293.76463242423216,0.1772439839233024
Viewpoint 2,4421,106.771258,0.165267,115.23575,0.1657643,116.50174,0.1668377908542366,109.47358291193358,0.1664260993169305
Viewpoint 2,4422,1079.082787,0.245478,1173.553,0.2381789,1187.6354,0.2297141,1098.3908096412351,0.2371472854671044
Viewpoint 2,4423,1909.715751,0.314226,2030.7754,0.302824,2059.1025,0.2952207,1940.2741087056224,0.3089178206166382
Viewpoint 2,4424,2952.972056,0.373196,3200.5718,0.3776553,3239.4233,0.3724351,3051.972234223408,0.3771708324395277
Viewpoint 2,4425,3664.128352,0.412715,3869.0269,0.4150338,3905.2075,0.4100114,3740.839541438316,0.4139439430667994
Viewpoint 2,4426,4667.629069,0.469737,4874.8594,0.4750631,5132.5464,0.4797167,4803.4661266065605,0.4759366264181878
Viewpoint 2,4427,5211.072512,0.50173,5565.7515,0.5145468,5623.4077,0.5097612,5470.404032706969,0.5147855070764108
Viewpoint 2,4428,5438.233016,0.514159,5743.1626,0.5244566,5797.7954,0.5195157,5679.99438316834,0.5258583711997915
Viewpoint 2,4429,7051.914896,0.612251,7214.1733,0.6132461,7265.2505,0.6123809,7216.8824242313085,0.6188904208416715
Viewpoint 2,4430,5019.710107,0.487685,5261.2031,0.4934372,5395.0957,0.4940902,5131.049286608756,0.492768528103677
Viewpoint 2,4431,4955.160833,0.488454,5132.3882,0.4887853,5174.0244,0.4876239,5067.882538258498,0.4911686609082824
Viewpoint 2,4432,5211.020841,0.487371,5301.5259,0.4840814,5528.6343,0.4936369,3940.662272899792,0.4201069946124766
Viewpoint 2,4433,4387.552169,0.458471,4484.4155,0.4323891,4697.8267,0.4381941,3177.9593157370105,0.3751461432884317
Viewpoint 2,4434,573.072151,0.192639,596.06793,0.1939892,600.4848,0.1952483729816653,584.024824009182,0.194282257169339
Viewpoint 2,4445,106.710374,0.165264,115.11539,0.1657573,116.38059,0.1668306042938584,109.33956713170562,0.1664182325906311
Viewpoint 2,4446,1243.713584,0.23762,1288.6074,0.2346413,1298.5344,0.2362238,1268.7400484695402,0.234475040845162
Viewpoint 2,4447,2580.225697,0.350391,2677.9246,0.3443289,2698.3616,0.339962,2627.1679826093628,0.3486587881298039
Viewpoint 2,4448,3999.205538,0.434705,4140.9043,0.4325098,4171.7988,0.4306459,4086.9532516241047,0.4352720230974697
Viewpoint 2,4449,5423.630072,0.518437,5581.1309,0.5179483,5621.6504,0.5163517,5533.367299081512,0.5207189984806241
Viewpoint 2,4450,4976.680855,0.488652,5161.6631,0.4914675,5349.8955,0.4942044,5123.219541772558,0.4942480816791847
Viewpoint 2,4451,7515.549588,0.639548,7627.5923,0.6383032,7680.6045,0.6375739,7704.849075766162,0.6481401377911103
Viewpoint 2,4452,5749.573769,0.531683,6092.3643,0.5441784,6145.7461,0.5396174,6041.127300813419,0.5459979816804788
Viewpoint 2,4453,7305.543822,0.626776,7476.8887,0.6287094,7529.5684,0.6278937,7492.289988079617,0.6350352839460793
Viewpoint 2,4454,6376.203669,0.572466,6565.2432,0.5742283,6615.103,0.5732549,6536.021201910136,0.5782432999767027
Viewpoint 2,4455,5115.873721,0.497704,5308.8916,0.4990404,5352.3823,0.4979657,5241.76150278368,0.50129772221782
Viewpoint 2,4456,5131.136676,0.485009,5497.271,0.4960828,5764.0317,0.5078037,4195.517577361231,0.4348785188378168
Viewpoint 2,4457,5599.043877,0.527558,5499.5542,0.4948671,5700.4868,0.5026619,4268.434587005969,0.4379746486245971
Viewpoint 2,4458,1115.094731,0.228001,1192.3003,0.2293018,1195.9781,0.2305811,1139.7588500829474,0.230212942918748
Viewpoint 2,4469,0.0,0.159,0.0,0.159,0.0,0.0,2.3260153785242408e-05,0.160000001365371
Viewpoint 2,4470,23.260778,0.160365,23.994724,0.1604085,24.175718,0.1614189124804778,23.776134152050155,0.1613956590747253
Viewpoint 2,4471,70.554201,0.163142,72.993523,0.1632847,73.548973,0.164316659761798,71.95177386775767,0.1642235691260374
Viewpoint 2,4472,94.643223,0.164556,97.997894,0.1647525,98.747231,0.1657955774142041,96.79080077491908,0.1656816200054877
Viewpoint 2,4473,142.398093,0.167359,147.2132,0.1676414,148.33736,0.1687065440615669,145.20114099094786,0.1685233069761686
Viewpoint 2,4474,165.47326,0.168713,171.35132,0.1690583,172.65103,0.1701339020604201,169.6654812613227,0.1699593637500396
Viewpoint 2,4475,188.427537,0.170061,194.9986,0.1704464,196.46573,0.1715319728235309,193.2658912602145,0.1713447078169745
Viewpoint 2,4476,188.628484,0.170072,195.06152,0.1704501,196.53009,0.1715356544815485,193.2731802096189,0.1713451356783046
Viewpoint 2,4477,189.265105,0.17011,195.75056,0.1704906,197.23431,0.1715771401639645,192.8714645111388,0.1713215549668038
Viewpoint 2,4478,165.502894,0.168715,171.35638,0.1690586,172.66045,0.1701343751500548,169.01447058437267,0.1699211494233027
Viewpoint 2,4479,141.551813,0.167309,146.38414,0.1675927,147.49887,0.1686573281220944,144.35958599014654,0.1684739076976216
Viewpoint 2,4480,93.668512,0.164498,96.846489,0.1646849,97.584061,0.1657275026682291,95.88406231542706,0.1656283944579155
Viewpoint 2,4481,69.474387,0.163078,71.709167,0.1632093,72.257202,0.1642409118762433,70.71326533972052,0.1641508686754416
Viewpoint 2,4482,22.740522,0.160335,23.454033,0.1603768,23.635111,0.1613871587845421,23.152542054622245,0.1613590542186063
Viewpoint 2,4493,44.566376,0.161616,46.002541,0.1617004,46.34716,0.1627201778284274,45.5906792285531,0.162676172870716
Viewpoint 2,4494,815.464416,0.206868,845.1734,0.2086117,851.6366,0.2099909152304445,834.3026829116093,0.2089735674869114
Viewpoint 2,4495,1739.497607,0.296196,1799.7157,0.2865274,1813.433,0.2863247,1769.1677250136015,0.2967976255010606
Viewpoint 2,4496,2718.222684,0.358233,2810.4524,0.35203,2831.6482,0.3478241,2773.798094583371,0.357094718399041
Viewpoint 2,4497,3659.431542,0.414118,3784.2039,0.4110796,3812.3645,0.4091361,3737.588115188261,0.4143460314090589
Viewpoint 2,4498,4464.776033,0.461582,4602.5479,0.459566,4636.3882,0.4579255,4572.521218944875,0.4636462022581514
Viewpoint 2,4499,4981.751201,0.491943,5123.877,0.4905215,5161.1157,0.4889139,5100.9649855343005,0.4947133244300167
Viewpoint 2,4500,5127.970087,0.50046,5273.5488,0.4992587,5311.7314,0.4977187,5252.028161758163,0.5035051559947534
Viewpoint 2,4501,4896.315772,0.486623,5033.6167,0.4849343,5070.4229,0.4833173,4984.452040919793,0.487645219152281
Viewpoint 2,4502,4298.234867,0.451038,4437.1299,0.4491544,4470.4619,0.4474427,4391.276153954012,0.452398449636201
Viewpoint 2,4503,3450.002266,0.400519,3568.9463,0.3966503,3596.5391,0.3953891,3522.1954153466927,0.4006526288637065
Viewpoint 2,4504,2471.642417,0.342079,2565.1758,0.3353129,2585.2109,0.331968,2532.3592622301844,0.3415077425278789
Viewpoint 2,4505,1488.889127,0.266963,1545.4135,0.2515796,1557.4103,0.2689339,1516.5108057239836,0.2623536664411631
Viewpoint 2,4506,606.844409,0.194622,630.33765,0.1960008,634.95532,0.1972717945079717,616.8492757601531,0.196209052487121
Viewpoint 2,4517,22.740644,0.160335,23.470404,0.1603777,23.645998,0.1613877909738302,23.25526568136452,0.1613650840954961
Viewpoint 2,4518,415.722198,0.183403,429.98572,0.1842402,433.25183,0.1854317957302877,425.327029005383,0.184966696602616
Viewpoint 2,4519,905.924151,0.212178,937.41418,0.2140262,944.56171,0.2154456016799061,922.7581899911648,0.2141659057524814
Viewpoint 2,4520,1416.598221,0.259088,1466.2963,0.2463867,1477.46,0.265091,1447.2434509600323,0.259569446425398
Viewpoint 2,4521,1904.638865,0.308428,1970.7803,0.300045,1985.7057,0.2964811,1943.339080580963,0.307059968488907
Viewpoint 2,4522,2325.574873,0.334183,2404.3647,0.3266786,2422.437,0.3231913,2380.1544635362284,0.3332265901611677
Viewpoint 2,4523,2580.354771,0.349266,2665.0605,0.3421485,2684.9382,0.3387857,2639.7462964980764,0.3486070638458001
Viewpoint 2,4524,2658.57101,0.353866,2743.582,0.3476095,2764.0217,0.3434796,2717.075892547283,0.3531834040443533
Viewpoint 2,4525,2536.301755,0.34671,2619.9109,0.3394772,2639.5447,0.3360788,2581.702808423536,0.3452144418416568
Viewpoint 2,4526,2225.341089,0.328082,2302.7666,0.3205914,2320.1768,0.3163695,2271.9781771353746,0.3267382841460802
Viewpoint 2,4527,1794.760638,0.299608,1854.9967,0.2920402,1869.1432,0.2894578,1829.0334883784817,0.300083039516951
Viewpoint 2,4528,1279.500523,0.241091,1324.0106,0.2367194,1334.1642,0.2383153,1309.1439168199802,0.2368670584595537
Viewpoint 2,4529,769.279557,0.204157,795.69958,0.2057076,801.82928,0.2070672496327658,782.9514139894717,0.2059592480011819
Viewpoint 2,4530,306.25325,0.176977,316.17001,0.1775592,318.61093,0.1787023642688001,311.34133017296085,0.1782757360811528
Viewpoint 2,4541,66.496859,0.162903,70.981277,0.1631666,71.737152,0.1642103055577065,65.96325672022496,0.1638720431694772
Viewpoint 2,4542,1008.09298,0.229042,1073.4374,0.2220108,1084.9802,0.2236882,1010.7089990748366,0.2193286182456929
Viewpoint 2,4543,1969.194754,0.320627,2094.7041,0.3094159,2119.3411,0.3080534,1975.2968130015968,0.3139453666628722
Viewpoint 2,4544,2893.337494,0.372113,3075.8469,0.3706139,3107.8372,0.3682278,2930.284843433537,0.3703746473003096
Viewpoint 2,4545,3037.227273,0.376905,3141.825,0.3715998,3165.375,0.3690798,3100.582416495489,0.3764548029985093
Viewpoint 2,4546,4582.283287,0.468972,4770.1782,0.4699094,4859.6011,0.4691446,4739.99885833218,0.4737141914149869
Viewpoint 2,4547,5053.115688,0.494519,5284.8145,0.499057,5327.7017,0.4957577,5298.431984518909,0.505026542419992
Viewpoint 2,4548,5236.39888,0.504276,5476.0654,0.5097823,5514.4893,0.5062627,5503.183873721168,0.5163615143188358
Viewpoint 2,4549,5184.337371,0.501254,5428.1836,0.5061811,5437.9253,0.5014417,5386.355813112495,0.5094509659196813
Viewpoint 2,4550,3556.403534,0.407271,3672.7537,0.4038931,3700.3843,0.4020523,3629.522935422988,0.4074431080842072
Viewpoint 2,4551,2846.035593,0.364782,2943.6797,0.3591722,2966.2646,0.3556753,2903.885960038407,0.3641905743691255
Viewpoint 2,4552,2040.565009,0.316524,2113.3467,0.308048,2129.7068,0.3045796,2087.6891337185043,0.3152165056297988
Viewpoint 2,4553,1223.691235,0.233265,1268.0399,0.2334339,1277.856,0.23501,1245.6874099521235,0.2332331812808641
Viewpoint 2,4554,688.032006,0.199388,716.67584,0.2010689,721.71393,0.2023645317711029,699.1579881542018,0.2010405739046516
Viewpoint 2,4565,0.0,0.159,0.0,0.159,0.0,0.0,2.325041861810205e-05,0.1600000013647995
Viewpoint 2,4566,0.0,0.159,0.0,0.159,0.0,0.0,2.3766860996474684e-05,0.1600000013951147
Viewpoint 2,4567,0.0,0.159,0.0,0.159,0.0,0.0,2.397575846841305e-05,0.160000001407377
Viewpoint 2,4568,0.0,0.159,0.0,0.159,0.0,0.0,2.419110569262281e-05,0.1600000014200179
Viewpoint 2,4569,0.0,0.159,0.0,0.159,0.0,0.0,2.4196138861767784e-05,0.1600000014203133
Viewpoint 2,4570,0.0,0.159,0.0,0.159,0.0,0.0,2.4237607420220383e-05,0.1600000014227475
Viewpoint 2,4571,0.0,0.159,0.0,0.159,0.0,0.0,2.4162893005718844e-05,0.1600000014183618
Viewpoint 2,4572,0.0,0.159,0.0,0.159,0.0,0.0,2.416223878768332e-05,0.1600000014183234
Viewpoint 2,4573,0.0,0.159,0.0,0.159,0.0,0.0,2.410738223434305e-05,0.1600000014151033
Viewpoint 2,4574,0.0,0.159,0.0,0.159,0.0,0.0,2.414066480248959e-05,0.160000001417057
Viewpoint 2,4575,0.0,0.159,0.0,0.159,0.0,0.0,2.405466694180502e-05,0.1600000014120089
Viewpoint 2,4576,0.0,0.159,0.0,0.159,0.0,0.0,2.396669711344672e-05,0.1600000014068451
Viewpoint 2,4577,0.0,0.159,0.0,0.159,0.0,0.0,2.3569466754541783e-05,0.1600000013835277
Viewpoint 2,4578,0.0,0.159,0.0,0.159,0.0,0.0,2.3154625140527914e-05,0.1600000013591765
Viewpoint 2,4589,22.733572,0.160334,23.462629,0.1603772,23.638165,0.16138736553355,23.24801861256065,0.1613646586925573
Viewpoint 2,4590,709.33302,0.200638,734.43695,0.2021115,740.04633,0.2034406148138255,725.3694246782588,0.2025791852286138
Viewpoint 2,4591,1516.37485,0.274026,1570.0062,0.2616627,1581.9796,0.2724212,1543.904447347226,0.2688432889555514
Viewpoint 2,4592,2394.611546,0.338829,2481.3157,0.3315309,2500.084,0.3280577,2448.843780352257,0.3376526138686536
Viewpoint 2,4593,3241.012369,0.389124,3353.6294,0.3847302,3378.7136,0.3826425,3310.353732646515,0.3889498934976211
Viewpoint 2,4594,3942.404693,0.43059,4066.9875,0.4277661,4097.0923,0.4258791,4035.079165476704,0.4318140368535605
Viewpoint 2,4595,4395.610111,0.457383,4533.7153,0.4553512,4566.9292,0.4536959,4504.656532823956,0.4594503865929195
Viewpoint 2,4596,4530.053867,0.465192,4666.3457,0.4631345,4700.4243,0.4615211,4637.472082477536,0.4672033482321697
Viewpoint 2,4597,4328.333807,0.453049,4464.5229,0.4510763,4497.3872,0.4494285,4413.437447692113,0.453955861537844
Viewpoint 2,4598,3798.754922,0.421659,3921.9609,0.4187424,3951.4482,0.416868,3877.4039328138624,0.4220895480532317
Viewpoint 2,4599,3049.103317,0.3769,3156.9365,0.3717428,3181.22,0.3694537,3114.6225204776283,0.3766395536688004
Viewpoint 2,4600,2173.732384,0.324539,2255.2764,0.3171348,2272.7852,0.3130035,2227.3694107053125,0.3234939270471921
Viewpoint 2,4601,1307.136075,0.243813,1355.9771,0.2387513,1366.4884,0.2402978,1331.5188324620815,0.238727604003038
Viewpoint 2,4602,525.62837,0.189854,544.28876,0.1909498,548.37323,0.1921893897286606,533.5904621867285,0.1913217601303609
Viewpoint 2,4613,22.736917,0.160335,23.460047,0.1603771,23.635574,0.1613872433771327,23.24563868770359,0.1613645189909682
Viewpoint 2,4614,933.007916,0.213768,966.43231,0.2157296,973.84326,0.2171645008385571,953.2709478128382,0.2159570046366136
Viewpoint 2,4615,1979.614914,0.314009,2050.0134,0.305876,2065.6482,0.3014549,2014.1014849342016,0.3117581971958488
Viewpoint 2,4616,3116.512668,0.38199,3221.6355,0.3765621,3245.8604,0.3749108,3179.575153136492,0.3813323704410539
Viewpoint 2,4617,4222.764503,0.447591,4360.5166,0.4453583,4392.7358,0.4436526,4310.715752486095,0.4483702411137524
Viewpoint 2,4618,5140.888852,0.501706,5302.4971,0.5012738,5341.1147,0.4996985,5279.104543814393,0.5054822025511797
Viewpoint 2,4619,5762.321605,0.537827,5917.7021,0.5374603,5960.1831,0.5361361,5909.903699406177,0.5425348059600079
Viewpoint 2,4620,5956.337774,0.548985,6103.8682,0.5482928,6147.4507,0.547051,6100.561094986154,0.5535883103768944
Viewpoint 2,4621,5666.011332,0.531896,5825.98,0.5316569,5868.0903,0.5303227,5785.71490363449,0.5348993290721273
Viewpoint 2,4622,4968.67465,0.490405,5125.7681,0.4899213,5164.2754,0.488405,5080.808826039788,0.4930091091303759
Viewpoint 2,4623,3982.275264,0.431744,4124.8076,0.4299435,4157.0986,0.4282857,4071.9988694175095,0.4329401583882774
Viewpoint 2,4624,2850.589658,0.364217,2955.4607,0.3587934,2978.8489,0.3555273,2914.8670578548167,0.3639403851589505
Viewpoint 2,4625,1698.667503,0.289103,1766.8392,0.2758293,1780.6122,0.2826842,1731.3722214167942,0.2879837300769134
Viewpoint 2,4626,688.156475,0.199395,716.92041,0.2010832,721.93463,0.2023775300396243,698.9593744415555,0.2010289152797193
Viewpoint 2,4637,22.705669,0.160333,23.457506,0.160377,23.633017,0.1613870250309463,23.24328213759558,0.1613643806614768
Viewpoint 2,4638,932.183991,0.213719,965.86475,0.2156963,973.27283,0.217131000849985,952.695407719555,0.2159232204331378
Viewpoint 2,4639,2009.356277,0.315831,2082.3486,0.3078171,2098.2334,0.303403,2045.700774236456,0.3136825487498098
Viewpoint 2,4640,3176.136993,0.385599,3285.4983,0.3803701,3310.1936,0.3787384,3242.576689433049,0.3850909174133057
Viewpoint 2,4641,4298.751059,0.452133,4440.667,0.4501785,4473.4438,0.4484355,4390.554637127797,0.4531062111348518
Viewpoint 2,4642,5263.936357,0.508888,5416.5269,0.5080219,5455.9102,0.506487,5394.7515445092295,0.5123222875983025
Viewpoint 2,4643,5905.542453,0.546178,6050.3511,0.5452969,6093.6846,0.5440215,6046.004535594595,0.5505634124959168
Viewpoint 2,4644,6091.336707,0.556919,6237.3135,0.556166,6281.7339,0.5549732,6237.947263058377,0.5616798267392944
Viewpoint 2,4645,5804.190285,0.539916,5958.5454,0.5394647,6001.52,0.5381791,5920.56848453509,0.5428356022233217
Viewpoint 2,4646,5073.764926,0.496648,5241.2837,0.4967074,5280.6665,0.4952382,5196.780955760745,0.4998226283779861
Viewpoint 2,4647,4059.269135,0.436289,4207.916,0.4348638,4240.9409,0.4331867,4154.16033873878,0.437776582849939
Viewpoint 2,4648,2914.66416,0.367971,3022.5737,0.3628222,3046.5632,0.3594697,2980.4291261883764,0.3677705331797297
Viewpoint 2,4649,1732.150457,0.291976,1800.7335,0.2777914,1814.7819,0.284647,1764.1100683850289,0.2907978954335364
Viewpoint 2,4650,687.806733,0.199374,717.01038,0.2010885,722.01337,0.2023821294240051,698.8673043714695,0.2010235107666052
Viewpoint 2,4661,34.271826,0.161012,36.806408,0.1611605,37.198566,0.1621831836944368,34.18943739754272,0.1620069199752357
Viewpoint 2,4662,847.28066,0.208735,877.59509,0.2105148,884.31744,0.2119093070149974,866.0569092029044,0.2108375405702104
Viewpoint 2,4663,1849.89122,0.305298,1915.407,0.296973,1930.0176,0.2933529,1882.335491068136,0.3037781807836613
Viewpoint 2,4664,2909.694061,0.369562,3008.9861,0.3638946,3031.656,0.3601986,2969.627968938697,0.368820355654991
Viewpoint 2,4665,3961.598441,0.431902,4084.8103,0.4290093,4115.1045,0.4272134,4036.159523630587,0.4320964771012375
Viewpoint 2,4666,5586.27823,0.524637,5788.8345,0.5286037,5938.1167,0.5301649,5813.331144240327,0.5350686836026479
Viewpoint 2,4667,6204.681171,0.559766,6567.1016,0.5732909,6611.6299,0.5693405,6559.211484714999,0.5779670266608383
Viewpoint 2,4668,5579.166393,0.526968,5723.7769,0.5258729,5764.9106,0.5244899,5710.001672709109,0.5305797232930254
Viewpoint 2,4669,6528.757487,0.577269,6833.5742,0.587281,6805.9517,0.579715,6810.434409227353,0.591526981291322
Viewpoint 2,4670,6103.957047,0.551455,6344.8301,0.5571388,6436.5562,0.5565091,6271.451074431871,0.5593092125827192
Viewpoint 2,4671,3726.660967,0.41674,3862.9248,0.414608,3892.9988,0.4128427,3812.7452199208096,0.4177393339537496
Viewpoint 2,4672,2658.739676,0.353021,2756.3979,0.346487,2778.0837,0.3432392,2719.6363689112786,0.3524986377936688
Viewpoint 2,4673,1586.890852,0.278335,1649.1393,0.2689765,1661.9825,0.2754426,1616.9244051317023,0.2727919859590079
Viewpoint 2,4674,839.075834,0.209216,883.00354,0.2108323,888.24603,0.2122376063936943,854.203402489826,0.2105960590566512
Viewpoint 2,4685,34.31542,0.161014,36.915359,0.1611669,37.308662,0.1621896736385492,34.29921323235894,0.1620133638167394
Viewpoint 2,4686,1141.876896,0.22644,1183.6147,0.2284782,1192.7369,0.2300135,1165.7744352560587,0.2284309593495306
Viewpoint 2,4687,2976.460387,0.375817,3163.8601,0.375152,3208.7507,0.3726386,3015.73913772486,0.3746959719984096
Viewpoint 2,4688,3862.788288,0.426591,3997.4875,0.4239853,4027.3801,0.4221437,3944.720275771641,0.4268820744762311
Viewpoint 2,4689,5257.816499,0.508935,5421.356,0.508548,5460.8193,0.5069095,5371.442058363692,0.5112115244722975
Viewpoint 2,4690,6973.156531,0.604959,7234.8887,0.6131358,7522.6426,0.621415,7161.268113303539,0.6139804820395498
Viewpoint 2,4691,7324.412011,0.628405,7449.8438,0.6278685,7501.7515,0.6270846,7508.112950529458,0.6366358712544309
Viewpoint 2,4692,7542.610442,0.640963,7676.9458,0.6410267,7729.9473,0.6402954,7748.785355396248,0.6504984687602888
Viewpoint 2,4693,7168.137092,0.618988,7316.4727,0.6193489,7367.9863,0.6184862,7320.90650765282,0.6250549965691439
Viewpoint 2,4694,7458.852457,0.629655,7779.4683,0.6408674,7915.1831,0.6417798,7604.446403537571,0.6371095587378569
Viewpoint 2,4695,4994.08205,0.49064,5178.6689,0.4915237,5220.9302,0.4904057,5113.114699856383,0.4938593033826105
Viewpoint 2,4696,6799.507207,0.586873,7060.1973,0.5887268,7451.6763,0.607453,5507.743385859165,0.5117363795540509
Viewpoint 2,4697,2138.076402,0.32054,2233.3789,0.3129534,2250.9072,0.3095584,2180.1866864997023,0.3189567447536205
Viewpoint 2,4698,928.46137,0.215336,986.02002,0.2171872,990.89294,0.2182793005598174,948.89207482877,0.2171118227056976
Viewpoint 2,4709,0.0,0.159,0.0,0.159,0.0,0.0,2.3236385511788835e-05,0.1600000013639758
Viewpoint 2,4710,1255.392438,0.263448,1338.8016,0.2467259,1353.2089,0.2539038,1261.2265059472245,0.2653784545387721
Viewpoint 2,4711,2484.893466,0.348807,2640.7744,0.3453602,2673.6929,0.3426385,2492.323149588888,0.3452216381962383
Viewpoint 2,4712,3564.038472,0.410588,3770.5891,0.4118538,3810.1365,0.4085568,3614.0656283218455,0.4095028894351653
Viewpoint 2,4713,4591.453041,0.468882,4787.9258,0.4705793,4829.0957,0.4668491,4704.590551154771,0.471557042495965
Viewpoint 2,4714,5627.506495,0.52729,5821.6943,0.5307838,5958.96,0.5319203,5851.059792713713,0.5375563075799299
Viewpoint 2,4715,5005.814939,0.493381,5148.4214,0.4919966,5185.8325,0.4903996,5124.736645513807,0.4961447927604255
Viewpoint 2,4716,5160.412599,0.502328,5300.3232,0.5008608,5338.6768,0.4993325,5278.161195483549,0.5050838331137851
Viewpoint 2,4717,4913.591398,0.487763,5061.6377,0.4866078,5098.6069,0.485004,5012.162028123647,0.4893014744477243
Viewpoint 2,4718,4308.079613,0.451651,4447.6411,0.4497932,4481.0537,0.4480909,4401.375849464255,0.4530157815355482
Viewpoint 2,4719,3455.60381,0.400889,3577.2393,0.39715,3604.9531,0.3959008,3529.9926342276567,0.4011276568422584
Viewpoint 2,4720,4958.970809,0.480041,5355.8003,0.4918687,5553.4614,0.4996386,4598.4698505487895,0.4594061409712077
Viewpoint 2,4721,4073.657522,0.42322,4394.0928,0.429502,4523.1123,0.4357528,3579.4438350722057,0.3972179277842748
Viewpoint 2,4722,839.934382,0.209307,885.31195,0.2109678,890.45392,0.2123707060675191,855.6051558223627,0.2109521171275548
Viewpoint 2,4733,0.0,0.159,0.0,0.159,0.0,0.0,2.3234155163905587e-05,0.1600000013638449
Viewpoint 2,4734,1741.123517,0.306775,1844.9879,0.293169,1864.2457,0.2877158,1744.9249361148188,0.2978370584749945
Viewpoint 2,4735,1786.013528,0.300172,1846.0184,0.2918645,1860.1066,0.2891374,1814.3543671198888,0.299623667525576
Viewpoint 2,4736,4834.197471,0.48336,5060.312,0.486882,5110.4531,0.4839146,4937.913900049817,0.4858444309087569
Viewpoint 2,4737,3860.468457,0.425954,3986.3,0.4231728,4015.9058,0.4212362,3938.10834028303,0.426289744365974
Viewpoint 2,4738,4717.502909,0.476651,4861.397,0.4751876,4897.0356,0.4733808,4832.665627802974,0.4790870184500221
Viewpoint 2,4739,9620.229798,0.762104,10271.587,0.7929099,10339.857,0.7907337,10044.461201441796,0.7855320272835482
Viewpoint 2,4740,5456.774614,0.519888,5610.1704,0.5191609,5650.5605,0.5177508,5593.4778315127305,0.5237122827545213
Viewpoint 2,4741,5197.302418,0.504341,5353.1396,0.5038006,5392.0776,0.5023076,5305.9384358725465,0.5066531634818887
Viewpoint 2,4742,4552.178402,0.466131,4704.0713,0.464891,4739.4067,0.4634675,4657.662126755137,0.4681120142809463
Viewpoint 2,4743,3639.745431,0.411559,3765.7161,0.4089106,3795.001,0.4071088,3716.33932885322,0.4120835521471135
Viewpoint 2,4744,2591.716983,0.349124,2690.6997,0.3426461,2711.8528,0.3393686,2654.883191534378,0.3487011355689006
Viewpoint 2,4745,1538.456974,0.272859,1598.4742,0.2626732,1610.9277,0.2724632,1567.3566582522114,0.2683071629808126
Viewpoint 2,4746,1322.238952,0.241632,1458.1602,0.2448874,1455.0408,0.2457627,1384.2062724469504,0.2470499536947825
Viewpoint 2,4757,0.0,0.159,0.0,0.159,0.0,0.0,2.3231964473215927e-05,0.1600000013637163
Viewpoint 2,4758,811.371552,0.206628,839.99335,0.2083076,846.42828,0.2096852172332248,829.0889014575773,0.2086675185155597
Viewpoint 2,4759,1766.689727,0.298589,1828.449,0.2882791,1842.406,0.2880802,1797.139175868747,0.2985802032528358
Viewpoint 2,4760,2827.514364,0.364862,2924.9756,0.3588985,2947.0364,0.3547295,2886.6405730034376,0.3638834134773295
Viewpoint 2,4761,3847.29204,0.425311,3969.9688,0.422207,3999.4619,0.4202655,3921.846473657511,0.425328645667659
Viewpoint 2,4762,4699.561051,0.475609,4845.501,0.4742501,4881.0327,0.4724381,4816.5626709760745,0.4781384692674733
Viewpoint 2,4763,5253.242999,0.50811,5407.5938,0.5073269,5446.7329,0.5058285,5387.688546259526,0.5117223187440042
Viewpoint 2,4764,5430.551686,0.518322,5577.8135,0.5172538,5617.9907,0.5158317,5560.347537038525,0.5217626314908096
Viewpoint 2,4765,5172.149864,0.502991,5321.0688,0.501913,5359.7856,0.5004082,5273.435788334464,0.5047420760696755
Viewpoint 2,4766,4523.741298,0.46442,4671.9487,0.4630034,4707.0454,0.4615682,4625.426242554565,0.4662110704853438
Viewpoint 2,4767,3624.502965,0.410659,3750.0095,0.4079718,3779.1738,0.406183,3700.7131972753873,0.4111671751802788
Viewpoint 2,4768,2575.409489,0.348207,2674.3242,0.3416871,2695.3474,0.3384026,2638.70312468795,0.3477510851621475
Viewpoint 2,4769,1523.272342,0.271072,1581.4498,0.2616719,1593.7726,0.2714601,1550.6884741220204,0.2663851130325854
Viewpoint 2,4770,591.567732,0.193725,611.92694,0.1949201,616.38202,0.1961815293563986,597.8501476327783,0.1950938036660441
Viewpoint 2,4781,0.0,0.159,0.0,0.159,0.0,0.0,2.322981666730014e-05,0.1600000013635902
Viewpoint 2,4782,1398.81199,0.280815,1496.0917,0.2628552,1512.2258,0.2637845,1403.0736183932158,0.275978562017184
Viewpoint 2,4783,2623.10371,0.356616,2803.4568,0.354779,2840.894,0.3521122,2642.96888354612,0.3540167009034
Viewpoint 2,4784,3692.915354,0.417406,3908.3408,0.4194021,3950.2688,0.4158327,3757.206840492851,0.4172246129281692
Viewpoint 2,4785,4208.855092,0.446793,4347.7661,0.4446311,4379.9087,0.4429248,4297.689949395528,0.4476307649150316
Viewpoint 2,4786,5161.199486,0.502944,5310.7637,0.5017913,5349.4517,0.5002223,5286.778477776557,0.5059673243575477
Viewpoint 2,4787,6754.002431,0.592103,7160.9014,0.6082221,7197.7212,0.6036955,7115.170656623276,0.6108693979787779
Viewpoint 2,4788,5969.302219,0.549757,6118.9321,0.5492057,6162.5815,0.5479705,6114.519144483464,0.5544383486592549
Viewpoint 2,4789,5689.244892,0.533184,5842.5376,0.5326566,5884.707,0.5313311,5801.486784956594,0.5358551192227531
Viewpoint 2,4790,6543.990376,0.577253,6797.5347,0.5837489,6897.8374,0.5834537,6718.258228405055,0.585603019744724
Viewpoint 2,4791,5803.084537,0.532194,6141.3418,0.5426525,6480.1035,0.5562713,5883.454170474925,0.5356994579459848
Viewpoint 2,4792,2818.420876,0.362418,2928.9626,0.3572356,2952.1982,0.3539665,2888.069502481576,0.3623691309672127
Viewpoint 2,4793,1669.473677,0.286296,1735.0469,0.2739375,1748.6061,0.280782,1699.6511241968894,0.2828656293862498
Viewpoint 2,4794,641.254564,0.196642,664.40417,0.1980005,669.09576,0.1992758550473211,647.6197852438391,0.1980152813938133
Viewpoint 2,4805,0.0,0.159,0.0,0.159,0.0,0.0,2.322771496039778e-05,0.1600000013634668
Viewpoint 2,4806,1008.99415,0.236736,1097.4039,0.2234176,1110.5936,0.2251917,1024.7092116223382,0.2209238996237701
Viewpoint 2,4807,1696.695858,0.297999,1845.4899,0.2912093,1884.2017,0.2916428,1739.3974774774344,0.2978153066603962
Viewpoint 2,4808,2121.790957,0.321226,2317.0757,0.3177944,2350.9119,0.3138485,2227.3905554989688,0.3230921507934036
Viewpoint 2,4809,3925.390713,0.428347,4156.7817,0.4333845,4198.5283,0.4280216,3984.132668092724,0.4304554482979787
Viewpoint 2,4810,7046.374401,0.613104,7203.6064,0.613632,7254.4648,0.612666,7235.289007592206,0.6209199231034732
Viewpoint 2,4811,5333.449719,0.507767,5740.397,0.5250363,5774.8247,0.517221,5504.375521963092,0.5166778567356658
Viewpoint 2,4812,4357.910014,0.44672,4769.8579,0.4643664,4814.6396,0.4560325,4545.503321491188,0.4562606919351127
Viewpoint 2,4813,4371.902477,0.4465,4779.5269,0.4645202,4573.7056,0.4422319,4472.482273348215,0.4535117169098619
Viewpoint 2,4814,4032.927468,0.426804,4290.0459,0.4327978,4409.8765,0.4310592,4055.5483081662337,0.4271240985348346
Viewpoint 2,4815,3552.948004,0.39546,3963.9707,0.4108088,4555.4907,0.4361106,3574.457580357568,0.3983324446595231
Viewpoint 2,4816,4050.66104,0.438076,4603.2266,0.4379164,5065.5234,0.4621127,3020.891941611174,0.3640806523431177
Viewpoint 2,4817,4282.516297,0.448288,4388.7041,0.4229809,4594.582,0.4322668,3146.915545084507,0.3729603161314543
Viewpoint 2,4818,322.872448,0.177953,331.70575,0.1784711,334.26413,0.1796211893140273,326.24129732808643,0.1791503641531587
Viewpoint 2,4829,0.0,0.159,0.0,0.159,0.0,0.0,2.322566251858129e-05,0.1600000013633463
Viewpoint 2,4830,608.183642,0.1947,665.15289,0.1980445,673.32422,0.1995240448815366,617.0484083058427,0.1962207415675529
Viewpoint 2,4831,1331.558489,0.251267,1405.4221,0.2555612,1442.9858,0.2447032,1406.6983414791405,0.2683481372355644
Viewpoint 2,4832,1963.431356,0.306094,2121.2544,0.3008834,2154.2166,0.2887942,2072.3078130121844,0.3100225006330679
Viewpoint 2,4833,2744.599091,0.352369,2898.793,0.3529719,2928.0447,0.3440292,2765.26041681154,0.3534119772950552
Viewpoint 2,4834,3533.211871,0.397129,3648.5798,0.3989884,4053.9451,0.4091875,3477.6363022605733,0.3938238990425869
Viewpoint 2,4835,4069.733586,0.428291,4414.7891,0.4472022,4426.7007,0.4316247,4126.781747711877,0.4327704215861453
Viewpoint 2,4836,4155.440749,0.433478,4488.1255,0.447212,4538.1646,0.4382182,4269.915227842644,0.4391509154233918
Viewpoint 2,4837,3976.427319,0.422753,4384.4155,0.4410939,4155.5635,0.4164253,4061.747509560784,0.4293577933478893
Viewpoint 2,4838,2825.245733,0.356332,3011.5757,0.3552963,3084.3643,0.352654,2856.280911592887,0.3565454421754044
Viewpoint 2,4839,3100.907991,0.366977,3396.1604,0.3755154,3986.1492,0.4014283,3081.948336690031,0.3684756050646799
Viewpoint 2,4840,3470.040311,0.379865,4113.4751,0.4067447,4590.873,0.4318712,2617.241699304586,0.3390420555782996
Viewpoint 2,4841,3857.582313,0.397542,3507.6138,0.3664795,3724.7151,0.3786952,2288.787508074802,0.3244325022876004
Viewpoint 2,4842,252.459262,0.173819,258.79617,0.1741913,260.79871,0.1753086471394472,254.84476289703787,0.1749593875820561
Viewpoint 2,4853,0.0,0.159,0.0,0.159,0.0,0.0,2.3223662444860703e-05,0.1600000013632289
Viewpoint 2,4854,949.169436,0.228391,1032.6094,0.2196142,1045.0236,0.2213427,965.1157106835802,0.2173177111747633
Viewpoint 2,4855,1361.237424,0.257786,1469.8611,0.2599447,1508.402,0.2485431,1435.963787486248,0.2735283688974058
Viewpoint 2,4856,2853.081654,0.367554,3099.9282,0.3718526,3142.6655,0.3666873,2945.351095012359,0.3712536535017622
Viewpoint 2,4857,2897.791134,0.362232,3060.6987,0.3633613,3091.5051,0.355959,2932.332014965589,0.3641325270381256
Viewpoint 2,4858,3715.66211,0.409007,3862.3774,0.4125951,4264.2275,0.4228075,3700.6232263760703,0.4079718926004601
Viewpoint 2,4859,5248.517077,0.502573,5740.5464,0.5252623,5759.1709,0.5153325,5439.341738262684,0.5128441982656364
Viewpoint 2,4860,8813.472217,0.715399,8888.5293,0.7124835,8947.7871,0.7119667,9061.335390582335,0.7276855314312559
Viewpoint 2,4861,5010.483207,0.485752,5484.4004,0.5068778,5273.2593,0.4853646,5171.289002952602,0.4955442294509826
Viewpoint 2,4862,3797.90278,0.412692,4024.8376,0.4170312,4129.75,0.414361,3814.692105564009,0.412977569812275
Viewpoint 2,4863,4172.844689,0.433309,4604.2051,0.4501456,5203.3706,0.4764596,4190.758412537756,0.4356860322133756
Viewpoint 2,4864,4312.203401,0.431114,4362.5942,0.422646,4846.4463,0.4480981,2789.542062022316,0.3495730465988839
Viewpoint 2,4865,3853.709345,0.422799,3946.5405,0.3934793,4105.2388,0.4010947,2514.3278405622414,0.3397424382491165
Viewpoint 2,4866,391.609514,0.181987,401.89005,0.1825909,404.96722,0.1837715184344555,394.5951685648747,0.1831627363947581
Viewpoint 2,4877,0.0,0.159,0.0,0.159,0.0,0.0,2.322171772609092e-05,0.1600000013631148
Viewpoint 2,4878,475.226973,0.186896,510.56778,0.1889703,516.68536,0.1903293700459107,511.7288772772752,0.190038485096176
Viewpoint 2,4879,1163.88874,0.232061,1229.493,0.2311712,1266.4294,0.2343394,1229.6976940808236,0.2331685967946692
Viewpoint 2,4880,1749.717829,0.285332,1893.1837,0.2816141,1923.5844,0.2729144,1840.757048115744,0.2939244962336628
Viewpoint 2,4881,2479.270152,0.335601,2607.0864,0.3319129,2633.3816,0.3198766,2470.3141271906684,0.3342480827889243
Viewpoint 2,4882,3184.043352,0.375051,3309.1196,0.3785544,3726.895,0.3867845,3122.5507395493173,0.3715944739635892
Viewpoint 2,4883,3605.14531,0.400522,4036.4197,0.4255837,4035.0928,0.4066802,3699.248242917584,0.4067218511352173
Viewpoint 2,4884,3724.49535,0.407175,4076.2556,0.4221397,4120.2295,0.4118063,3814.047081523925,0.4110496327183339
Viewpoint 2,4885,3587.427409,0.398609,3973.6323,0.4165128,3722.9587,0.3891836,3710.9766797143902,0.4042525956568732
Viewpoint 2,4886,3185.314613,0.375262,3372.4907,0.3758945,3480.6345,0.3731471,3155.728899574102,0.3724639508884548
Viewpoint 2,4887,2778.25983,0.34809,3069.8672,0.3580362,3659.7717,0.3785117,2740.9487570546426,0.3462586046128343
Viewpoint 2,4888,3436.416975,0.374981,3802.5928,0.3859914,4296.5078,0.4123494,2296.5331382698173,0.3195276104570125
Viewpoint 2,4889,3763.512655,0.392497,3528.3679,0.3662163,3715.6738,0.3781559,2170.869305945771,0.3178992721161569
Viewpoint 2,4890,198.095912,0.170628,202.54556,0.1708894,204.11443,0.1719808776525378,199.62950290168067,0.1717182518203286
Viewpoint 2,4901,0.0,0.159,0.0,0.159,0.0,0.0,2.3219831151924865e-05,0.1600000013630041
Viewpoint 2,4902,504.963773,0.188641,523.10767,0.1897064,529.09674,0.1910579756879792,535.5267251106477,0.191435418763995
Viewpoint 2,4903,1057.240512,0.221354,1117.7164,0.22461,1155.4749,0.2278264,1118.3498778015185,0.2262149159834007
Viewpoint 2,4904,1600.130167,0.269319,1734.1199,0.271101,1763.303,0.263506,1677.8778269555532,0.2816446848402313
Viewpoint 2,4905,2304.323331,0.323516,2423.3142,0.318426,2447.7666,0.3053577,2279.5423933117136,0.3196946678774454
Viewpoint 2,4906,2972.195614,0.360762,3082.6003,0.3634461,3526.9729,0.3709942,2879.802300987036,0.3555471702155806
Viewpoint 2,4907,3436.974247,0.388216,3746.1072,0.4089008,3734.7827,0.3850016,3378.927990559912,0.3870862226799152
Viewpoint 2,4908,3421.835964,0.387798,3750.0137,0.4021225,3793.4753,0.3895974,3466.285778418104,0.3894447203911271
Viewpoint 2,4909,3243.97849,0.377344,3639.3103,0.3964699,3374.1238,0.3629898,3359.9939628751613,0.3823926189240847
Viewpoint 2,4910,2890.33741,0.357005,3052.4102,0.3556013,3161.4553,0.3484972,2835.2039780581003,0.3524210535885784
Viewpoint 2,4911,2533.877647,0.331348,2770.1772,0.3427952,3358.8491,0.3584601,2434.20884223284,0.3259726991853822
Viewpoint 2,4912,3093.218168,0.353511,3561.4546,0.371277,4065.4011,0.3987503,2051.8400662245385,0.3042617987666628
Viewpoint 2,4913,3231.483602,0.360843,3354.2627,0.3576778,3525.4656,0.3669627,1979.7457533967515,0.3094474927072728
Viewpoint 2,4914,160.799505,0.168439,164.46468,0.1686541,165.73848,0.1697280738475655,162.20574012858415,0.1695214769455479
Viewpoint 2,4925,0.0,0.159,0.0,0.159,0.0,0.0,2.3218005244295192e-05,0.1600000013628969
Viewpoint 2,4926,474.043811,0.186826,491.19818,0.1878333,496.7858,0.1891613205690865,503.4332438250053,0.1895515314125278
Viewpoint 2,4927,1016.32319,0.218758,1072.403,0.2219501,1111.0966,0.2252214,1073.405270500529,0.2234786877447547
Viewpoint 2,4928,1558.323707,0.26486,1685.9648,0.2637359,1714.8245,0.2606603,1627.287256703418,0.2762819581979528
Viewpoint 2,4929,2267.117899,0.320134,2391.6453,0.3143156,2412.7412,0.3016283,2222.2064117888867,0.3153500376559843
Viewpoint 2,4930,2901.146891,0.355724,2983.5176,0.3576536,3434.3833,0.3648927,2776.680829393661,0.3488948792880155
Viewpoint 2,4931,3283.749985,0.37881,3688.3716,0.4050964,3731.1292,0.3835587,3252.81709201711,0.3793304134189424
Viewpoint 2,4932,3310.947768,0.380585,3659.4004,0.3959458,3683.7068,0.3810131,3340.3762536922072,0.38156258572849
Viewpoint 2,4933,3168.289789,0.372241,3536.6147,0.3899523,3264.6387,0.3563164,3250.426889697498,0.3755348933068296
Viewpoint 2,4934,2793.528847,0.350757,2968.5439,0.3500781,3047.9814,0.3416648,2719.634695621652,0.3444659470940042
Viewpoint 2,4935,2356.629768,0.321257,2672.8206,0.3394021,3263.7029,0.3519931,2331.733509299588,0.3189650022393998
Viewpoint 2,4936,4269.309693,0.422903,3459.6765,0.3650627,3980.176,0.3937367,1957.5758114847288,0.297536484011174
Viewpoint 2,4937,3408.179081,0.370553,3284.0503,0.3536086,3439.144,0.3618936,1898.068003858732,0.3060068607974548
Viewpoint 2,4938,160.885174,0.168444,164.22505,0.16864,165.49709,0.1697139249761011,161.9637520340852,0.1695072722444008
Viewpoint 2,4949,0.0,0.159,0.0,0.159,0.0,0.0,2.3216242212874367e-05,0.1600000013627934
Viewpoint 2,4950,476.934943,0.186996,510.32718,0.1889562,516.43933,0.1903149200144958,511.27431428660486,0.1900118022486237
Viewpoint 2,4951,1164.171844,0.232293,1230.5031,0.2312305,1269.821,0.2345385,1231.3114464181726,0.2332681280345021
Viewpoint 2,4952,1776.249175,0.288049,1907.1239,0.2825019,1937.5361,0.2737334,1849.5012805725337,0.2945066944497294
Viewpoint 2,4953,2525.776039,0.33826,2664.5452,0.3351856,2688.5483,0.3249199,2500.7224290013974,0.3364028464562958
Viewpoint 2,4954,3286.205005,0.380781,3359.0203,0.3819731,3798.4519,0.3910197,3161.486772639654,0.3740463468179147
Viewpoint 2,4955,3770.643844,0.409741,4203.1509,0.4356828,4255.4507,0.419722,3775.11114149496,0.411403419184373
Viewpoint 2,4956,3876.580391,0.415663,4291.5244,0.43438,4278.2378,0.4210735,3892.411210477991,0.4159379201688102
Viewpoint 2,4957,3646.064342,0.402003,4035.0188,0.4206812,3758.8499,0.3914595,3746.8895033887534,0.4065112771404467
Viewpoint 2,4958,3296.334894,0.381348,3448.2205,0.3808675,3621.4795,0.3812629,3189.2535148248007,0.3745994218162631
Viewpoint 2,4959,2938.493389,0.356441,3100.0613,0.3712083,3701.2483,0.381056,2756.9654811661267,0.3472759637553096
Viewpoint 2,4960,3626.945021,0.385886,3829.0693,0.3877555,4365.1587,0.4163923,2333.725866407753,0.3217727595738698
Viewpoint 2,4961,3632.84554,0.382964,3504.6331,0.3664057,3677.6736,0.3759289,2155.7325869448296,0.3167170185233053
Viewpoint 2,4962,197.772205,0.170609,201.65857,0.1708374,203.22099,0.1719285430782862,198.72481726796136,0.1716651467736293
Viewpoint 2,4973,0.0,0.159,0.0,0.159,0.0,0.0,2.321454392135055e-05,0.1600000013626937
Viewpoint 2,4974,652.818516,0.19732,713.56091,0.200886,722.32776,0.2024005269774615,660.6268121386511,0.1987787938725388
Viewpoint 2,4975,1389.713024,0.26302,1500.6317,0.2624974,1539.8378,0.2503884,1459.9349051729478,0.2761751551184894
Viewpoint 2,4976,2091.997384,0.319342,2262.1953,0.3141637,2295.1121,0.3079663,2168.2560941263514,0.319457961933332
Viewpoint 2,4977,2891.751234,0.363084,3073.5762,0.3648753,3102.0728,0.3581853,2905.988307050592,0.3635248530997815
Viewpoint 2,4978,3719.951866,0.409606,3827.3669,0.4110239,4205.3276,0.4202393,3662.65874646869,0.4063061688108429
Viewpoint 2,4979,4254.17324,0.440713,4715.5151,0.4648618,4759.2783,0.4524197,4316.019423540847,0.444751337730776
Viewpoint 2,4980,4439.054477,0.451244,4935.8979,0.4736777,4926.1167,0.4621833,4544.542273599889,0.4562547970875096
Viewpoint 2,4981,4462.233442,0.451213,4809.7573,0.4667297,4548.644,0.4407976,4595.654334561326,0.4580807403026338
Viewpoint 2,4982,4062.518964,0.42835,4323.25,0.4343753,4482.0366,0.4347871,4058.6042656945633,0.4270896244744219
Viewpoint 2,4983,3603.686495,0.398426,3925.9846,0.4216712,4540.4067,0.4350082,3512.219797948303,0.3945583184018396
Viewpoint 2,4984,4415.539464,0.44062,4507.9565,0.4317974,5059.0073,0.461446,2942.6988228435143,0.3589898407834981
Viewpoint 2,4985,3734.620845,0.395415,3832.885,0.3879561,3979.9854,0.3937472,2427.101811273531,0.3339303717711511
Viewpoint 2,4986,287.497561,0.175876,292.8447,0.17619,295.10718,0.1773225823657599,288.01201275527814,0.1769063051487348
Viewpoint 2,4997,0.0,0.159,0.0,0.159,0.0,0.0,2.3212911856052126e-05,0.1600000013625979
Viewpoint 2,4998,899.05147,0.221539,976.6347,0.2163285,988.37061,0.2180172005940391,913.1364312169504,0.2141125110406242
Viewpoint 2,4999,2756.600716,0.361153,2864.2415,0.3555929,2886.3127,0.3512308,2805.5936863634543,0.3595250994209646
Viewpoint 2,5000,2880.297711,0.369151,3109.4348,0.3723733,3152.4292,0.3671474,2944.1943477797863,0.3712075157963074
Viewpoint 2,5001,6109.147556,0.55938,6300.7603,0.5606724,6346.0347,0.5592468,6252.037725049109,0.5633731816437191
Viewpoint 2,5002,4375.173549,0.45013,4539.981,0.4542854,4933.9697,0.4649801,4371.122009411519,0.4494584111383797
Viewpoint 2,5003,4535.239639,0.455413,4894.3672,0.4763944,4917.75,0.4607457,4431.072149724284,0.4513617377290606
Viewpoint 2,5004,5323.00773,0.504135,5994.7944,0.5359232,6022.8008,0.5277323,5411.028694353754,0.5087120705108347
Viewpoint 2,5005,4254.860093,0.439332,4673.3394,0.4578033,4391.2349,0.4310264,4391.069314802868,0.4461633663283992
Viewpoint 2,5006,3842.224279,0.414908,4049.0015,0.4184033,4228.0898,0.4197031,3782.754784177133,0.4110945807067436
Viewpoint 2,5007,3644.866623,0.397684,3643.1785,0.4106184,4262.8398,0.4180849,3298.398349381843,0.3818614366122642
Viewpoint 2,5008,5455.761459,0.511307,5179.5244,0.4748304,5731.4658,0.5029246,3604.614137011658,0.4003782434729001
Viewpoint 2,5009,3789.20685,0.421032,3818.5078,0.3871259,3962.7759,0.3927403,2420.0482211565723,0.3334164056106898
Viewpoint 2,5010,251.46717,0.173761,256.17108,0.1740372,258.15384,0.1751533016973984,252.119490089701,0.1747994140682654
Viewpoint 2,5021,0.0,0.159,0.0,0.159,0.0,0.0,2.321134713219921e-05,0.160000001362506
Viewpoint 2,5022,894.573288,0.211719,953.4953,0.2149702,963.80957,0.2165755010639837,897.1030498201226,0.2126599490244411
Viewpoint 2,5023,1473.579871,0.268865,1526.4937,0.2590831,1538.1639,0.2698278,1501.2708527775883,0.2647685407640485
Viewpoint 2,5024,2412.419281,0.339846,2494.7107,0.332382,2513.614,0.3289152,2461.9925493078376,0.338504018289433
Viewpoint 2,5025,4002.847722,0.436479,4210.0762,0.4378929,4247.9092,0.4345312,4049.506610189968,0.4351047565530124
Viewpoint 2,5026,4896.139499,0.487277,5102.7407,0.489481,5226.1792,0.4903403,5046.893490192549,0.4917671141349287
Viewpoint 2,5027,5373.366584,0.511956,5662.5688,0.5205492,5694.1167,0.516385,5672.327004505635,0.5262435744475789
Viewpoint 2,5028,5629.655823,0.525761,5978.8149,0.5381833,6005.7798,0.5339543,5957.68572677929,0.54211777322495
Viewpoint 2,5029,5560.963911,0.521218,5814.2954,0.5277691,5780.6543,0.5204441,5814.179634315518,0.533351411996298
Viewpoint 2,5030,3910.751107,0.428375,4045.3584,0.4260551,4075.8059,0.4242578,3998.684390897151,0.4292877961010516
Viewpoint 2,5031,4692.296702,0.46899,4953.5669,0.4745432,5156.8496,0.4798284,4727.011600469543,0.4687031097340535
Viewpoint 2,5032,2183.517911,0.324932,2260.3242,0.3173879,2277.9871,0.3132773,2230.7054961750346,0.3236682925338724
Viewpoint 2,5033,3492.12361,0.389834,3575.4377,0.3813713,3641.7759,0.3827146,2902.366572453404,0.3577917710557947
Viewpoint 2,5034,574.94562,0.192749,593.78259,0.193855,597.88361,0.1950956464078468,577.1090265334399,0.1938762998575129
Viewpoint 2,5045,0.0,0.159,0.0,0.159,0.0,0.0,2.320985052702252e-05,0.1600000013624182
Viewpoint 2,5046,936.862896,0.215697,997.11456,0.2175306,1007.9074,0.219164,937.9155571818432,0.2150556432065742
Viewpoint 2,5047,2003.957119,0.322783,2128.667,0.3127453,2156.9651,0.3103291,2009.0507007398323,0.3161741403416253
Viewpoint 2,5048,2374.734579,0.337651,2459.3525,0.3302721,2477.9954,0.3267913,2427.110980870723,0.3364137042828609
Viewpoint 2,5049,4120.758967,0.443269,4337.481,0.4452868,4375.9741,0.4419784,4177.675145441195,0.4424561050499365
Viewpoint 2,5050,5080.332761,0.497673,5269.1558,0.4992317,5394.1904,0.5001995,5223.86683984766,0.5020903511845086
Viewpoint 2,5051,5746.824163,0.534697,6109.4517,0.5470557,6130.064,0.5425695,6024.60596005654,0.5478003620272285
Viewpoint 2,5052,4668.941145,0.473516,4811.1738,0.4717525,4846.2417,0.470282,4781.607528719711,0.475783132814211
Viewpoint 2,5053,4450.383951,0.460346,4591.48,0.4586219,4625.1929,0.4570298,4544.9569039475655,0.4618430911001836
Viewpoint 2,5054,5373.889488,0.510153,5612.5713,0.5144144,5693.7192,0.5136788,5505.56572688022,0.514994835805624
Viewpoint 2,5055,4852.384232,0.478413,5107.4204,0.4836722,5314.9087,0.4891328,4878.4358292181,0.4775733354733824
Viewpoint 2,5056,4466.417451,0.450881,4579.9712,0.4471878,4774.3359,0.4547753,4003.2308306870455,0.4252387381144296
Viewpoint 2,5057,1236.748627,0.234657,1283.302,0.2343298,1293.3025,0.2359592,1258.8799024851774,0.2341210990141395
Viewpoint 2,5058,574.519595,0.192724,594.29425,0.1938851,598.34412,0.1951226786093078,577.0253742934515,0.1938713894710256
Viewpoint 2,5069,0.0,0.159,0.0,0.159,0.0,0.0,2.3208422484652784e-05,0.1600000013623344
Viewpoint 2,5070,955.243128,0.229818,1037.5756,0.2199057,1050.0226,0.2216362,969.457630915597,0.2175840349735508
Viewpoint 2,5071,1479.792466,0.271519,1596.9893,0.2681497,1643.2898,0.2564863,1550.6931824740457,0.2820566847630497
Viewpoint 2,5072,2285.616803,0.331349,2449.1021,0.3275207,2484.094,0.3224683,2337.383730959284,0.3305795222782811
Viewpoint 2,5073,3165.5719,0.379466,3361.2861,0.3819661,3392.1545,0.3754357,3161.0935690833626,0.3788747530315932
Viewpoint 2,5074,5115.637404,0.495639,5247.4873,0.4968995,5604.7778,0.5074609,5080.127585599145,0.4926149061563539
Viewpoint 2,5075,8351.16597,0.688728,8457.4619,0.687501,8514.6641,0.6868978,8575.558211188221,0.6996326297849609
Viewpoint 2,5076,5976.897475,0.544211,6654.7759,0.5755445,6681.4248,0.5686498,6078.71713434481,0.5490310463793117
Viewpoint 2,5077,4715.952583,0.46714,5185.8623,0.4885764,4893.9897,0.4615983,4877.022538467558,0.4752288615255123
Viewpoint 2,5078,5355.308121,0.506657,5635.1934,0.5140089,5807.3447,0.5164855,5304.009409900988,0.502606788335409
Viewpoint 2,5079,3756.395965,0.409274,4215.1055,0.454236,4859.4307,0.4547804,3755.5286824043774,0.4093913699336069
Viewpoint 2,5080,4672.917641,0.454204,4689.915,0.4433548,5283.0078,0.4749168,3122.0316355204145,0.3704892261987945
Viewpoint 2,5081,4074.608496,0.41659,4343.3545,0.4214198,4487.269,0.4259893,3027.1245889548577,0.3655303915674969
Viewpoint 2,5082,816.901389,0.208306,901.66028,0.2122637,904.2132,0.2132193043785384,857.9353128313379,0.2121800497420546
Viewpoint 2,5093,0.0,0.159,0.0,0.159,0.0,0.0,2.3207063153885628e-05,0.1600000013622546
Viewpoint 2,5094,275.732893,0.175186,284.9892,0.1757289,287.15363,0.1768557024444256,282.22593158632054,0.176566662184117
Viewpoint 2,5095,691.16492,0.199571,714.25989,0.200927,719.71686,0.2022472478582768,703.5412365614741,0.2012978705861585
Viewpoint 2,5096,1126.45001,0.225256,1165.4779,0.2274136,1174.3839,0.2289362,1150.6073745314632,0.2275406528849969
Viewpoint 2,5097,1557.736788,0.277856,1613.063,0.2677989,1625.3347,0.2748562,1590.449722154568,0.2725787040991763
Viewpoint 2,5098,1927.470529,0.309737,1991.3665,0.3011959,2006.4099,0.2976528,1970.5386723457927,0.3085669938700177
Viewpoint 2,5099,2146.746528,0.323159,2217.7375,0.3154748,2234.3718,0.3112315,2195.21499238807,0.3219897945607998
Viewpoint 2,5100,2205.261021,0.326667,2277.7263,0.3190484,2294.7876,0.3148285,2254.213109826226,0.3254886397760602
Viewpoint 2,5101,2098.547165,0.320423,2171.2405,0.3127279,2187.5789,0.308453,2141.56544381756,0.3189140194021742
Viewpoint 2,5102,1847.329993,0.303627,1911.9797,0.2964808,1926.4716,0.292898,1885.5750464154169,0.30351802847151
Viewpoint 2,5103,1471.910271,0.267183,1522.9613,0.2546352,1534.5828,0.2693987,1501.1737627623838,0.2643073918437348
Viewpoint 2,5104,1016.464984,0.218666,1050.8218,0.2206832,1058.8751,0.2221558,1038.905841818065,0.2209837729147204
Viewpoint 2,5105,581.259793,0.19312,601.00983,0.1942793,605.63733,0.195550797890963,591.3021976454621,0.1947094390017886
Viewpoint 2,5106,196.865787,0.170556,199.34517,0.1707016,200.89072,0.1717916246096168,196.39012490572983,0.1715281003319663
Viewpoint 2,5117,0.0,0.159,0.0,0.159,0.0,0.0,2.3205772434042204e-05,0.1600000013621788
Viewpoint 2,5118,1233.001025,0.263077,1315.2415,0.2520388,1329.4739,0.2527905,1234.414120672592,0.264051448855367
Viewpoint 2,5119,2125.726991,0.323014,2202.9375,0.3151318,2219.8271,0.3107283,2163.166033224169,0.3208994758478755
Viewpoint 2,5120,3478.607147,0.403942,3605.8728,0.4007571,3632.9868,0.3987067,3557.530021340928,0.403983128635633
Viewpoint 2,5121,5362.108218,0.513085,5599.6992,0.518093,5646.1206,0.5143074,5397.029231869308,0.5125523969489936
Viewpoint 2,5122,5982.603466,0.551275,6152.4082,0.5516654,6196.6416,0.5503833,6141.683654772281,0.5565993163671132
Viewpoint 2,5123,7720.0424,0.648646,8375.5449,0.6790139,8358.4326,0.67115,7956.885863662328,0.6609566981073939
Viewpoint 2,5124,8054.12656,0.666954,8696.7314,0.6975337,8723.6006,0.6920244,8330.513797535106,0.6819973432524171
Viewpoint 2,5125,7729.551222,0.647644,8158.5601,0.6653408,8010.0806,0.6504035,8022.188435841639,0.6630730956592438
Viewpoint 2,5126,5791.435932,0.538618,5976.4829,0.5399219,6021.5977,0.5387694,5929.238833659375,0.5429092871749763
Viewpoint 2,5127,4591.088731,0.467303,4751.1484,0.4666232,4789.5425,0.4653044,4684.814274381357,0.4689162916470181
Viewpoint 2,5128,3210.46018,0.385046,3335.106,0.381459,3362.4531,0.3787292,3279.578576256171,0.3851299976809582
Viewpoint 2,5129,1831.810063,0.299339,1910.9026,0.2941361,1926.0334,0.2906365,1865.3266517950096,0.3001004975247539
Viewpoint 2,5130,674.302245,0.198584,723.53424,0.2014715,727.10107,0.2028057921689613,693.1904370512161,0.2010398366871702
Viewpoint 2,5141,0.0,0.159,0.0,0.159,0.0,0.0,2.320454999047504e-05,0.1600000013621071
Viewpoint 2,5142,567.733616,0.192326,619.89038,0.1953876,627.47931,0.1968329974888751,575.3008070832601,0.1937701573757873
Viewpoint 2,5143,1277.264325,0.249638,1380.2738,0.2545993,1427.8042,0.243812,1347.8440538565487,0.2656681246689641
Viewpoint 2,5144,2207.673013,0.335167,2398.2703,0.33211,2431.843,0.3283564,2244.64134685263,0.3334417103228497
Viewpoint 2,5145,2914.985054,0.36279,3078.3813,0.3639276,3105.8752,0.3565713,2873.0179178724297,0.3607225474172607
Viewpoint 2,5146,3839.832068,0.415028,3954.1001,0.4183829,4374.1362,0.4285806,3667.287114221579,0.4061129387799843
Viewpoint 2,5147,4488.426799,0.453784,5356.9624,0.5023766,5260.8921,0.4802807,4464.222816032917,0.4535414914735376
Viewpoint 2,5148,4616.638653,0.460975,5385.5029,0.4984638,5384.9077,0.4876211,4615.266164744485,0.4604966820956953
Viewpoint 2,5149,4331.057306,0.443696,4808.8057,0.4661603,4503.2002,0.437324,4424.384872406212,0.4482940734302216
Viewpoint 2,5150,3866.478931,0.416364,4105.2407,0.4209609,4300.1201,0.4238565,3775.060012771064,0.4107175481745339
Viewpoint 2,5151,3592.147098,0.396004,3668.1174,0.450248,4317.0151,0.4212945,3276.438964030352,0.3805440317632017
Viewpoint 2,5152,4396.244416,0.436758,4588.7354,0.4346166,5557.4253,0.4978088,2772.0499595723822,0.3480685325710424
Viewpoint 2,5153,3314.026622,0.365238,3649.5073,0.3771141,3786.9878,0.3824333,2309.7334213072145,0.3230023769107189
Viewpoint 2,5154,214.52429,0.171593,216.71005,0.1717209,218.38992,0.172819083297803,213.37575276096103,0.1725251566870684
Viewpoint 2,5165,0.0,0.159,0.0,0.159,0.0,0.0,2.320339531206357e-05,0.1600000013620393
Viewpoint 2,5166,1048.011217,0.238179,1115.3359,0.2244702,1127.4299,0.22618,1049.2320982968608,0.2215899241700257
Viewpoint 2,5167,2342.848059,0.341709,2483.5396,0.3352196,2518.4143,0.3337017,2345.469615936156,0.3367559663347436
Viewpoint 2,5168,2560.802229,0.348909,2651.9097,0.3426663,2671.9983,0.3383964,2617.051070062099,0.3478228984556192
Viewpoint 2,5169,3537.526599,0.406961,3656.6406,0.4035276,3683.9431,0.4015879,3610.04313741214,0.4068822868516157
Viewpoint 2,5170,5969.189525,0.548513,6189.3286,0.5529828,6334.5,0.5549842,6148.573100715071,0.5561767186718743
Viewpoint 2,5171,6793.639147,0.595082,7210.2998,0.6114521,7218.811,0.6061929,7094.164080895683,0.6104849148407054
Viewpoint 2,5172,5082.695949,0.49789,5230.7236,0.4968188,5268.5854,0.4952719,5204.489464823041,0.5007931531479377
Viewpoint 2,5173,6925.156348,0.601305,7215.9238,0.6105599,7165.2065,0.6021576,7194.266215307604,0.6149423466790807
Viewpoint 2,5174,4223.85031,0.44664,4356.7769,0.44448,4389.5845,0.4427655,4307.553501804574,0.4475423587244188
Viewpoint 2,5175,3343.131879,0.394212,3459.5044,0.3902217,3486.4297,0.3889074,3410.7229924825983,0.3941229396571366
Viewpoint 2,5176,5312.778676,0.498605,5341.7422,0.4908051,5723.0435,0.510581,4541.631439893536,0.4564748933547513
Viewpoint 2,5177,1319.092645,0.245272,1370.6068,0.2396321,1381.3422,0.2411826,1343.0143437019967,0.2406632431034458
Viewpoint 2,5178,625.168563,0.195697,666.81964,0.1981423,670.23035,0.1993424243952212,638.0529510818578,0.197453708228505
Viewpoint 2,5189,0.0,0.159,0.0,0.159,0.0,0.0,2.3202307752549765e-05,0.1600000013619754
Viewpoint 2,5190,1389.670441,0.279139,1480.6356,0.261497,1496.6985,0.2627,1392.7822491843092,0.2745082000287013
Viewpoint 2,5191,1573.678892,0.281115,1630.0271,0.269904,1642.509,0.276117,1602.8841943924435,0.2761619964964737
Viewpoint 2,5192,2613.093892,0.352043,2704.031,0.3457877,2724.509,0.3415356,2668.4468722902966,0.3509049024525958
Viewpoint 2,5193,6234.827024,0.564812,6480.9009,0.570602,6532.3765,0.5676353,6344.436694698646,0.5685281345222231
Viewpoint 2,5194,4491.830137,0.463289,4629.9077,0.4612978,4663.9897,0.4596851,4598.206044619145,0.4652901438322119
Viewpoint 2,5195,5050.055728,0.49614,5199.7847,0.4951206,5237.5278,0.4935513,5173.783681824146,0.4991395399098957
Viewpoint 2,5196,5212.02894,0.505479,5357.4058,0.5043097,5396.0977,0.5028119,5332.573942757934,0.508383857391422
Viewpoint 2,5197,9389.943843,0.746727,9823.3047,0.7649158,9760.8477,0.75574,9750.685207930615,0.766523305046718
Viewpoint 2,5198,4328.276527,0.452801,4465.0469,0.4508621,4498.6724,0.4491922,4415.150013928951,0.4538867009994136
Viewpoint 2,5199,3414.504582,0.398408,3531.8086,0.3944699,3559.3518,0.3932385,3481.816892518758,0.3983080949574418
Viewpoint 2,5200,2370.123437,0.335935,2458.541,0.3289603,2477.959,0.3249682,2423.9157388826607,0.3350737415842393
Viewpoint 2,5201,5478.655736,0.503906,5336.7178,0.4847785,5456.5854,0.4899874,4241.607606824666,0.4360552030572973
Viewpoint 2,5202,439.770316,0.184815,448.50989,0.1853275,451.72693,0.1865162905122083,436.9130997534439,0.1856467989555271
Viewpoint 2,5213,0.0,0.159,0.0,0.159,0.0,0.0,2.3201286534105552e-05,0.1600000013619155
Viewpoint 2,5214,294.665183,0.176297,304.28519,0.1768615,306.59924,0.1779972823351117,301.3671728373807,0.1776902530455542
Viewpoint 2,5215,746.88314,0.202842,772.47607,0.2043443,778.38293,0.205690986547621,760.9032951154056,0.2046650234232743
Viewpoint 2,5216,1239.182601,0.235979,1282.6957,0.2342942,1292.4985,0.2358695,1266.3659097357888,0.2343356789014908
Viewpoint 2,5217,1730.254186,0.294476,1789.4708,0.285656,1803.0764,0.2855218,1764.4833719101562,0.2962077535709243
Viewpoint 2,5218,2136.083401,0.322721,2207.4211,0.3149394,2224.0828,0.3106678,2184.490820855865,0.321482465776806
Viewpoint 2,5219,2394.378937,0.33811,2473.4543,0.3307621,2491.9888,0.3273071,2447.8764097613125,0.3371661525487427
Viewpoint 2,5220,2450.438924,0.341507,2533.2607,0.334314,2552.2151,0.3308831,2507.1758951308952,0.3406940360041912
Viewpoint 2,5221,2344.100281,0.335255,2425.8491,0.3279378,2444.0786,0.3244526,2392.891560929281,0.3340442556491583
Viewpoint 2,5222,2033.365972,0.316722,2106.7493,0.3089167,2122.7141,0.3046141,2077.7133919723487,0.3150866657641388
Viewpoint 2,5223,1619.834827,0.284821,1677.4058,0.272646,1690.2207,0.2787413,1653.2704334782725,0.27974322390763
Viewpoint 2,5224,1124.653693,0.225082,1165.172,0.2273956,1174.1198,0.2289207,1151.6106316170428,0.2275995440759204
Viewpoint 2,5225,633.520228,0.196188,656.24982,0.1975219,661.31268,0.1988189890760035,647.1347641965541,0.1979868106583377
Viewpoint 2,5226,196.113607,0.170512,196.77455,0.1705507,198.30104,0.1716397518744836,194.31135152360264,0.1714060763344354
Viewpoint 2,5237,0.0,0.159,0.0,0.159,0.0,0.0,2.320033080295589e-05,0.1600000013618594
Viewpoint 2,5238,844.019008,0.208544,899.07568,0.2117757,908.84338,0.2133490039204199,845.2909233540651,0.2096185772008836
Viewpoint 2,5239,1941.057582,0.319293,2060.3108,0.3076009,2088.5059,0.306421,1945.6153200706608,0.312286391662549
Viewpoint 2,5240,3077.577304,0.38343,3261.6462,0.3828798,3297.9053,0.3796678,3087.403601863621,0.3801130850672284
Viewpoint 2,5241,4180.474301,0.447063,4407.8862,0.4496203,4445.73,0.4463678,4217.595552286155,0.4451434799773152
Viewpoint 2,5242,5230.786038,0.507067,5415.3667,0.5079976,5522.8066,0.508181,5360.474826176147,0.5104504929762147
Viewpoint 2,5243,4339.190697,0.454011,4469.8413,0.4516261,4502.647,0.4499896,4436.923155196889,0.4555020336473325
Viewpoint 2,5244,6216.877151,0.561448,6589.2622,0.5748355,6589.2017,0.5695388,6493.676469661445,0.5749752555197067
Viewpoint 2,5245,4261.310683,0.449395,4405.042,0.4476263,4437.4697,0.4459711,4357.419564575674,0.4507762826647528
Viewpoint 2,5246,3715.111788,0.416749,3840.1472,0.4138948,3869.1045,0.4120746,3793.254976377045,0.4171788849428894
Viewpoint 2,5247,4845.00564,0.47848,5063.0088,0.4869328,5535.5381,0.5022537,4808.029052740733,0.4740845510256144
Viewpoint 2,5248,4296.602006,0.440265,4372.832,0.4347822,4659.5986,0.4489327,3773.492038818848,0.4118237240252212
Viewpoint 2,5249,3314.074845,0.380195,3471.8831,0.3752596,3525.2532,0.3749987,2819.991610476004,0.3519906753506451
Viewpoint 2,5250,507.029751,0.188763,528.44012,0.1900194,531.66772,0.1912087922529943,508.5521387614448,0.1898520105452968
Viewpoint 2,5261,0.0,0.159,0.0,0.159,0.0,0.0,2.319943963040018e-05,0.1600000013618071
Viewpoint 2,5262,520.379126,0.189546,537.31348,0.1905403,541.42529,0.1917816022814747,531.4653750064584,0.1911970175128791
Viewpoint 2,5263,1333.158773,0.249636,1378.3406,0.2399086,1388.897,0.2441488,1356.1569794595684,0.2429351334170183
Viewpoint 2,5264,2219.958884,0.328311,2298.0332,0.3206545,2315.4956,0.3163636,2268.02926504623,0.3268534060748172
Viewpoint 2,5265,3096.783479,0.38064,3198.7781,0.3750854,3222.7981,0.3734148,3156.434305846933,0.3798861239122877
Viewpoint 2,5266,3831.755561,0.424159,3958.3916,0.4214139,3987.783,0.4195026,3925.277537716586,0.4253957213227901
Viewpoint 2,5267,4316.258534,0.452713,4453.0791,0.4506374,4485.7725,0.4489954,4419.954082285913,0.4545022655019231
Viewpoint 2,5268,4456.077662,0.460842,4590.5396,0.4587325,4624.1055,0.4571029,4561.287991918598,0.4627917401847868
Viewpoint 2,5269,4226.797888,0.447359,4370.0942,0.445563,4402.2808,0.4438957,4322.339642501099,0.44870640173338
Viewpoint 2,5270,3703.373407,0.415982,3823.0737,0.4128879,3851.9087,0.4110624,3776.140028830382,0.4161700683912812
Viewpoint 2,5271,2912.419343,0.368896,3012.9434,0.363239,3036.2583,0.3598125,2969.565581961252,0.368091666004736
Viewpoint 2,5272,2005.836422,0.314368,2081.3979,0.3060842,2097.6821,0.3026188,2053.4060633960817,0.3131341841464509
Viewpoint 2,5273,1110.229093,0.224434,1154.4087,0.2267638,1163.4264,0.228293,1134.6470978970513,0.2266067219106502
Viewpoint 2,5274,354.446359,0.179806,357.02811,0.1799576,359.67789,0.1811130186396622,349.0412057140787,0.1804887187754164
Viewpoint 2,5285,0.0,0.159,0.0,0.159,0.0,0.0,2.3198612017420603e-05,0.1600000013617585
Viewpoint 2,5286,351.32166,0.179623,363.41306,0.1803323,366.18274,0.1814948279350757,359.85246733389727,0.1811233398324997
Viewpoint 2,5287,898.202272,0.211724,927.84418,0.2134645,934.94568,0.2148812021104465,913.7460298361968,0.2136368919513847
Viewpoint 2,5288,1518.274644,0.273839,1572.9871,0.2653725,1584.9956,0.2725293,1552.8446475598157,0.2693626584032887
Viewpoint 2,5289,2122.864891,0.322211,2195.8081,0.3143677,2212.4585,0.3100701,2165.4250950187807,0.320508412698591
Viewpoint 2,5290,2603.592568,0.350961,2691.7561,0.3446898,2712.0051,0.3404967,2664.6459845079185,0.3503154564911359
Viewpoint 2,5291,2936.334204,0.370677,3035.0166,0.3650487,3057.6665,0.3614751,3004.889516166896,0.3704594701849542
Viewpoint 2,5292,3016.485685,0.37535,3114.179,0.3697227,3137.3716,0.3672299,3085.6964524262967,0.3752359152680745
Viewpoint 2,5293,2869.92343,0.366789,2967.4966,0.3609973,2989.7017,0.357403,2928.421732635158,0.3660296126014065
Viewpoint 2,5294,2501.705999,0.344662,2589.4048,0.3376793,2609.0034,0.3342657,2554.3376559423723,0.3436680364275384
Viewpoint 2,5295,1970.872481,0.31278,2042.2723,0.3042245,2057.9158,0.3006998,2012.720101378924,0.3111441078939655
Viewpoint 2,5296,1365.090695,0.252927,1412.3671,0.2419059,1423.2612,0.2527971,1395.1833137741903,0.2458912888481256
Viewpoint 2,5297,759.272994,0.203569,786.62854,0.2051751,792.72058,0.2065325616007732,774.9571446324514,0.2054899843899249
Viewpoint 2,5298,231.762104,0.172604,230.99112,0.1725592,232.77676,0.1736636595300024,227.63945471469648,0.1733624359917527
Viewpoint 2,5309,0.0,0.159,0.0,0.159,0.0,0.0,2.319784691885807e-05,0.1600000013617136
Viewpoint 2,5310,112.579304,0.165608,116.36723,0.1658308,117.24828,0.1668817126006828,115.4021591114273,0.1667741067398407
Viewpoint 2,5311,310.03558,0.177199,321.06042,0.1778463,323.51343,0.1789901644231874,316.57146083938176,0.1785827447512717
Viewpoint 2,5312,529.410573,0.190076,547.64862,0.191147,551.84802,0.1923933941748489,540.949133512747,0.1917537141371982
Viewpoint 2,5313,746.001346,0.20279,772.04041,0.2043188,777.94757,0.205665387445782,763.2352549592713,0.2048019094661092
Viewpoint 2,5314,917.387537,0.212851,949.51776,0.2147367,956.73645,0.2161603012584188,939.4848422520004,0.2151477602401924
Viewpoint 2,5315,1043.473177,0.220252,1079.2643,0.2223528,1087.4148,0.2238311,1067.8732301474474,0.2226841586096551
Viewpoint 2,5316,1065.071572,0.22152,1100.197,0.2235816,1108.5009,0.2250689,1089.2974808355698,0.2239417621250479
Viewpoint 2,5317,1018.457092,0.218783,1053.9869,0.220869,1061.9755,0.2223378,1039.279154515315,0.221005686370049
Viewpoint 2,5318,887.710026,0.211109,917.68005,0.2128678,924.66071,0.2142774026937249,904.8435533546784,0.2131143165819196
Viewpoint 2,5319,689.741514,0.199488,713.93622,0.200908,719.37476,0.2022271506912328,703.8725865615644,0.2013173208311638
Viewpoint 2,5320,490.959285,0.187819,508.24295,0.1888339,512.11859,0.1900612558202039,501.7283547531926,0.1894514544240124
Viewpoint 2,5321,273.606585,0.175061,283.04626,0.1756148,285.21362,0.17674179156838,279.6715733442575,0.1764167213553079
Viewpoint 2,5322,83.353617,0.163893,82.824417,0.1638618,83.466408,0.1648987898542031,82.17524271327548,0.1648236867472692
Viewpoint 2,5333,0.0,0.159,0.0,0.159,0.0,0.0,2.319714321583152e-05,0.1600000013616723
Viewpoint 2,5334,154.170373,0.16805,159.20601,0.1683454,160.41321,0.1694153485349191,157.85590543557635,0.1692661416490683
Viewpoint 2,5335,432.718227,0.184401,447.35818,0.1852599,450.77838,0.1864606090226833,441.0081543140495,0.1858871786582347
Viewpoint 2,5336,731.823103,0.201958,757.22998,0.2034494,763.03357,0.2047899245477236,747.8811936510797,0.2039006260673183
Viewpoint 2,5337,1027.652001,0.219323,1064.4484,0.2214831,1072.5826,0.2229605,1052.2464317886818,0.2217668655459956
Viewpoint 2,5338,1258.990112,0.237975,1303.6302,0.2355231,1313.5281,0.2371039,1289.7812239843654,0.2357101578478822
Viewpoint 2,5339,1401.877039,0.255905,1452.7487,0.2456212,1463.7067,0.257948,1437.2381822241248,0.2589228414511911
Viewpoint 2,5340,1462.290731,0.264997,1514.2327,0.2542117,1525.6439,0.2687205,1499.0456570787478,0.2642677909353924
Viewpoint 2,5341,1379.63204,0.25242,1426.2549,0.2427212,1437.0482,0.2563501,1406.283693354084,0.2481582580697609
Viewpoint 2,5342,1205.145964,0.232137,1247.6918,0.2322395,1257.175,0.233796,1230.1985409013712,0.2322126543509104
Viewpoint 2,5343,949.388562,0.214729,980.84161,0.2165754,988.31873,0.218014200594771,966.8849433529776,0.2167561461748198
Viewpoint 2,5344,648.052758,0.197041,670.8808,0.1983807,676.00537,0.1996813805363975,662.079267776957,0.1988640530185073
Viewpoint 2,5345,350.862347,0.179596,363.03778,0.1803103,365.82294,0.1814737410664887,358.52982227295587,0.1810457005674225
Viewpoint 2,5346,102.507629,0.165017,101.54957,0.164961,102.33796,0.1660064377765936,100.70005967067787,0.1659110935026688
Viewpoint 2,5357,0.0,0.159,0.0,0.159,0.0,0.0,2.319649972536301e-05,0.1600000013616345
Viewpoint 2,5358,1017.735307,0.233781,1083.9628,0.2226286,1095.7657,0.2243213,1019.0206672633705,0.2198165131683598
Viewpoint 2,5359,2438.423111,0.346879,2580.3325,0.341029,2615.8755,0.339577,2443.5446839302385,0.342717274277774
Viewpoint 2,5360,3773.263735,0.423317,3969.636,0.4239552,4011.8533,0.4210547,3782.2159804970206,0.4198654233653053
Viewpoint 2,5361,5201.040171,0.506011,5457.0093,0.5107222,5500.0244,0.5076119,5345.715571425991,0.510056657980181
Viewpoint 2,5362,6666.844236,0.589513,6919.9736,0.5961035,7034.833,0.596737,6840.1243584211,0.5972432045465782
Viewpoint 2,5363,4600.003534,0.469518,4732.4722,0.4672527,4767.0708,0.4656777,4699.854785902147,0.4711104373488882
Viewpoint 2,5364,4747.387723,0.478197,4890.1177,0.4767196,4925.7017,0.4750483,4861.9573547830805,0.4805916816276016
Viewpoint 2,5365,4506.157638,0.463718,4651.167,0.462194,4685.3057,0.4606385,4602.2729638992,0.4652830133709372
Viewpoint 2,5366,3920.275453,0.428863,4047.5835,0.42621,4078.1287,0.424436,3998.265818641616,0.4293012071968453
Viewpoint 2,5367,3077.114331,0.378381,3180.4197,0.3736714,3205.1519,0.3708684,3133.8613296784147,0.3778004582374625
Viewpoint 2,5368,5323.067467,0.501739,5597.3696,0.5062556,5999.4131,0.5276728,5018.713780935801,0.4841853056012486
Viewpoint 2,5369,1161.020126,0.22787,1206.8016,0.2298393,1216.2726,0.2314412,1184.8789472458147,0.2296898094066711
Viewpoint 2,5370,335.995336,0.178723,338.72015,0.1788829,341.12738,0.1800241111498808,329.23874690333577,0.1793263144432258
Viewpoint 2,5381,0.0,0.159,0.0,0.159,0.0,0.0,2.3195915212475403e-05,0.1600000013616002
Viewpoint 2,5382,840.004739,0.208342,896.99988,0.2116539,906.87091,0.2132332041082417,857.5594099814394,0.2103387373659105
Viewpoint 2,5383,2191.292048,0.331785,2359.3748,0.3254804,2421.7104,0.3233036,2238.9600347943065,0.3287804923071106
Viewpoint 2,5384,3246.919311,0.390477,3433.6536,0.3904633,3479.855,0.3861992,3207.9292837796224,0.3851576473412241
Viewpoint 2,5385,5727.094821,0.536861,5900.6162,0.5372207,5943.2231,0.5357338,5854.387856964983,0.5399952339104132
Viewpoint 2,5386,7223.133578,0.624068,7394.0435,0.6251515,7445.665,0.6242719,7412.342167356254,0.6316763833287261
Viewpoint 2,5387,8279.484294,0.684801,8419.9053,0.6854545,8476.4512,0.6848522,8504.68758112504,0.695627169212365
Viewpoint 2,5388,7207.153813,0.616734,7883.9585,0.6478367,7805.1108,0.6361003,8628.497708836801,0.7113339365316672
Viewpoint 2,5389,6957.267585,0.600305,7515.8423,0.6251033,7304.8159,0.6054555,6958.606451591912,0.5996114899344062
Viewpoint 2,5390,6228.864319,0.557098,6660.6108,0.5736009,7025.6392,0.5868719,6089.094174987701,0.5484828810938516
Viewpoint 2,5391,5599.675723,0.518976,5944.9546,0.5973344,8064.3853,0.6487179,5362.010152755491,0.5051143127826571
Viewpoint 2,5392,3789.057897,0.418377,3951.3357,0.4173545,3986.0115,0.4158536,3854.804034405975,0.4184111202429577
Viewpoint 2,5393,4444.83855,0.458758,4227.918,0.4158812,4311.9551,0.4162887,3057.7004103272134,0.3625822483798907
Viewpoint 2,5394,611.902977,0.194919,735.64398,0.2021823,734.41992,0.2032550456463358,704.518858861496,0.2038210555542989
Viewpoint 2,5405,0.0,0.159,0.0,0.159,0.0,0.0,2.319538838016517e-05,0.1600000013615693
Viewpoint 2,5406,823.458247,0.208518,892.27045,0.2113763,902.9657,0.2130040045070584,835.0716990225555,0.2090626027401726
Viewpoint 2,5407,2542.192451,0.348548,2637.9648,0.3422434,2658.3821,0.3378113,2585.494024979708,0.3465139491327823
Viewpoint 2,5408,4291.988127,0.452541,4449.2739,0.4514886,4482.6699,0.4494098,4382.869164864733,0.4532713214155496
Viewpoint 2,5409,4413.656177,0.456543,4764.0815,0.4677333,4802.0972,0.462511,4633.70206509296,0.4673858811546497
Viewpoint 2,5410,4905.692123,0.478664,5196.1382,0.4925534,5494.4155,0.4958039,4535.180440687802,0.4586208118657864
Viewpoint 2,5411,5745.3872,0.528629,6830.1733,0.5833135,6515.2637,0.5554211,5392.834969906783,0.5080147766046303
Viewpoint 2,5412,6934.787365,0.601,7742.9937,0.6387764,7622.8101,0.623443,8586.823095654678,0.715759925268914
Viewpoint 2,5413,5419.918752,0.508978,5968.6323,0.5328864,5754.1318,0.5120962,5358.599841185603,0.5046730663502254
Viewpoint 2,5414,5875.838133,0.536279,6284.0542,0.551442,6651.0752,0.5647402,5684.982394668355,0.5250146371427689
Viewpoint 2,5415,5861.141336,0.541129,6093.5674,0.544851,6148.1074,0.5440587,5980.279629632014,0.5444529359419713
Viewpoint 2,5416,5022.251775,0.478052,5841.1768,0.5131984,6958.4316,0.586205,4509.632417413012,0.4595307918440164
Viewpoint 2,5417,3746.434704,0.390533,3601.687,0.37662,3676.9358,0.3762596,2412.1605028620847,0.3250831394696767
Viewpoint 2,5418,230.009948,0.172502,227.67191,0.1723643,229.4084,0.1734657609008962,223.71171020157163,0.1731318773888322
Viewpoint 2,5429,0.0,0.159,0.0,0.159,0.0,0.0,2.3194917910215385e-05,0.1600000013615417
Viewpoint 2,5430,470.541371,0.186621,511.24835,0.1890103,517.46936,0.1903753831316502,476.0576692259594,0.1879445851835638
Viewpoint 2,5431,1300.084765,0.250294,1374.7303,0.2483661,1428.8656,0.2438743,1372.1840718170822,0.2658563483005691
Viewpoint 2,5432,2341.510422,0.331915,2448.9773,0.3241307,2494.3945,0.3175584,2260.663119371261,0.3236426557615925
Viewpoint 2,5433,3268.057015,0.382845,3605.6106,0.39296,3629.1604,0.3859509,3524.7906626641734,0.397803308285759
Viewpoint 2,5434,4505.758561,0.453693,4780.2954,0.4684224,5082.6895,0.4698689,4068.247552692171,0.430161579119132
Viewpoint 2,5435,5167.283493,0.493263,6280.7622,0.5529597,5940.0405,0.5206477,4818.204565784824,0.4736224537948864
Viewpoint 2,5436,4056.763533,0.428582,4676.9966,0.4570712,4572.2446,0.4421249,5242.6753145159855,0.5236353443562121
Viewpoint 2,5437,4880.195452,0.475042,5341.978,0.4954779,5134.1074,0.4745738,4736.813710682949,0.4675988234412029
Viewpoint 2,5438,4206.603713,0.436147,4583.3872,0.4494222,4965.6133,0.4623759,4012.742087114469,0.4253951575835354
Viewpoint 2,5439,4084.010741,0.425022,4101.0024,0.5364844,6966.4321,0.5871927,3442.00317256824,0.3905343722380563
Viewpoint 2,5440,3563.447248,0.389313,4188.791,0.4100888,5219.1104,0.4856953,3021.5405029129256,0.3758090095431735
Viewpoint 2,5441,3145.755423,0.352972,3363.4529,0.3611187,3417.8127,0.3608246,2125.5421570044705,0.30094598108434
Viewpoint 2,5442,175.896789,0.169325,172.88017,0.1691481,174.21965,0.1702259447277724,170.70553307537193,0.1700204147915243
Viewpoint 2,5453,0.0,0.159,0.0,0.159,0.0,0.0,2.319450246090654e-05,0.1600000013615173
Viewpoint 2,5454,1241.274079,0.265225,1321.1694,0.2526678,1335.5765,0.2534395,1239.212823445781,0.2656081127980815
Viewpoint 2,5455,1996.085866,0.315498,2071.2163,0.3073263,2087.1555,0.3028803,2034.3506293355745,0.3132237550045665
Viewpoint 2,5456,4583.539367,0.469194,4804.3452,0.4718935,4859.6997,0.4687971,4550.800270775476,0.4638864383829469
Viewpoint 2,5457,4825.88737,0.483923,4990.5815,0.4833085,5027.1685,0.4815224,4944.215564057375,0.4861060611263207
Viewpoint 2,5458,8605.672279,0.700751,8903.2168,0.7116746,9093.2354,0.7155799,8581.02805573423,0.6991866392239028
Viewpoint 2,5459,10033.964784,0.783394,10939.41,0.829421,10775.559,0.8138802,10160.16728579129,0.7910994626268082
Viewpoint 2,5460,7202.731425,0.622063,7361.0259,0.6226459,7411.6436,0.6218604,7386.4418275534035,0.6295136474847206
Viewpoint 2,5461,6813.900395,0.599198,6992.4619,0.6005188,7041.6143,0.5996278,6964.13255808176,0.6045045211722481
Viewpoint 2,5462,5888.545965,0.544365,6077.5659,0.5459145,6123.6772,0.5448462,6018.628005153136,0.5482496011979867
Viewpoint 2,5463,4603.390743,0.467978,4772.5415,0.4677985,4811.7603,0.4665647,4695.908489128772,0.4695698789654081
Viewpoint 2,5464,3145.649747,0.38117,3270.582,0.3774477,3297.907,0.3747471,3202.023204290628,0.3804813685950409
Viewpoint 2,5465,5056.388353,0.47663,4842.2637,0.4553916,4911.9214,0.4569227,3780.500358977321,0.407400834949862
Viewpoint 2,5466,454.666257,0.185689,537.41479,0.1905462,537.1524,0.1915307378867614,488.7784094902169,0.1888128146345916
Viewpoint 2,5477,0.0,0.159,0.0,0.159,0.0,0.0,2.319414065462761e-05,0.160000001361496
Viewpoint 2,5478,466.963136,0.186411,508.27094,0.1888355,514.45428,0.1901983910215477,473.0723428009891,0.187769346522418
Viewpoint 2,5479,1206.57311,0.241192,1295.0524,0.2435334,1352.4546,0.239389,1269.100831709205,0.2443907227708916
Viewpoint 2,5480,2182.54317,0.323164,2287.3574,0.312368,2328.9949,0.3079293,2100.9849148182466,0.313128714515731
Viewpoint 2,5481,3102.119087,0.373062,3405.9526,0.3811738,3427.9944,0.3742767,3294.091649652752,0.3843820042657064
Viewpoint 2,5482,4362.900713,0.443999,4585.4219,0.456578,4831.9668,0.4551057,3840.0586504496086,0.4167528652727233
Viewpoint 2,5483,5054.061686,0.488458,6147.2554,0.5454358,5822.48,0.5130869,4636.628505331591,0.4625484823377118
Viewpoint 2,5484,5376.57661,0.512643,6114.1143,0.5420749,5940.2393,0.5200474,7022.459903455467,0.6383343735756944
Viewpoint 2,5485,4715.48479,0.465078,5188.2803,0.4861965,5027.5479,0.4676874,4557.269603519894,0.4567447440269105
Viewpoint 2,5486,4121.037823,0.430311,4436.3359,0.4404738,4860.1162,0.4557288,4072.6942409739368,0.4283925148210853
Viewpoint 2,5487,3823.5232,0.429931,3902.8779,0.5351701,7037.1152,0.5936416,3296.8095078699585,0.3819639315835296
Viewpoint 2,5488,3961.254424,0.412916,4718.9224,0.4412807,5929.7104,0.5327987,3309.400102992681,0.3941039845923153
Viewpoint 2,5489,3476.581588,0.369869,3222.9543,0.3514892,3250.0017,0.3509645,1996.8022148669468,0.2932640781713098
Viewpoint 2,5490,157.059267,0.168219,153.61383,0.1680171,154.80516,0.169086241120751,151.80780005811923,0.1689111178634116
Viewpoint 2,5501,0.0,0.159,0.0,0.159,0.0,0.0,2.3193831097574665e-05,0.1600000013614778
Viewpoint 2,5502,1846.001292,0.313808,1954.1298,0.2996391,1974.2772,0.2957167,1857.6695825487848,0.3064143416466584
Viewpoint 2,5503,2141.513807,0.324279,2219.0081,0.316212,2236.1174,0.3126295,2178.2818261439093,0.321968359716363
Viewpoint 2,5504,3691.348926,0.416785,3821.2661,0.4137448,3850.0481,0.4119243,3766.9842444635015,0.4166516887034681
Viewpoint 2,5505,5267.77235,0.509842,5432.8042,0.5095662,5472.333,0.5079774,5384.056669813655,0.5122063722262369
Viewpoint 2,5506,6660.942889,0.591452,6834.4243,0.5921634,6882.5776,0.5911212,6828.29922450918,0.5973238922958817
Viewpoint 2,5507,7610.324531,0.645773,7766.4009,0.6468675,7819.438,0.6462031,7801.875224228211,0.6542773982788753
Viewpoint 2,5508,7923.86812,0.663592,8079.0176,0.6650184,8133.2803,0.6644202,8133.104814740301,0.6735026258372018
Viewpoint 2,5509,7482.571692,0.637935,7667.2231,0.6402786,7720.2144,0.6395563,7651.73283911788,0.6449232185552514
Viewpoint 2,5510,6454.504087,0.577543,6655.2212,0.579829,6705.9937,0.5789399,6612.171021528456,0.58293108262065
Viewpoint 2,5511,5032.001131,0.49282,5216.0981,0.4935991,5260.1758,0.4926084,5126.133914714915,0.4946984071369222
Viewpoint 2,5512,8753.933809,0.699703,9496.5068,0.888406,11552.552,0.8561667,8078.70920233119,0.6644144938584452
Viewpoint 2,5513,5938.902297,0.530858,6083.0137,0.5304259,6136.1729,0.5309312,5023.765431156642,0.480880264826185
Viewpoint 2,5514,472.128446,0.186714,566.17352,0.1922344,565.66577,0.1932045027063562,547.4820607992535,0.1942125482941154
Viewpoint 2,5525,0.0,0.159,0.0,0.159,0.0,0.0,2.3193572372564743e-05,0.1600000013614627
Viewpoint 2,5526,762.817435,0.203909,830.67743,0.2077608,841.51544,0.2093968193631352,774.8664390867393,0.2054846599743916
Viewpoint 2,5527,2414.962344,0.340901,2504.666,0.334316,2524.0549,0.3298518,2455.6977494795565,0.3387630017581575
Viewpoint 2,5528,3287.809701,0.393143,3492.6636,0.3953007,3543.3518,0.3901882,3220.546125582978,0.3877010078056578
Viewpoint 2,5529,3549.018418,0.402383,3918.5801,0.414309,3946.4092,0.407999,3748.077479216082,0.4131136909544827
Viewpoint 2,5530,6003.144007,0.546971,6349.8682,0.5607864,6509.7661,0.5605893,5701.118519272707,0.5296182863583334
Viewpoint 2,5531,5663.805484,0.524479,6914.624,0.5903135,6553.1714,0.5583998,5389.422772269857,0.5083764707339266
Viewpoint 2,5532,6292.508768,0.571029,7056.0552,0.5977644,6868.0073,0.5762692,7858.625538734545,0.6817673467963538
Viewpoint 2,5533,5562.473165,0.517809,6136.0327,0.5428901,6019.2778,0.5274528,5451.175835990663,0.5104041802066018
Viewpoint 2,5534,4942.07561,0.480296,5376.3276,0.4969312,5832.4058,0.514541,4928.546907905221,0.479581863436865
Viewpoint 2,5535,5833.250344,0.54616,5850.502,0.6229228,9163.9922,0.717266,5088.781962573711,0.4890429181225516
Viewpoint 2,5536,3903.947213,0.424935,4082.0754,0.4246107,4118.8433,0.423242,3968.1790112555927,0.4249264615988996
Viewpoint 2,5537,3574.322084,0.382509,3762.124,0.3842947,3807.0925,0.3866042,2657.554276923243,0.3389202478590432
Viewpoint 2,5538,542.412191,0.19084,653.42084,0.1973558,652.922,0.1984760960252131,632.5978583040277,0.1994388229049473
Viewpoint 2,5549,0.0,0.159,0.0,0.159,0.0,0.0,2.319336299309513e-05,0.1600000013614504
Viewpoint 2,5550,716.850467,0.201083,779.86359,0.204778,790.23834,0.2063868653359536,727.8338364555952,0.2027238461999434
Viewpoint 2,5551,1887.818661,0.31281,2041.0148,0.3052227,2100.5496,0.3043583,1900.7508101196363,0.3079837588771749
Viewpoint 2,5552,4405.668661,0.459573,4563.2383,0.4583564,4597.5195,0.4563141,4491.525990588961,0.4598433484395231
Viewpoint 2,5553,6306.605667,0.571538,6508.9014,0.5733419,6555.3271,0.5720181,6455.282222417195,0.5756685854588798
Viewpoint 2,5554,6062.039393,0.549412,6380.0659,0.5625076,6548.9102,0.5617813,5599.32775935255,0.5234907610357117
Viewpoint 2,5555,5764.299889,0.529609,6934.0557,0.5915677,6553.5913,0.5572652,5335.405769733228,0.5043074143243045
Viewpoint 2,5556,7215.565116,0.618601,8149.3257,0.6626508,7988.6084,0.6442966,8900.620130530682,0.7364521090098305
Viewpoint 2,5557,5346.001708,0.504596,5926.4248,0.530489,5821.875,0.5152531,5219.913459083631,0.4964399805955959
Viewpoint 2,5558,5977.116901,0.541797,6355.7695,0.5554684,6821.2134,0.5743041,5883.789239309057,0.5363520098161171
Viewpoint 2,5559,4756.166338,0.49118,4587.4595,0.5715571,8190.3247,0.6630369,3844.636183949239,0.4151605846156282
Viewpoint 2,5560,5971.561512,0.539293,5908.6338,0.7180698,8224.0771,0.6681086,4350.040581293619,0.4505189916912798
Viewpoint 2,5561,3633.852232,0.384768,3593.4978,0.3742518,3623.8833,0.3741814,2488.87405008567,0.3290980054522812
Viewpoint 2,5573,0.0,0.159,0.0,0.159,0.0,0.0,2.3193201305937936e-05,0.1600000013614409
Viewpoint 2,5574,1801.01032,0.311222,1909.2214,0.2970621,1930.1741,0.2931622,1811.8644875101857,0.3036285055895394
Viewpoint 2,5575,2062.222088,0.319487,2138.1282,0.3113848,2154.6216,0.3069478,2099.2529120385475,0.3172066884568311
Viewpoint 2,5576,3589.855741,0.410764,3718.3391,0.4076518,3746.3804,0.4056554,3669.071794750735,0.4107954738224172
Viewpoint 2,5577,5144.060591,0.502579,5308.4502,0.5022361,5347.1484,0.5006176,5258.390090421905,0.5048083839966503
Viewpoint 2,5578,11374.694128,0.860416,11885.021,0.8873143,12049.277,0.8899192,11246.369459745389,0.8567629362036094
Viewpoint 2,5579,7456.391294,0.637188,7620.0063,0.6382726,7672.2017,0.6375712,7642.436994894581,0.6449252872415415
Viewpoint 2,5580,7729.258423,0.65258,7917.4902,0.6555425,7970.8457,0.6549038,7955.798204645697,0.6631150739150112
Viewpoint 2,5581,7316.758514,0.628388,7505.8647,0.6308158,7557.9551,0.6300704,7479.777774729773,0.6348731743926166
Viewpoint 2,5582,6303.778558,0.568738,6504.5815,0.5710079,6554.2178,0.5700909,6456.906230247872,0.573865281055943
Viewpoint 2,5583,4893.194236,0.484991,5086.7148,0.4860459,5129.623,0.4850099,4996.498486023909,0.4871326886466602
Viewpoint 2,5584,3312.630633,0.390696,3451.8992,0.3877419,3481.4302,0.3859562,3370.012722452956,0.3901506768781648
Viewpoint 2,5585,1748.983562,0.290757,1830.3978,0.2782994,1845.1627,0.2845458,1776.7838711785585,0.2878100289507872
Viewpoint 2,5597,0.0,0.159,0.0,0.159,0.0,0.0,2.319308546675982e-05,0.1600000013614341
Viewpoint 2,5598,701.594874,0.200184,750.72375,0.2030675,759.72205,0.2045955347223142,716.1527271308064,0.2020381650825783
Viewpoint 2,5599,1843.658729,0.310575,1985.9056,0.302302,2041.4705,0.301303,1845.185732488049,0.3050296324250282
Viewpoint 2,5600,3159.09357,0.385464,3351.2795,0.3867096,3401.8765,0.3818242,3174.392239556044,0.3838788512455167
Viewpoint 2,5601,4686.049471,0.473512,5036.7212,0.4838809,5073.957,0.4794752,4816.521751432108,0.478073302137305
Viewpoint 2,5602,5908.396115,0.541017,6297.9282,0.5578197,6427.6924,0.5553869,5519.601302603372,0.5193073365492701
Viewpoint 2,5603,6734.434373,0.589172,7838.8062,0.6454518,7547.1909,0.6198265,6451.230170606834,0.5723742699093294
Viewpoint 2,5604,7646.720985,0.64234,8334.7275,0.6746972,8220.4766,0.6609271,8880.458679824815,0.7252792012316218
Viewpoint 2,5605,6565.111961,0.577683,7121.543,0.6024548,7069.4644,0.5914041,6434.954803499968,0.5696216657864434
Viewpoint 2,5606,6408.367028,0.568314,6783.3804,0.5815269,7173.687,0.5967926,6406.485891736416,0.5674456949348076
Viewpoint 2,5607,5337.197371,0.510621,5547.6821,0.5128469,5596.0464,0.5121032,5449.342885505482,0.513483055128644
Viewpoint 2,5608,3625.712234,0.408818,3783.0112,0.406787,3816.3718,0.4058431,3681.889518003449,0.4082296901430746
Viewpoint 2,5609,3786.156526,0.395669,3639.0808,0.3807416,3658.2307,0.3789386,2667.101770781007,0.3400345328949446
Viewpoint 2,5621,0.0,0.159,0.0,0.159,0.0,0.0,2.3193013353152297e-05,0.1600000013614299
Viewpoint 2,5622,885.991063,0.212611,947.9292,0.2146434,957.97546,0.2162330012219599,884.1341023874389,0.2118986718101426
Viewpoint 2,5623,2420.641119,0.346667,2566.6592,0.3402294,2610.9993,0.3387093,2397.71266347684,0.3403593447784654
Viewpoint 2,5624,3054.543017,0.378789,3160.9546,0.3732277,3184.8904,0.3715834,3120.697754822352,0.3780772914675859
Viewpoint 2,5625,5526.5389,0.523861,5840.8364,0.5326639,5882.854,0.529056,5667.757896951103,0.5287826043817099
Viewpoint 2,5626,7396.260559,0.631137,7721.5713,0.6424639,7791.2246,0.6401917,7375.9077974912,0.6288551276007299
Viewpoint 2,5627,8748.5566,0.708984,9309.8486,0.7341968,9197.4307,0.7221976,8725.464891056448,0.7070235788700505
Viewpoint 2,5628,8994.076948,0.723235,9638.959,0.7532799,9597.4971,0.7451281,10099.209620746478,0.7896634770727533
Viewpoint 2,5629,6218.232153,0.564415,6391.7021,0.5652133,6437.2373,0.564146,6344.687404351052,0.5681628867983459
Viewpoint 2,5630,5364.70205,0.513719,5537.7275,0.514246,5579.7769,0.5130046,5489.705184843821,0.5171033256943438
Viewpoint 2,5631,4161.271038,0.442297,4316.8594,0.4410667,4352.0015,0.4396357,4251.809017901861,0.4434588792046851
Viewpoint 2,5632,2804.748806,0.361172,2914.7864,0.3553648,2938.8801,0.352753,2853.639362350507,0.3600813698192645
Viewpoint 2,5633,4389.639273,0.434799,4084.1123,0.4094282,4114.2158,0.4085332,3125.0788353495964,0.368795756233838
Viewpoint 2,5645,0.0,0.159,0.0,0.159,0.0,0.0,2.3192982505937323e-05,0.160000001361428
Viewpoint 2,5646,844.858297,0.208753,901.91663,0.2119425,911.41852,0.2135001036880703,840.8937354999035,0.2093604622738443
Viewpoint 2,5647,2348.522935,0.342662,2484.4075,0.3352088,2528.8474,0.3336156,2318.579960688202,0.3354651705304478
Viewpoint 2,5648,3835.842258,0.426784,4031.186,0.4274102,4078.7056,0.4239694,3835.741775867035,0.4226335065895027
Viewpoint 2,5649,5426.028823,0.517954,5751.2695,0.5272023,5792.4238,0.5235039,5563.654063249205,0.5226290379547557
Viewpoint 2,5650,7326.794208,0.626874,7645.6431,0.6378185,7713.8271,0.635304,7250.423355024217,0.6214056652797753
Viewpoint 2,5651,6586.228792,0.586699,6754.1646,0.5871871,6801.4902,0.5862006,6743.490435363837,0.5920000443765367
Viewpoint 2,5652,6831.833484,0.600687,7008.2632,0.601934,7056.7529,0.6010528,7007.765213661903,0.6073412417259642
Viewpoint 2,5653,8376.740213,0.686051,8818.1602,0.7044685,8829.9795,0.6991,8492.770019764359,0.6918989445406287
Viewpoint 2,5654,5572.883899,0.526053,5761.6362,0.5273942,5805.457,0.526253,5711.721357840997,0.5301604964486162
Viewpoint 2,5655,6978.576063,0.606309,6917.4614,0.6511481,9430.7637,0.7325652,7194.566309952526,0.61420313752201
Viewpoint 2,5656,6693.919968,0.671634,7035.0146,0.7715362,8644.4561,0.6932093,5373.573725420774,0.5060096204881305
Viewpoint 2,5657,1507.510321,0.267248,1574.2864,0.251726,1586.9996,0.2633437,1531.9214654874995,0.2594429699978111
Viewpoint 2,5669,0.0,0.159,0.0,0.159,0.0,0.0,2.3192990095712547e-05,0.1600000013614285
Viewpoint 2,5670,69.164612,0.16306,71.415749,0.1631921,71.95752,0.164223269778696,70.89739489960566,0.1641616770806068
Viewpoint 2,5671,225.061285,0.172211,232.83327,0.1726673,234.6169,0.1737715903264054,229.76924921353228,0.1734874549288343
Viewpoint 2,5672,401.805422,0.182586,416.19638,0.1834307,419.39795,0.1846185955369585,411.8106936845835,0.184173287719285
Viewpoint 2,5673,576.826199,0.19286,598.09021,0.1941079,602.68201,0.195377374995158,591.4718092976209,0.1947193952057703
Viewpoint 2,5674,709.256139,0.200633,733.95844,0.2020834,739.55872,0.2034120173119271,726.2444091770113,0.2026305468186905
Viewpoint 2,5675,796.308362,0.205743,823.04773,0.2073129,829.2915,0.2086793258759297,814.1778764312729,0.2077922413465157
Viewpoint 2,5676,836.840667,0.208123,865.37378,0.2097974,871.93329,0.2111824094105727,856.534568658256,0.2102785791802396
Viewpoint 2,5677,790.038522,0.205375,817.90106,0.2070108,824.11969,0.208375729252958,806.4263577694121,0.2073372272010645
Viewpoint 2,5678,678.155745,0.198808,702.1214,0.2002145,707.4696,0.2015283650607263,694.6211018802419,0.2007742586803702
Viewpoint 2,5679,523.141582,0.189708,541.07959,0.1907614,545.19946,0.1920031663833471,534.7865255955602,0.1913919690524594
Viewpoint 2,5680,346.077515,0.179315,358.15454,0.1800237,360.8801,0.1811835952558153,353.7808252463016,0.1807669344419579
Viewpoint 2,5681,190.772162,0.170198,197.12317,0.1705711,198.63007,0.1716588898874194,194.91694508458016,0.1714416246764648
Viewpoint 2,5694,732.854427,0.202045,804.06433,0.2061986,812.77167,0.2077096382878046,743.1743090592983,0.2036243319417808
Viewpoint 2,5695,2697.14212,0.357683,2813.4844,0.3534244,2909.8235,0.3505334,2618.074361736046,0.3505217617748002
Viewpoint 2,5696,3566.868512,0.409411,3760.4873,0.4114032,3815.5217,0.4060619,3567.8991310458696,0.4065234672028476
Viewpoint 2,5697,5059.739617,0.49427,5423.4165,0.5061367,5462.6299,0.5013952,5151.714098678372,0.4980436774054907
Viewpoint 2,5698,8137.032108,0.677452,8324.791,0.6803623,8380.79,0.6797477,8346.452051911849,0.6871268904586636
Viewpoint 2,5699,7972.129294,0.666515,9039.875,0.7163333,9023.1045,0.7061496,7428.128329882667,0.6296240748870454
Viewpoint 2,5700,9842.349073,0.776321,10011.415,0.7791015,10073.124,0.7788224,10141.374119581811,0.7917985110928291
Viewpoint 2,5701,9226.663723,0.739698,9446.8428,0.7451358,9508.3721,0.7446936,9454.954190437256,0.7510983284508708
Viewpoint 2,5702,7844.142955,0.65843,8117.0859,0.6655157,8180.6304,0.6650631,8048.816604000195,0.6671532469583406
Viewpoint 2,5703,8206.985913,0.706347,7380.3203,0.6884632,11115.053,0.8382521,6681.54215583301,0.5864550126809154
Viewpoint 2,5704,4125.435514,0.437365,4322.7119,0.4380478,4363.1616,0.4368522,4173.814060761588,0.4367096511415858
Viewpoint 2,5705,3414.201412,0.379185,3356.7622,0.3625925,3508.5759,0.3742318,2442.8539983227647,0.3267011463076152
Viewpoint 2,5718,730.647315,0.201922,801.98401,0.2060765,810.64105,0.2075845402722982,740.9168705271624,0.2034918202999444
Viewpoint 2,5719,2390.329994,0.339519,2481.0627,0.3330093,2500.3345,0.3285281,2431.348931728178,0.3374183430948416
Viewpoint 2,5720,4260.109125,0.451008,4411.8037,0.4494813,4445.0054,0.4474227,4344.851662116544,0.4511990015253655
Viewpoint 2,5721,6172.364761,0.563769,6376.4409,0.5656475,6421.9395,0.5643193,6314.563394684005,0.5675136089777949
Viewpoint 2,5722,6827.240527,0.595663,7243.1685,0.6128225,7271.0762,0.60567,6335.634827408424,0.5671289052314871
Viewpoint 2,5723,9272.232336,0.743519,9440.9922,0.7459232,9501.8438,0.7456353,9529.434267400777,0.7562633274403229
Viewpoint 2,5724,9638.381011,0.764557,9831.2305,0.7685146,9892.2812,0.7682152,9941.688999353522,0.7801039260702564
Viewpoint 2,5725,7437.334558,0.630586,8040.9199,0.6569171,8058.0776,0.6500809,7335.746783800679,0.6228081643736821
Viewpoint 2,5726,6718.067669,0.584958,7114.8271,0.5997846,7660.4434,0.6238137,6580.56943204599,0.5773407671403805
Viewpoint 2,5727,8437.581157,0.735763,9529.7451,0.7998719,11363.463,0.8542994,6608.274273820798,0.5823120782145972
Viewpoint 2,5728,6835.954646,0.694904,6482.0415,0.7690558,9430.7168,0.7524894,4671.588056423747,0.4680581011237649
Viewpoint 2,5729,3013.245434,0.355393,3280.7681,0.3570096,3422.2664,0.3691216,2405.979201316288,0.3244155664789666
Viewpoint 2,5742,827.268253,0.20759,884.81274,0.2109385,894.04175,0.2124801055697874,823.4305209771843,0.2083353715813607
Viewpoint 2,5743,2493.886707,0.350745,2628.9229,0.3450709,2674.7703,0.3426244,2445.968951880095,0.3433397152438022
Viewpoint 2,5744,4088.564178,0.441598,4282.1084,0.442324,4333.2319,0.439026,4074.42991252136,0.4366511499213346
Viewpoint 2,5745,4552.966657,0.467659,4695.21,0.4659248,4729.7847,0.4640694,4645.257599035167,0.4685041118761061
Viewpoint 2,5746,8033.09443,0.66852,8434.5127,0.6842578,8455.8848,0.6793702,7935.312271710996,0.6621309726608364
Viewpoint 2,5747,9394.502259,0.747156,10289.613,0.7918305,10310.771,0.7870052,9413.168684960572,0.7477796233232449
Viewpoint 2,5748,6889.016289,0.604062,7057.9917,0.6049216,7106.6646,0.6040685,7050.554146015533,0.6099238152505827
Viewpoint 2,5749,9117.369991,0.729733,9633.7842,0.7527993,9674.9785,0.7491327,9254.299377557543,0.7371267692016853
Viewpoint 2,5750,5592.506546,0.527174,5780.1099,0.5284941,5824.1885,0.5273825,5725.109341767132,0.530984522065031
Viewpoint 2,5751,4318.778326,0.451398,4475.5122,0.4503086,4512.585,0.4490617,4400.968383626733,0.4521874394249344
Viewpoint 2,5752,2870.285711,0.365003,2987.4885,0.359403,3012.5559,0.3568641,2918.170131197803,0.3637563979306214
Viewpoint 2,5753,3564.481915,0.390679,3716.0791,0.3883297,3844.8088,0.3956639,2897.081931725173,0.355836930585927
Viewpoint 2,5766,131.553249,0.166722,136.08424,0.1669881,137.1199,0.1680481570089361,134.96240578031015,0.1679222932193042
Viewpoint 2,5767,488.292515,0.187663,505.11429,0.1886502,508.9917,0.1898777191742432,498.2408152289065,0.1892467358539368
Viewpoint 2,5768,885.395317,0.210973,915.57367,0.2127442,922.61035,0.2141571028280064,905.6527211636532,0.2131618147323064
Viewpoint 2,5769,1257.078106,0.238071,1303.6207,0.2355225,1313.6,0.2371081,1289.001427061576,0.2356643837685145
Viewpoint 2,5770,1588.30805,0.281163,1644.8204,0.270735,1657.325,0.2767009,1627.3726024966395,0.2756916952308325
Viewpoint 2,5771,1794.165764,0.299248,1855.3384,0.2894931,1869.3627,0.2894242,1834.940866681916,0.3002767446219367
Viewpoint 2,5772,1851.84769,0.303706,1915.2314,0.2966107,1929.6859,0.2930343,1895.3086864642664,0.3039696164249638
Viewpoint 2,5773,1762.231081,0.297011,1824.1113,0.2876547,1837.9188,0.2875719,1798.3535130997734,0.2982554689141138
Viewpoint 2,5774,1511.543149,0.27222,1561.7781,0.2610537,1573.6606,0.2717132,1544.7795888818764,0.2685272411144624
Viewpoint 2,5775,1172.373202,0.228853,1212.2794,0.2301608,1221.5482,0.2317047,1197.4714173616528,0.230291572199129
Viewpoint 2,5776,775.900099,0.204545,801.03668,0.2060208,807.17975,0.207381343717815,790.2964751543885,0.2063904030915626
Viewpoint 2,5777,380.216063,0.181319,393.46945,0.1820967,396.50565,0.1832747615207511,388.350128777491,0.1827961525592387
Viewpoint 2,5790,669.826451,0.198319,714.34668,0.2009321,721.87561,0.2023740305017341,669.5822060507065,0.1993044754951765
Viewpoint 2,5791,2260.198099,0.33791,2376.9812,0.3284226,2410.5417,0.3274657,2243.097868364349,0.3308360064408363
Viewpoint 2,5792,2346.432999,0.336235,2426.968,0.3284833,2445.4668,0.3249993,2397.2044083973874,0.3347412978951798
Viewpoint 2,5793,3391.704877,0.398375,3507.7454,0.3941445,3534.0378,0.3928407,3468.333028850738,0.3985018369180841
Viewpoint 2,5794,4279.517893,0.451043,4418.0425,0.4488751,4450.5986,0.4472493,4380.432197998282,0.4525685374272966
Viewpoint 2,5795,4878.34061,0.486304,5026.3179,0.4850351,5062.8823,0.4834371,4988.054745520616,0.4883090715245319
Viewpoint 2,5796,9076.856428,0.728734,9673.9824,0.7564793,9683.0713,0.7519003,9785.752040737383,0.7697183846389916
Viewpoint 2,5797,8422.482855,0.690333,8800.7637,0.7051564,8848.9834,0.7023792,8582.968052449514,0.6985735621980005
Viewpoint 2,5798,4139.242878,0.441861,4277.2285,0.439805,4309.7246,0.4381618,4232.1240660717,0.4430218885266219
Viewpoint 2,5799,7822.251288,0.682458,7346.7368,0.6539455,8656.2734,0.6879372,6553.80344673513,0.5764260637227434
Viewpoint 2,5800,6689.649958,0.67956,12232.45,1.0,7281.6987,0.6153776,4950.999517157108,0.4808427321283672
Viewpoint 2,5801,1049.437156,0.221315,1091.9132,0.2230953,1100.672,0.2246725,1067.5903016517964,0.2228856123443402
Viewpoint 2,5814,684.107169,0.199157,731.35681,0.2019306,738.97998,0.2033780203145661,682.4277874057165,0.2000585111207155
Viewpoint 2,5815,2225.760121,0.336114,2342.0784,0.3262009,2373.1968,0.3247565,2197.9666628819487,0.3281686575687911
Viewpoint 2,5816,3756.174532,0.423014,3961.1704,0.42408,4004.072,0.4205303,3735.1550882208862,0.4178155973764064
Viewpoint 2,5817,4046.75247,0.437625,4179.6143,0.4349796,4210.6445,0.4332761,4133.085690418785,0.4381045689888065
Viewpoint 2,5818,7373.529689,0.630993,7753.9561,0.6446326,7752.9238,0.6391987,7439.115458143844,0.6330288638356942
Viewpoint 2,5819,8640.482353,0.703732,9389.9541,0.7396083,9421.792,0.7360056,8696.955829437136,0.7060743559574709
Viewpoint 2,5820,9176.920191,0.733561,9749.0283,0.7599479,9737.0801,0.7541348,9868.6461986443,0.7755240046496021
Viewpoint 2,5821,5788.531237,0.539403,5964.0786,0.5400866,6006.9497,0.5388928,5904.632333817261,0.5423383870159041
Viewpoint 2,5822,7424.196657,0.629412,7737.7432,0.6394607,8019.9082,0.6497051,7444.540346215238,0.6297412974597736
Viewpoint 2,5823,3827.078692,0.422542,3968.8811,0.4206431,4001.1975,0.4190937,3904.235018023198,0.4230349331940821
Viewpoint 2,5824,2521.11068,0.344404,2620.2002,0.3378468,2641.7913,0.3341528,2563.0582480002904,0.3429656286791758
Viewpoint 2,5825,3135.907786,0.367164,3245.5354,0.360537,3346.4941,0.3665161,2564.6238551144074,0.3357648048151126
Viewpoint 2,5838,865.463134,0.21379,951.78351,0.2148697,961.10443,0.2164167011345203,888.9976287416029,0.2122380675454903
Viewpoint 2,5839,2364.84582,0.338058,2455.575,0.3315551,2474.6892,0.3270611,2409.3680622046813,0.3361751603895125
Viewpoint 2,5840,4680.913977,0.47267,4915.562,0.4781748,4979.9307,0.4734949,4578.481487034727,0.4644310074914486
Viewpoint 2,5841,6393.215319,0.576906,6592.4771,0.5785587,6639.2168,0.5772991,6520.322565626491,0.5798246107726708
Viewpoint 2,5842,8322.762808,0.688662,8520.6074,0.6920759,8577.1924,0.6915294,8550.902441394175,0.6992402151188167
Viewpoint 2,5843,9723.120207,0.77032,9898.7842,0.7730631,9961.6191,0.7729072,9973.156096665238,0.7825298042433332
Viewpoint 2,5844,10537.361311,0.817316,11582.401,0.8637288,11493.775,0.851517,11723.518726551769,0.8943701510885925
Viewpoint 2,5845,9444.31378,0.752613,9711.8066,0.7608669,9774.3271,0.7604854,9687.525656824122,0.7649653341158216
Viewpoint 2,5846,8828.975191,0.708552,9201.0127,0.7235386,9781.9639,0.7500685,8603.1642618612,0.6967385337953649
Viewpoint 2,5847,6192.039811,0.560166,6456.6353,0.5655421,6519.8516,0.5652347,6282.215176638481,0.5620476495220917
Viewpoint 2,5848,4121.404654,0.437029,4335.4033,0.4383853,4376.3706,0.4372619,4163.445148185765,0.4360028219127215
Viewpoint 2,5849,3155.433811,0.368605,3240.5857,0.3614067,3334.6008,0.3659198,2604.547871754172,0.338516172413158
Viewpoint 2,5862,321.271056,0.177859,356.62875,0.1799341,360.00586,0.1811322463342886,328.5930413663582,0.1792884115282052
Viewpoint 2,5863,1411.925517,0.270589,1486.7354,0.2582922,1520.8083,0.2492714,1387.1845729005215,0.2676914885866151
Viewpoint 2,5864,2467.345845,0.341175,2613.0093,0.3395994,2657.4751,0.3292709,2391.9104707489005,0.3313741368437289
Viewpoint 2,5865,3653.405552,0.406758,4042.022,0.4198801,4061.262,0.4131477,3715.349241487452,0.4108402308674893
Viewpoint 2,5866,5858.843428,0.541715,6111.8433,0.5415986,5971.7705,0.5239152,4921.100554568031,0.4817732902823883
Viewpoint 2,5867,6244.831197,0.557881,8256.6172,0.6706347,8727.0723,0.6841217,5560.9019935329925,0.5191536992465088
Viewpoint 2,5868,6772.297108,0.59777,7865.0977,0.6432632,7777.3008,0.6288362,7938.023796754549,0.6869003122350682
Viewpoint 2,5869,5570.468379,0.522875,6219.7959,0.5484672,6311.252,0.5439214,5338.959788530846,0.5042180644001151
Viewpoint 2,5870,5152.494058,0.489955,5403.0,0.4978802,5970.8472,0.5217506,4744.279076475585,0.4690018020449862
Viewpoint 2,5871,9213.767213,0.811279,9544.084,0.8120427,9943.9551,0.7794241,4618.743247738907,0.4667226415852369
Viewpoint 2,5872,8900.082826,0.863034,13359.499,1.0,9119.9375,0.7553034,3453.5157322844743,0.4008204877510592
Viewpoint 2,5873,2097.18235,0.289118,2288.0479,0.2943368,2387.5984,0.3056748,1325.209558370696,0.2498313602454084
Viewpoint 2,5886,805.303758,0.206547,871.10712,0.210134,879.72479,0.2116397078224741,826.4390530653445,0.2085119724149357
Viewpoint 2,5887,1890.097567,0.308936,1957.5436,0.2997715,1972.6969,0.2961237,1924.9529229394689,0.3067889250533178
Viewpoint 2,5888,3484.485208,0.404641,3609.2703,0.4013307,3636.5854,0.3993286,3557.7534287354792,0.4043473152821081
Viewpoint 2,5889,5136.898145,0.502631,5304.166,0.5021848,5342.7769,0.5006093,5244.068963178101,0.5041916674234629
Viewpoint 2,5890,6617.950067,0.589288,6799.5132,0.5903718,6847.019,0.5893643,6787.300901110858,0.5950859425344702
Viewpoint 2,5891,11799.038704,0.892541,13106.548,0.9565055,13472.585,0.9709265,11314.23079975831,0.8598473011466123
Viewpoint 2,5892,12336.338353,0.919933,13287.506,0.9664224,13283.97,0.9604147,13369.669926126367,0.9848671088608328
Viewpoint 2,5893,7507.945738,0.639949,7721.5215,0.6438171,7774.77,0.6430833,7662.41641053649,0.6458734504691546
Viewpoint 2,5894,6414.526658,0.5754,6634.6431,0.5787297,6685.8218,0.5779255,6560.218675335282,0.5801029387815009
Viewpoint 2,5895,14495.348838,1.0,15239.787,1.0,16015.339,1.0,8954.868549989973,0.7186320795095719
Viewpoint 2,5896,3230.073491,0.38558,3366.8376,0.3822519,3396.3447,0.3805389,3266.627188053018,0.3838637494899124
Viewpoint 2,5897,3237.877313,0.374356,3362.1423,0.3694376,3447.3105,0.3728509,2600.8965613116275,0.3413666203346676
Viewpoint 2,5910,620.236753,0.195408,666.60748,0.1981299,673.04718,0.1995077517661289,620.5058527601101,0.1964236935570184
Viewpoint 2,5911,1772.533341,0.30018,1836.328,0.2915663,1850.5333,0.2888014,1806.5507966673667,0.2994726844874396
Viewpoint 2,5912,3304.212732,0.394018,3424.5962,0.3896135,3450.5491,0.3882635,3376.564951191174,0.3935316807125204
Viewpoint 2,5913,6012.962351,0.552154,6394.8779,0.5649326,6433.8364,0.5611597,6057.491623647405,0.5522612819781302
Viewpoint 2,5914,8753.402718,0.710701,9169.5117,0.7269171,9135.8018,0.719454,8535.766986838784,0.6975607524017022
Viewpoint 2,5915,7242.441567,0.625301,7428.6104,0.6272134,7479.7285,0.6265202,7409.81367702309,0.6314929169714145
Viewpoint 2,5916,7557.800582,0.643247,7748.1152,0.6457611,7800.1548,0.6451527,7739.428938286396,0.6506320469657075
Viewpoint 2,5917,9514.946703,0.753409,10155.846,0.7833242,10257.05,0.7831364,9579.117827327478,0.7566812998518063
Viewpoint 2,5918,8491.625987,0.690847,8844.2939,0.7036801,9289.7998,0.7229311,8360.492862777415,0.6833754535930441
Viewpoint 2,5919,12476.840241,0.984694,10428.587,0.8627117,14308.322,1.0,7745.786441867634,0.6474529252245955
Viewpoint 2,5920,3032.59922,0.374152,3158.7419,0.369657,3186.0439,0.3665932,3069.436198013904,0.3723960393791927
Viewpoint 2,5921,2793.995574,0.349315,2966.2632,0.3451501,3045.6414,0.3487458,2260.2272412836446,0.3203939565007023
Viewpoint 2,5934,380.83796,0.181355,394.59128,0.1821625,397.62793,0.1833406868008029,390.7578321199833,0.182937484745443
Viewpoint 2,5935,1634.621011,0.288079,1695.3447,0.277574,1708.4504,0.2802385,1668.7049661943706,0.2885819777742696
Viewpoint 2,5936,3058.316078,0.379141,3166.0791,0.3736844,3190.1211,0.3720602,3122.872807169402,0.378365246498205
Viewpoint 2,5937,4541.583259,0.467119,4684.2954,0.4653917,4718.7812,0.463543,4629.685032773741,0.4677033483485703
Viewpoint 2,5938,5825.50209,0.542708,5994.8291,0.5427645,6037.5542,0.5414963,5971.284368870092,0.5468710060908252
Viewpoint 2,5939,6710.112816,0.594294,6885.4409,0.5951318,6933.5264,0.5942551,6855.837679011876,0.5988348475315886
Viewpoint 2,5940,6990.223875,0.610328,7178.1943,0.6121427,7227.3081,0.6113611,7156.4179577264895,0.6163092435853507
Viewpoint 2,5941,6595.971035,0.586897,6792.1616,0.588967,6840.1348,0.5880909,6752.423907802212,0.5922183660319342
Viewpoint 2,5942,5640.976843,0.530004,5828.5654,0.5313824,5873.3091,0.5303349,5760.628736247198,0.5331621778664293
Viewpoint 2,5943,4303.953785,0.450551,4462.6367,0.4494465,4500.3584,0.4482708,4376.146824856228,0.4507428342175862
Viewpoint 2,5944,2793.996095,0.360185,2910.041,0.3545884,2934.7871,0.3520564,2833.0916488250778,0.3586271192616854
Viewpoint 2,5945,1346.301654,0.246536,1413.3086,0.242381,1424.9476,0.2441784,1364.4666889681075,0.2442036192527724
Viewpoint 2,5958,525.517815,0.189848,585.17706,0.1933499,590.25037,0.1946475849819862,538.5837475379805,0.1916148659804794
Viewpoint 2,5959,2247.659767,0.330991,2331.8826,0.3231941,2350.0432,0.3196703,2288.22857721328,0.3288957782964828
Viewpoint 2,5960,3644.275412,0.413837,3897.8398,0.418297,3910.0713,0.4113218,3511.595719604347,0.4040940601010404
Viewpoint 2,5961,6321.599191,0.572926,6531.6562,0.5750853,6577.9385,0.5738348,6450.554683860095,0.5758411655710541
Viewpoint 2,5962,8289.100641,0.686985,8513.2227,0.6917766,8569.5146,0.6912597,8523.295088095927,0.6977799505183558
Viewpoint 2,5963,8843.044637,0.717929,10147.357,0.779901,10786.963,0.8088773,11340.329667325515,0.8974856470492917
Viewpoint 2,5964,9060.468624,0.730654,10183.658,0.7802123,10197.373,0.7742984,10018.447105686442,0.7997276189344162
Viewpoint 2,5965,7830.829319,0.654372,8471.6113,0.6815426,8611.8115,0.6823504,8307.663333502454,0.6791946307568851
Viewpoint 2,5966,7974.925532,0.666609,8284.7734,0.6754682,8350.2969,0.6751285,8167.798531749699,0.6744168052582629
Viewpoint 2,5967,13378.345139,1.0,12805.721,0.9749868,15663.661,1.0,6574.297233324265,0.5808205433910439
Viewpoint 2,5968,10298.322018,0.926421,7869.9683,0.8500271,10266.119,0.822547,4302.945256772593,0.4470572476475667
Viewpoint 2,5969,2282.988751,0.305375,2260.1909,0.2929437,2335.124,0.301017,1624.8573519095162,0.2720718202079021
Viewpoint 2,5982,479.249884,0.187132,522.25861,0.1896566,526.66467,0.1909151660375714,493.0527229408596,0.1889421948366284
Viewpoint 2,5983,2015.728299,0.321275,2117.4219,0.310384,2158.1387,0.3057605,1966.6831365304663,0.3106424104635942
Viewpoint 2,5984,3969.531474,0.433851,4112.5459,0.4314904,4143.6128,0.4297733,4046.254366750139,0.4336103834129186
Viewpoint 2,5985,5946.19737,0.550607,6141.7212,0.5519933,6185.6143,0.5506512,6065.069952637158,0.5530169300043363
Viewpoint 2,5986,7789.873918,0.658151,7986.8169,0.6606906,8040.5381,0.6600561,7983.066137135114,0.6658490359325687
Viewpoint 2,5987,9102.15015,0.73398,9299.5771,0.7378672,9360.1123,0.7376711,9320.318355713334,0.7443082780856469
Viewpoint 2,5988,10082.570082,0.792938,11035.212,0.8324016,11040.383,0.8273337,10823.628324749536,0.8381260858478138
Viewpoint 2,5989,8889.058406,0.720405,9148.9609,0.7279385,9209.1934,0.7275295,9117.764220840716,0.7315323116233456
Viewpoint 2,5990,7775.738137,0.647353,8123.9614,0.6596451,8635.8867,0.6824194,7383.799804916007,0.6255587868341962
Viewpoint 2,5991,14406.298767,1.0,13919.223,1.0,16676.156,1.0,7568.020326310855,0.6381752478445375
Viewpoint 2,5992,10443.242366,0.931956,7774.6851,0.8407767,10520.27,0.8347173,4760.637419118181,0.4723800102796071
Viewpoint 2,5993,2757.267744,0.346569,2836.1748,0.3380742,2907.3499,0.3408469,2258.1669599902834,0.3200709329321026
Viewpoint 2,6006,246.1802,0.173451,274.00955,0.1750844,275.85657,0.1761926213152997,249.50025283396428,0.1746456648413537
Viewpoint 2,6007,1257.427079,0.268916,1343.5574,0.2565654,1375.9646,0.240769,1213.9377343055553,0.2653859461991213
Viewpoint 2,6008,2375.547754,0.335033,2596.0315,0.342833,2664.7854,0.3285108,2327.220289557484,0.3269131713214419
Viewpoint 2,6009,3779.156068,0.413277,4118.7705,0.4229494,4128.9326,0.4162179,3680.478145294104,0.4088081490301081
Viewpoint 2,6010,5703.708649,0.5329,6519.5527,0.5642986,6637.5737,0.5613317,4852.9740521686645,0.4775207772545849
Viewpoint 2,6011,6789.882411,0.595666,8364.7344,0.6752948,9217.042,0.7132488,9721.68933118616,0.8215001649292027
Viewpoint 2,6012,7237.216029,0.619281,8206.207,0.6621959,8242.9688,0.6572205,7923.425364468323,0.6864783708873825
Viewpoint 2,6013,5632.111683,0.524857,6157.9775,0.5427535,6269.8081,0.541374,6005.862702389841,0.5428848929425873
Viewpoint 2,6014,5127.283575,0.487512,5384.2383,0.4944695,5974.2305,0.5209604,4572.867098569663,0.4589879588598404
Viewpoint 2,6015,12425.368746,1.0,9783.0537,0.8199779,14768.325,1.0,4866.903339386233,0.4838833468832998
Viewpoint 2,6016,9514.789496,0.895916,13069.305,1.0,9532.6631,0.788,16352.992112619442,1.0
Viewpoint 2,6017,1632.900015,0.259934,1754.3463,0.2631201,1801.7961,0.2711759,1053.9129192433445,0.2336926762036106
Viewpoint 2,6030,284.721452,0.175713,314.56879,0.1774652,316.87674,0.1786004787829467,286.6579447687899,0.1768268213579279
Viewpoint 2,6031,1516.092098,0.279829,1574.5482,0.2703969,1633.4175,0.2560591,1446.8483012679078,0.2740854156179236
Viewpoint 2,6032,2738.492374,0.356743,2988.9124,0.3669121,3065.5027,0.3548771,2644.8180193533635,0.3480068290476016
Viewpoint 2,6033,4318.784488,0.445758,4702.8267,0.458485,4716.4727,0.4519711,4113.29746303615,0.4351057983363222
Viewpoint 2,6034,6576.320521,0.584366,7296.7847,0.6105799,7385.2944,0.6066753,5491.824002929475,0.5158235491977962
Viewpoint 2,6035,6446.654481,0.572643,7387.4155,0.6199543,7929.9634,0.6432126,8039.47179038708,0.6997134539031997
Viewpoint 2,6036,7874.053217,0.659212,9014.4141,0.7102681,9106.2354,0.7090641,8618.843804576543,0.7237921377243556
Viewpoint 2,6037,6366.259369,0.572125,6907.0479,0.5883493,7029.6128,0.5876231,6675.733014805579,0.583197724431672
Viewpoint 2,6038,5202.481273,0.496187,5452.8745,0.5030122,5885.083,0.5207832,4813.653084247957,0.4764464532326916
Viewpoint 2,6039,13114.91379,1.0,11727.019,0.9233592,15419.052,1.0,5370.272891742622,0.5124434401660226
Viewpoint 2,6040,9320.686057,0.879723,19261.148,1.0,9757.8271,0.7979776,16071.847963754157,1.0
Viewpoint 2,6041,1527.651588,0.252852,1559.2218,0.2517055,1625.8595,0.2598989,1044.3803743061633,0.2314890345379538
Viewpoint 2,6054,209.729853,0.171311,216.7014,0.1717204,218.36183,0.1728173666711551,214.9915261656957,0.1726200025859263
Viewpoint 2,6055,1053.796698,0.220858,1088.2882,0.2228825,1096.6866,0.2243754,1073.4802818330525,0.2230132925436002
Viewpoint 2,6056,2026.04476,0.316823,2096.0618,0.3086956,2112.1104,0.3043307,2070.576850090183,0.3150752305686433
Viewpoint 2,6057,3007.612774,0.375586,3111.1892,0.3700618,3134.6479,0.3683877,3083.28930513731,0.3756026265173019
Viewpoint 2,6058,3862.905455,0.426277,3992.7205,0.4236723,4022.3323,0.4218202,3964.052812750538,0.4278144371336152
Viewpoint 2,6059,4437.488675,0.460108,4571.501,0.457924,4605.0708,0.4563611,4529.5797928741085,0.4612330975732004
Viewpoint 2,6060,4595.294938,0.469368,4740.3535,0.4678251,4774.8413,0.4663958,4698.878579065859,0.4711822002586434
Viewpoint 2,6061,4352.130168,0.454841,4492.4321,0.4529718,4525.5791,0.451422,4449.314137926649,0.4562958790196989
Viewpoint 2,6062,3725.812485,0.417293,3848.5144,0.4144522,3877.9087,0.4127416,3802.231276322653,0.4176838041438173
Viewpoint 2,6063,2820.399563,0.363326,2918.5127,0.3574638,2941.7576,0.3541834,2871.7985726015622,0.3622102188722562
Viewpoint 2,6064,1794.874119,0.298882,1866.0582,0.2929531,1881.0719,0.2894519,1826.326979338868,0.2992893147563034
Viewpoint 2,6065,831.124418,0.208068,866.8219,0.2098824,873.91681,0.2112988089780289,844.9678096941034,0.2095996104290438
Viewpoint 2,6078,130.076823,0.166636,134.53024,0.1668969,135.55833,0.1679563911442749,133.57014130980372,0.1678405672948854
Viewpoint 2,6079,753.991498,0.203259,780.06909,0.2047901,786.08368,0.2061429721012841,770.2965390248567,0.2052164068407591
Viewpoint 2,6080,1473.587198,0.268119,1523.0505,0.2546533,1534.7537,0.2695613,1505.876647887205,0.2648407960279657
Viewpoint 2,6081,2188.769361,0.326368,2266.7915,0.3187091,2284.0483,0.3144254,2247.0137169209693,0.3254059241703693
Viewpoint 2,6082,2790.200656,0.362301,2887.6553,0.3564948,2909.408,0.3523738,2865.069368436298,0.362326611672696
Viewpoint 2,6083,3187.094945,0.385869,3299.1909,0.3814392,3323.8721,0.3793074,3264.932340218186,0.3860908057911305
Viewpoint 2,6084,3308.99807,0.393007,3420.0049,0.3885744,3445.4553,0.3872859,3385.5882869067027,0.3932439710893672
Viewpoint 2,6085,3125.916939,0.381886,3228.1794,0.3765818,3252.3799,0.3749906,3195.079688229837,0.3818850212368354
Viewpoint 2,6086,2666.673936,0.354742,2763.4211,0.3488346,2784.4954,0.3447359,2731.5499023320463,0.3541764629100482
Viewpoint 2,6087,2018.683607,0.315644,2091.7029,0.3071125,2107.9968,0.3036313,2062.352772674144,0.3140451089680114
Viewpoint 2,6088,1291.808947,0.243292,1338.9863,0.2375985,1349.5043,0.2392526,1315.1755853124237,0.2376730084189587
Viewpoint 2,6089,592.321712,0.193769,614.83295,0.1950907,619.75299,0.1963794199609843,602.9999165093883,0.1953960950991011
Viewpoint 2,6102,246.319157,0.173459,269.07883,0.1747949,270.84363,0.175898276149894,244.25698801763428,0.1743378851966351
Viewpoint 2,6103,1689.990002,0.299332,1791.9135,0.2883211,1836.0045,0.2810436,1589.215461747286,0.2882891622195698
Viewpoint 2,6104,2561.929503,0.356298,2783.5837,0.3566718,2836.7034,0.3512617,2523.685815187945,0.3497824395975085
Viewpoint 2,6105,4330.303001,0.447676,4805.9385,0.4659845,4816.7793,0.459446,4140.631262845762,0.4381648905401958
Viewpoint 2,6106,6383.973964,0.575885,7232.0771,0.6229109,7373.5776,0.6077949,5646.3930347159085,0.5261265395493692
Viewpoint 2,6107,8051.804461,0.669982,9617.7969,0.7493231,10835.589,0.8102571,10756.33781101158,0.8751285044260788
Viewpoint 2,6108,8358.694298,0.68744,9802.7246,0.7562822,9916.041,0.7580056,9048.791441058447,0.7473643865962669
Viewpoint 2,6109,6578.634987,0.579802,7347.9131,0.6147505,7509.6006,0.6163204,6999.67099566575,0.6027612584075445
Viewpoint 2,6110,5965.538185,0.538609,6301.7749,0.5507135,6914.9321,0.578351,5610.094548865012,0.5206910205374191
Viewpoint 2,6111,11641.582014,0.957203,15225.346,1.0,12703.203,0.9426093,4783.517776917939,0.4761045652994021
Viewpoint 2,6112,10161.003907,0.940729,16901.605,1.0,10421.733,0.8320421,15690.74403657149,1.0
Viewpoint 2,6113,591.456997,0.193719,614.59412,0.1950767,619.52991,0.1963663396812819,602.3921995013244,0.1953604221107277
Viewpoint 2,6126,334.852467,0.178656,364.15585,0.1803759,365.71344,0.1814673313663519,327.208881600884,0.1792071613499719
Viewpoint 2,6127,1401.136721,0.271199,1489.7648,0.2622483,1511.8038,0.2490281,1313.535551824952,0.2625832791322288
Viewpoint 2,6128,2581.006426,0.347551,2788.5056,0.3551441,2863.3242,0.3414677,2446.985546680523,0.3360443757858767
Viewpoint 2,6129,4244.37184,0.443022,4573.6108,0.4503559,4579.5889,0.4438197,3872.236947231203,0.4213496333785372
Viewpoint 2,6130,6164.077537,0.560944,6960.0903,0.6097816,7126.5503,0.591704,5302.715082081923,0.5047544592136342
Viewpoint 2,6131,9174.420251,0.737528,10661.844,0.8107687,11831.681,0.8703222,11606.598556173429,0.9157454387547224
Viewpoint 2,6132,7606.328723,0.645212,9396.0479,0.7321275,9485.1973,0.7325544,8480.032536765415,0.7164491947081597
Viewpoint 2,6133,6233.812431,0.563258,7025.3955,0.5931896,7226.23,0.5980811,6470.431370085322,0.5711640112746201
Viewpoint 2,6134,6967.75352,0.59821,7224.1895,0.6058484,7831.5005,0.6334725,6528.711577564152,0.5749212101814408
Viewpoint 2,6135,6159.257605,0.558296,6440.2241,0.5642571,6506.7046,0.5641448,6203.811259645521,0.5576086273354612
Viewpoint 2,6136,10588.508601,0.961823,17716.973,1.0,10718.941,0.8463815,15797.751534632149,1.0
Viewpoint 2,6137,499.569742,0.188325,517.76904,0.189393,521.89459,0.19063510524858,508.56359072336994,0.1898526827754618
Viewpoint 2,6150,209.22649,0.171282,227.1786,0.1723354,228.07945,0.1733878421565289,203.42594209949416,0.1719411028012403
Viewpoint 2,6151,1434.864608,0.273906,1510.2577,0.2652425,1546.175,0.2511503,1322.72479668167,0.2621956928563755
Viewpoint 2,6152,2690.201042,0.353166,2935.0898,0.3631854,2996.1716,0.348517,2531.5115478417747,0.3409342747158784
Viewpoint 2,6153,4441.185468,0.451526,4816.8237,0.4637692,4820.2949,0.4570621,4059.334319658381,0.4319212381356647
Viewpoint 2,6154,5583.249485,0.52552,6142.4648,0.556223,6272.4048,0.5494237,5133.854355712479,0.5014147432663638
Viewpoint 2,6155,7630.548124,0.647429,9362.3311,0.7340496,10745.306,0.8049005,10425.335858301843,0.8586961076034545
Viewpoint 2,6156,7385.535028,0.63386,9571.166,0.7424168,9709.5518,0.746277,8557.974937095958,0.7206979966027378
Viewpoint 2,6157,5124.468697,0.492038,5600.6689,0.5121194,6394.8442,0.5528774,5287.035353305772,0.5021904435189923
Viewpoint 2,6158,5640.044331,0.518313,5861.2676,0.5238987,6476.5039,0.5518014,5175.461388486412,0.4946966656883336
Viewpoint 2,6159,16729.657424,1.0,17290.359,1.0,16513.346,1.0,5154.868496030886,0.5003392183650966
Viewpoint 2,6160,10045.664266,0.933297,5874.0195,0.7675147,10131.136,0.8139258,15652.422868057642,1.0
Viewpoint 2,6161,499.436022,0.188317,517.38477,0.1893705,521.52173,0.190613240629369,506.6942877878221,0.1897429546931451
Viewpoint 2,6174,295.582732,0.176351,319.86169,0.1777759,320.99994,0.1788425323474213,286.6137545151867,0.1768242273900414
Viewpoint 2,6175,2015.166539,0.317114,2087.8416,0.3086416,2104.1191,0.3041628,2049.136335411511,0.3145419829579247
Viewpoint 2,6176,3456.857739,0.403502,3753.2251,0.412638,3815.8621,0.4060608,3353.295323824545,0.3959250030991893
Viewpoint 2,6177,4185.664495,0.437538,4553.0273,0.4499809,4560.6411,0.4436163,3868.249306962728,0.4217675311471955
Viewpoint 2,6178,6248.288905,0.558369,6871.9746,0.6043329,7097.3218,0.5908067,5268.650026630032,0.5035078351496973
Viewpoint 2,6179,9385.852644,0.751863,10838.014,0.8276715,12085.134,0.8858639,11595.334239115957,0.91263767680915
Viewpoint 2,6180,7604.33309,0.645676,9750.8779,0.7527785,9910.7861,0.7586479,8608.662197011488,0.7234785662735174
Viewpoint 2,6181,6425.03553,0.572662,7041.8564,0.5959502,8234.7715,0.6609228,6605.191620380099,0.5793641279715213
Viewpoint 2,6182,5650.594236,0.51919,5912.0186,0.5270135,6526.9155,0.554907,5221.453954748177,0.4975412074425046
Viewpoint 2,6183,17047.467805,1.0,20551.703,1.0,16540.891,1.0,5192.273621197995,0.502499516927927
Viewpoint 2,6184,11363.697547,1.0,11505.138,1.0,10683.024,0.8414715,15509.864026721822,1.0
Viewpoint 2,6185,499.926963,0.188346,517.09558,0.1893535,521.24664,0.1905970899690405,506.0636472902089,0.1897059360959352
Viewpoint 2,6198,166.387177,0.168767,179.06142,0.1695109,179.45963,0.1705335450306703,159.50193725614952,0.1693627637169359
Viewpoint 2,6199,1405.06419,0.272076,1484.6261,0.2546861,1552.6466,0.2516255,1313.646734987399,0.2614227475680867
Viewpoint 2,6200,2698.582209,0.35424,2940.6934,0.3638836,3001.8494,0.3503736,2527.551912459195,0.3411668844067677
Viewpoint 2,6201,3993.979272,0.435845,4384.8931,0.4486216,4410.8945,0.4433886,3889.898057861474,0.4304777861129761
Viewpoint 2,6202,6774.204418,0.594533,7501.7695,0.6423429,8730.5459,0.6892436,5542.59024777404,0.5194120839770242
Viewpoint 2,6203,6744.150432,0.593166,7967.4414,0.659194,8849.7676,0.6976933,8356.051762924917,0.7180956637093895
Viewpoint 2,6204,7965.891284,0.667216,10465.238,0.7936407,10976.752,0.8206285,8659.670362791763,0.7262785526130008
Viewpoint 2,6205,6433.673964,0.572854,7069.5596,0.5976713,8325.917,0.6667554,6618.868466152147,0.5802546377486635
Viewpoint 2,6206,5709.347283,0.523165,6059.7915,0.535199,7163.4854,0.5926846,5241.933225285307,0.4988439084149253
Viewpoint 2,6207,17734.172278,1.0,18748.387,1.0,16499.129,1.0,5169.2374696437655,0.5012110970011748
Viewpoint 2,6208,10942.321966,1.0,9831.8535,0.9964605,10093.052,0.8085397,14906.383830495315,1.0
Viewpoint 2,6209,480.922902,0.18723,497.4382,0.1881996,501.43747,0.189434273250835,486.7916643747592,0.1885746706987983
Viewpoint 2,6222,166.277655,0.16876,178.62512,0.1694853,179.00117,0.1705065388112361,159.0805945724822,0.1693380309014047
Viewpoint 2,6223,1218.257635,0.248255,1266.3289,0.2341437,1326.2634,0.2385291,1125.7102114271886,0.2265651472585416
Viewpoint 2,6224,2350.983077,0.331881,2502.2371,0.3375596,2570.7083,0.3198264,2172.267804152265,0.3164080335656626
Viewpoint 2,6225,3905.806677,0.417673,4159.2227,0.4234379,4158.8628,0.4167046,3440.949710533415,0.3946153382017311
Viewpoint 2,6226,5789.024759,0.537267,6708.0913,0.5990176,8050.3789,0.6493478,46563.38053951614,1.0
Viewpoint 2,6227,7295.398119,0.624949,8877.1348,0.7183363,10458.631,0.7887946,9657.147995594543,0.8183151124803166
Viewpoint 2,6228,7188.46433,0.618191,9722.8193,0.7490128,10194.94,0.7751014,7818.055210198532,0.6809682295166676
Viewpoint 2,6229,5496.926145,0.516896,6170.5239,0.5432856,7505.0962,0.6190122,5784.591537225033,0.5306486199927942
Viewpoint 2,6230,5151.631056,0.487452,5334.3379,0.4907746,6464.7197,0.5504907,4572.184376709907,0.4582547326433196
Viewpoint 2,6231,17613.551259,1.0,24255.891,1.0,15927.404,1.0,4584.110620724828,0.4681160064349697
Viewpoint 2,6232,10670.649842,0.990001,13305.562,1.0,9918.8301,0.7997391,14913.76388996112,1.0
Viewpoint 2,6233,369.891819,0.180713,380.6785,0.1813458,383.69696,0.1825229216077746,373.9010869070038,0.1819479938014411
Viewpoint 2,6246,99.854767,0.164861,101.97501,0.1649859,101.31344,0.1659463572845582,98.58669263320208,0.1657870388575689
Viewpoint 2,6247,1228.243675,0.25013,1275.9712,0.2347251,1333.975,0.2390647,1120.2177166298843,0.2262452098949634
Viewpoint 2,6248,2372.518599,0.333092,2553.1086,0.339881,2569.2683,0.3198607,2167.2371691289286,0.3163044983993537
Viewpoint 2,6249,3805.576851,0.413673,4219.9019,0.427415,4221.1748,0.4207863,3496.2060503563,0.3982174122293932
Viewpoint 2,6250,5890.336185,0.541392,6854.207,0.6069765,8286.3281,0.6640978,46118.61717519287,1.0
Viewpoint 2,6251,7264.935991,0.624117,9175.5098,0.7352164,10773.583,0.8078358,9805.146833396208,0.8261020957972915
Viewpoint 2,6252,6855.440871,0.603043,9807.8936,0.7542023,10297.512,0.7819878,7926.6203338223395,0.686801535046444
Viewpoint 2,6253,5823.906531,0.534381,6316.4185,0.5522125,7742.7202,0.6338431,5915.757095964138,0.5385633007329067
Viewpoint 2,6254,5220.129639,0.491694,5443.1191,0.4973025,6599.0215,0.5587835,4605.575335397088,0.4605941486908922
Viewpoint 2,6255,18164.65146,1.0,16493.518,1.0,15903.163,1.0,4617.946302123322,0.4700390214580019
Viewpoint 2,6256,10822.67334,0.996036,10389.478,1.0,9927.1621,0.7985188,14752.250145490105,1.0
Viewpoint 2,6257,387.904906,0.18177,399.60767,0.182457,402.79834,0.1836441931332155,391.9599933050263,0.183008051607005
Viewpoint 2,6270,129.165624,0.166582,133.42329,0.1668319,134.44579,0.1678910997262825,132.3640082962856,0.1677697672869919
Viewpoint 2,6271,1320.158754,0.249544,1367.2697,0.2392587,1377.8702,0.2435492,1346.6763801656396,0.2421338921749138
Viewpoint 2,6272,2715.825557,0.358871,2812.6631,0.3526997,2834.1479,0.3484796,2772.245557903072,0.3575156807690636
Viewpoint 2,6273,4178.092673,0.445896,4318.1494,0.4434988,4350.1299,0.4419024,4271.60995696363,0.446633605507404
Viewpoint 2,6274,5465.563081,0.521818,5641.1709,0.5220414,5681.6763,0.5207307,5556.257055001151,0.5225944484290365
Viewpoint 2,6275,6369.072988,0.574542,6560.7534,0.5762048,6607.1807,0.575313,6503.001377719487,0.578297864588229
Viewpoint 2,6276,6684.290271,0.592744,6876.9883,0.5946283,6924.0635,0.5938225,6817.417467379616,0.5966409646599078
Viewpoint 2,6277,6274.716968,0.568423,6471.5068,0.5702941,6517.7466,0.5694031,6398.699986805596,0.5716781100719028
Viewpoint 2,6278,5298.995674,0.510327,5485.3955,0.5113074,5528.0068,0.5102221,5377.354339088929,0.5110607719435094
Viewpoint 2,6279,3981.938325,0.431608,4130.0298,0.4298164,4165.5195,0.428487,4030.0080226967134,0.4304429019296889
Viewpoint 2,6280,2462.999597,0.340548,2567.5095,0.3335507,2590.085,0.3303355,2481.3377657480405,0.3378724097578007
Viewpoint 2,6281,1066.577507,0.226612,1151.9711,0.2277485,1161.5916,0.2291357,1082.4083859710267,0.2289175993663167
Viewpoint 2,6294,108.884404,0.165392,112.42426,0.1655993,113.28542,0.1666491489522611,111.56398957105202,0.1665488061878207
Viewpoint 2,6295,1248.361366,0.238657,1292.4036,0.2348641,1302.4219,0.236452,1273.344280586794,0.2347453092704448
Viewpoint 2,6296,2558.736343,0.349248,2645.9038,0.3426998,2666.1426,0.3384207,2608.8065520059927,0.347694351437266
Viewpoint 2,6297,3938.194212,0.431474,4072.4529,0.4288751,4102.7427,0.4271891,4028.91068276291,0.4321850322637629
Viewpoint 2,6298,5169.338778,0.504312,5326.9253,0.5034104,5365.4575,0.5019846,5244.896039875296,0.5041341345153482
Viewpoint 2,6299,6021.528154,0.554115,6194.1133,0.5545177,6238.3193,0.5534865,6135.499601350259,0.55658464697304
Viewpoint 2,6300,6302.532946,0.570135,6482.9233,0.5713521,6527.8345,0.570402,6422.256613198507,0.5733295214668949
Viewpoint 2,6301,5926.146157,0.54773,6101.2007,0.5484529,6145.1509,0.5474283,6030.579440515773,0.5499636812600859
Viewpoint 2,6302,5007.093343,0.493187,5181.7603,0.4932242,5221.9595,0.4922394,5080.389100874254,0.4935738188492051
Viewpoint 2,6303,3748.415368,0.417878,3885.5032,0.4155287,3918.4697,0.4140689,3795.1586943016255,0.4166356007636669
Viewpoint 2,6304,2309.377178,0.331497,2404.2642,0.3240889,2425.1965,0.3207901,2327.333376725898,0.3288541177369131
Viewpoint 2,6305,986.586569,0.220492,1065.78,0.222621,1074.8375,0.2239965,1002.2261626622084,0.2230810177671132
Viewpoint 2,6318,231.198206,0.172571,245.75685,0.1734259,247.8175,0.1745466035441064,225.3447987445861,0.1732277396863072
Viewpoint 2,6319,2613.843941,0.356892,2775.6912,0.3519375,2829.9709,0.3511634,2549.5789297075225,0.3493578486678089
Viewpoint 2,6320,2520.622691,0.347029,2609.5864,0.3405308,2629.5557,0.3362389,2572.98300148958,0.3455525411502915
Viewpoint 2,6321,3892.054548,0.428666,4018.8596,0.4256398,4048.7803,0.4239936,3975.450148355203,0.4290146117514111
Viewpoint 2,6322,11997.649589,0.901399,12626.646,0.9631671,13480.76,0.9767433,28201.48805934461,1.0
Viewpoint 2,6323,5951.573369,0.549998,6123.4443,0.5503528,6167.2261,0.5493016,6063.226595890286,0.5523316504638179
Viewpoint 2,6324,6223.414401,0.565737,6412.8174,0.5672266,6457.3042,0.5662566,6350.136847252604,0.5690884413244218
Viewpoint 2,6325,5863.757263,0.544153,6051.9443,0.5455627,6095.6069,0.5445268,5979.760704164891,0.54698706161618
Viewpoint 2,6326,4958.60156,0.490262,5130.3623,0.4902079,5170.1934,0.4892079,5028.692454313029,0.4905422718225267
Viewpoint 2,6327,20188.666208,1.0,20234.461,1.0,16908.16,1.0,9285.488228963595,0.7384784860286476
Viewpoint 2,6328,12483.449518,1.0,13488.549,1.0,11622.566,0.8816165,15574.861911594364,1.0
Viewpoint 2,6329,968.911068,0.21938,1055.4004,0.222119,1064.329,0.2234401,988.431777601513,0.2224659835815708
Viewpoint 2,6342,163.624999,0.168605,176.24397,0.1693455,177.04628,0.1703918211299032,156.77952101795867,0.1692029578837541
Viewpoint 2,6343,1594.25447,0.29404,1737.5219,0.2757813,1819.371,0.274083,1463.4441283948288,0.2808342038313115
Viewpoint 2,6344,3192.005498,0.388739,3476.8667,0.3928966,3561.9458,0.3901359,3017.533007570068,0.376908907194481
Viewpoint 2,6345,5727.913524,0.534639,6133.5527,0.5485327,6164.3149,0.5439865,5393.240419252407,0.5152919723506095
Viewpoint 2,6346,8071.333447,0.67565,8310.1973,0.6802793,8365.749,0.6799057,8175.970868669912,0.6778791396604602
Viewpoint 2,6347,10068.536308,0.792911,11837.066,0.8858545,13519.472,0.9722143,12069.283306893078,0.9365425120385528
Viewpoint 2,6348,8675.330275,0.711097,11672.95,0.8652869,12318.08,0.9025677,9488.540588861835,0.7719547041889843
Viewpoint 2,6349,7069.439749,0.611178,7932.4116,0.6500849,9835.6953,0.7603592,7321.776545069572,0.6227747076510823
Viewpoint 2,6350,7722.334622,0.641884,7944.4658,0.6478584,9287.8223,0.7206264,6958.115295264171,0.6009173556018825
Viewpoint 2,6351,25778.568835,1.0,21263.18,1.0,17607.416,1.0,5600.679878790319,0.5257399951131295
Viewpoint 2,6352,10493.514407,0.98235,12279.795,1.0,9823.1289,0.7841823,14227.940420436882,1.0
Viewpoint 2,6353,500.91572,0.188404,519.90161,0.1895182,524.27802,0.1907750299893229,503.9659454106263,0.1895828009956037
Viewpoint 2,6366,113.590433,0.165668,122.34204,0.1661815,122.99284,0.1672186865967292,108.2145005370316,0.1663521911815237
Viewpoint 2,6367,1788.155548,0.306677,1921.533,0.2938811,1978.3085,0.2921793,1704.5032154226208,0.2942823860487484
Viewpoint 2,6368,3639.804196,0.415037,3902.8201,0.4194722,3968.8252,0.4161999,3511.345121627145,0.4047271972623868
Viewpoint 2,6369,6646.292985,0.587206,7020.5156,0.5990026,7051.7056,0.5944529,6094.174107226121,0.5552916236473342
Viewpoint 2,6370,9849.016972,0.778314,10615.108,0.9084215,12988.079,0.944917,47932.06409297118,1.0
Viewpoint 2,6371,11436.589362,0.8747,12662.24,0.933548,14068.039,1.0,12727.832201995723,0.9639734806965444
Viewpoint 2,6372,9513.709899,0.758058,9754.8633,0.7648462,9813.5576,0.7647403,9664.053972811123,0.7648538755871642
Viewpoint 2,6373,8802.161638,0.716791,9090.1504,0.7250289,9150.9912,0.7247778,8956.788108386188,0.7227339379900756
Viewpoint 2,6374,7309.249938,0.628468,7607.4111,0.6361632,7668.1694,0.635713,7409.866393980846,0.6307539175590117
Viewpoint 2,6375,31278.606434,1.0,36774.379,1.0,18484.654,1.0,7004.301972515647,0.6061705238291412
Viewpoint 2,6376,7673.497846,0.781342,5784.2319,0.6873053,9617.1338,0.7697042,13631.186383592698,1.0
Viewpoint 2,6377,873.434699,0.21255,957.50464,0.2164132,965.73029,0.2176638010211559,893.2463421840381,0.2163770483809863
Viewpoint 2,6390,73.477853,0.163313,77.800179,0.1635669,78.513145,0.1646079374043493,71.12633434135687,0.1641751158258376
Viewpoint 2,6391,1665.208045,0.30083,1792.1949,0.2884623,1799.5134,0.2826401,1603.7900187403404,0.2896750398969177
Viewpoint 2,6392,2192.813844,0.327139,2270.626,0.3192937,2288.0515,0.3157664,2240.328918314396,0.3254658698032896
Viewpoint 2,6393,5694.657671,0.537676,6014.9429,0.5457778,6054.4805,0.5428302,5585.17589870007,0.5280004773588778
Viewpoint 2,6394,8694.66378,0.711203,9064.1406,0.7468989,9745.0312,0.7585784,17956.027731793773,1.0
Viewpoint 2,6395,10614.812063,0.821746,11300.27,0.950473,11888.031,0.8830817,11221.626066529525,0.8601068716344835
Viewpoint 2,6396,10638.843113,0.822046,11727.357,0.8770645,11926.99,0.8850927,10957.920415563298,0.8410006697649215
Viewpoint 2,6397,9300.109146,0.743385,9719.7158,0.7610269,10446.462,0.7978276,9371.72943050185,0.746589343363946
Viewpoint 2,6398,4304.102712,0.451735,4458.1191,0.4506167,4492.6641,0.449253,4370.8940197430165,0.4517110828046319
Viewpoint 2,6399,3206.06193,0.385946,3321.0291,0.3817584,3348.5791,0.379941,3248.9433290641823,0.3845022349258881
Viewpoint 2,6400,6255.543294,0.662741,7465.7656,0.7451531,8620.5947,0.7047569,11542.811698395266,1.0
Viewpoint 2,6401,794.975802,0.206853,868.65472,0.2106388,876.27527,0.2123541085263318,811.4389879002268,0.2102158900968556
Viewpoint 2,6414,44.073129,0.161587,46.705776,0.1617416,46.93364,0.1627545648419451,42.68745161862687,0.1625057534100134
Viewpoint 2,6415,2052.199534,0.325424,2303.5107,0.3207231,2304.4785,0.3114487,1836.513338523012,0.3039780187028207
Viewpoint 2,6416,4009.727297,0.433417,4328.4995,0.4438445,4430.9995,0.4400837,3731.67402817085,0.4174324320368955
Viewpoint 2,6417,6018.477352,0.552083,6429.1313,0.5662476,6465.6904,0.5621608,5648.505268737873,0.5305857305824595
Viewpoint 2,6418,8951.923398,0.7269,9582.3037,0.8356152,11750.151,0.8735558,37382.177290682805,1.0
Viewpoint 2,6419,9845.860278,0.778442,10099.947,0.7857303,10166.124,0.7861589,9999.641804797497,0.7851368986030709
Viewpoint 2,6420,10360.055802,0.808123,10643.652,0.8173779,10704.229,0.8174222,10526.188673762335,0.8157896769196713
Viewpoint 2,6421,9104.935391,0.728854,9835.9844,0.7636167,12083.902,0.8940878,9143.631400222575,0.7303210813449698
Viewpoint 2,6422,7909.945691,0.653233,8341.5225,0.6704611,9889.2139,0.7573925,7104.949703652966,0.6098547595835575
Viewpoint 2,6423,35364.118669,1.0,27971.219,1.0,18256.998,1.0,6585.3896295864015,0.5821434996906871
Viewpoint 2,6424,3643.860487,0.408611,3839.6487,0.4074647,3880.6086,0.4071724,3610.796294213677,0.4037167010376178
Viewpoint 2,6425,716.237785,0.201548,779.93512,0.2053851,786.90082,0.2069419709750889,730.0977297014352,0.2047834652437575
Viewpoint 2,6438,0.0,0.159,0.0,0.159,0.0,0.0,2.341006594418528e-05,0.1600000013741708
Viewpoint 2,6439,955.106364,0.215065,986.95941,0.2169345,994.61108,0.2183836005122706,973.7025404747648,0.2171563391258687
Viewpoint 2,6440,2044.544621,0.318156,2118.0337,0.3101315,2134.312,0.3057709,2090.384429206778,0.3164103850866123
Viewpoint 2,6441,3163.369993,0.385127,3270.8484,0.3797759,3295.4922,0.3782505,3236.405150149504,0.3849368344300737
Viewpoint 2,6442,4173.313873,0.445072,4308.9072,0.4426774,4340.7515,0.4411213,4238.127356167464,0.4443906777725481
Viewpoint 2,6443,4851.217571,0.485188,5009.1587,0.4843686,5045.8091,0.4828962,4951.11265821277,0.4864796767351295
Viewpoint 2,6444,5084.75621,0.498524,5241.1328,0.497945,5278.6157,0.4965556,5180.05863151813,0.4999233665256877
Viewpoint 2,6445,4770.372579,0.479846,4923.4419,0.478691,4959.7466,0.4774624,4859.922693984766,0.4808364633132592
Viewpoint 2,6446,4020.435188,0.434975,4153.6216,0.4325733,4185.7998,0.4310685,4072.484590301517,0.4340748782989803
Viewpoint 2,6447,2974.351806,0.372364,3077.1238,0.3673979,3102.4421,0.3646467,3012.2070846947727,0.3705264027518744
Viewpoint 2,6448,1811.930171,0.299541,1882.2804,0.2927446,1898.3544,0.2899439,1829.0847805751043,0.2980285399781131
Viewpoint 2,6449,718.067475,0.201868,794.02814,0.2062782,801.08441,0.207886150727849,736.610922327423,0.205666636895949
Viewpoint 2,6462,0.0,0.159,0.0,0.159,0.0,0.0,2.340354736040525e-05,0.1600000013737882
Viewpoint 2,6463,240.531432,0.173119,248.91191,0.1736111,250.83614,0.1747237526426957,246.42849125766307,0.1744653524368248
Viewpoint 2,6464,536.633044,0.1905,555.01666,0.1915795,559.31781,0.1928318780950051,549.9248280970363,0.192280587409296
Viewpoint 2,6465,808.407328,0.206454,838.77069,0.2082358,845.25043,0.2096161177214895,832.5130411493898,0.2088685155154692
Viewpoint 2,6466,1059.709321,0.221205,1098.449,0.223479,1106.886,0.2249741,1082.6717240796418,0.223552830203475
Viewpoint 2,6467,1225.574581,0.234044,1269.1731,0.2335005,1278.8756,0.2350698,1255.8625795861574,0.2337191334217074
Viewpoint 2,6468,1263.551827,0.238383,1307.8395,0.2357702,1317.8098,0.2373553,1294.417432780383,0.2359823033042085
Viewpoint 2,6469,1194.121924,0.23082,1235.4147,0.2315188,1244.8391,0.2330719,1223.2700062342226,0.2318059493659489
Viewpoint 2,6470,1000.016644,0.217701,1034.3236,0.2197148,1042.2202,0.2211782,1019.7276300971586,0.2198580118867032
Viewpoint 2,6471,744.179161,0.202683,769.56268,0.2041733,775.44409,0.2055184927945552,761.278147970965,0.2046870272858956
Viewpoint 2,6472,448.720389,0.18534,464.39862,0.1862602,467.95859,0.1874690905346883,458.4941281453323,0.186913605322131
Viewpoint 2,6473,179.834078,0.169556,181.52927,0.1696558,182.96768,0.1707396239211009,179.20495176574633,0.1705193306686493
Viewpoint 2,6486,0.0,0.159,0.0,0.159,0.0,0.0,2.3396943570040072e-05,0.1600000013734006
Viewpoint 2,6487,400.718999,0.182522,414.60471,0.1833373,417.81235,0.1845255171813508,410.2041274701248,0.1840789822824963
Viewpoint 2,6488,872.625173,0.210223,901.89783,0.2119414,908.87689,0.2133510039173049,892.9818657171601,0.2124180355175973
Viewpoint 2,6489,1341.421248,0.249287,1388.3683,0.2404972,1399.0531,0.2446971,1377.16376212504,0.2441721475866698
Viewpoint 2,6490,1751.222743,0.296234,1810.3551,0.2868693,1824.1879,0.2867378,1783.365638596978,0.297285041440721
Viewpoint 2,6491,2011.692828,0.315473,2082.3765,0.3075028,2098.2083,0.3031706,2059.5170877484898,0.3139586989500745
Viewpoint 2,6492,2090.286105,0.320135,2161.127,0.3122196,2177.4812,0.3079151,2137.757350685405,0.3187073021558018
Viewpoint 2,6493,1957.506989,0.312071,2026.1259,0.3033766,2041.5214,0.2998095,2004.708249235519,0.3107205235337664
Viewpoint 2,6494,1644.36137,0.287087,1700.7045,0.2740316,1713.7172,0.2801743,1674.8678789819687,0.2838281806882316
Viewpoint 2,6495,1207.686483,0.232191,1250.6649,0.232414,1260.3215,0.2339807,1234.902382738465,0.2324887698667478
Viewpoint 2,6496,735.316544,0.202163,761.22913,0.2036842,767.16742,0.2050326129178972,749.3560952863095,0.2039872027933063
Viewpoint 2,6497,292.185743,0.176151,301.15213,0.1766776,303.67688,0.1778256737486631,292.90947363568404,0.1771937861024146
Viewpoint 2,6510,0.0,0.159,0.0,0.159,0.0,0.0,2.339025626790455e-05,0.160000001373008
Viewpoint 2,6511,764.691533,0.203887,792.12915,0.205498,798.26959,0.2068583540048801,782.265265954724,0.2059189711115423
Viewpoint 2,6512,1672.156714,0.290616,1730.7931,0.2795667,1744.1332,0.282279,1709.8782236819134,0.2931186057816963
Viewpoint 2,6513,2628.988927,0.353122,2721.0598,0.3468939,2741.7192,0.3426909,2693.879255483237,0.3524417628263552
Viewpoint 2,6514,3446.531083,0.401739,3564.1414,0.3981517,3590.8198,0.3963505,3505.8325277951576,0.4007997513985647
Viewpoint 2,6515,4016.989045,0.435446,4143.9702,0.4326959,4174.7363,0.4309925,4094.1234190790105,0.4356232167594148
Viewpoint 2,6516,4196.561926,0.445908,4321.8813,0.4431869,4353.4712,0.441529,4269.536622598195,0.4459648357374642
Viewpoint 2,6517,3940.228564,0.430601,4066.4866,0.4278752,4096.8511,0.4261897,4014.460031286839,0.4307401923275991
Viewpoint 2,6518,3310.185126,0.392854,3426.2351,0.3888644,3452.7129,0.3876872,3362.1142624834933,0.3920118442708845
Viewpoint 2,6519,2454.631504,0.341538,2538.6685,0.3342105,2559.1572,0.3303005,2495.885939612162,0.3399597417001336
Viewpoint 2,6520,1475.491707,0.267524,1532.782,0.2508778,1545.5792,0.2638953,1494.093673496088,0.2605365744578287
Viewpoint 2,6521,563.232084,0.192062,624.93292,0.1956836,630.72296,0.1978444802322968,577.1019301151691,0.1954205108324921
Viewpoint 2,6534,0.0,0.159,0.0,0.159,0.0,0.0,2.338348730607577e-05,0.1600000013726107
Viewpoint 2,6535,1731.010078,0.30603,1842.8651,0.2943467,1864.2643,0.2895866,1662.4180898161474,0.2943582166177479
Viewpoint 2,6536,3811.642792,0.428769,4038.4075,0.4310183,4087.8499,0.4281208,3748.8634480457295,0.42166262282974
Viewpoint 2,6537,3058.744883,0.378843,3159.9661,0.3731963,3183.8213,0.3715757,3125.7068175752283,0.3783673418721739
Viewpoint 2,6538,9435.301015,0.755535,9843.6963,0.8991439,10785.664,0.8204545,17849.675811051555,1.0
Viewpoint 2,6539,11483.988273,0.872359,12376.115,1.0,13804.767,0.9988608,12035.497966953424,0.9071732746746404
Viewpoint 2,6540,4924.840485,0.489358,5083.749,0.4886859,5120.2559,0.4872617,5018.686976974799,0.4904382397336395
Viewpoint 2,6541,4635.62927,0.471891,4785.2437,0.4705445,4820.6831,0.4693102,4718.708251894919,0.4725401833836644
Viewpoint 2,6542,3892.917798,0.427525,4031.5386,0.4253951,4062.8779,0.4238603,3949.382892768107,0.4268446891897048
Viewpoint 2,6543,17284.474427,1.0,16544.607,1.0,11716.345,0.8703309,14467.456928460671,1.0
Viewpoint 2,6544,5442.67326,0.559356,5450.4868,0.6182609,8555.3623,0.70047,6038.688297171285,0.5976575278782288
Viewpoint 2,6545,1014.946087,0.225576,1131.8657,0.2274376,1141.9587,0.2281941,1100.485230947426,0.2349985632317511
Viewpoint 2,6558,0.0,0.159,0.0,0.159,0.0,0.0,2.337663869022177e-05,0.1600000013722086
Viewpoint 2,6559,1205.361605,0.263913,1310.7931,0.251712,1337.8625,0.2437062,1097.7203179255828,0.2519009357172369
Viewpoint 2,6560,2915.49275,0.369343,3256.2363,0.3815087,3286.3184,0.3691963,2755.5871336306104,0.3569033963643649
Viewpoint 2,6561,5170.452971,0.497041,5573.6494,0.511126,5618.2031,0.5070558,4543.785530420752,0.4638141991943666
Viewpoint 2,6562,6872.959576,0.605891,7399.6616,0.839251,11560.516,0.8730314,25148.5497319512,1.0
Viewpoint 2,6563,10162.492811,0.796854,12465.74,1.0,18581.303,1.0,11888.513235167848,0.9373744200223124
Viewpoint 2,6564,7886.599837,0.666039,9942.0244,0.9578178,12005.873,0.8949648,8117.026988312774,0.6825524269844546
Viewpoint 2,6565,8127.763323,0.674574,8871.7139,0.7068646,12098.603,0.9020925,7696.479347140719,0.6460790156803039
Viewpoint 2,6566,7166.390459,0.608719,7687.3481,0.6305103,9882.1396,0.7618793,6132.437288549674,0.5534901123444433
Viewpoint 2,6567,32785.081138,1.0,34759.578,1.0,17287.762,1.0,25009.61018491469,1.0
Viewpoint 2,6568,4245.23685,0.517207,4270.6997,0.5056558,8004.6641,0.6771939,5101.287902728507,0.5653457140770392
Viewpoint 2,6569,330.842717,0.17842,348.89828,0.1794803,352.06308,0.180665965473718,332.7082543302503,0.1795299745291857
Viewpoint 2,6582,0.0,0.159,0.0,0.159,0.0,0.0,2.336971261149617e-05,0.1600000013718021
Viewpoint 2,6583,1487.46886,0.28081,1630.0404,0.2685532,1634.4553,0.2605981,1357.7952387878884,0.2650603866055809
Viewpoint 2,6584,3180.356527,0.389673,3504.4585,0.3980551,3529.47,0.3895478,3025.4144082983707,0.3785658936103813
Viewpoint 2,6585,6005.282511,0.55227,6517.0483,0.5723976,7088.6113,0.6000431,5632.663162624666,0.5311504389826455
Viewpoint 2,6586,8607.968429,0.712287,9396.1807,0.9796535,16674.617,1.0,38928.85952216555,1.0
Viewpoint 2,6587,9510.31231,0.758442,12160.058,1.0,17508.875,1.0,11328.351378450854,0.900488418858993
Viewpoint 2,6588,9411.288902,0.755746,12959.205,1.0,16714.752,1.0,10000.248954107296,0.8002489385409886
Viewpoint 2,6589,9163.078132,0.730901,10016.796,0.7755323,13118.111,0.9600418,9116.383397043874,0.7299141678281746
Viewpoint 2,6590,7298.353901,0.615616,7741.957,0.6336648,10031.796,0.7713605,6149.70957021675,0.5546116054739294
Viewpoint 2,6591,33392.278489,1.0,30829.344,1.0,17945.104,1.0,25403.14658536025,1.0
Viewpoint 2,6592,3197.710801,0.382633,3381.469,0.3801746,3419.9011,0.3796048,3183.659724073569,0.3786465795209788
Viewpoint 2,6593,587.571124,0.19349,680.65009,0.2007907,687.06,0.2013190582080312,632.3749430119524,0.2022394585920834
Viewpoint 2,6606,0.0,0.159,0.0,0.159,0.0,0.0,2.3362711433128623e-05,0.1600000013713911
Viewpoint 2,6607,1025.117577,0.219174,1061.2999,0.2212983,1069.5529,0.2227826,1046.2327087032745,0.2214138600008822
Viewpoint 2,6608,2368.093639,0.337924,2452.3286,0.3303218,2471.1785,0.3268926,2412.325876673443,0.3361039410829234
Viewpoint 2,6609,3808.720942,0.424167,3937.9167,0.4210331,3967.29,0.4194009,3886.8778398335976,0.4239660967846631
Viewpoint 2,6610,5142.727894,0.503084,5298.1328,0.5019794,5336.5938,0.5006389,5197.816459867698,0.5016344147936873
Viewpoint 2,6611,6071.777978,0.557558,6253.6924,0.5583522,6298.4966,0.5574934,6163.508583670699,0.5585885569662277
Viewpoint 2,6612,6380.878869,0.575205,6576.0317,0.5771711,6621.3447,0.5763891,6477.308946603224,0.5769594886494047
Viewpoint 2,6613,5976.334127,0.551137,6173.8945,0.5530379,6218.8022,0.5521651,6067.97284201797,0.5525490279565212
Viewpoint 2,6614,4980.634844,0.491964,5164.9355,0.4923954,5205.7422,0.4915153,5038.03159292535,0.4913446705726706
Viewpoint 2,6615,3646.621763,0.411844,3777.2314,0.4090678,3810.3123,0.4076896,3675.241738253642,0.4096841285570716
Viewpoint 2,6616,2164.786696,0.32263,2259.4104,0.3149437,2280.9377,0.311618,2169.811793240819,0.3192412356836587
Viewpoint 2,6617,780.031733,0.207703,885.77777,0.2128736,894.34381,0.2135094055563419,864.237000827849,0.2202287755191514
Viewpoint 2,6630,0.0,0.159,0.0,0.159,0.0,0.0,2.335563771404277e-05,0.1600000013709759
Viewpoint 2,6631,2485.073062,0.350843,2669.6724,0.3453353,2728.2451,0.3444128,2337.36347349228,0.3375026751356722
Viewpoint 2,6632,2878.599882,0.369013,2981.8779,0.3631338,3004.7439,0.3610414,2926.2278914034737,0.3671394007457819
Viewpoint 2,6633,4678.849525,0.476354,4839.772,0.4752727,4875.2642,0.4735976,4764.513622649303,0.4764028729271048
Viewpoint 2,6634,14485.410504,1.0,15423.6,1.0,22279.721,1.0,40460.68510564034,1.0
Viewpoint 2,6635,16953.853714,1.0,19545.117,1.0,27072.027,1.0,18660.343067203583,1.0
Viewpoint 2,6636,8148.386606,0.679521,8382.6943,0.6842008,8436.8467,0.6839765,8289.703335816059,0.683986097618349
Viewpoint 2,6637,7585.503421,0.646116,7834.1968,0.6513613,7889.52,0.6509386,7670.441055556145,0.647335215146962
Viewpoint 2,6638,6251.397497,0.566697,6493.6914,0.5709337,6545.9868,0.5703235,6304.047675579437,0.5660887155749222
Viewpoint 2,6639,4591.618935,0.466975,4765.4902,0.466712,4810.7749,0.4659667,4594.4014855124615,0.4637917970765652
Viewpoint 2,6640,2710.041622,0.354348,2851.6855,0.3494131,2882.3762,0.34643,2705.5906538078502,0.3505611882643431
Viewpoint 2,6641,1373.311119,0.25012,1455.0278,0.2463947,1469.4539,0.247409,1421.2597011340151,0.2549636228513683
Viewpoint 2,6654,0.0,0.159,0.0,0.159,0.0,0.0,2.334849421352202e-05,0.1600000013705566
Viewpoint 2,6655,1931.677337,0.316546,2082.7812,0.3079693,2129.2246,0.3050553,1835.190896348881,0.3044012848578393
Viewpoint 2,6656,2977.866046,0.375008,3083.4336,0.3692627,3107.0742,0.3676744,3023.8501807776493,0.3730459045040855
Viewpoint 2,6657,4873.68691,0.488111,5042.7002,0.4874014,5079.5249,0.4858063,4959.698745298549,0.4880979995712489
Viewpoint 2,6658,11734.761279,0.890256,12762.497,1.0,18649.227,1.0,33314.96137189932,1.0
Viewpoint 2,6659,13878.027851,1.0,16130.859,1.0,22645.52,1.0,15829.503235737431,1.0
Viewpoint 2,6660,16625.41118,1.0,16931.742,1.0,21464.639,1.0,46655.58643480624,1.0
Viewpoint 2,6661,7920.128697,0.666027,8185.4233,0.6721482,8242.9141,0.6718492,8002.369073593896,0.6670016341147237
Viewpoint 2,6662,6538.440749,0.583612,6791.8965,0.5886242,6846.9551,0.5880046,6583.003860121179,0.5825761119691915
Viewpoint 2,6663,26400.885378,1.0,23502.686,1.0,18854.215,1.0,25702.884495843715,1.0
Viewpoint 2,6664,2823.164833,0.360744,2971.3726,0.3561858,3004.7073,0.3532406,2809.910274104469,0.356652421355995
Viewpoint 2,6678,0.0,0.159,0.0,0.159,0.0,0.0,2.334128389522295e-05,0.1600000013701333
Viewpoint 2,6679,1583.709939,0.291004,1713.1736,0.2810708,1752.9208,0.2758553,1498.3056134246058,0.281645053534943
Viewpoint 2,6680,2979.105697,0.375163,3087.1626,0.3695108,3110.8428,0.3679266,3026.783411561053,0.3732480830580266
Viewpoint 2,6681,6534.698139,0.586359,6965.0557,0.6011112,7426.5381,0.6222575,6153.595468565376,0.562762667447998
Viewpoint 2,6682,6798.953587,0.601338,7002.373,0.6032821,7051.3423,0.6026642,6843.689860089468,0.5995287933964004
Viewpoint 2,6683,8202.982417,0.683465,8432.6621,0.6875783,8490.5371,0.687661,8262.260085408492,0.6829047550799502
Viewpoint 2,6684,14832.314559,1.0,14791.947,1.0,19351.289,1.0,41041.249656580905,1.0
Viewpoint 2,6685,10446.26498,0.809846,11117.154,0.8423211,13892.554,1.0,10114.041493071663,0.7904444075551514
Viewpoint 2,6686,9970.189169,0.772228,10432.183,0.7939788,12870.975,0.9378108,8694.292368880991,0.7047768855612867
Viewpoint 2,6687,25838.128,1.0,26860.531,1.0,18026.473,1.0,24824.29155968457,1.0
Viewpoint 2,6688,5412.567614,0.624614,4488.5723,0.6007064,7164.1211,0.6177289,5243.892627363215,0.5566991662905388
Viewpoint 2,6702,0.0,0.159,0.0,0.159,0.0,0.0,2.33340099276163e-05,0.1600000013697063
Viewpoint 2,6703,1224.461475,0.25964,1300.9464,0.2459278,1321.4972,0.2439649,1175.4981170739786,0.2478358728147936
Viewpoint 2,6704,2950.636186,0.378456,3108.7734,0.3763222,3155.0405,0.3734258,2873.443602278403,0.3702851924782211
Viewpoint 2,6705,5323.184665,0.518471,5620.6421,0.5251403,5794.6636,0.5297478,5151.287386273398,0.5051662771293586
Viewpoint 2,6706,3432.410495,0.400945,3544.6768,0.397098,3571.2478,0.3953212,3482.8378531970643,0.3995446450965939
Viewpoint 2,6707,9951.670097,0.786002,10708.303,0.9845857,12680.749,0.9358748,10350.625063898551,0.8083105079989666
Viewpoint 2,6708,10749.891409,0.847527,11057.347,0.9566715,12523.142,0.9269835,18754.57281215411,1.0
Viewpoint 2,6709,8379.119867,0.692863,8829.4883,0.7105375,9756.3613,0.7595521,8295.001744499315,0.6855875795724372
Viewpoint 2,6710,6894.301723,0.601154,7201.0527,0.609452,7854.46,0.6427653,6573.316441482807,0.5822975140609016
Viewpoint 2,6711,11181.216489,0.940453,9990.418,0.8975807,9221.1826,0.7257944,10991.334622281816,0.9488335339110217
Viewpoint 2,6712,1394.254818,0.257337,1448.8859,0.2442751,1461.4001,0.2530882,1406.996018392496,0.2491664879806196
Viewpoint 2,6726,0.0,0.159,0.0,0.159,0.0,0.0,2.3326675687861307e-05,0.1600000013692758
Viewpoint 2,6727,930.997356,0.21365,963.17352,0.2155383,970.67084,0.2169783009041208,950.3315745403164,0.2157844634255165
Viewpoint 2,6728,2260.944587,0.331452,2340.7761,0.3236775,2358.8047,0.3202061,2302.0518362501903,0.3294614684078821
Viewpoint 2,6729,3670.491297,0.415986,3798.626,0.4127475,3827.0378,0.4111091,3746.851080915508,0.4157027591436414
Viewpoint 2,6730,5025.511681,0.496249,5179.8223,0.4950585,5217.5498,0.4937208,5074.401933795766,0.4944427551202218
Viewpoint 2,6731,5952.875766,0.550784,6134.1572,0.5513977,6178.228,0.5505537,6025.0949675636575,0.5504784844653589
Viewpoint 2,6732,6282.297363,0.56971,6467.8057,0.5709046,6512.7065,0.5701575,6397.356333322859,0.5721717546348808
Viewpoint 2,6733,5866.572669,0.544903,6058.2212,0.5463222,6102.6436,0.5454698,5941.108854623258,0.5452204768613649
Viewpoint 2,6734,4882.201803,0.486118,5056.7227,0.4861065,5097.0103,0.485157,4922.961482767154,0.4846817910699482
Viewpoint 2,6735,3542.538082,0.405842,3674.0488,0.4030013,3706.6687,0.4016275,3566.679959212548,0.4033547918766066
Viewpoint 2,6736,2046.406022,0.31476,2142.2671,0.3073563,2163.5286,0.3044791,2051.494071905246,0.3121701446885693
Viewpoint 2,6750,0.0,0.159,0.0,0.159,0.0,0.0,2.331928476246401e-05,0.160000001368842
Viewpoint 2,6751,0.0,0.159,0.0,0.159,0.0,0.0,2.34654720612663e-05,0.1600000013774232
Viewpoint 2,6752,0.0,0.159,0.0,0.159,0.0,0.0,2.356039161064251e-05,0.160000001382995
Viewpoint 2,6753,0.0,0.159,0.0,0.159,0.0,0.0,2.373424005928301e-05,0.1600000013931999
Viewpoint 2,6754,0.0,0.159,0.0,0.159,0.0,0.0,2.3650045021597475e-05,0.1600000013882576
Viewpoint 2,6755,0.0,0.159,0.0,0.159,0.0,0.0,2.3761187183758743e-05,0.1600000013947816
Viewpoint 2,6756,0.0,0.159,0.0,0.159,0.0,0.0,2.389827962357332e-05,0.160000001402829
Viewpoint 2,6757,0.0,0.159,0.0,0.159,0.0,0.0,2.364721429882716e-05,0.1600000013880914
Viewpoint 2,6758,0.0,0.159,0.0,0.159,0.0,0.0,2.3421381449878264e-05,0.160000001374835
Viewpoint 2,6759,0.0,0.159,0.0,0.159,0.0,0.0,2.3453718897570885e-05,0.1600000013767333
Viewpoint 2,6760,0.0,0.159,0.0,0.159,0.0,0.0,2.3241987491409227e-05,0.1600000013643046
Viewpoint 2,6774,0.0,0.159,0.0,0.159,0.0,0.0,2.331184093854853e-05,0.160000001368405
Viewpoint 2,6775,68.772488,0.163037,71.08287,0.1631726,71.634239,0.1642043292555375,70.36468969248287,0.1641304072849487
Viewpoint 2,6776,160.892957,0.168444,166.38222,0.1687666,167.67827,0.1698419095657858,164.83507811605068,0.1696758190854121
Viewpoint 2,6777,272.000373,0.174966,281.41873,0.1755193,283.60736,0.1766475808103952,279.6488698310226,0.176415388659081
Viewpoint 2,6778,339.393958,0.178922,351.14951,0.1796125,353.86725,0.1807718956876047,346.4867920933761,0.1803387746958812
Viewpoint 2,6779,404.254535,0.18273,418.67657,0.1835763,421.90192,0.1847656310755731,414.4306563562423,0.1843270795281114
Viewpoint 2,6780,424.253048,0.183904,439.09549,0.1847749,442.46783,0.1859728427429475,437.9306770901496,0.1857065307451917
Viewpoint 2,6781,398.718057,0.182405,412.8674,0.1832353,416.02948,0.1844208125420873,409.35146062616656,0.1840289307387559
Viewpoint 2,6782,329.932331,0.178367,341.68616,0.179057,344.28998,0.1802097227084035,337.44919639775617,0.1798082678285483
Viewpoint 2,6783,240.237536,0.173102,248.52457,0.1735884,250.40732,0.1746986478817722,247.0309603564735,0.174500717372925
Viewpoint 2,6784,129.644929,0.16661,134.1041,0.1668719,135.1172,0.1679304610217336,132.7627467984186,0.1677931732370671
Viewpoint 2,6798,0.0,0.159,0.0,0.159,0.0,0.0,2.3304348221239e-05,0.1600000013679652
Viewpoint 2,6799,22.884276,0.160343,23.682903,0.1603902,23.86665,0.161400765098457,23.44428058812072,0.1613761792705227
Viewpoint 2,6800,46.003117,0.1617,47.57159,0.1617925,47.942245,0.1628138383152366,47.07184646550535,0.1627631173875251
Viewpoint 2,6801,69.15035,0.163059,71.637077,0.1632051,72.19458,0.1642372666573116,71.1248177734117,0.1641750268032992
Viewpoint 2,6802,69.39252,0.163073,71.876213,0.1632191,72.432983,0.1642512294460766,70.87037884642488,0.1641600912382851
Viewpoint 2,6803,92.729967,0.164443,95.966888,0.1646333,96.706871,0.165675973307883,94.93351574510612,0.1655725973742377
Viewpoint 2,6804,92.438786,0.164426,95.788551,0.1646228,96.52494,0.1656653113748895,95.4768401429856,0.1656044905163932
Viewpoint 2,6805,91.931727,0.164396,95.343422,0.1645967,96.073906,0.1656388252315921,94.47322857949432,0.1655455785176163
Viewpoint 2,6806,68.664599,0.163031,71.113365,0.1631744,71.6549,0.1642054996161343,70.18254360315237,0.164119715309505
Viewpoint 2,6807,45.612691,0.161677,47.187054,0.1617699,47.543659,0.1627904386827213,46.85994151405868,0.1627506785668752
Viewpoint 2,6808,22.760856,0.160336,23.510033,0.16038,23.686859,0.1613902107578256,23.22384185279627,0.1613632395167591
Viewpoint 2,6822,0.0,0.159,0.0,0.159,0.0,0.0,2.32968108321647e-05,0.1600000013675228
Viewpoint 2,6823,1466.195074,0.280016,1574.2518,0.2666354,1618.5363,0.2599508,1355.2852002739342,0.2662632846071239
Viewpoint 2,6824,3143.404797,0.385244,3254.4199,0.3797315,3279.4199,0.3782243,3182.9465523499925,0.3828303504057113
Viewpoint 2,6825,6794.62319,0.600422,7218.6821,0.6157646,8038.0952,0.6587254,6266.7404520469945,0.569898943231119
Viewpoint 2,6826,28483.472921,1.0,23294.494,1.0,27627.928,1.0,49954.49427135145,1.0
Viewpoint 2,6827,20423.317572,1.0,15235.461,1.0,25767.295,1.0,14859.474492485344,1.0
Viewpoint 2,6828,9965.112546,0.786677,10250.996,0.7950025,10313.355,0.7955662,10039.18801770614,0.7879499920558014
Viewpoint 2,6829,9082.884853,0.735088,9433.7637,0.7462793,9499.6172,0.7464389,9137.106927075,0.7346252510480117
Viewpoint 2,6830,7343.021067,0.631287,7654.7075,0.6396,7719.1738,0.6393515,7362.749284095762,0.6289360904014119
Viewpoint 2,6831,5310.749368,0.508973,5530.0298,0.5109429,5589.9214,0.510859,5252.638203661849,0.5026332723702653
Viewpoint 2,6832,3707.481614,0.422376,3802.356,0.3989148,5450.8706,0.5071315,22988.868647931537,1.0
Viewpoint 2,6846,0.0,0.159,0.0,0.159,0.0,0.0,2.3289233201702547e-05,0.1600000013670779
Viewpoint 2,6847,2164.29931,0.333252,2327.8433,0.3257433,2377.719,0.3235943,2046.5679574822047,0.3201459530931255
Viewpoint 2,6848,5218.233091,0.510573,5478.6821,0.5161048,5580.4233,0.5152501,5008.459169148016,0.4956763265466017
Viewpoint 2,6849,3956.653738,0.433254,4085.0017,0.4300573,4115.416,0.4285344,4021.107515700293,0.4322600621883385
Viewpoint 2,6850,5477.808018,0.523393,5648.7207,0.5230969,5689.5161,0.5220118,5518.2318337605575,0.5210383442293984
Viewpoint 2,6851,23640.856529,1.0,24253.426,1.0,29034.342,1.0,18814.8298241729,1.0
Viewpoint 2,6852,6990.622468,0.611825,7205.1328,0.6147355,7254.2236,0.6143938,7097.428953210712,0.6138496818430788
Viewpoint 2,6853,6497.257556,0.582358,6718.0044,0.585541,6767.2012,0.5850176,6558.378154458856,0.5819908818109514
Viewpoint 2,6854,5348.955045,0.513859,5546.4033,0.5153562,5591.5088,0.5145032,5376.097449384,0.5116484031035073
Viewpoint 2,6855,27438.35254,1.0,24856.504,1.0,20130.355,1.0,25934.027839206447,1.0
Viewpoint 2,6856,2194.446764,0.323704,2299.3367,0.3158723,2325.2351,0.3128411,2180.3555811564306,0.3196502184389529
Viewpoint 2,6870,0.0,0.159,0.0,0.159,0.0,0.0,2.328161997307985e-05,0.1600000013666311
Viewpoint 2,6871,1456.736321,0.280412,1566.0322,0.2691951,1599.9331,0.2649708,1368.850710648824,0.2701881973629538
Viewpoint 2,6872,2741.150577,0.360989,2834.5459,0.3544987,2856.3718,0.3502818,2777.58885941555,0.3584172364003246
Viewpoint 2,6873,4656.249747,0.47516,4802.9995,0.4733891,4838.2725,0.4717607,4714.273851172903,0.4737555358370445
Viewpoint 2,6874,24208.800914,1.0,22187.898,1.0,18948.518,1.0,28660.497864426776,1.0
Viewpoint 2,6875,28555.79519,1.0,27128.367,1.0,35661.871,1.0,18512.645386870656,1.0
Viewpoint 2,6876,26836.375903,1.0,27259.363,1.0,24811.082,1.0,40345.3286302616,1.0
Viewpoint 2,6877,7869.726195,0.663596,8139.5059,0.6698664,8198.0166,0.6697031,7904.279652735896,0.6617542888061765
Viewpoint 2,6878,6385.219346,0.574955,6641.0298,0.5800608,6696.3716,0.5795002,6404.3896662396855,0.5724728273476678
Viewpoint 2,6879,26052.51256,1.0,22328.807,1.0,17858.145,1.0,23769.475102957986,1.0
Viewpoint 2,6880,2627.014074,0.34896,2767.8357,0.343707,2804.8213,0.340728,2603.0801344089987,0.3445934872710747
Viewpoint 2,6894,0.0,0.159,0.0,0.159,0.0,0.0,2.327397599119888e-05,0.1600000013661824
Viewpoint 2,6895,815.448277,0.211879,885.65002,0.2140034,905.20807,0.2131356042735525,746.3693990841319,0.2038118837262385
Viewpoint 2,6896,2102.325931,0.32552,2272.6846,0.3207501,2331.0676,0.3162193,2021.158248054272,0.3152549585365923
Viewpoint 2,6897,6599.108484,0.585695,7211.7622,0.6111248,9814.6494,0.7667008,5860.703502512021,0.5459715868514557
Viewpoint 2,6898,38702.537004,1.0,50086.547,1.0,27259.639,1.0,47579.15274273236,1.0
Viewpoint 2,6899,15001.94283,1.0,14646.566,1.0,19320.244,1.0,10151.037239678177,0.8132092390062226
Viewpoint 2,6900,20717.107178,1.0,22935.527,1.0,19804.014,1.0,33050.159701260185,1.0
Viewpoint 2,6901,9823.31226,0.775473,10607.987,0.8118036,17744.641,1.0,9065.078538520032,0.7286388243471315
Viewpoint 2,6902,8165.3914,0.668051,8801.4004,0.6964709,11076.073,0.8328376,6853.642563217711,0.5973628739681336
Viewpoint 2,6903,23011.091767,1.0,24732.621,1.0,15447.951,1.0,21043.862570623853,1.0
Viewpoint 2,6904,2923.512086,0.37875,3000.6333,0.3509041,4140.1821,0.4247458,19509.84609640073,1.0
Viewpoint 2,6918,0.0,0.159,0.0,0.159,0.0,0.0,2.3263521642907605e-05,0.1600000013655687
Viewpoint 2,6919,2289.473666,0.340334,2444.9746,0.3327824,2495.3428,0.330532,2135.662238823224,0.3259066744714169
Viewpoint 2,6920,2408.587385,0.340856,2493.8347,0.3339845,2513.0762,0.3296491,2447.404525561817,0.3384687873517675
Viewpoint 2,6921,10253.726124,0.803421,10834.334,0.8290827,12685.155,0.933964,9724.752323594508,0.773418721639635
Viewpoint 2,6922,5747.839013,0.539581,5925.3394,0.5396441,5967.9287,0.5387223,5777.170746703087,0.5365800085283187
Viewpoint 2,6923,31101.408568,1.0,46667.383,1.0,35577.242,1.0,20776.87383789531,1.0
Viewpoint 2,6924,7434.472505,0.638029,7648.7549,0.6412147,7700.272,0.6410237,7512.2893352298015,0.6385753771270009
Viewpoint 2,6925,6876.673468,0.605035,7111.0674,0.6090851,7163.1763,0.6086053,6907.6073466377375,0.6029134540210161
Viewpoint 2,6926,5611.846411,0.529446,5823.3457,0.5317942,5871.4199,0.5310876,5628.798421504996,0.5267197384109722
Viewpoint 2,6927,4017.614217,0.433741,4172.646,0.4320558,4213.2183,0.4312414,4007.190627552135,0.4295186667271307
Viewpoint 2,6928,2276.492523,0.328811,2394.6069,0.3209509,2424.5193,0.3180779,2260.9050549106505,0.3243513276634391
Viewpoint 2,6942,0.0,0.159,0.0,0.159,0.0,0.0,2.3255841432687903e-05,0.1600000013651178
Viewpoint 2,6943,1322.429811,0.27174,1402.0618,0.2572879,1425.6624,0.2576438,1261.3511193025188,0.2607412521418261
Viewpoint 2,6944,1516.957865,0.274872,1569.8944,0.2652638,1582.0564,0.2725826,1547.74562625841,0.2690183698073266
Viewpoint 2,6945,2531.357642,0.34737,2617.8315,0.3409192,2637.7793,0.3366888,2587.466362089225,0.3462747456085144
Viewpoint 2,6946,3468.788264,0.40329,3578.95,0.3993078,3605.802,0.3975978,3510.1728039350087,0.4013621911810582
Viewpoint 2,6947,19304.456345,1.0,21525.021,1.0,18448.453,1.0,13258.354553651638,0.980407028520728
Viewpoint 2,6948,4328.354306,0.454201,4467.5298,0.4521514,4500.2588,0.4508001,4421.218850259663,0.4551136837657822
Viewpoint 2,6949,10562.050009,0.819985,11195.268,0.8505878,13324.703,0.970798,10440.77941781255,0.8133130384339857
Viewpoint 2,6950,3339.598863,0.394991,3454.3811,0.3907111,3481.6873,0.3896748,3382.003631380364,0.3933008380828519
Viewpoint 2,6951,14883.295566,1.0,15219.458,1.0,11317.486,0.8597152,13711.311669580156,1.0
Viewpoint 2,6952,3716.365935,0.409561,3901.2122,0.406983,4713.3882,0.4554398,3464.8092821842592,0.395619373443789
Viewpoint 2,6966,0.0,0.159,0.0,0.159,0.0,0.0,2.3248146028778457e-05,0.1600000013646662
Viewpoint 2,6967,1271.215022,0.26486,1345.7559,0.2537762,1370.4404,0.2514695,1199.1848199315448,0.2552989957969892
Viewpoint 2,6968,3570.40731,0.415593,3769.8103,0.4163703,3830.2449,0.4140844,3441.204308074394,0.4051632807915057
Viewpoint 2,6969,3000.013064,0.375801,3101.0769,0.3699682,3124.5537,0.3683739,3059.8160282072167,0.3747269952983392
Viewpoint 2,6970,4120.562491,0.442414,4252.3755,0.4397315,4283.9404,0.4383008,4162.468433448273,0.4403710648866387
Viewpoint 2,6971,21835.394142,1.0,22282.652,1.0,20931.629,1.0,13879.204623753092,1.0
Viewpoint 2,6972,21359.303281,1.0,21978.865,1.0,22342.992,1.0,28108.068306112928,1.0
Viewpoint 2,6973,11238.27865,0.85824,11658.376,0.877688,14542.167,1.0,10771.947888205485,0.8332232776253925
Viewpoint 2,6974,4018.732782,0.435197,4152.1084,0.4327907,4185.4165,0.4315687,4050.732275348101,0.4330717071950427
Viewpoint 2,6975,17773.973498,1.0,17017.287,1.0,12811.546,0.9535803,16135.375717112767,1.0
Viewpoint 2,6976,1603.759004,0.280414,1674.8428,0.2638127,1691.985,0.2728025,1605.9561941248023,0.2724665572086674
Viewpoint 2,6990,0.0,0.159,0.0,0.159,0.0,0.0,2.324044082867711e-05,0.1600000013642138
Viewpoint 2,6991,432.290712,0.184375,447.35373,0.1852597,450.8349,0.1864639369484033,442.90626935084447,0.1859985980108945
Viewpoint 2,6992,1190.211491,0.230592,1230.2606,0.2312163,1239.8094,0.2327766,1214.6113110393123,0.2312976839580076
Viewpoint 2,6993,1994.349179,0.314926,2064.5491,0.3067846,2080.3894,0.3024332,2043.6344843294496,0.3133804517606021
Viewpoint 2,6994,2721.127488,0.358629,2812.7029,0.3523375,2834.041,0.3482387,2762.985889252637,0.3566214589778885
Viewpoint 2,6995,3212.692116,0.387684,3317.7637,0.3829166,3342.7256,0.3809382,3267.2061031197068,0.3866110883507208
Viewpoint 2,6996,3366.898863,0.396799,3477.6743,0.3923829,3503.6292,0.3912794,3448.3435511759603,0.397177990542605
Viewpoint 2,6997,3129.637725,0.382607,3237.6062,0.3780153,3262.2268,0.3760409,3180.7620622249874,0.3815148620302914
Viewpoint 2,6998,2583.486064,0.349844,2673.5916,0.3428729,2694.512,0.339582,2625.4377441789406,0.3482027749937566
Viewpoint 2,6999,1840.355719,0.303459,1904.7323,0.2959398,1920.2504,0.2924383,1869.122666740025,0.3025856767545393
Viewpoint 2,7000,1026.135088,0.220009,1066.8595,0.2216247,1076.2086,0.2231733,1037.0673428002465,0.2208758530223744
Viewpoint 2,7014,0.0,0.159,0.0,0.159,0.0,0.0,2.323273131547235e-05,0.1600000013637613
Viewpoint 2,7015,1260.925599,0.263288,1326.311,0.2475674,1354.1289,0.2458336,1173.1936732838049,0.2531052102535721
Viewpoint 2,7016,1906.280827,0.309976,1971.7573,0.3007183,1987.0199,0.29716,1939.370211581604,0.3076050576979594
Viewpoint 2,7017,6811.738917,0.606639,7213.2788,0.6193898,8335.1914,0.6803695,6422.512879669472,0.5824779531059553
Viewpoint 2,7018,4548.143991,0.468127,4688.5571,0.4661193,4723.1147,0.4645941,4581.214106428769,0.4654249424173261
Viewpoint 2,7019,23567.686103,1.0,20627.029,1.0,22904.482,1.0,13765.671228634506,1.0
Viewpoint 2,7020,25036.636578,1.0,29242.793,1.0,24437.111,1.0,30689.65712042636,1.0
Viewpoint 2,7021,10690.096808,0.826748,11436.0,0.864372,14988.268,1.0,10454.594831658256,0.814995477654642
Viewpoint 2,7022,8718.074685,0.705604,9147.6348,0.7224398,10162.14,0.7772768,8104.515865219762,0.6715227314081195
Viewpoint 2,7023,20274.43211,1.0,19496.115,1.0,14065.456,1.0,18164.169862141203,1.0
Viewpoint 2,7024,1759.32051,0.294052,1844.4591,0.2814816,1865.23,0.2847226,1758.7017266788905,0.2871573424595357
Viewpoint 2,7038,0.0,0.159,0.0,0.159,0.0,0.0,2.3225023021320024e-05,0.1600000013633088
Viewpoint 2,7039,1278.603041,0.261592,1351.0677,0.2496348,1400.4077,0.2471142,1098.4971596376847,0.2525612626895815
Viewpoint 2,7040,3089.768974,0.382372,3198.8821,0.37667,3223.5593,0.3751693,3122.251472581951,0.3794788664770835
Viewpoint 2,7041,6317.812918,0.570715,6816.7007,0.5897919,9917.7148,0.7774168,5502.448923575922,0.5270973813244877
Viewpoint 2,7042,37504.808494,1.0,36767.859,1.0,28206.584,1.0,44210.64169767848,1.0
Viewpoint 2,7043,40125.575505,1.0,54561.742,1.0,38922.629,1.0,12380.09120185093,0.970235255313035
Viewpoint 2,7044,41273.969815,1.0,52149.617,1.0,39346.465,1.0,56162.615710621256,1.0
Viewpoint 2,7045,7596.461177,0.64011,8592.3916,0.6912796,17001.164,1.0,7127.121563836922,0.6288899612721423
Viewpoint 2,7046,6252.632909,0.552394,7130.4507,0.5945399,8998.709,0.7075912,5484.665006587699,0.5129654497198757
Viewpoint 2,7047,25538.64843,1.0,18339.848,1.0,15871.356,1.0,22388.921363288344,1.0
Viewpoint 2,7048,2269.838694,0.32581,2474.23,0.317656,3027.6116,0.3517121,2197.613543480113,0.3197140572225861
Viewpoint 2,7062,0.0,0.159,0.0,0.159,0.0,0.0,2.321732149220284e-05,0.1600000013628567
Viewpoint 2,7063,776.086577,0.21183,813.64569,0.206761,842.95972,0.2094816187110299,659.2045713355534,0.2015269914923571
Viewpoint 2,7064,2178.903407,0.324806,2438.6858,0.3236019,2538.7302,0.322498,2045.6961589476057,0.3143260052146021
Viewpoint 2,7065,4537.213955,0.458697,5050.0947,0.4776051,8844.9561,0.7214901,3740.7062200832775,0.4180481252487596
Viewpoint 2,7066,38817.119819,1.0,51569.305,1.0,28508.928,1.0,44304.40565459749,1.0
Viewpoint 2,7067,41405.689956,1.0,60347.453,1.0,39626.594,1.0,12007.366768625385,0.949917429877568
Viewpoint 2,7068,42028.732922,1.0,48303.062,1.0,39845.242,1.0,56005.771924361215,1.0
Viewpoint 2,7069,7541.962172,0.639717,8343.7676,0.6763468,16894.379,1.0,6886.739493814876,0.6155373082795981
Viewpoint 2,7070,6209.674493,0.5486,6905.6587,0.5807697,8677.1533,0.6879056,5272.387090657421,0.5002139606426453
Viewpoint 2,7071,25798.588972,1.0,27289.588,1.0,15701.836,1.0,22147.15040147824,1.0
Viewpoint 2,7072,1778.70928,0.287839,1829.5464,0.276687,2378.3125,0.3102506,1600.5936004674952,0.2761395736412014
Viewpoint 2,7086,0.0,0.159,0.0,0.159,0.0,0.0,2.320963226343297e-05,0.1600000013624054
Viewpoint 2,7087,1281.108019,0.264135,1367.9073,0.251195,1416.5771,0.2483812,1129.7803248696205,0.2557253931962823
Viewpoint 2,7088,2744.726154,0.359647,2975.0649,0.3611354,3082.3872,0.3593122,2531.737119952289,0.3460977698552165
Viewpoint 2,7089,5499.015757,0.518812,6129.6655,0.5441428,10253.905,0.8032215,4647.85929338499,0.473749681809105
Viewpoint 2,7090,35623.311612,1.0,38811.172,1.0,27677.137,1.0,39663.31218199173,1.0
Viewpoint 2,7091,43250.577125,1.0,42703.344,1.0,42409.594,1.0,13791.645855789486,1.0
Viewpoint 2,7092,43514.445929,1.0,33875.43,1.0,42044.648,1.0,57102.22934649766,1.0
Viewpoint 2,7093,10518.959403,0.81044,11207.544,0.8474776,19496.734,1.0,9660.851829597064,0.7726485121519552
Viewpoint 2,7094,7705.977239,0.653171,8066.1855,0.6644548,8139.2764,0.6645104,7707.690562598283,0.650008213429015
Viewpoint 2,7095,5442.192657,0.516748,5710.0591,0.5211173,5781.7705,0.5217655,5346.537487751737,0.5086358651641917
Viewpoint 2,7096,2926.12793,0.366099,3109.6541,0.363135,3170.4434,0.3633942,3025.0752953346705,0.3713466697808538
Viewpoint 2,7110,0.0,0.159,0.0,0.159,0.0,0.0,2.3201960857011107e-05,0.1600000013619551
Viewpoint 2,7111,1297.53705,0.270863,1376.9226,0.2525061,1418.4064,0.2488502,1154.127535901402,0.2584815904108329
Viewpoint 2,7112,3226.505235,0.3945,3545.2625,0.4000779,3649.4656,0.398719,3066.491109645868,0.3835904986536202
Viewpoint 2,7113,6484.832676,0.584511,7144.5742,0.6112682,10004.227,0.7824202,5957.99403169297,0.5547209688641049
Viewpoint 2,7114,39397.918167,1.0,35592.883,1.0,30245.104,1.0,43740.590526287706,1.0
Viewpoint 2,7115,39694.912374,1.0,37507.164,1.0,39392.543,1.0,14540.955248144304,1.0
Viewpoint 2,7116,40490.932306,1.0,58540.789,1.0,39705.531,1.0,51817.28264797166,1.0
Viewpoint 2,7117,8916.97454,0.726361,9257.415,0.7366508,9324.9307,0.7370348,8892.940720052522,0.7212325523301953
Viewpoint 2,7118,8685.371069,0.695523,9290.8604,0.7259396,10808.555,0.8122846,7639.914015347413,0.6419066581038348
Viewpoint 2,7119,25353.929329,1.0,22220.207,1.0,16012.239,1.0,21842.249021726213,1.0
Viewpoint 2,7120,2317.946778,0.330722,2492.2366,0.3211114,2889.6472,0.3426688,2240.16268249728,0.3220368107276995
Viewpoint 2,7134,0.0,0.159,0.0,0.159,0.0,0.0,2.319431277655467e-05,0.1600000013615061
Viewpoint 2,7135,779.882075,0.214088,850.02972,0.2092125,872.48193,0.2112146092888886,699.6717227880562,0.207756578480263
Viewpoint 2,7136,2368.925032,0.348184,2589.4114,0.346988,2653.2532,0.343164,2281.8217810894,0.3394035696298977
Viewpoint 2,7137,5296.008034,0.505645,5814.0928,0.5253164,10027.688,0.7919989,4401.012586785039,0.4594519323447235
Viewpoint 2,7138,23245.059384,1.0,25041.812,1.0,18342.775,1.0,25004.01497011377,1.0
Viewpoint 2,7139,47517.213918,1.0,54014.656,1.0,46889.191,1.0,13463.48819604548,1.0
Viewpoint 2,7140,43661.376574,1.0,52131.75,1.0,42896.723,1.0,9341.210574609488,0.7557457233517509
Viewpoint 2,7141,8865.987872,0.716727,9908.707,0.7702962,18477.09,1.0,8039.278231256711,0.6808265176145151
Viewpoint 2,7142,7433.909668,0.622146,7938.5435,0.6448478,9397.71,0.7288367,6277.693902676756,0.5615418728911423
Viewpoint 2,7143,25482.924856,1.0,24137.93,1.0,15623.001,1.0,21449.23221487548,1.0
Viewpoint 2,7144,1676.609135,0.283602,1835.9272,0.2762772,2248.5073,0.3018539,1613.8143406954723,0.2777783918298668
Viewpoint 2,7158,0.0,0.159,0.0,0.159,0.0,0.0,2.3164707470001968e-05,0.1600000013597683
Viewpoint 2,7159,670.349501,0.203568,713.98535,0.2014564,740.90594,0.2034911104797153,481.3746544624328,0.1882566922169448
Viewpoint 2,7160,1978.148467,0.307889,2172.3894,0.3015687,2260.6626,0.2992297,1813.5658293081945,0.2964705117745709
Viewpoint 2,7161,4391.825578,0.455496,4613.1167,0.4483078,9096.0674,0.7432534,3283.135624970542,0.3890674231721774
Viewpoint 2,7162,41830.54598,1.0,38014.125,1.0,30829.336,1.0,5879.334945519241,0.5489509249149578
Viewpoint 2,7163,46647.577502,1.0,47814.914,1.0,45654.465,1.0,11470.755016475268,0.9208830122428387
Viewpoint 2,7164,42858.057086,1.0,63239.898,1.0,41574.547,1.0,7368.066752979088,0.6428464964852596
Viewpoint 2,7165,6943.762505,0.602078,7964.0234,0.6533026,16876.318,1.0,6529.83263709318,0.5958924832744272
Viewpoint 2,7166,5882.931897,0.528945,6536.2422,0.5585059,7954.8555,0.6427314,4920.654772426068,0.4793430114886803
Viewpoint 2,7167,25502.227329,1.0,16214.966,1.0,15183.847,1.0,21363.97796779036,1.0
Viewpoint 2,7168,1512.429902,0.267561,1550.7384,0.2555763,2078.3792,0.2922798,1372.483972052244,0.2588326284065825
Viewpoint 2,7182,0.0,0.159,0.0,0.159,0.0,0.0,2.3157116110712952e-05,0.1600000013593227
Viewpoint 2,7183,1184.36634,0.256755,1263.1956,0.246513,1295.371,0.2416121,1049.7430736620713,0.2504018403542034
Viewpoint 2,7184,2664.114503,0.356819,2755.4114,0.3500817,2776.7493,0.3458257,2693.604926586764,0.3537248929677102
Viewpoint 2,7185,6644.63069,0.592163,7062.7988,0.6065586,10267.798,0.8004348,5871.448001973075,0.5503153788093805
Viewpoint 2,7186,37240.515085,1.0,49426.727,1.0,31096.432,1.0,7275.792246416682,0.6308857571991275
Viewpoint 2,7187,41156.036842,1.0,58739.531,1.0,41510.121,1.0,14489.660319737866,1.0
Viewpoint 2,7188,45544.232018,1.0,49796.914,1.0,43930.512,1.0,9454.311819593857,0.7625185661318349
Viewpoint 2,7189,9200.539068,0.736619,9959.0322,0.7732378,18660.195,1.0,8084.929312618327,0.6836266184169001
Viewpoint 2,7190,7422.193765,0.622157,7943.6729,0.645418,9267.3145,0.7205656,6297.338276273582,0.5629597622541277
Viewpoint 2,7191,25672.516696,1.0,29036.234,1.0,16037.853,1.0,21583.38823474268,1.0
Viewpoint 2,7192,1857.562984,0.295138,1929.6062,0.2841267,2435.3145,0.3132774,1796.0098159189472,0.2929587564371465
Viewpoint 2,7206,0.0,0.159,0.0,0.159,0.0,0.0,2.314956464499488e-05,0.1600000013588794
Viewpoint 2,7207,1177.743625,0.254183,1247.4519,0.2453724,1271.8594,0.2400692,1019.9916786429078,0.2433200057488792
Viewpoint 2,7208,2471.1805,0.344911,2732.7866,0.3455002,2819.7749,0.3427988,2327.3648528917984,0.3346139408468627
Viewpoint 2,7209,5386.409513,0.510464,5707.1958,0.5194175,10141.751,0.8016295,4336.202431976514,0.4563110997522468
Viewpoint 2,7210,42222.337354,1.0,43203.211,1.0,34839.91,1.0,7396.720317643325,0.6382847759344784
Viewpoint 2,7211,48033.067123,1.0,43545.266,1.0,48711.695,1.0,57367.81700461965,1.0
Viewpoint 2,7212,46545.994296,1.0,62315.93,1.0,44875.312,1.0,11370.38636569011,0.8728741302781
Viewpoint 2,7213,9571.87334,0.765321,9930.8389,0.7768552,10003.715,0.7775262,9502.663965098673,0.7578322023255993
Viewpoint 2,7214,8274.991908,0.672456,8877.5947,0.7017009,10131.432,0.7715633,7237.838768450674,0.6186722942918521
Viewpoint 2,7215,21285.817234,1.0,14875.344,1.0,15253.605,1.0,20926.77054892802,1.0
Viewpoint 2,7216,2081.052582,0.31365,2173.7134,0.2995298,2581.865,0.3248743,1983.772655545236,0.3055678230627404
Viewpoint 2,7230,0.0,0.159,0.0,0.159,0.0,0.0,2.314205858767445e-05,0.1600000013584388
Viewpoint 2,7231,1055.817895,0.235083,1091.636,0.2243082,1121.178,0.225813,933.8233761808814,0.2244921876029872
Viewpoint 2,7232,2648.266012,0.355924,2741.5728,0.3493061,2762.8247,0.3450426,2679.1489819450208,0.3529084936256758
Viewpoint 2,7233,7010.48604,0.61314,7252.3359,0.6178486,10316.368,0.8034768,6105.36790915048,0.5633012697083777
Viewpoint 2,7234,48379.568386,1.0,48256.586,1.0,40854.535,1.0,10898.782801577028,0.8437365355323305
Viewpoint 2,7235,40744.008559,1.0,64025.797,1.0,41214.5,1.0,46543.09046031196,1.0
Viewpoint 2,7236,10045.969991,0.793486,10386.985,0.8039849,10451.644,0.8051978,9930.991780443164,0.7832877406506374
Viewpoint 2,7237,9100.756496,0.737617,9428.0889,0.7471338,9497.7764,0.7476827,9034.15145753144,0.7300802141051962
Viewpoint 2,7238,9262.663838,0.730877,9609.582,0.7457529,10778.419,0.8101575,8063.572404332673,0.6675362757537378
Viewpoint 2,7239,4924.126241,0.486615,5181.1094,0.4905864,5246.144,0.4909236,4855.108043941187,0.4800047287147519
Viewpoint 2,7240,2553.374406,0.345098,2715.6294,0.3399044,2771.1548,0.3385049,2656.708382208032,0.3493863384336571
Viewpoint 2,7254,0.0,0.159,0.0,0.159,0.0,0.0,2.3134603463130384e-05,0.1600000013580012
Viewpoint 2,7255,1241.927195,0.261713,1299.9564,0.2489892,1330.674,0.2439427,1091.1951646344885,0.2547731505604685
Viewpoint 2,7256,2759.582244,0.362749,2854.8655,0.3561942,2877.0059,0.3541406,2786.979651590798,0.3594982356525349
Viewpoint 2,7257,5151.238175,0.505728,5316.3584,0.5047092,5355.1567,0.5033936,5150.38336356733,0.5008845205352445
Viewpoint 2,7258,7791.26894,0.661796,8037.1348,0.6657677,8093.0742,0.6660825,7714.222409071136,0.6528142752040886
Viewpoint 2,7259,43318.672964,1.0,53395.352,1.0,44474.602,1.0,50277.10862056634,1.0
Viewpoint 2,7260,10806.196583,0.838416,11164.766,0.8500614,11232.527,0.8515972,10633.875556069632,0.8250709390578742
Viewpoint 2,7261,9663.94186,0.771109,10033.341,0.783096,10107.381,0.7838439,9590.777582303104,0.7632702328663644
Viewpoint 2,7262,8963.870024,0.7133,9501.6143,0.7393625,10660.484,0.8028414,7883.602523215924,0.6570485953143347
Viewpoint 2,7263,19098.801205,1.0,12907.738,1.0,15212.719,1.0,20685.44504603446,1.0
Viewpoint 2,7264,1356.321694,0.252752,1394.4872,0.2412464,1411.4354,0.2483023,1357.8119894835772,0.2458573478408613
Viewpoint 2,7278,0.0,0.159,0.0,0.159,0.0,0.0,2.3127204804660743e-05,0.1600000013575669
Viewpoint 2,7279,1172.29442,0.254406,1218.8802,0.2441611,1246.0667,0.2388965,1032.285133107157,0.2446545053814925
Viewpoint 2,7280,3959.645576,0.435501,4370.4204,0.4481716,4482.647,0.4473479,3752.60308036314,0.4235003769889698
Viewpoint 2,7281,7917.6238,0.667727,8649.0752,0.6948232,15001.979,1.0,6770.57860893593,0.6013663568749341
Viewpoint 2,7282,37496.485748,1.0,39690.906,1.0,32415.156,1.0,9771.797930337863,0.7783544754520327
Viewpoint 2,7283,9774.269182,0.777829,10074.45,0.7858909,10141.359,0.7874596,9720.833608824163,0.7708733397689389
Viewpoint 2,7284,10538.821668,0.822981,10915.843,0.8354004,10982.796,0.8368866,10401.079476552472,0.8113434442489859
Viewpoint 2,7285,11096.893882,0.847692,11987.428,0.8938578,20725.893,1.0,10351.605034124765,0.8134474468036229
Viewpoint 2,7286,7362.212337,0.633627,7693.2754,0.6430762,7765.832,0.6431704,7341.96323096622,0.6290196073480305
Viewpoint 2,7287,18077.244454,1.0,20208.969,1.0,14675.274,1.0,20981.13046140251,1.0
Viewpoint 2,7288,1336.693804,0.250992,1375.7606,0.2401498,1391.726,0.2471553,1338.5635860487553,0.2443777883946086
Viewpoint 2,7302,0.0,0.159,0.0,0.159,0.0,0.0,2.311986815979404e-05,0.1600000013571362
Viewpoint 2,7303,937.177333,0.229136,983.1496,0.2169356,999.81024,0.2186887004528085,885.0610972599417,0.2207121037790798
Viewpoint 2,7304,3394.652176,0.406367,3568.217,0.4059624,3618.0706,0.4030928,3264.244814449292,0.396420934456975
Viewpoint 2,7305,6867.759673,0.610864,7175.0825,0.6182107,8533.1133,0.6949668,6454.232489663545,0.5856040325233127
Viewpoint 2,7306,20349.674269,1.0,17091.412,1.0,18897.674,1.0,10920.451734733704,0.8473214828147033
Viewpoint 2,7307,4587.610919,0.470493,4740.8027,0.4692063,4775.6909,0.4679267,4669.848240550358,0.4705114803063127
Viewpoint 2,7308,25542.789466,1.0,31231.594,1.0,25963.65,1.0,13400.08362152968,0.9908494258821056
Viewpoint 2,7309,4533.257895,0.466868,4688.7358,0.465577,4724.5518,0.464508,4570.999653957051,0.4647864105935982
Viewpoint 2,7310,8901.42332,0.719352,9313.9912,0.734584,9864.3076,0.7613502,8354.742338303953,0.6879938001579957
Viewpoint 2,7311,2565.441136,0.348458,2662.0479,0.3415556,2686.2266,0.3385636,2576.2014049405416,0.3451767858894776
Viewpoint 2,7312,1366.571409,0.255437,1436.2839,0.2437451,1453.6295,0.2511526,1365.3069948022423,0.2488248143172869
Viewpoint 2,7326,0.0,0.159,0.0,0.159,0.0,0.0,2.3112599092154583e-05,0.1600000013567095
Viewpoint 2,7327,232.253417,0.172633,240.18576,0.1730989,242.05891,0.1742085010866014,237.6473548918148,0.1739498997321495
Viewpoint 2,7328,833.511317,0.207927,862.68036,0.2096393,869.40466,0.211033909992327,852.5396874755058,0.2100440796548122
Viewpoint 2,7329,1478.885594,0.26899,1530.6323,0.2592334,1542.4661,0.269999,1507.4000009673034,0.2656878312778655
Viewpoint 2,7330,2055.797392,0.318418,2126.5242,0.3104342,2142.8225,0.3061472,2086.9258602796363,0.3161310150036752
Viewpoint 2,7331,2457.141751,0.342624,2539.4504,0.3351525,2558.7605,0.3318024,2520.3355846918885,0.3418169152222794
Viewpoint 2,7332,2564.902697,0.349022,2650.4434,0.3417767,2670.5032,0.3384679,2607.045576052539,0.3473228519940598
Viewpoint 2,7333,2392.91848,0.338747,2474.7205,0.3312536,2493.7056,0.3278436,2432.748259779954,0.3369028164683005
Viewpoint 2,7334,1952.435566,0.311989,2019.9807,0.3032207,2035.8104,0.2997051,1985.446419565194,0.3098744861427344
Viewpoint 2,7335,1353.79075,0.25372,1402.6111,0.2413333,1413.9541,0.2500599,1378.3328707046408,0.244284323079923
Viewpoint 2,7336,710.753287,0.200721,740.46454,0.2024653,747.03442,0.2038507820118601,717.9995374056631,0.2021465728457124
Viewpoint 2,7350,0.0,0.159,0.0,0.159,0.0,0.0,2.310540318050661e-05,0.1600000013562871
Viewpoint 2,7351,406.700546,0.182873,421.49042,0.1837415,424.78214,0.1849346113670076,416.2766684231391,0.1844354404364382
Viewpoint 2,7352,1495.865064,0.273084,1549.5759,0.2605339,1561.6343,0.271517,1525.197507789699,0.2671300319251065
Viewpoint 2,7353,2709.750685,0.358699,2798.907,0.3521275,2820.2419,0.3479954,2742.3587378090137,0.3562117387589574
Viewpoint 2,7354,3890.91788,0.429198,4015.874,0.4259503,4045.895,0.4245997,3915.092210517361,0.4262071034097581
Viewpoint 2,7355,4735.290737,0.479417,4894.7681,0.478438,4930.6855,0.4773464,4816.285729931046,0.4793226378606261
Viewpoint 2,7356,5041.800447,0.497272,5199.7397,0.4964114,5237.4092,0.4954609,5067.239609929379,0.4944748078243194
Viewpoint 2,7357,4693.862908,0.476497,4850.6763,0.4752751,4887.7866,0.4743861,4723.85621631429,0.4739745922283035
Viewpoint 2,7358,3782.308239,0.421996,3927.0842,0.419846,3959.5745,0.4186234,3817.099935258639,0.4196911311321576
Viewpoint 2,7359,2628.582797,0.352419,2731.2937,0.3464826,2756.51,0.3427341,2639.198713167532,0.3489849393687803
Viewpoint 2,7360,1379.842968,0.256861,1452.8712,0.2447521,1471.4333,0.2522543,1378.7471217484524,0.2504825950848284
Viewpoint 2,7374,0.0,0.159,0.0,0.159,0.0,0.0,2.309828601802924e-05,0.1600000013558694
Viewpoint 2,7375,425.927789,0.184002,441.03809,0.1848889,444.48398,0.1860911007794318,435.45580587915833,0.1855612558051066
Viewpoint 2,7376,1575.468508,0.28249,1631.9374,0.2701446,1644.6383,0.2765699,1605.222000012216,0.2777931931850669
Viewpoint 2,7377,2883.432206,0.369249,2979.6968,0.3630432,3002.3601,0.361043,2916.731818159398,0.3667675184778427
Viewpoint 2,7378,4164.598586,0.445754,4295.4087,0.4427499,4327.3809,0.4415044,4182.5662755958165,0.4422716549274214
Viewpoint 2,7379,5097.036465,0.500902,5259.5757,0.5002022,5297.9116,0.4993341,5166.511374043804,0.5002670052313511
Viewpoint 2,7380,5445.917953,0.521274,5611.5669,0.5209426,5651.876,0.5202328,5458.881717363547,0.5178607036907297
Viewpoint 2,7381,5064.50568,0.498686,5229.0889,0.4980295,5269.0908,0.4971351,5083.497517993181,0.4954580820621621
Viewpoint 2,7382,4091.510184,0.440315,4235.9277,0.4382139,4271.418,0.4371756,4109.029295082701,0.4371444851962407
Viewpoint 2,7383,2816.197679,0.363641,2927.7278,0.3581157,2955.5334,0.3559986,2821.134930054881,0.3598483630311676
Viewpoint 2,7384,1483.500693,0.267093,1569.9918,0.2519729,1592.2622,0.2612303,1487.2528002246474,0.2634663291671197
Viewpoint 2,7398,0.0,0.159,0.0,0.159,0.0,0.0,2.309125322124946e-05,0.1600000013554565
Viewpoint 2,7399,67.962746,0.162989,70.236191,0.1631229,70.784027,0.1641544563469107,69.41072777265461,0.1640744097202548
Viewpoint 2,7400,300.996643,0.176669,311.43744,0.1772814,313.87335,0.1784242535155076,308.5302647433478,0.1781107265404345
Viewpoint 2,7401,529.573441,0.190086,548.87097,0.1912187,553.1532,0.1924700279846066,542.1022543448101,0.1918214023300403
Viewpoint 2,7402,717.434527,0.201113,742.54803,0.2025876,748.31329,0.2039258765752815,731.2638288059576,0.2029251867509097
Viewpoint 2,7403,860.607166,0.209518,890.45953,0.21127,897.33679,0.2126736051509759,880.9826767843977,0.2117136831272441
Viewpoint 2,7404,878.165959,0.210548,908.31097,0.2123179,915.29669,0.2137278033638738,897.5250843945765,0.2126847224539616
Viewpoint 2,7405,828.473204,0.207631,858.71838,0.2094068,865.30548,0.2107933110127871,848.3898140913745,0.2098004820871636
Viewpoint 2,7406,659.543909,0.197715,682.99005,0.1990915,688.21552,0.2003981340964865,675.6926428939438,0.1996631581378745
Viewpoint 2,7407,449.582124,0.18539,465.67535,0.1863351,469.23611,0.1875440518024206,457.51627847645415,0.1868562055465678
Viewpoint 2,7408,240.688336,0.173128,248.24289,0.1735719,250.17686,0.1746850431974049,245.729235523542,0.1744243061252319
Viewpoint 2,7422,0.0,0.159,0.0,0.159,0.0,0.0,2.3084310423431807e-05,0.160000001355049
Viewpoint 2,7423,607.741239,0.196062,626.68311,0.1968101,644.02264,0.1978040927488673,526.9176358157115,0.1909300652223822
Viewpoint 2,7424,3072.975345,0.378932,3312.2534,0.3817463,3385.9324,0.3781511,2779.060982933698,0.3627279789166071
Viewpoint 2,7425,6730.428223,0.599598,7228.5742,0.6083038,14778.378,1.0,5415.576961725006,0.521102182470532
Viewpoint 2,7426,27102.393878,1.0,25338.539,1.0,23844.516,1.0,7021.760073229058,0.6201092081203232
Viewpoint 2,7427,52148.223388,1.0,32038.945,1.0,53211.773,1.0,10121.178438579762,0.7978654237188368
Viewpoint 2,7428,33838.808925,1.0,31779.271,1.0,34674.652,1.0,8635.526220398917,0.7140099055009702
Viewpoint 2,7429,8059.066823,0.67364,8709.1992,0.7011219,15783.738,1.0,7388.946788402189,0.6416619975537053
Viewpoint 2,7430,6350.701507,0.563048,7083.793,0.5959365,8148.8765,0.6537541,5583.549311105115,0.5227001151668088
Viewpoint 2,7431,14533.408876,1.0,16128.82,1.0,13355.511,1.0,5033.784072918175,0.4848464385157465
Viewpoint 2,7432,878.986518,0.211395,923.39777,0.2132034,932.59912,0.2147434022312802,885.4496712628777,0.2119758957031309
Viewpoint 2,7446,0.0,0.159,0.0,0.159,0.0,0.0,2.307746326624288e-05,0.1600000013546471
Viewpoint 2,7447,983.281876,0.231807,1031.5679,0.2320011,1043.8431,0.2212735,916.2449198391332,0.2268033787859529
Viewpoint 2,7448,2001.81527,0.316604,2075.1785,0.3081504,2091.3423,0.3037606,2034.7585437193063,0.3138515275367227
Viewpoint 2,7449,3811.937483,0.425664,3937.0757,0.4219062,3966.6187,0.4204676,3834.246839810811,0.4221913175854737
Viewpoint 2,7450,33116.97842,1.0,34819.645,1.0,29303.125,1.0,12000.75414472664,0.9110718488838646
Viewpoint 2,7451,39667.535558,1.0,34181.18,1.0,40196.578,1.0,14191.029842545237,1.0
Viewpoint 2,7452,39845.227086,1.0,33741.984,1.0,41380.898,1.0,15759.75568231751,1.0
Viewpoint 2,7453,7092.357589,0.61947,7344.105,0.6240456,7400.1206,0.6240126,7074.301393957779,0.614231428514835
Viewpoint 2,7454,9918.064295,0.773447,10648.688,0.8091626,11743.036,0.8678358,8573.405771251879,0.7010528723644726
Viewpoint 2,7455,3824.314257,0.423078,3992.8147,0.4219598,4037.7917,0.4212856,3770.8728632261664,0.4165764221919246
Viewpoint 2,7456,1931.338732,0.304379,2053.4592,0.293618,2096.9758,0.2928598,2003.0133935866552,0.3054637162993915
Viewpoint 2,7470,0.0,0.159,0.0,0.159,0.0,0.0,2.307071739651385e-05,0.1600000013542511
Viewpoint 2,7471,1200.979392,0.257294,1264.6978,0.2450053,1278.1272,0.2416198,1112.18869345224,0.2464917830929598
Viewpoint 2,7472,1902.837775,0.310519,1969.8954,0.3017769,1985.2443,0.2973195,1932.691421527784,0.3075788480356267
Viewpoint 2,7473,3624.543145,0.414428,3748.2178,0.4105917,3776.4343,0.4090716,3653.214239591657,0.4113270213829482
Viewpoint 2,7474,41523.979399,1.0,44747.297,1.0,36294.016,1.0,14625.755584626584,1.0
Viewpoint 2,7475,6844.887173,0.604916,7048.9126,0.6068108,7098.5083,0.6070257,6823.020359597431,0.5994818744215715
Viewpoint 2,7476,7390.657919,0.63679,7607.646,0.6398087,7659.9058,0.6401303,7336.57971895353,0.6297817939532173
Viewpoint 2,7477,6772.532261,0.600347,7003.8501,0.6038819,7057.4106,0.6037161,6754.427635803898,0.5952524931020016
Viewpoint 2,7478,12475.31906,0.91977,13018.779,0.950192,14173.254,1.0,10818.20154528882,0.8336135444538889
Viewpoint 2,7479,3644.599704,0.412493,3801.5823,0.4107229,3843.3936,0.4100158,3597.318296267783,0.4063491770981697
Viewpoint 2,7480,2569.037284,0.346299,2715.9753,0.3407096,2773.7205,0.3406162,2675.23651549968,0.3510915240447136
Viewpoint 2,7494,0.0,0.159,0.0,0.159,0.0,0.0,2.306407845938281e-05,0.1600000013538614
Viewpoint 2,7495,878.192049,0.221604,906.492,0.2126909,918.82129,0.2139347030940175,809.5328817192612,0.2142835897643722
Viewpoint 2,7496,1599.155792,0.285294,1654.7894,0.2752835,1667.6885,0.2780402,1626.9276051002191,0.2819797865443466
Viewpoint 2,7497,7987.903456,0.676251,8202.1631,0.6788315,10544.003,0.8188561,7288.750229874603,0.636284175902292
Viewpoint 2,7498,4411.707697,0.46079,4548.7627,0.4583245,4582.4956,0.4569964,4422.462729865909,0.4568335056341119
Viewpoint 2,7499,33310.461725,1.0,44031.395,1.0,34505.941,1.0,14219.012642575291,1.0
Viewpoint 2,7500,5896.578216,0.548296,6069.7583,0.5483752,6113.0669,0.5480072,5890.220278063712,0.5437007069965232
Viewpoint 2,7501,12688.185044,0.944383,13450.498,1.0,18841.734,1.0,12171.795989106937,0.9188808042781073
Viewpoint 2,7502,4374.482864,0.457463,4532.6118,0.456,4571.4951,0.4552116,4378.653267565505,0.4534927716662715
Viewpoint 2,7503,15400.230744,1.0,14380.102,1.0,13004.659,0.9756187,6508.563358596533,0.5721973646518473
Viewpoint 2,7504,1890.114014,0.301397,2008.2316,0.2910276,2051.0645,0.2901602,1975.7619028445645,0.3041524454743332
Viewpoint 2,7518,0.0,0.159,0.0,0.159,0.0,0.0,2.3057552088694547e-05,0.1600000013534783
Viewpoint 2,7519,871.270821,0.224959,909.83405,0.21423,918.27173,0.2139024031346228,772.8857749643076,0.2172166446331128
Viewpoint 2,7520,2219.007646,0.329997,2298.593,0.3217716,2316.5234,0.3183667,2248.9663459213925,0.3270697274215521
Viewpoint 2,7521,6649.136791,0.595397,7063.0703,0.6079798,11307.688,0.8751837,5915.330275701481,0.5556650217254491
Viewpoint 2,7522,40533.015716,1.0,39017.148,1.0,34460.32,1.0,8276.681150342187,0.6932511798781364
Viewpoint 2,7523,44189.243585,1.0,32408.502,1.0,46062.539,1.0,11089.426773242814,0.8560432920278471
Viewpoint 2,7524,47140.174,1.0,59146.5,1.0,50258.969,1.0,11482.046807838988,0.905238266414366
Viewpoint 2,7525,9282.835194,0.740052,10318.163,0.9035603,20084.418,1.0,8591.74253252107,0.7138085953082766
Viewpoint 2,7526,7150.040723,0.60862,7840.7734,0.6408641,9042.8906,0.7062674,5681.515001312005,0.5317781936233673
Viewpoint 2,7527,14581.616459,1.0,15812.342,1.0,11859.172,0.9131705,5264.192365405972,0.4988834832032616
Viewpoint 2,7528,678.976403,0.198856,714.07904,0.2009164,720.76239,0.2023086393411587,687.9139804687658,0.2003805506535165
Viewpoint 2,7542,0.0,0.159,0.0,0.159,0.0,0.0,2.305114388988548e-05,0.1600000013531021
Viewpoint 2,7543,1366.897571,0.273494,1386.4856,0.2600555,1421.7219,0.2570234,1223.5504882728524,0.2597851194440117
Viewpoint 2,7544,5533.654067,0.530873,5817.1489,0.5376208,5882.1001,0.5354607,5227.573658748281,0.5119090770253708
Viewpoint 2,7545,3702.072279,0.419065,3819.9141,0.4150012,3848.6663,0.4135318,3720.0321288947953,0.4154742563067276
Viewpoint 2,7546,5601.886216,0.532202,5761.585,0.5308971,5803.4419,0.5302757,5573.495826183384,0.5258393717036517
Viewpoint 2,7547,54004.863676,1.0,70227.859,1.0,55899.715,1.0,18329.497116391693,1.0
Viewpoint 2,7548,7668.672927,0.653602,7901.7363,0.6574149,7955.8203,0.6579725,7611.185771291743,0.6463188090390104
Viewpoint 2,7549,7041.586799,0.616502,7277.3789,0.6203038,7333.2217,0.6203001,7007.273225915457,0.6105166375066641
Viewpoint 2,7550,5538.109587,0.526618,5757.127,0.5290708,5809.5122,0.5286393,5522.381557676887,0.5217807910536644
Viewpoint 2,7551,3706.095703,0.416311,3875.9189,0.4151629,3919.8982,0.4145489,3664.386741910504,0.410470493475574
Viewpoint 2,7552,1825.724928,0.296516,1938.3163,0.2869653,1979.9075,0.2859648,1912.5532645318872,0.2983727498476928
Viewpoint 2,7566,0.0,0.159,0.0,0.159,0.0,0.0,2.304485941098922e-05,0.1600000013527332
Viewpoint 2,7567,700.355007,0.202091,721.17523,0.2018037,740.9718,0.203495010151313,636.4853832667449,0.1973616919977579
Viewpoint 2,7568,3033.808421,0.383961,3228.9844,0.3845822,3267.6467,0.3800865,2874.779855271017,0.3733738990223897
Viewpoint 2,7569,6469.919066,0.584046,6826.7402,0.5934593,11502.963,0.8908046,5640.800464687838,0.5398614357690983
Viewpoint 2,7570,32235.646664,1.0,31898.949,1.0,28189.867,1.0,10363.205402227572,0.8160430561576616
Viewpoint 2,7571,45979.871655,1.0,66462.875,1.0,47964.598,1.0,10675.164468286892,0.832059129288849
Viewpoint 2,7572,46107.427269,1.0,45139.75,1.0,48520.816,1.0,12962.116188772698,0.9842182118377796
Viewpoint 2,7573,11247.520863,0.856379,12170.616,0.9835484,19928.365,1.0,10649.504023226227,0.8310612752175394
Viewpoint 2,7574,5874.650892,0.546474,6102.375,0.5497832,6159.0391,0.5493556,5842.651256555686,0.5409204855606199
Viewpoint 2,7575,11181.100622,0.970783,15812.525,1.0,11181.96,0.868475,5365.160071875576,0.5047297659653479
Viewpoint 2,7576,1904.388555,0.302096,2013.7794,0.2915019,2057.1128,0.2905508,1987.962397691374,0.3051748861646963
Viewpoint 2,7590,0.0,0.159,0.0,0.159,0.0,0.0,2.30387041130623e-05,0.1600000013523719
Viewpoint 2,7591,865.851577,0.222392,898.71863,0.2117548,916.07727,0.2137736033021494,812.4290537759035,0.2165208377752512
Viewpoint 2,7592,3830.764395,0.432673,4003.0835,0.4329485,4046.8901,0.4299184,3651.693921102217,0.4210755453311855
Viewpoint 2,7593,7788.758663,0.665659,8137.2812,0.6749187,10277.433,0.8033699,7311.1098686457235,0.6369307950798274
Viewpoint 2,7594,3761.183892,0.421846,3885.2817,0.4183345,3914.4036,0.4169493,3786.1520892648655,0.418801123721624
Viewpoint 2,7595,32267.001098,1.0,42833.172,1.0,32822.219,1.0,15410.228133554354,1.0
Viewpoint 2,7596,4960.171267,0.49266,5113.978,0.491598,5151.3037,0.490772,4981.0434596176965,0.4896066510597726
Viewpoint 2,7597,4616.622865,0.472244,4761.6582,0.4702931,4798.4131,0.4693815,4632.072250045843,0.4688960893720827
Viewpoint 2,7598,3683.649582,0.41638,3815.6824,0.413493,3847.7771,0.4121941,3700.044866153758,0.4131146042199805
Viewpoint 2,7599,9684.453901,0.823908,9243.2197,0.7909723,12311.465,0.9279236,6769.90396818567,0.5881191855558416
Viewpoint 2,7600,1248.171196,0.245313,1335.6091,0.2381589,1355.8085,0.2455243,1261.9588671208828,0.2414588397180175
Viewpoint 2,7614,0.0,0.159,0.0,0.159,0.0,0.0,2.3032683336271044e-05,0.1600000013520185
Viewpoint 2,7615,1006.113043,0.236273,1034.7325,0.2315474,1056.4884,0.2220157,924.4484143767036,0.2303310556792682
Viewpoint 2,7616,1603.05791,0.285815,1657.6783,0.2755287,1670.6218,0.2782945,1628.6743709609302,0.2837891125596981
Viewpoint 2,7617,3079.656316,0.381417,3179.6226,0.3753503,3203.7993,0.3739556,3105.4147323346288,0.378474689053964
Viewpoint 2,7618,4595.135287,0.472032,4737.7607,0.4698212,4772.79,0.468622,4601.280448818964,0.4677582736742025
Viewpoint 2,7619,5789.203075,0.542614,5957.9727,0.5421576,6000.7769,0.5418418,5791.770463754865,0.5383124737070296
Viewpoint 2,7620,6214.991296,0.567558,6406.1914,0.56858,6451.7427,0.5684981,6207.752113626898,0.5628938702518289
Viewpoint 2,7621,16173.307345,1.0,17137.779,1.0,25075.24,1.0,15527.911114588627,1.0
Viewpoint 2,7622,4563.505803,0.469013,4728.0186,0.4678282,4769.4087,0.4671712,4559.740643219604,0.4645294306340033
Viewpoint 2,7623,10270.52812,0.839533,13049.551,1.0,13239.944,0.977644,7891.751070560257,0.6555363961178379
Viewpoint 2,7624,2494.839597,0.342244,2632.6045,0.336174,2689.5591,0.3359365,2595.509763616516,0.3461664283278206
Viewpoint 2,7638,0.0,0.159,0.0,0.159,0.0,0.0,2.3026802267980696e-05,0.1600000013516733
Viewpoint 2,7639,595.36843,0.194254,605.4585,0.1952239,622.65948,0.1965500723351179,526.79912265896,0.1909231085000809
Viewpoint 2,7640,2681.635476,0.365502,2923.5825,0.3669024,2954.2197,0.3607795,2476.566075915971,0.3523087359611827
Viewpoint 2,7641,5854.246072,0.547276,6216.6069,0.5574949,11131.662,0.8738783,5041.005737108784,0.5053832025643233
Viewpoint 2,7642,38636.693875,1.0,33392.898,1.0,33213.992,1.0,8493.275902578449,0.7067353071423647
Viewpoint 2,7643,42056.171291,1.0,42315.367,1.0,43071.781,1.0,11799.645423505037,0.8992181026454532
Viewpoint 2,7644,48839.824897,1.0,59432.809,1.0,48927.875,1.0,12034.810026308614,0.9331717689304098
Viewpoint 2,7645,9643.814227,0.765926,10641.322,0.9213555,20892.66,1.0,8887.412394553434,0.7312219288571407
Viewpoint 2,7646,7257.651133,0.614976,7948.8706,0.6481484,9200.7471,0.7159425,5818.6827570923015,0.5405674854720631
Viewpoint 2,7647,7286.572056,0.694366,10228.635,0.9267065,10214.915,0.8083233,5727.89690808459,0.554133210070576
Viewpoint 2,7648,1913.986952,0.303037,2019.3838,0.2919734,2063.1804,0.2909444,1991.6643780828545,0.3054343216172578
Viewpoint 2,7662,0.0,0.159,0.0,0.159,0.0,0.0,2.302106591636101e-05,0.1600000013513365
Viewpoint 2,7663,1065.758644,0.240473,1104.3221,0.236516,1127.6333,0.226192,980.2660733353408,0.2387970784668214
Viewpoint 2,7664,1955.352342,0.314056,2025.3976,0.3053176,2041.2345,0.3008673,1984.0029133640523,0.3109725749619556
Viewpoint 2,7665,3902.193317,0.431546,4040.0483,0.4284123,4070.4124,0.427075,3927.3753095735465,0.428192750213904
Viewpoint 2,7666,49398.772127,1.0,48262.742,1.0,43348.301,1.0,15549.653271848649,1.0
Viewpoint 2,7667,7809.775658,0.66261,8038.1279,0.6660368,8093.4668,0.6668992,7751.461712403907,0.6552585150092152
Viewpoint 2,7668,8521.510642,0.704557,8778.0273,0.7097061,8837.2256,0.7108353,8430.100050594525,0.6954127067147667
Viewpoint 2,7669,7734.666408,0.6583,8013.4253,0.6643612,8075.2153,0.6647398,7690.397165340374,0.6515957058991168
Viewpoint 2,7670,12766.844981,0.937686,13075.465,0.9546842,14679.186,1.0,10919.792971881903,0.8405923010483959
Viewpoint 2,7671,3976.871337,0.432342,4159.374,0.4320329,4210.5444,0.431568,3931.6211070821937,0.4264694993653096
Viewpoint 2,7672,1873.763092,0.299597,1971.9604,0.2891965,2014.832,0.2880912,1945.5172842029417,0.3025013121260912
Viewpoint 2,7686,0.0,0.159,0.0,0.159,0.0,0.0,2.3015479073686767e-05,0.1600000013510086
Viewpoint 2,7687,951.997171,0.22847,981.33612,0.217017,1004.27,0.2189505,872.0293180186187,0.2225788521030642
Viewpoint 2,7688,4675.621989,0.480874,4978.8994,0.4898151,5024.8428,0.4854797,4455.619840613311,0.4684195532869297
Viewpoint 2,7689,9934.38009,0.786229,10265.19,0.7969849,15467.096,1.0,8865.547008388188,0.7281402284835644
Viewpoint 2,7690,6088.482862,0.561861,6263.3994,0.5610961,6308.5039,0.5608295,6046.067266610644,0.554461303572169
Viewpoint 2,7691,57040.605818,1.0,41859.742,1.0,58925.324,1.0,17313.763122088963,1.0
Viewpoint 2,7692,8572.887922,0.707631,8822.5801,0.7124022,8882.0918,0.7135842,8472.515158847604,0.6980073163217255
Viewpoint 2,7693,7779.529798,0.661008,8052.2046,0.6667261,8114.3589,0.6671355,7726.166790114929,0.653802469569455
Viewpoint 2,7694,6017.167482,0.555321,6261.7739,0.5595437,6321.3677,0.5592544,5989.4195996107,0.5500102215525012
Viewpoint 2,7695,3956.654122,0.431203,4142.4229,0.4310927,4193.5044,0.4306164,3916.785917491863,0.4256473455918232
Viewpoint 2,7696,1871.08691,0.299747,1973.7965,0.289349,2016.8038,0.2882199,1947.8633728536504,0.30272254904886
Viewpoint 2,7710,0.0,0.159,0.0,0.159,0.0,0.0,2.3010046262408395e-05,0.1600000013506897
Viewpoint 2,7711,622.25926,0.197418,630.58344,0.1969543,648.44312,0.1980635845687168,528.8797320910629,0.1910452402737454
Viewpoint 2,7712,2086.144774,0.322248,2162.3481,0.3136928,2179.2812,0.3102391,2115.3572702717074,0.3191443131311061
Viewpoint 2,7713,6535.08777,0.588135,6887.4868,0.5978483,11845.321,0.9150469,5687.8693527786345,0.5434639447246538
Viewpoint 2,7714,44641.022863,1.0,47086.566,1.0,36605.617,1.0,7332.428957327101,0.6376046951353638
Viewpoint 2,7715,48164.714904,1.0,53898.203,1.0,50185.129,1.0,11025.09763780718,0.8536646329387196
Viewpoint 2,7716,51881.13415,1.0,36001.164,1.0,51779.512,1.0,11143.38522884682,0.8868219883455112
Viewpoint 2,7717,8889.829891,0.715909,9816.7539,0.8812491,23997.375,1.0,7968.300871200916,0.6790826888943255
Viewpoint 2,7718,7068.294532,0.603061,7491.6338,0.6208851,9233.3721,0.7233772,5378.022459705877,0.515103644687897
Viewpoint 2,7719,6444.045859,0.655475,9690.6729,0.9051741,9134.8672,0.7457934,4888.891337374716,0.5143670248817234
Viewpoint 2,7720,550.917359,0.191339,585.33734,0.1933593,590.76794,0.1946779937394245,561.6126131344034,0.1929666603909894
Viewpoint 2,7734,0.0,0.159,0.0,0.159,0.0,0.0,2.3004771661112405e-05,0.1600000013503801
Viewpoint 2,7735,727.589954,0.205519,744.38074,0.2026951,761.72064,0.2047129284864202,663.4886714610943,0.1989467850147662
Viewpoint 2,7736,4041.001027,0.444958,4281.3125,0.4497192,4320.5596,0.4457254,3835.183503803667,0.432656803916121
Viewpoint 2,7737,8663.894968,0.716511,9040.6357,0.7274186,12643.506,0.9501819,7923.603417914456,0.6740571333529971
Viewpoint 2,7738,36071.842778,1.0,34147.684,1.0,31850.893,1.0,13292.586504670544,0.9885655364438674
Viewpoint 2,7739,6167.331352,0.565425,6349.0039,0.5656348,6394.229,0.5656309,6164.031794192417,0.5607793298526065
Viewpoint 2,7740,6667.571112,0.59465,6871.8657,0.5964859,6920.4219,0.5967615,6648.322470722579,0.5894283701949383
Viewpoint 2,7741,6138.730917,0.563393,6350.603,0.5653786,6399.8057,0.5652157,6134.565619360625,0.5589535388755161
Viewpoint 2,7742,4846.536965,0.485921,5024.2729,0.4856436,5069.3438,0.4852007,4836.686340731913,0.4813396050810821
Viewpoint 2,7743,8934.923161,0.771407,11976.207,1.0,11137.025,0.8505815,7240.198568299339,0.6340059762687893
Viewpoint 2,7744,1921.845133,0.30402,2026.9102,0.2937021,2071.2568,0.2931868,2001.138037791712,0.3063605361488626
Viewpoint 2,7759,938.089509,0.228532,969.8277,0.2287467,994.33978,0.2183676005155792,890.2348903984822,0.2240572300343732
Viewpoint 2,7760,1729.372012,0.297922,1791.0879,0.2867569,1805.1089,0.2866027,1756.725345908426,0.2968917045103622
Viewpoint 2,7761,10478.79223,0.819293,10883.574,0.8339429,16073.116,1.0,9459.2412489729,0.763226359442272
Viewpoint 2,7762,5387.669174,0.519944,5551.5361,0.5187157,5592.0146,0.5180856,5373.795533394199,0.5143399873262776
Viewpoint 2,7763,56996.483258,1.0,77648.031,1.0,58402.691,1.0,18393.31997629432,1.0
Viewpoint 2,7764,7492.794592,0.643889,7722.5449,0.6472006,7776.1494,0.6478816,7448.303344393406,0.637188696213136
Viewpoint 2,7765,6854.37539,0.606092,7090.9941,0.6096691,7145.9414,0.6097104,6829.199124532125,0.6004809106975837
Viewpoint 2,7766,5359.672218,0.516435,5560.5303,0.5176391,5611.8784,0.5174304,5337.720085193798,0.5113240634166826
Viewpoint 2,7767,3534.459446,0.406504,3689.0591,0.4044938,3731.4446,0.4038865,3503.337813019711,0.4011718967441595
Viewpoint 2,7768,1661.463615,0.282738,1756.6394,0.2700264,1795.1439,0.2712078,1734.583678340727,0.2856389906864957
Viewpoint 2,7783,386.499838,0.181691,397.8584,0.1823543,405.5062,0.1838031184576377,365.6130016260455,0.1814614831954488
Viewpoint 2,7784,1042.150459,0.220174,1078.0364,0.2222807,1086.4652,0.2237754,1062.638596875898,0.2223768856366152
Viewpoint 2,7785,5743.124686,0.547302,6009.0288,0.5523313,7353.9604,0.6316686,5387.579981146904,0.5260703912894064
Viewpoint 2,7786,17709.62191,1.0,22112.688,1.0,16325.909,1.0,9209.82220144395,0.7501677936953822
Viewpoint 2,7787,21916.33871,1.0,19786.197,1.0,22523.5,1.0,11402.65113215146,0.8772299102283436
Viewpoint 2,7788,22442.474817,1.0,26763.266,1.0,22697.559,1.0,11986.85735174154,0.9116029645467612
Viewpoint 2,7789,10486.127577,0.822047,10950.534,0.8405105,14932.568,1.0,9994.883775367154,0.7934649707248287
Viewpoint 2,7790,2901.54068,0.369702,3007.4763,0.3646538,3032.2473,0.3629251,2929.527993572665,0.3671848243252175
Viewpoint 2,7791,6282.489178,0.617564,8392.1152,0.7965732,7676.5493,0.6432809,5292.673377999992,0.5163427596601701
Viewpoint 2,7792,940.637434,0.216014,1016.3564,0.2190274,1029.725,0.2210258,960.8556722254214,0.219313288926302
Viewpoint 2,7807,484.053617,0.187436,495.54306,0.1880884,508.59317,0.1898544058865978,452.0495888851406,0.1865353108675577
Viewpoint 2,7808,1797.170775,0.303537,1858.9178,0.2935134,1873.4863,0.290796,1821.909531707971,0.3010096318776778
Viewpoint 2,7809,3646.52962,0.416338,3772.6499,0.4125201,3801.1824,0.4110881,3670.975222454839,0.4129660289969874
Viewpoint 2,7810,33059.432026,1.0,32552.748,1.0,28847.088,1.0,10699.23348555342,0.8374421368125536
Viewpoint 2,7811,7406.797331,0.639065,7614.166,0.6410421,7666.9844,0.6418406,7360.737900832063,0.6323549488801268
Viewpoint 2,7812,42097.715116,1.0,39457.375,1.0,41980.035,1.0,14380.82455568896,1.0
Viewpoint 2,7813,12882.353335,0.946219,13391.934,0.9782387,26547.609,1.0,11497.553366120805,0.88256971737289
Viewpoint 2,7814,8720.083666,0.704135,9364.707,0.7343599,11110.51,0.8346712,7335.71751043622,0.6302013892156656
Viewpoint 2,7815,7509.853695,0.704178,10204.288,0.9237609,9223.2764,0.7394917,5835.669804907183,0.5579311531093711
Viewpoint 2,7816,1123.627717,0.233835,1213.926,0.2307262,1233.8148,0.2338528,1148.9827778513352,0.2336677140589605
Viewpoint 2,7831,442.772841,0.185003,452.04926,0.1855353,464.57825,0.1872706846682148,411.2374826505372,0.1841396402315865
Viewpoint 2,7832,2780.464691,0.371868,3014.9167,0.3734988,3033.1194,0.36699,2585.7232117874905,0.3599461969834183
Viewpoint 2,7833,6495.010206,0.587674,6792.6206,0.5941966,10405.282,0.8243947,5814.893160500188,0.5505851626110206
Viewpoint 2,7834,39471.289632,1.0,37046.188,1.0,33626.637,1.0,9043.595840553422,0.7400383402275069
Viewpoint 2,7835,41224.822526,1.0,35346.242,1.0,42008.57,1.0,12427.358360550876,0.9375065931717343
Viewpoint 2,7836,49963.358762,1.0,59902.395,1.0,50227.68,1.0,12782.661449574553,0.9741614897154404
Viewpoint 2,7837,10455.955891,0.824546,11514.782,1.0,25121.383,1.0,9524.849626135849,0.7686202324627822
Viewpoint 2,7838,9089.358718,0.722282,9377.2656,0.7350192,11214.15,0.8407479,7297.816920636724,0.6283912816901901
Viewpoint 2,7839,3675.082611,0.414937,3844.1936,0.4138932,3890.1255,0.4132423,3647.4860917397486,0.4099163430830234
Viewpoint 2,7840,1689.364958,0.285118,1786.3386,0.2748999,1825.6803,0.2730142,1764.3797849264247,0.2878543560895897
Viewpoint 2,7855,563.042236,0.192213,580.31879,0.1930647,594.86438,0.1949185097205782,533.1545441538412,0.1912961717418305
Viewpoint 2,7856,1691.136563,0.294709,1751.8672,0.2843905,1765.603,0.2842396,1718.0233508667068,0.2946082914405221
Viewpoint 2,7857,8212.984422,0.690152,8559.1553,0.6995403,12301.881,0.9326286,7468.48389133302,0.6483402809330241
Viewpoint 2,7858,36310.244006,1.0,42548.992,1.0,32249.059,1.0,12522.906389887428,0.9441957534564868
Viewpoint 2,7859,44905.674621,1.0,32945.777,1.0,45853.195,1.0,15043.297065329249,1.0
Viewpoint 2,7860,7576.051836,0.648941,7804.8662,0.6522619,7859.1182,0.6530795,7528.569050481439,0.6421977811056404
Viewpoint 2,7861,6894.236888,0.608578,7123.3657,0.6117787,7178.6963,0.6118831,6860.482706838625,0.6025824778768856
Viewpoint 2,7862,10577.012725,0.806964,10658.154,0.8114542,12476.007,0.9153889,8592.91579137183,0.7040410613265943
Viewpoint 2,7863,3512.237445,0.405505,3668.2673,0.4034518,3710.7935,0.4028371,3486.224452673897,0.4003573928653535
Viewpoint 2,7864,1598.937464,0.277768,1688.6521,0.2660787,1725.8912,0.2671187,1667.9014763831035,0.2809483131605674
Viewpoint 2,7879,405.637017,0.182831,406.82761,0.1828808,418.2438,0.1845508153477285,368.9288581412297,0.1816561239728902
Viewpoint 2,7880,3172.95906,0.393054,3410.137,0.396045,3424.2214,0.3900614,2899.8976739269874,0.3781328979170142
Viewpoint 2,7881,6560.976105,0.591227,6828.4478,0.5961418,10603.846,0.8372083,5829.237773205091,0.5515512203489767
Viewpoint 2,7882,34547.183091,1.0,38258.172,1.0,30392.293,1.0,10355.493745390051,0.8173552018023263
Viewpoint 2,7883,57809.7738,1.0,52236.641,1.0,59745.387,1.0,11876.164287897029,0.9042274086142396
Viewpoint 2,7884,43435.168547,1.0,29558.246,1.0,47819.59,1.0,14245.056167140296,1.0
Viewpoint 2,7885,7636.619439,0.652933,7894.0918,0.6577303,7955.4038,0.6581912,7580.740274153705,0.6456619706740842
Viewpoint 2,7886,9044.685429,0.720762,9348.8242,0.7335866,11239.298,0.8425575,7276.849365897977,0.6274322102535684
Viewpoint 2,7887,3787.770283,0.421555,3957.1597,0.4206703,4005.7593,0.4200476,3752.873871507885,0.4163003774941392
Viewpoint 2,7888,1025.637116,0.223772,1112.6254,0.2247331,1129.634,0.2275532,1052.5189109029104,0.2266145690828651
Viewpoint 2,7903,392.335719,0.182032,408.2814,0.1829661,416.02985,0.1844209086822469,375.0336280887932,0.1820144739688121
Viewpoint 2,7904,1080.70258,0.222437,1118.3182,0.2246453,1127.0718,0.226159,1101.516534527353,0.2246590205767556
Viewpoint 2,7905,2143.332094,0.32473,2217.3491,0.3164916,2234.4451,0.3130388,2173.683840541387,0.3221608320153765
Viewpoint 2,7906,20536.533721,1.0,17041.111,1.0,19040.652,1.0,10228.1222622542,0.8099877435590744
Viewpoint 2,7907,3924.510741,0.431452,4047.4905,0.4280752,4077.6035,0.4268907,3963.793734494295,0.4293479525827626
Viewpoint 2,7908,26498.353526,1.0,25221.238,1.0,28883.383,1.0,14307.274771622924,1.0
Viewpoint 2,7909,11827.410923,0.902983,12274.883,1.0,17164.898,1.0,11184.604111185268,0.8635290363064387
Viewpoint 2,7910,3107.169344,0.382278,3218.4363,0.3774616,3245.2773,0.3765439,3131.266093857364,0.3794331316541027
Viewpoint 2,7911,7147.757094,0.646404,6590.7407,0.5885699,8529.6953,0.6909246,6009.032692624313,0.5606845579634453
Viewpoint 2,7912,1393.810805,0.261105,1492.7184,0.2488234,1525.709,0.2552865,1458.4179051560488,0.2637461968125082
Viewpoint 2,7927,533.594247,0.190345,545.04297,0.190994,557.77698,0.1927414573267891,497.0072432797896,0.1891743251805236
Viewpoint 2,7928,3858.095946,0.432793,4100.959,0.4384784,4127.4355,0.4330919,3657.27113768952,0.4222297652800071
Viewpoint 2,7929,3681.581795,0.418576,3805.9185,0.414681,3834.7546,0.413289,3702.5792474739055,0.4150782520606259
Viewpoint 2,7930,41421.146245,1.0,38340.312,1.0,37348.344,1.0,13170.748733375682,0.9821156167684258
Viewpoint 2,7931,7581.166637,0.649763,7792.4365,0.6518508,7846.2559,0.6528381,7535.143241243573,0.6430299837152926
Viewpoint 2,7932,8274.240157,0.690633,8522.9824,0.6950536,8581.4395,0.6963541,8204.354186018632,0.6826408810985425
Viewpoint 2,7933,14879.055429,1.0,16334.535,1.0,28657.193,1.0,13514.282988711848,1.0
Viewpoint 2,7934,5772.709997,0.541312,5992.5903,0.5440762,6049.8813,0.5437623,5743.752299156981,0.5359791867080178
Viewpoint 2,7935,7987.244766,0.67826,7762.7646,0.6569101,9525.1611,0.7496889,6657.083778169946,0.6006750776832747
Viewpoint 2,7936,1679.609372,0.284209,1767.9895,0.273927,1807.0995,0.2719256,1745.8765088426053,0.2867190301847751
Viewpoint 2,7951,495.217572,0.188077,505.40237,0.1886671,515.46533,0.1902577240262464,459.5457260612585,0.1869753341197959
Viewpoint 2,7952,4039.937636,0.445111,4249.8325,0.4482952,4282.2964,0.4442769,3842.568355650462,0.4339060364045111
Viewpoint 2,7953,8901.35275,0.731167,9198.874,0.7379695,12482.322,0.9399586,8141.041212956704,0.6876771639551612
Viewpoint 2,7954,4398.323128,0.460875,4533.6899,0.4580069,4567.3335,0.456835,4406.286626203718,0.4566030587487231
Viewpoint 2,7955,5591.654484,0.531412,5763.2002,0.53102,5804.708,0.5307692,5611.980215053441,0.5281916894498387
Viewpoint 2,7956,6048.437135,0.558451,6235.2437,0.5588946,6280.0874,0.558952,6050.593684192809,0.554139584026287
Viewpoint 2,7957,5568.339789,0.529944,5756.6118,0.5302926,5801.3965,0.5299272,5576.334465747185,0.5259917484201044
Viewpoint 2,7958,11310.486822,0.852121,11801.486,0.8800775,13635.135,0.9843262,9828.06949015069,0.7770434720700128
Viewpoint 2,7959,8865.635928,0.721189,8548.1436,0.7000247,10254.106,0.7904099,7436.315381472282,0.6432618710261803
Viewpoint 2,7960,1321.705311,0.254469,1420.6552,0.2445483,1452.1063,0.2471098,1373.6550136743426,0.2573065376831516
Viewpoint 2,7975,44.936979,0.161638,46.469177,0.1617277,46.832493,0.1627486583732114,45.87281072764237,0.1626927339897126
Viewpoint 2,7976,355.160205,0.179848,367.04947,0.1805458,369.92584,0.1817146021250071,363.1453920382124,0.181316634512643
Viewpoint 2,7977,699.218817,0.200044,724.06494,0.2015026,729.71979,0.2028344744103172,713.8365999716846,0.2019022084183379
Viewpoint 2,7978,984.137909,0.216769,1019.2553,0.2188303,1027.171,0.2202948,1001.892801779706,0.2188111074644687
Viewpoint 2,7979,1186.733461,0.230074,1229.4904,0.2311711,1238.9835,0.2327282,1214.0581226331092,0.2312652117985635
Viewpoint 2,7980,1247.299626,0.23653,1289.884,0.2347162,1299.8068,0.2362985,1272.4886377035011,0.2346950830331955
Viewpoint 2,7981,1159.976975,0.227647,1199.9775,0.2294387,1209.2134,0.2309806,1182.9988220397167,0.2294420308537313
Viewpoint 2,7982,929.636128,0.21357,963.01874,0.2155292,970.45703,0.2169657009087194,948.9400920864032,0.2157027834054719
Viewpoint 2,7983,602.985217,0.194395,624.02502,0.1956303,628.87653,0.1969149965915339,613.1244708191011,0.1959904064370812
Viewpoint 2,7984,279.334085,0.175397,290.88083,0.1760747,293.27191,0.1772148548431547,283.53986880349817,0.1766437902987653
Viewpoint 2,7999,441.068139,0.184902,453.07083,0.1855953,462.08838,0.1871245003503496,415.9735467621654,0.1844176471949391
Viewpoint 2,8000,1202.304866,0.232975,1242.6471,0.2319434,1252.3867,0.2335149,1222.4911262832989,0.2317602291128296
Viewpoint 2,8001,8236.490482,0.693597,8535.2324,0.7005674,11421.625,0.878528,7680.022141248344,0.6613910114430689
Viewpoint 2,8002,3682.206762,0.417603,3798.929,0.4135686,3827.4592,0.4121809,3702.023330080394,0.4142659620300311
Viewpoint 2,8003,37978.24357,1.0,35636.969,1.0,36650.969,1.0,15998.116654459378,1.0
Viewpoint 2,8004,4973.299875,0.494034,5128.6465,0.4929312,5166.3086,0.4923398,4997.047714357717,0.4911782869310501
Viewpoint 2,8005,4586.312527,0.471052,4735.5625,0.4692028,4772.3931,0.4684182,4606.918506306224,0.4679947671518788
Viewpoint 2,8006,10461.286902,0.809997,10893.575,0.8293804,12259.362,0.9049722,9306.51455279361,0.7479500728509081
Viewpoint 2,8007,2377.926702,0.338343,2470.3708,0.3300756,2494.0571,0.3277181,2376.753170067996,0.3341286510465019
Viewpoint 2,8008,1087.65718,0.230728,1180.3492,0.2287287,1200.7239,0.2319091,1119.7567808501274,0.2326361431805169
Viewpoint 2,8023,22.497549,0.160321,23.225281,0.1603633,23.406879,0.1613737979908349,22.92637742133695,0.1613457783546324
Viewpoint 2,8024,111.939698,0.165571,115.77303,0.1657959,116.68203,0.1668484659786659,114.6734887973903,0.1667313337924068
Viewpoint 2,8025,219.25423,0.17187,227.16241,0.1723344,228.9446,0.1734386313842204,224.2685216154664,0.1731645622188279
Viewpoint 2,8026,304.48517,0.176873,315.77399,0.1775359,318.24133,0.1786806363374098,310.87006316469416,0.1782480727077675
Viewpoint 2,8027,368.173358,0.180612,380.99551,0.1813644,383.95657,0.1825381713043513,376.8515050439529,0.18212118334608
Viewpoint 2,8028,386.383337,0.181681,400.89981,0.1825328,403.99771,0.1837146338952174,396.2898354335832,0.1832622133399513
Viewpoint 2,8029,342.866323,0.179126,354.96207,0.1798363,357.68716,0.1809961044798323,350.7757446352254,0.1805905362100877
Viewpoint 2,8030,276.879242,0.175253,286.55508,0.1758208,288.73779,0.1769486817113355,283.2459133281071,0.1766265351123599
Viewpoint 2,8031,189.956876,0.17015,196.5097,0.1705351,197.99644,0.1716217377751695,193.90244641402123,0.171382073604503
Viewpoint 2,8032,83.392459,0.163895,84.87764,0.1639823,85.52298,0.1650195146909184,83.98966292510761,0.1649301932137038
Viewpoint 2,8047,351.179525,0.179632,348.30298,0.1794454,360.26212,0.1811473694117862,297.2515466602135,0.1774486657889545
Viewpoint 2,8048,2970.663416,0.382485,3207.9802,0.3848251,3217.009,0.3785393,2745.002518564945,0.3696107235393013
Viewpoint 2,8049,7349.036511,0.632443,7964.9321,0.6568189,18268.496,1.0,6305.673347881581,0.5789263538959388
Viewpoint 2,8050,44153.692518,1.0,44035.938,1.0,38410.848,1.0,10039.22717552721,0.7990601875838619
Viewpoint 2,8051,9904.798462,0.7877,10165.038,0.7930408,10231.85,0.7954068,9769.380941232852,0.7764824319478328
Viewpoint 2,8052,10933.649778,0.848444,11241.216,0.8565987,11314.172,0.8594934,10741.211932446144,0.834076492978623
Viewpoint 2,8053,13249.574653,1.0,13325.409,1.0,27947.098,1.0,10451.133381982958,0.8229205180550702
Viewpoint 2,8054,7141.036757,0.62286,7446.3979,0.6309361,7524.6377,0.6313781,7100.037358462421,0.6173517710805227
Viewpoint 2,8055,4448.93622,0.460059,4664.7759,0.4624347,4731.9771,0.4623668,4416.138870017734,0.456100713685766
Viewpoint 2,8056,803.544925,0.206401,876.06427,0.210425,886.93652,0.2124614066047851,829.3280140572148,0.2095432608861939
Viewpoint 2,8071,315.048537,0.177493,324.15335,0.1780278,330.4061,0.1793947411020165,296.6573861160347,0.1774137885650112
Viewpoint 2,8072,960.593979,0.215387,994.26709,0.2173635,1002.0582,0.2188207,979.5578686714888,0.2175000468910164
Viewpoint 2,8073,6963.372989,0.618485,7110.8193,0.6174345,8993.4268,0.7324401,6472.103504090647,0.5901645828634714
Viewpoint 2,8074,2926.466505,0.371964,3019.6001,0.3655177,3042.543,0.3641261,2950.4023996003743,0.3689477568452883
Viewpoint 2,8075,3618.671788,0.413075,3730.6135,0.4090863,3758.522,0.4078268,3658.094042604847,0.4111430843252266
Viewpoint 2,8076,3869.533208,0.42795,3997.7441,0.4250736,4027.6536,0.4239108,3910.9784869326304,0.4261205659734643
Viewpoint 2,8077,13203.168436,1.0,17950.348,1.0,18229.35,1.0,11613.565611145284,0.8884603341505516
Viewpoint 2,8078,9225.766562,0.741817,9556.2578,0.7528432,10496.757,0.8029005,8399.754867475669,0.6956850267174415
Viewpoint 2,8079,1881.333003,0.30733,1950.8838,0.2991782,1968.3156,0.2956749,1888.0897644160905,0.3045696667052727
Viewpoint 2,8080,1509.566425,0.271562,1602.1829,0.2610958,1637.7365,0.2619402,1580.646477027164,0.2727548795242891
Viewpoint 2,8095,86.708473,0.16409,89.597061,0.1642593,90.297752,0.165299820702982,88.36517864840954,0.1651870359866616
Viewpoint 2,8096,861.763052,0.209585,891.95093,0.2113575,898.93915,0.212767604958838,879.2776949807658,0.2116136006953709
Viewpoint 2,8097,1744.702558,0.29771,1804.4504,0.2871428,1818.433,0.2870577,1771.4571310912042,0.2975192138688353
Viewpoint 2,8098,2578.824131,0.350829,2662.8115,0.3440051,2683.1406,0.3399584,2604.726786597072,0.3480341203567679
Viewpoint 2,8099,3163.702413,0.385853,3270.322,0.3808236,3294.9714,0.3798413,3211.2714252169494,0.3842653533882085
Viewpoint 2,8100,3381.724039,0.398681,3491.1194,0.3946,3517.4263,0.3931607,3421.169751400972,0.3967054128294602
Viewpoint 2,8101,3114.82455,0.382624,3220.7834,0.3777373,3245.7686,0.3767232,3152.619337494381,0.3807452447563043
Viewpoint 2,8102,2494.839805,0.345265,2580.2925,0.3378715,2601.3286,0.3352144,2520.5031257392225,0.3427852090149826
Viewpoint 2,8103,1632.061111,0.28809,1691.8237,0.2759698,1706.4615,0.2797018,1642.2260927646491,0.2838587903188527
Viewpoint 2,8104,754.249862,0.203274,822.06128,0.207255,831.75684,0.2088240244062242,779.0184586323104,0.2057283835217166
Viewpoint 2,8119,66.156665,0.162883,68.321815,0.1630105,68.856056,0.1640413478669417,67.39396013742528,0.1639560254600668
Viewpoint 2,8120,821.004335,0.207193,851.0686,0.2089577,857.73651,0.2103490131787063,839.1326499885273,0.2092570865543265
Viewpoint 2,8121,1639.936462,0.288387,1696.8356,0.2777111,1709.996,0.2804791,1666.4544445007873,0.2895044705573092
Viewpoint 2,8122,2419.906542,0.341172,2501.2241,0.3333901,2520.3591,0.330121,2447.86291366005,0.3385297878888886
Viewpoint 2,8123,3002.651503,0.376012,3098.5098,0.3699832,3121.9236,0.3686939,3044.1418283006624,0.3741983766291299
Viewpoint 2,8124,3182.029581,0.386687,3287.4922,0.381753,3312.332,0.3807988,3223.8181252975905,0.3848460892846331
Viewpoint 2,8125,2941.39503,0.372177,3042.7268,0.3670636,3066.321,0.3643482,2980.422945514827,0.3703833930121037
Viewpoint 2,8126,2345.875737,0.336346,2429.9192,0.3288605,2449.6155,0.3248816,2375.6821986751875,0.3340489340412896
Viewpoint 2,8127,1535.183569,0.278714,1591.9673,0.2630227,1605.5803,0.2736597,1547.1316471326795,0.2714524915614489
Viewpoint 2,8128,705.280356,0.2004,767.10742,0.2040292,775.7168,0.2055344921963714,727.9334648820364,0.2027296943885755
Viewpoint 2,8143,327.252029,0.178221,332.4646,0.1785157,342.15469,0.1800844454160541,288.2596522115948,0.1769208415848206
Viewpoint 2,8144,2992.145541,0.384619,3243.2749,0.3878493,3255.1565,0.3816388,2811.8142002121367,0.3740941886344103
Viewpoint 2,8145,4057.801247,0.441832,4197.2891,0.4388847,4229.0879,0.4373669,4076.906517959331,0.4380889168011477
Viewpoint 2,8146,6659.666034,0.596784,6847.8364,0.5967333,6896.6807,0.5969731,6608.1672446106,0.5891278350301637
Viewpoint 2,8147,55946.648064,1.0,70519.156,1.0,51989.867,1.0,12301.05202265424,0.93091526879353
Viewpoint 2,8148,9847.934434,0.784332,10121.681,0.7903224,10189.076,0.7926909,9712.758840635252,0.7730027939486419
Viewpoint 2,8149,16806.985243,1.0,20872.846,1.0,28862.568,1.0,10976.937064176363,0.8537071303724244
Viewpoint 2,8150,6566.17772,0.589174,6850.0503,0.5955912,6919.123,0.5957798,6551.592734235491,0.5847696059895217
Viewpoint 2,8151,6217.082199,0.562891,5608.5039,0.513301,7696.7026,0.639342,5360.287050471473,0.5311359016629337
Viewpoint 2,8152,1201.727299,0.242975,1299.0281,0.2360159,1324.9242,0.2393969,1240.325184169078,0.24364693476358
Viewpoint 2,8167,294.204548,0.176277,295.58914,0.1763511,303.70944,0.1778276262253392,266.86964574710333,0.1756652482053549
Viewpoint 2,8168,1792.555402,0.30378,1855.7458,0.2935696,1870.3931,0.2908631,1816.746283862461,0.3011155440934078
Viewpoint 2,8169,3900.353126,0.432248,4030.9727,0.4288775,4061.5813,0.4272877,3918.7211454505546,0.4285405853833369
Viewpoint 2,8170,6301.837647,0.575689,6486.0195,0.5751519,6532.5801,0.5751896,6267.2210322505325,0.5687229427574032
Viewpoint 2,8171,8404.69917,0.698962,8630.3926,0.7021015,8688.9688,0.7036309,8341.9458644325,0.6916226875658373
Viewpoint 2,8172,9273.528843,0.750242,9547.3281,0.7562547,9611.6816,0.758312,9179.264350499518,0.7412446511389845
Viewpoint 2,8173,17208.410134,1.0,14923.943,1.0,27871.732,1.0,11573.423464661892,0.8878314506707125
Viewpoint 2,8174,6276.588657,0.571788,6529.7876,0.5765392,6594.291,0.5765336,6254.848211775949,0.5670533005558126
Viewpoint 2,8175,6477.148108,0.576845,6245.7129,0.5493236,8013.208,0.6568081,4768.593946573996,0.4742549907980787
Viewpoint 2,8176,1490.141496,0.270423,1582.4869,0.2599692,1617.6179,0.2607737,1559.7140640717114,0.2714277501532812
Viewpoint 2,8191,241.526512,0.173178,243.17751,0.1732745,249.59529,0.1746509768566374,219.19720904927948,0.1728668761711927
Viewpoint 2,8192,2663.742409,0.365337,2910.2205,0.3671948,2930.5933,0.360633,2469.584951092584,0.3533126532681069
Viewpoint 2,8193,6319.048226,0.578278,6545.9414,0.5813648,10491.151,0.8332521,5696.053802372568,0.5451572174321279
Viewpoint 2,8194,33260.1725,1.0,38994.484,1.0,28828.498,1.0,10263.507559571584,0.8135066869583564
Viewpoint 2,8195,55772.796386,1.0,71483.273,1.0,52099.551,1.0,11150.450838153583,0.8636428167094697
Viewpoint 2,8196,45503.772303,1.0,50860.828,1.0,46157.012,1.0,14263.65651638595,1.0
Viewpoint 2,8197,16571.732331,1.0,24281.986,1.0,25154.707,1.0,10844.96063379883,0.8451909367981718
Viewpoint 2,8198,5282.10219,0.512705,5490.6362,0.5141961,5541.749,0.5140549,5285.087857576523,0.5090071009916007
Viewpoint 2,8199,6569.43828,0.580864,6027.0596,0.5365364,7761.7344,0.642023,4546.659809218827,0.4613761462940212
Viewpoint 2,8200,704.84689,0.200375,767.10437,0.204029,775.63568,0.2055296923738842,728.427104949846,0.2027586710605559
Viewpoint 2,8215,345.604448,0.179295,348.23788,0.1794416,357.8526,0.1810059281572541,313.6690052869944,0.1784123706103465
Viewpoint 2,8216,1684.849465,0.294869,1744.5226,0.2842148,1758.2882,0.2840307,1709.0849096327067,0.2944469954612254
Viewpoint 2,8217,3688.918831,0.419474,3815.1724,0.4155603,3844.2373,0.4142131,3713.100145978692,0.4161418647277246
Viewpoint 2,8218,49802.971866,1.0,44229.199,1.0,42384.266,1.0,13766.04185628881,1.0
Viewpoint 2,8219,7873.48922,0.667665,8088.9062,0.6699619,8144.4492,0.6711785,7834.072210015392,0.6613923877753847
Viewpoint 2,8220,64145.789289,1.0,61262.246,1.0,64105.0,1.0,18970.341350647115,1.0
Viewpoint 2,8221,7819.779474,0.664498,8087.1074,0.6696935,8149.7568,0.6704776,7782.101687034426,0.6583623124514401
Viewpoint 2,8222,5910.121871,0.550135,6144.4868,0.55361,6203.7178,0.5534332,5897.979161116042,0.545759367163686
Viewpoint 2,8223,3722.96745,0.418475,3887.1184,0.4171707,3934.2966,0.4165317,3714.7879196961153,0.4146670129502339
Viewpoint 2,8224,1624.041641,0.281091,1710.8585,0.2675941,1748.8367,0.2685444,1685.2160323019357,0.2828628881603788
Viewpoint 2,8239,244.134396,0.173331,242.23575,0.1732192,248.6226,0.1745938530290915,218.6329030906528,0.1728337514114213
Viewpoint 2,8240,4338.867603,0.457819,4648.1787,0.4676085,4671.1963,0.4618312,3900.156749460533,0.4361044098012213
Viewpoint 2,8241,6553.980195,0.593529,6964.9155,0.6063172,11137.065,0.8714176,6062.96318008802,0.5670430658855684
Viewpoint 2,8242,5844.532222,0.548255,6010.7319,0.5468159,6054.2559,0.5465876,5819.04849553373,0.5419288877411524
Viewpoint 2,8243,47894.78031,1.0,28440.111,1.0,44859.855,1.0,13185.224199234572,0.9835936698999108
Viewpoint 2,8244,8494.299189,0.704156,8745.8135,0.7086903,8805.7598,0.7103364,8434.241108549504,0.6968867863821843
Viewpoint 2,8245,17960.668115,1.0,14422.356,1.0,26931.439,1.0,11418.01828011855,0.8788005644380196
Viewpoint 2,8246,5810.512124,0.544265,6042.0967,0.5475263,6099.9404,0.5473032,5803.473547840197,0.5401297706568418
Viewpoint 2,8247,3660.050815,0.414794,3825.4944,0.4135355,3871.2837,0.412895,3658.1407081580014,0.411316769462779
Viewpoint 2,8248,1576.112046,0.277437,1661.8582,0.2646958,1698.746,0.2655903,1636.421851358681,0.2793836640005144
Viewpoint 2,8263,179.291266,0.169553,179.09546,0.1695129,184.1404,0.1708083331240475,155.40323127361071,0.1691221696757609
Viewpoint 2,8264,2153.156263,0.326842,2370.8867,0.3263439,2378.1587,0.3189476,1916.3817864212645,0.3148888194679898
Viewpoint 2,8265,5915.716976,0.549682,6152.3765,0.5531593,13166.549,1.0,4927.633627571595,0.5001875701776076
Viewpoint 2,8266,27048.264704,1.0,23018.523,1.0,22763.959,1.0,7047.473728716863,0.626184192987902
Viewpoint 2,8267,64554.578131,1.0,55988.461,1.0,60626.375,1.0,9765.79403795559,0.7817733729379562
Viewpoint 2,8268,58473.426469,1.0,40571.902,1.0,60000.059,1.0,12611.361792307694,0.9681468738792623
Viewpoint 2,8269,16585.361299,1.0,27185.148,1.0,28168.6,1.0,9154.897885945808,0.7488563863016586
Viewpoint 2,8270,6157.965286,0.555409,6688.2622,0.577409,8477.2383,0.6832799,4979.649596826584,0.4955599730584995
Viewpoint 2,8271,5808.158723,0.541624,5422.6357,0.5011303,7206.8882,0.6103507,3831.890806862156,0.4199131047104617
Viewpoint 2,8272,404.266927,0.18273,427.82181,0.1841131,431.5712,0.1853331883788912,413.28412488852615,0.1842597781309564
Viewpoint 2,8287,336.842661,0.178775,341.79681,0.1790635,350.48959,0.1805736999315047,310.05462673485243,0.1782002065893358
Viewpoint 2,8288,1580.432402,0.284967,1634.6283,0.274533,1647.5267,0.2773057,1602.4758300498654,0.2826576593489496
Viewpoint 2,8289,3428.828018,0.403791,3550.5176,0.3995678,3577.6689,0.3981616,3460.1620838320773,0.4008700090133947
Viewpoint 2,8290,49415.089918,1.0,31036.191,1.0,41274.844,1.0,14554.591103586845,1.0
Viewpoint 2,8291,7197.413334,0.627671,7408.3364,0.6294419,7459.9585,0.6303328,7192.814709355233,0.623194234693557
Viewpoint 2,8292,7924.29091,0.670074,8137.1763,0.6725438,8193.6357,0.6738343,7864.550791924912,0.662943360736017
Viewpoint 2,8293,22636.103321,1.0,25973.172,1.0,33563.863,1.0,15308.162696009364,1.0
Viewpoint 2,8294,5483.276204,0.524839,5690.3154,0.5265461,5743.6299,0.5261799,5476.290040839129,0.5205718395114122
Viewpoint 2,8295,3482.143219,0.404501,3635.9355,0.402306,3677.7576,0.4016425,3482.823050918908,0.4008726443706326
Viewpoint 2,8296,1495.303172,0.271467,1588.7773,0.2603717,1624.0365,0.2611871,1563.3973153089232,0.2716066204131405
Viewpoint 2,8311,333.896389,0.178604,339.48981,0.178928,347.72818,0.1804115565910866,308.6901711726219,0.1781201130478329
Viewpoint 2,8312,1558.290086,0.282811,1612.8959,0.2732179,1625.6246,0.2759785,1581.353886308051,0.280565348462899
Viewpoint 2,8313,3359.603948,0.39949,3472.0566,0.3948423,3498.6387,0.3933982,3385.003165767253,0.3963292365791681
Viewpoint 2,8314,5353.249529,0.518823,5513.0518,0.5170908,5553.3291,0.5165685,5365.06439734863,0.5146655875688996
Viewpoint 2,8315,7023.376833,0.617426,7213.9863,0.6178852,7264.4663,0.6186581,7009.0760225555705,0.6122390812534421
Viewpoint 2,8316,66033.461733,1.0,63108.984,1.0,64451.145,1.0,20028.957555691075,1.0
Viewpoint 2,8317,6969.370881,0.613798,7202.0479,0.6169941,7257.7734,0.6173896,6957.43855084996,0.6091222209151761
Viewpoint 2,8318,11798.395085,0.880389,12198.097,0.9042417,14341.83,1.0,10153.430440721831,0.7973312116403932
Viewpoint 2,8319,3395.161679,0.399276,3540.2178,0.396686,3580.1501,0.395947,3394.162905929199,0.3955641906659869
Viewpoint 2,8320,1466.912345,0.269334,1564.7361,0.2589487,1599.4591,0.2597409,1533.1310923000335,0.2693898109324875
Viewpoint 2,8335,550.100991,0.19136,568.20557,0.1923537,578.85352,0.1939786057418814,520.1063028115719,0.1905302399750393
Viewpoint 2,8336,979.411584,0.216491,1013.764,0.2185079,1021.7232,0.219975,997.8942344784774,0.2185763915638866
Viewpoint 2,8337,12489.214043,0.939289,12824.307,0.9521286,16614.646,1.0,11817.03518650483,0.902829206582204
Viewpoint 2,8338,3085.137849,0.381723,3185.4343,0.3756483,3209.5979,0.374375,3120.5926447861834,0.3793543186387039
Viewpoint 2,8339,3882.896254,0.429165,4002.7285,0.4255999,4032.5525,0.4245367,3924.143716812544,0.4273215386402695
Viewpoint 2,8340,4159.083079,0.445375,4286.1948,0.4425154,4318.1279,0.4415406,4192.216418894094,0.4431794843151665
Viewpoint 2,8341,3850.354755,0.427057,3982.3855,0.4242563,4013.2856,0.4230686,3890.304569870097,0.4252255365982025
Viewpoint 2,8342,3045.080552,0.378756,3153.4246,0.3737149,3179.6726,0.3721366,3073.324578716445,0.3762344682493098
Viewpoint 2,8343,1963.006187,0.313136,2037.5077,0.3044887,2055.8201,0.301012,1979.8227534401767,0.3102396835245624
Viewpoint 2,8344,883.468309,0.211789,958.21173,0.2155402,970.21875,0.2173368009154942,908.5603264174003,0.2149192443736954
Viewpoint 2,8359,372.858406,0.18089,383.79221,0.1815286,392.59464,0.1830452740693084,350.528228493662,0.1805760070125779
Viewpoint 2,8360,1452.423482,0.270496,1503.1748,0.2567202,1515.0322,0.2688108,1474.7868143476016,0.2628760723424815
Viewpoint 2,8361,3127.507847,0.38549,3237.2781,0.379552,3262.1279,0.3782701,3159.5031225608504,0.3826582699477041
Viewpoint 2,8362,4954.708949,0.49466,5093.8789,0.4920069,5131.3711,0.49118,4963.9350059699,0.4905810844907678
Viewpoint 2,8363,6463.009121,0.584006,6639.8936,0.5836926,6686.9268,0.5841153,6463.379675734741,0.5796386017657319
Viewpoint 2,8364,7025.208504,0.61684,7225.3403,0.6183265,7276.3691,0.619064,7005.607248467546,0.6116969298523305
Viewpoint 2,8365,6413.057078,0.58053,6614.5542,0.5819458,6665.7192,0.5820743,6404.891683677218,0.576078366780849
Viewpoint 2,8366,12882.345666,0.951161,13745.941,0.9969175,15938.444,1.0,11612.975267000416,0.8843126522653927
Viewpoint 2,8367,9174.673754,0.729183,9114.542,0.719682,10513.708,0.8001728,7425.581449130592,0.6323866359624493
Viewpoint 2,8368,2143.714844,0.320218,2249.436,0.3129229,2299.3447,0.3109832,2211.0462564798368,0.3222404519960036
Viewpoint 2,8383,65.502666,0.162845,67.624496,0.1629696,68.153313,0.1640001026015136,66.630485377831,0.1639112094916786
Viewpoint 2,8384,940.24592,0.214192,972.30304,0.2160742,979.93701,0.2175222007256577,957.236782040325,0.216189799105767
Viewpoint 2,8385,1917.567567,0.311159,1983.8658,0.3025316,1999.2449,0.2981668,1945.81871077434,0.3084801626157519
Viewpoint 2,8386,2889.709943,0.369929,2987.083,0.3636977,3009.8076,0.3623093,2927.937879025239,0.3677054592046294
Viewpoint 2,8387,3617.739499,0.413333,3731.4341,0.4092765,3759.3689,0.4080575,3661.164350613665,0.411514252270609
Viewpoint 2,8388,3874.83912,0.428544,4001.7292,0.4254399,4031.6663,0.4243326,3917.757726302906,0.4266987263009517
Viewpoint 2,8389,3580.807307,0.410754,3698.6428,0.4072042,3727.3171,0.4058755,3617.142641365787,0.4088162836952965
Viewpoint 2,8390,2836.424097,0.366123,2933.0884,0.3605182,2957.2659,0.3578957,2862.216001777468,0.3635152109230037
Viewpoint 2,8391,1836.476458,0.304389,1901.5923,0.296356,1918.3604,0.292827,1850.7429658976152,0.3022181399897911
Viewpoint 2,8392,804.351243,0.206228,869.99634,0.2100688,879.91864,0.2116511077865848,826.5194142008743,0.2085166896135913
Viewpoint 2,8407,296.710659,0.17642,293.93411,0.1762539,301.41522,0.1776929726294709,264.6208989480181,0.1755332467682486
Viewpoint 2,8408,1668.879686,0.293829,1727.251,0.2832721,1740.9222,0.2830642,1691.911695326949,0.2934134756288029
Viewpoint 2,8409,9263.32751,0.747283,9141.5615,0.7326877,14883.351,1.0,7903.55191280731,0.6735388184679217
Viewpoint 2,8410,5959.72113,0.55526,6122.4194,0.553628,6166.6982,0.5534619,5949.884824551688,0.549926699101531
Viewpoint 2,8411,61851.363728,1.0,39173.781,1.0,63236.543,1.0,16717.554903910554,1.0
Viewpoint 2,8412,8675.729883,0.714826,8906.5459,0.7183368,8967.2959,0.720126,8597.046214606959,0.7067326717460785
Viewpoint 2,8413,7808.076946,0.663953,8067.6118,0.6686237,8129.6543,0.6695032,7778.460612816208,0.6583027710576846
Viewpoint 2,8414,5879.607852,0.548455,6102.6851,0.5512781,6160.5874,0.5510927,5867.89293036104,0.5441280350793763
Viewpoint 2,8415,7658.458237,0.643849,7518.3906,0.6250997,9038.3623,0.7132218,5988.974705350543,0.5465601305317526
Viewpoint 2,8416,1576.752594,0.278599,1670.4508,0.2652171,1707.5114,0.2661604,1640.4675609568126,0.2797270242683355
Viewpoint 2,8431,172.623082,0.169181,174.50809,0.1692436,178.93854,0.1705030601894188,152.24334810889275,0.168936684533992
Viewpoint 2,8432,2694.916147,0.362602,2830.8167,0.3592225,2855.6516,0.3531775,2294.429594594894,0.3413207929633393
Viewpoint 2,8433,6431.311884,0.578217,6457.3623,0.5714602,13437.58,1.0,5184.401831013276,0.5150309329599195
Viewpoint 2,8434,54541.831572,1.0,51285.043,1.0,42511.984,1.0,8953.990873324743,0.7344712055656014
Viewpoint 2,8435,59889.778571,1.0,69288.812,1.0,60598.484,1.0,10724.794864982736,0.838753815093589
Viewpoint 2,8436,39123.808564,1.0,45090.707,1.0,37424.586,1.0,10238.98727193363,0.8197133171508173
Viewpoint 2,8437,19566.218929,1.0,31347.941,1.0,21104.938,1.0,7816.947220626112,0.6695999251103478
Viewpoint 2,8438,7788.333924,0.648522,8339.2324,0.6744004,10706.611,0.8161153,6220.530454770652,0.5680869426707633
Viewpoint 2,8439,5626.177095,0.530325,5385.5811,0.5389976,6856.4316,0.588138,3550.263529112967,0.4037570920500408
Viewpoint 2,8440,582.799434,0.19321,621.75555,0.1954971,627.66669,0.1968439837627,596.2297162864982,0.1949986843460174
Viewpoint 2,8455,247.391708,0.173526,249.17389,0.1736265,251.50626,0.1747631325223912,214.99443431326452,0.1726201732941886
Viewpoint 2,8456,2757.231938,0.369606,2969.6897,0.3700645,3000.1687,0.3641292,2508.8356967694945,0.3554794788695991
Viewpoint 2,8457,6254.268189,0.575002,6557.1582,0.5829393,10226.904,0.8172058,5699.325122475675,0.545746256824827
Viewpoint 2,8458,5437.130291,0.524109,5599.7168,0.5223643,5640.5874,0.521885,5450.627434961821,0.5199257811889124
Viewpoint 2,8459,42743.298626,1.0,46469.227,1.0,43373.121,1.0,12766.772237316078,0.959585023887794
Viewpoint 2,8460,63675.424394,1.0,83892.656,1.0,61093.164,1.0,14266.352989765172,1.0
Viewpoint 2,8461,34402.660948,1.0,43015.957,1.0,30979.045,1.0,10591.09037779041,0.8321186089681991
Viewpoint 2,8462,8632.840441,0.701525,9419.0459,0.7396124,11648.176,0.8710428,7377.553082337497,0.6355269024352432
Viewpoint 2,8463,3411.909797,0.400537,3563.3953,0.3982136,3602.9668,0.39747,3419.8942439812768,0.3971893861013941
Viewpoint 2,8464,1470.660984,0.269897,1569.8734,0.2592124,1603.5311,0.2600954,1508.2614148689618,0.267289076278352
Viewpoint 2,8479,262.617968,0.174426,259.21268,0.1742158,260.42523,0.175286794920513,218.6646885991263,0.1728356172207687
Viewpoint 2,8480,2957.199131,0.37483,3272.6675,0.3812498,3298.9539,0.3750775,2596.3950805169466,0.3556384669689268
Viewpoint 2,8481,6472.276694,0.585164,6726.5366,0.590834,11995.486,0.9281334,5639.453153914552,0.5425812388910859
Viewpoint 2,8482,56805.188357,1.0,60896.102,1.0,43797.512,1.0,9968.49886447136,0.7939774042031592
Viewpoint 2,8483,53774.735508,1.0,27537.969,1.0,55186.449,1.0,11855.711960871631,0.9054194557489642
Viewpoint 2,8484,10188.870323,0.804744,10475.767,0.8115503,10544.804,0.8142403,10074.70480662433,0.7948644995453157
Viewpoint 2,8485,37013.819384,1.0,45966.355,1.0,31371.703,1.0,10817.563174456973,0.8452698649309301
Viewpoint 2,8486,6727.213436,0.599143,7006.8374,0.6052901,7076.0396,0.6055754,6716.578371643193,0.5950062222168808
Viewpoint 2,8487,4152.0926,0.443959,4336.6509,0.4441308,4391.6743,0.4437153,4143.317262817644,0.4405809833773995
Viewpoint 2,8488,1753.537974,0.29258,1851.2416,0.2824581,1892.3218,0.2812391,1815.714115408205,0.2926458031081023
Viewpoint 2,8503,253.554991,0.173892,253.72479,0.1738936,255.03407,0.1749702378321352,216.0480988103206,0.1726820234001658
Viewpoint 2,8504,2536.096062,0.355368,2709.9983,0.3530602,2737.9709,0.3473654,2237.797277130217,0.3385641772450574
Viewpoint 2,8505,5817.35312,0.545363,5978.9614,0.5470538,9109.4482,0.7526118,4972.100265646279,0.5032961685680694
Viewpoint 2,8506,47337.959168,1.0,40787.992,1.0,36043.434,1.0,8564.569555338485,0.7124775400538808
Viewpoint 2,8507,48052.629852,1.0,31103.951,1.0,48745.012,1.0,12112.19065044765,0.92082658896651
Viewpoint 2,8508,8613.750428,0.711269,8860.9824,0.7156421,8921.374,0.7174081,8559.247852100008,0.7044885981475888
Viewpoint 2,8509,35798.333004,1.0,36279.008,1.0,30637.553,1.0,11071.551607228628,0.8597705204297387
Viewpoint 2,8510,8100.722454,0.664904,8338.1211,0.6743577,10781.404,0.8215389,6196.822874631404,0.5668754486031842
Viewpoint 2,8511,6457.160339,0.582092,7097.6143,0.6260809,7944.2769,0.649577,4721.781195756273,0.4732540044951336
Viewpoint 2,8512,582.066354,0.193167,617.05927,0.1952214,622.80664,0.1965586602444154,592.9562475761372,0.1948065317327192
Viewpoint 2,8527,248.515936,0.173588,253.11685,0.173858,254.01399,0.1749103453540726,215.3582141333808,0.1726415271696294
Viewpoint 2,8528,2552.83391,0.356807,2768.0862,0.356528,2797.2825,0.3506546,2281.1872742747937,0.3409763150090938
Viewpoint 2,8529,5849.751302,0.550135,6113.7397,0.5563105,8376.9766,0.7014171,5290.379113354132,0.5207979239534026
Viewpoint 2,8530,48569.939501,1.0,35197.773,1.0,36974.742,1.0,8840.716022081713,0.7285320113857766
Viewpoint 2,8531,47189.309593,1.0,30818.695,1.0,47436.418,1.0,12177.24918509429,0.9249430270215632
Viewpoint 2,8532,55922.807669,1.0,57736.93,1.0,52904.035,1.0,14384.340596781958,1.0
Viewpoint 2,8533,7726.325153,0.65906,7975.314,0.66312,8036.3022,0.6639877,7698.961747103523,0.6535520648133817
Viewpoint 2,8534,9121.239392,0.720942,9408.0527,0.73865,11850.415,0.8840113,7282.117508392061,0.6304881599258643
Viewpoint 2,8535,6054.222409,0.560332,6525.5381,0.5972382,7509.3398,0.6245814,4231.609545091081,0.4443393967886466
Viewpoint 2,8536,824.740749,0.20745,883.1463,0.2108407,892.68469,0.2124005057520231,841.264115045318,0.2093822035531601
Viewpoint 2,8551,168.842229,0.168911,175.84332,0.169322,176.6635,0.1703694576499972,150.39469001508138,0.1688281683038852
Viewpoint 2,8552,3168.389814,0.390214,3337.3428,0.3895211,3372.3333,0.3846606,2745.3716085850483,0.3683144526015859
Viewpoint 2,8553,3931.37518,0.437558,4144.3589,0.4399444,5543.752,0.5318005,3609.871854530029,0.420870869470931
Viewpoint 2,8554,56052.811815,1.0,71088.094,1.0,42954.648,1.0,10214.398833898387,0.8084436580854406
Viewpoint 2,8555,30058.609137,1.0,22938.449,1.0,30718.955,1.0,8414.412964631285,0.702981663593418
Viewpoint 2,8556,36944.933289,1.0,38732.801,1.0,35575.078,1.0,10753.507251732031,0.847541281100019
Viewpoint 2,8557,37366.69301,1.0,43792.125,1.0,32355.014,1.0,11218.214418233578,0.8685912295028844
Viewpoint 2,8558,6984.301807,0.604352,7131.8931,0.606477,8927.2725,0.712317,5566.440458054629,0.5313640057327679
Viewpoint 2,8559,6554.375317,0.58773,6893.8594,0.6165676,7986.5737,0.6518281,4747.295679918252,0.4743535146939035
Viewpoint 2,8560,489.876012,0.187756,515.05597,0.1892338,519.57306,0.1904988423938457,498.0040865324758,0.1892328398794563
Viewpoint 2,8575,225.652133,0.172246,238.35777,0.1729916,240.63728,0.1741251408466879,213.3988052523762,0.1725265098683145
Viewpoint 2,8576,3026.636736,0.383938,3256.8972,0.3860142,3293.4934,0.381208,2730.8037886170805,0.368022798680672
Viewpoint 2,8577,6228.035403,0.573436,6487.666,0.5800828,8425.6426,0.7005125,5693.203565328287,0.5452852731857657
Viewpoint 2,8578,36247.734759,1.0,38669.113,1.0,27965.723,1.0,10098.054273084215,0.8039694181541486
Viewpoint 2,8579,60681.925236,1.0,64256.902,1.0,61619.305,1.0,12523.142960281404,0.944255814138715
Viewpoint 2,8580,50814.526684,1.0,43242.609,1.0,48254.27,1.0,14741.525119205022,1.0
Viewpoint 2,8581,7315.706228,0.634463,7534.981,0.6368667,7592.5669,0.6375057,7285.6215396487005,0.6288055068247269
Viewpoint 2,8582,8889.346311,0.716672,9775.2441,0.7609296,12250.518,0.907905,7692.469634115832,0.6546285952128209
Viewpoint 2,8583,3496.663639,0.405401,3638.6135,0.4027554,3678.6665,0.4020433,3493.39186346068,0.4016025739648653
Viewpoint 2,8584,1517.552242,0.274472,1616.924,0.2654639,1647.9453,0.2645905,1543.5236586987155,0.2727400190234413
Viewpoint 2,8599,312.737824,0.177362,334.17444,0.178616,338.36285,0.1798618611201007,302.0682948723412,0.1777314089090064
Viewpoint 2,8600,3896.74093,0.434644,4112.0522,0.4388794,4160.6953,0.4348154,3659.910939842843,0.4226278179835484
Viewpoint 2,8601,3343.394703,0.398746,3455.1772,0.3935117,3481.7239,0.3924959,3369.5048745532545,0.3955586143209382
Viewpoint 2,8602,44741.003734,1.0,44786.398,1.0,34865.336,1.0,13394.012292121708,0.9959903724315784
Viewpoint 2,8603,6995.34076,0.615965,7188.4404,0.6164498,7238.9385,0.6172066,6994.19585535989,0.6114661428019281
Viewpoint 2,8604,60859.476467,1.0,44093.539,1.0,59766.184,1.0,19234.261108809995,1.0
Viewpoint 2,8605,6937.052106,0.611907,7154.8989,0.6141958,7209.6099,0.6146355,6926.854791063503,0.6073259153300486
Viewpoint 2,8606,5292.08471,0.513665,5491.5571,0.5144448,5541.1812,0.5142929,5300.036015000704,0.5100669171377272
Viewpoint 2,8607,3331.294814,0.395848,3472.3491,0.392913,3509.4312,0.3919367,3338.3028248694,0.3922947618396843
Viewpoint 2,8608,1462.114862,0.269528,1557.5427,0.2581517,1584.8467,0.2611199,1482.4139674088362,0.2657786852950909
Viewpoint 2,8623,289.105936,0.176294,311.2868,0.1772725,315.01721,0.1784914387557304,270.1674178746062,0.1758588274292394
Viewpoint 2,8624,1672.446386,0.294338,1729.0154,0.2834625,1742.739,0.2832359,1693.124410801535,0.2935876448861299
Viewpoint 2,8625,3629.990989,0.416291,3756.5259,0.4122424,3785.3301,0.4108672,3658.64821460214,0.4131377022496109
Viewpoint 2,8626,38811.251592,1.0,34569.352,1.0,28931.742,1.0,9542.476527814102,0.7707050479077279
Viewpoint 2,8627,53676.067488,1.0,74423.211,1.0,54989.941,1.0,10356.38960530783,0.8175694499127576
Viewpoint 2,8628,51875.763443,1.0,55296.434,1.0,52316.457,1.0,14441.858597520788,1.0
Viewpoint 2,8629,36646.489437,1.0,35417.332,1.0,31819.506,1.0,9710.795599211942,0.7814043881704713
Viewpoint 2,8630,8140.76575,0.667166,8392.4639,0.6775597,11004.521,0.836702,6228.199050167335,0.5689188864506174
Viewpoint 2,8631,5989.633689,0.560509,5432.0161,0.5455031,7473.7656,0.6220062,4151.836264115376,0.438371378020149
Viewpoint 2,8632,577.833427,0.192919,608.57959,0.1947236,614.05951,0.1960451573646832,586.9763759229625,0.1944555132666779
Viewpoint 2,8647,237.362574,0.173863,256.06042,0.175509,258.39355,0.1751675264441024,216.50493391829767,0.172708839621004
Viewpoint 2,8648,2804.653213,0.371397,2965.6294,0.3698066,3002.8271,0.3641731,2520.382002275798,0.3559391827361956
Viewpoint 2,8649,6115.397718,0.565915,6435.8989,0.5760849,8819.543,0.7272544,5507.020891852501,0.5347266579867412
Viewpoint 2,8650,53508.206446,1.0,46960.289,1.0,38123.598,1.0,8631.781746550007,0.7156877917753345
Viewpoint 2,8651,48778.250424,1.0,55152.406,1.0,51950.336,1.0,11740.358038010658,0.8988246550264888
Viewpoint 2,8652,9285.818155,0.750929,9538.3057,0.7558576,9602.1299,0.7579796,9202.174276371952,0.7427917391685299
Viewpoint 2,8653,37553.582555,1.0,44639.582,1.0,33059.379,1.0,10956.897519374794,0.853485305367571
Viewpoint 2,8654,9115.032052,0.721284,9255.0713,0.729579,11879.969,0.8877949,7093.853812800568,0.6196675978780878
Viewpoint 2,8655,6244.285264,0.57338,6220.0762,0.5841981,7499.4116,0.623377,4166.384206526824,0.4392215042298649
Viewpoint 2,8656,578.345177,0.192949,606.87891,0.1946238,612.30804,0.195942437808181,585.7736960919837,0.1943849159605994
Viewpoint 2,8671,304.667272,0.176884,327.78488,0.178241,331.25644,0.1794446683962109,298.0812288550312,0.1774973681337903
Viewpoint 2,8672,1411.00244,0.265575,1460.1464,0.2531616,1471.6919,0.2657788,1432.357627176733,0.2570572254846804
Viewpoint 2,8673,6964.284109,0.618023,7182.6924,0.6215936,8812.2598,0.7195873,6367.1709288503,0.5846442935267661
Viewpoint 2,8674,34705.668989,1.0,27378.75,1.0,26687.596,1.0,11067.977127048009,0.8604387013760889
Viewpoint 2,8675,39807.274918,1.0,44184.531,1.0,43260.445,1.0,14705.62557799995,1.0
Viewpoint 2,8676,6531.522814,0.587494,6719.2817,0.5880709,6766.9932,0.5885822,6532.06277175852,0.5833803502640647
Viewpoint 2,8677,5967.937548,0.554171,6159.6211,0.5546532,6206.7798,0.5546823,5982.956494035959,0.5507763574751626
Viewpoint 2,8678,10591.897289,0.808268,10621.834,0.8122798,12895.735,0.9462104,8697.736415141499,0.7132789620005152
Viewpoint 2,8679,7631.905929,0.646451,7410.5918,0.6440263,8715.6943,0.6933392,5579.903403880558,0.5221205541993962
Viewpoint 2,8680,1319.220236,0.25543,1402.1937,0.2416546,1422.0323,0.2498819,1330.9965291605572,0.2525338652210673
Viewpoint 2,8695,347.96022,0.179428,373.22031,0.180908,377.53387,0.1821611986163513,340.0711102538868,0.1799621741719031
Viewpoint 2,8696,3497.25599,0.41292,3708.8169,0.4149897,3754.6812,0.4114363,3296.1264993791096,0.4010781149040595
Viewpoint 2,8697,2979.295673,0.376683,3082.7312,0.3702847,3106.4944,0.3689206,3010.6860098189018,0.373726277205551
Viewpoint 2,8698,4633.24755,0.475594,4771.8018,0.4727088,4807.1284,0.4716933,4656.22289410109,0.4721386194805252
Viewpoint 2,8699,42462.74139,1.0,32917.738,1.0,47136.484,1.0,15995.96195229218,1.0
Viewpoint 2,8700,49983.505646,1.0,51242.219,1.0,51128.176,1.0,18167.40266600753,1.0
Viewpoint 2,8701,5928.105213,0.551745,6114.3037,0.5519381,6161.0762,0.5519379,5940.203189117444,0.5481990469190046
Viewpoint 2,8702,4604.755621,0.47257,4771.7417,0.4713555,4813.2192,0.4708565,4621.575492629179,0.469281512204201
Viewpoint 2,8703,2958.979904,0.37341,3070.5259,0.3678217,3100.988,0.3670239,2963.121212898675,0.3696945784754596
Viewpoint 2,8704,1639.996033,0.284837,1741.6898,0.2744516,1773.509,0.2751645,1659.0881585608809,0.2815816855217934
Viewpoint 2,8719,515.286304,0.189612,551.42432,0.1917249,557.51727,0.1927261570514213,502.3647118627065,0.1894888085863408
Viewpoint 2,8720,4595.826582,0.475832,4844.4614,0.4808701,4899.3999,0.4780212,4310.348550477017,0.4590607688574168
Viewpoint 2,8721,3076.682477,0.382601,3184.5806,0.3764573,3209.1152,0.3751393,3108.7795270998035,0.3796963658464933
Viewpoint 2,8722,4810.600555,0.486323,4954.3447,0.4836815,4990.9067,0.4827398,4831.8724197491965,0.4827167425491009
Viewpoint 2,8723,6205.091218,0.568746,6385.542,0.5685444,6431.1782,0.5687715,6226.301617812199,0.565481329605964
Viewpoint 2,8724,63245.766761,1.0,51936.246,1.0,63918.289,1.0,21993.60832926868,1.0
Viewpoint 2,8725,6183.578112,0.566871,6364.979,0.5668755,6413.5596,0.567021,6179.543808345796,0.5625097019323195
Viewpoint 2,8726,4758.945209,0.481793,4931.4141,0.4809066,4974.4346,0.4804692,4773.240804228117,0.4783614064576086
Viewpoint 2,8727,3033.028059,0.377934,3156.2532,0.3729278,3187.7998,0.3721804,3044.294120943856,0.3745609266111359
Viewpoint 2,8728,1370.218011,0.26056,1449.9788,0.244458,1470.27,0.2548202,1376.4514934745175,0.2573855358229915
Viewpoint 2,8743,294.980447,0.177287,319.39954,0.1789787,319.99573,0.1787836516812185,271.3338005617351,0.1759272940929738
Viewpoint 2,8744,2322.077092,0.341503,2476.5315,0.3361199,2511.041,0.3312088,2013.6055880381623,0.3242102532951865
Viewpoint 2,8745,5009.847495,0.500827,5480.686,0.518004,7955.8091,0.6797596,4547.774977318809,0.4779776402571465
Viewpoint 2,8746,44573.552082,1.0,49989.168,1.0,31528.229,1.0,7872.890754534563,0.6718208514028735
Viewpoint 2,8747,43779.103807,1.0,45693.305,1.0,49813.93,1.0,11717.331970714784,0.8974774891227972
Viewpoint 2,8748,58350.327617,1.0,36490.266,1.0,59615.598,1.0,12236.7219700618,0.9480480127486643
Viewpoint 2,8749,48680.747672,1.0,49467.188,1.0,33146.969,1.0,11016.762159174004,0.8567655056121697
Viewpoint 2,8750,7933.994694,0.64744,8157.6855,0.6632777,11003.073,0.8396027,5973.993519219467,0.5540426528495745
Viewpoint 2,8751,6877.040378,0.605946,6865.6855,0.6188603,8139.0283,0.6599454,4793.550510906685,0.4763962156249689
Viewpoint 2,8752,1659.520623,0.286739,1761.4641,0.2756967,1792.0873,0.2764964,1675.466020640986,0.282371886920394
